3430.dd4: \SystemRoot\System32\ntdll.dll:
3430.dd4:     CreationTime:    2023-12-07T01:19:16.043313600Z
3430.dd4:     LastWriteTime:   2023-12-07T01:19:16.105807900Z
3430.dd4:     ChangeTime:      2024-03-27T22:47:32.020175400Z
3430.dd4:     FileAttributes:  0x20
3430.dd4:     Size:            0x216080
3430.dd4:     NT Headers:      0xe0
3430.dd4:     Timestamp:       0x806d3ecf
3430.dd4:     Machine:         0x8664 - amd64
3430.dd4:     Timestamp:       0x806d3ecf
3430.dd4:     Image Version:   10.0
3430.dd4:     SizeOfImage:     0x217000 (2191360)
3430.dd4:     Resource Dir:    0x1a0000 LB 0x75070
3430.dd4:     [Version info resource found at 0xd8! (ID/Name: 0x1; SubID/SubName: 0x409)]
3430.dd4:     [Raw version resource data: 0x1a00f0 LB 0x380, codepage 0x0 (reserved 0x0)]
3430.dd4:     ProductName:     Microsoft® Windows® Operating System
3430.dd4:     ProductVersion:  10.0.22621.2428
3430.dd4:     FileVersion:     10.0.22621.2428 (WinBuild.160101.0800)
3430.dd4:     FileDescription: NT Layer DLL
3430.dd4: \SystemRoot\System32\kernel32.dll:
3430.dd4:     CreationTime:    2023-12-07T01:18:50.124274100Z
3430.dd4:     LastWriteTime:   2023-12-07T01:18:50.155519400Z
3430.dd4:     ChangeTime:      2024-03-28T14:49:34.304679800Z
3430.dd4:     FileAttributes:  0x20
3430.dd4:     Size:            0xc7160
3430.dd4:     NT Headers:      0xe8
3430.dd4:     Timestamp:       0xd05c34f8
3430.dd4:     Machine:         0x8664 - amd64
3430.dd4:     Timestamp:       0xd05c34f8
3430.dd4:     Image Version:   10.0
3430.dd4:     SizeOfImage:     0xc4000 (802816)
3430.dd4:     Resource Dir:    0xc2000 LB 0x520
3430.dd4:     [Version info resource found at 0x90! (ID/Name: 0x1; SubID/SubName: 0x409)]
3430.dd4:     [Raw version resource data: 0xc20b0 LB 0x3a4, codepage 0x0 (reserved 0x0)]
3430.dd4:     ProductName:     Microsoft® Windows® Operating System
3430.dd4:     ProductVersion:  10.0.22621.2428
3430.dd4:     FileVersion:     10.0.22621.2428 (WinBuild.160101.0800)
3430.dd4:     FileDescription: Windows NT BASE API Client DLL
3430.dd4: \SystemRoot\System32\KernelBase.dll:
3430.dd4:     CreationTime:    2023-12-07T01:19:17.011959000Z
3430.dd4:     LastWriteTime:   2023-12-07T01:19:17.168193800Z
3430.dd4:     ChangeTime:      2024-03-28T14:49:34.367614200Z
3430.dd4:     FileAttributes:  0x20
3430.dd4:     Size:            0x3ad940
3430.dd4:     NT Headers:      0x100
3430.dd4:     Timestamp:       0x9223bda8
3430.dd4:     Machine:         0x8664 - amd64
3430.dd4:     Timestamp:       0x9223bda8
3430.dd4:     Image Version:   10.0
3430.dd4:     SizeOfImage:     0x3a6000 (3825664)
3430.dd4:     Resource Dir:    0x375000 LB 0x548
3430.dd4:     [Version info resource found at 0x90! (ID/Name: 0x1; SubID/SubName: 0x409)]
3430.dd4:     [Raw version resource data: 0x3750b0 LB 0x3bc, codepage 0x0 (reserved 0x0)]
3430.dd4:     ProductName:     Microsoft® Windows® Operating System
3430.dd4:     ProductVersion:  10.0.22621.2428
3430.dd4:     FileVersion:     10.0.22621.2428 (WinBuild.160101.0800)
3430.dd4:     FileDescription: Windows NT BASE API Client DLL
3430.dd4: \SystemRoot\System32\apisetschema.dll:
3430.dd4:     CreationTime:    2023-12-07T01:18:46.062179500Z
3430.dd4:     LastWriteTime:   2023-12-07T01:18:46.077801500Z
3430.dd4:     ChangeTime:      2024-03-27T22:47:28.020528300Z
3430.dd4:     FileAttributes:  0x20
3430.dd4:     Size:            0x24570
3430.dd4:     NT Headers:      0xc8
3430.dd4:     Timestamp:       0x2b0f54e7
3430.dd4:     Machine:         0x8664 - amd64
3430.dd4:     Timestamp:       0x2b0f54e7
3430.dd4:     Image Version:   10.0
3430.dd4:     SizeOfImage:     0x23000 (143360)
3430.dd4:     Resource Dir:    0x22000 LB 0x408
3430.dd4:     [Version info resource found at 0x48! (ID/Name: 0x1; SubID/SubName: 0x409)]
3430.dd4:     [Raw version resource data: 0x22060 LB 0x3a8, codepage 0x0 (reserved 0x0)]
3430.dd4:     ProductName:     Microsoft® Windows® Operating System
3430.dd4:     ProductVersion:  10.0.22621.2361
3430.dd4:     FileVersion:     10.0.22621.2361 (WinBuild.160101.0800)
3430.dd4:     FileDescription: ApiSet Schema DLL
3430.dd4: NtOpenDirectoryObject failed on \Driver: 0xc0000022
3430.dd4: supR3HardenedWinFindAdversaries: 0x40
3430.dd4: \SystemRoot\System32\drivers\klim6.sys:
3430.dd4:     CreationTime:    2024-10-15T23:33:14.000000000Z
3430.dd4:     LastWriteTime:   2026-01-17T00:13:22.000000000Z
3430.dd4:     ChangeTime:      2026-03-12T09:03:20.779066300Z
3430.dd4:     FileAttributes:  0x20
3430.dd4:     Size:            0x16898
3430.dd4:     NT Headers:      0xe0
3430.dd4:     Timestamp:       0x5c01aa58
3430.dd4:     Machine:         0x8664 - amd64
3430.dd4:     Timestamp:       0x5c01aa58
3430.dd4:     Image Version:   6.1
3430.dd4:     SizeOfImage:     0x15000 (86016)
3430.dd4:     Resource Dir:    0x13000 LB 0x468
3430.dd4:     [Version info resource found at 0x48! (ID/Name: 0x1; SubID/SubName: 0x409)]
3430.dd4:     [Raw version resource data: 0x13060 LB 0x404, codepage 0x0 (reserved 0x0)]
3430.dd4:     ProductName:     Kaspersky
3430.dd4:     ProductVersion:  30.1909.0.3487
3430.dd4:     FileVersion:     30.1909.0.3487
3430.dd4:     FileDescription: Packet Network Filter [fre_win7_x64]
3430.dd4: supR3HardenedWinInitAppBin(0x0): '\Device\HarddiskVolume3\Program Files\Oracle\VirtualBox'
3430.dd4: Calling main()
3430.dd4: SUPR3HardenedMain: pszProgName=VirtualBoxVM fFlags=0x2
3430.dd4: supR3HardenedWinInitAppBin(0x2): '\Device\HarddiskVolume3\Program Files\Oracle\VirtualBox'
3430.dd4: SUPR3HardenedMain: Respawn #1
3430.dd4: System32:  \Device\HarddiskVolume3\Windows\System32
3430.dd4: WinSxS:    \Device\HarddiskVolume3\Windows\WinSxS
3430.dd4: KnownDllPath: C:\Windows\System32
3430.dd4: supR3HardenedWinInit: Performing a limited self purification...
3430.dd4: supHardNtVpScanVirtualMemory: enmKind=SELF_PURIFICATION
3430.dd4:  *0000000000000000-000000007ffdffff 0x0001/0x0000 0x0000000
3430.dd4:  *000000007ffe0000-000000007ffe0fff 0x0002/0x0002 0x0020000
3430.dd4:   000000007ffe1000-000000007ffecfff 0x0001/0x0000 0x0000000
3430.dd4:  *000000007ffed000-000000007ffedfff 0x0002/0x0002 0x0020000
3430.dd4:   000000007ffee000-000000e42f8affff 0x0001/0x0000 0x0000000
3430.dd4:  *000000e42f8b0000-000000e42f960fff 0x0000/0x0004 0x0020000
3430.dd4:   000000e42f961000-000000e42f963fff 0x0104/0x0004 0x0020000
3430.dd4:   000000e42f964000-000000e42f9affff 0x0004/0x0004 0x0020000
3430.dd4:   000000e42f9b0000-000000e42f9fffff 0x0001/0x0000 0x0000000
3430.dd4:  *000000e42fa00000-000000e42fb8dfff 0x0000/0x0004 0x0020000
3430.dd4:   000000e42fb8e000-000000e42fb90fff 0x0004/0x0004 0x0020000
3430.dd4:   000000e42fb91000-000000e42fbfffff 0x0000/0x0004 0x0020000
3430.dd4:   000000e42fc00000-0000023e05c2ffff 0x0001/0x0000 0x0000000
3430.dd4:  *0000023e05c30000-0000023e05c3ffff 0x0004/0x0004 0x0040000
3430.dd4:  *0000023e05c40000-0000023e05c42fff 0x0002/0x0002 0x0040000
3430.dd4:   0000023e05c43000-0000023e05c4ffff 0x0001/0x0000 0x0000000
3430.dd4:  *0000023e05c50000-0000023e05c6efff 0x0002/0x0002 0x0040000
3430.dd4:   0000023e05c6f000-0000023e05c6ffff 0x0001/0x0000 0x0000000
3430.dd4:  *0000023e05c70000-0000023e05c73fff 0x0002/0x0002 0x0040000
3430.dd4:   0000023e05c74000-0000023e05c7ffff 0x0001/0x0000 0x0000000
3430.dd4:  *0000023e05c80000-0000023e05c80fff 0x0002/0x0002 0x0040000
3430.dd4:   0000023e05c81000-0000023e05c8ffff 0x0001/0x0000 0x0000000
3430.dd4:  *0000023e05c90000-0000023e05c91fff 0x0004/0x0004 0x0020000
3430.dd4:   0000023e05c92000-0000023e05c9ffff 0x0001/0x0000 0x0000000
3430.dd4:  *0000023e05ca0000-0000023e05ca2fff 0x0002/0x0002 0x0040000
3430.dd4:   0000023e05ca3000-0000023e05d0ffff 0x0001/0x0000 0x0000000
3430.dd4:  *0000023e05d10000-0000023e05d19fff 0x0004/0x0004 0x0020000
3430.dd4:   0000023e05d1a000-0000023e05e0ffff 0x0000/0x0004 0x0020000
3430.dd4:  *0000023e05e10000-0000023e05e11fff 0x0004/0x0004 0x0020000
3430.dd4:   0000023e05e12000-0000023e05e71fff 0x0000/0x0004 0x0020000
3430.dd4:   0000023e05e72000-0000023e05e7ffff 0x0001/0x0000 0x0000000
3430.dd4:  *0000023e05e80000-0000023e05f4dfff 0x0002/0x0002 0x0040000
3430.dd4:   0000023e05f4e000-0000023e05f4ffff 0x0001/0x0000 0x0000000
3430.dd4:  *0000023e05f50000-0000023e05f51fff 0x0004/0x0004 0x0020000
3430.dd4:   0000023e05f52000-0000023e05fb1fff 0x0000/0x0004 0x0020000
3430.dd4:   0000023e05fb2000-0000023e05feffff 0x0001/0x0000 0x0000000
3430.dd4:  *0000023e05ff0000-0000023e05ffefff 0x0004/0x0004 0x0020000
3430.dd4:   0000023e05fff000-0000023e05ffffff 0x0000/0x0004 0x0020000
3430.dd4:  *0000023e06000000-0000023e0600afff 0x0000/0x0004 0x0020000
3430.dd4:   0000023e0600b000-0000023e06222fff 0x0004/0x0004 0x0020000
3430.dd4:   0000023e06223000-0000023e06223fff 0x0000/0x0004 0x0020000
3430.dd4:   0000023e06224000-0000023e0622ffff 0x0001/0x0000 0x0000000
3430.dd4:  *0000023e06230000-0000023e06259fff 0x0004/0x0004 0x0020000
3430.dd4:   0000023e0625a000-0000023e0632ffff 0x0000/0x0004 0x0020000
3430.dd4:   0000023e06330000-00007df4738affff 0x0001/0x0000 0x0000000
3430.dd4:  *00007df4738b0000-00007df4738b4fff 0x0002/0x0002 0x0040000
3430.dd4:   00007df4738b5000-00007df4739affff 0x0000/0x0002 0x0040000
3430.dd4:  *00007df4739b0000-00007df5739cffff 0x0000/0x0004 0x0020000
3430.dd4:  *00007df5739d0000-00007df5759cffff 0x0000/0x0004 0x0020000
3430.dd4:   00007df5759d0000-00007df5759d0fff 0x0004/0x0004 0x0020000
3430.dd4:   00007df5759d1000-00007df5759dffff 0x0001/0x0000 0x0000000
3430.dd4:  *00007df5759e0000-00007df5759e0fff 0x0002/0x0002 0x0040000
3430.dd4:   00007df5759e1000-00007df5759effff 0x0001/0x0000 0x0000000
3430.dd4:  *00007df5759f0000-00007df57745ffff 0x0000/0x0001 0x0040000
3430.dd4:   00007df577460000-00007df577478fff 0x0001/0x0001 0x0040000
3430.dd4:   00007df577479000-00007df5777ccfff 0x0000/0x0001 0x0040000
3430.dd4:   00007df5777cd000-00007df5777cdfff 0x0001/0x0001 0x0040000
3430.dd4:   00007df5777ce000-00007ff553293fff 0x0000/0x0001 0x0040000
3430.dd4:   00007ff553294000-00007ff553298fff 0x0002/0x0001 0x0040000
3430.dd4:   00007ff553299000-00007ff565b16fff 0x0000/0x0001 0x0040000
3430.dd4:   00007ff565b17000-00007ff568d66fff 0x0001/0x0001 0x0040000
3430.dd4:   00007ff568d67000-00007ff568d76fff 0x0002/0x0001 0x0040000
3430.dd4:   00007ff568d77000-00007ff568dc1fff 0x0001/0x0001 0x0040000
3430.dd4:   00007ff568dc2000-00007ff568dc5fff 0x0002/0x0001 0x0040000
3430.dd4:   00007ff568dc6000-00007ff568e14fff 0x0001/0x0001 0x0040000
3430.dd4:   00007ff568e15000-00007ff568e1efff 0x0002/0x0001 0x0040000
3430.dd4:   00007ff568e1f000-00007ff5759effff 0x0000/0x0001 0x0040000
3430.dd4:   00007ff5759f0000-00007ff7628fffff 0x0001/0x0000 0x0000000
3430.dd4:  *00007ff762900000-00007ff762900fff 0x0002/0x0080 0x1000000  \Device\HarddiskVolume3\Program Files\Oracle\VirtualBox\VirtualBoxVM.exe
3430.dd4:   00007ff762901000-00007ff76296bfff 0x0020/0x0080 0x1000000  \Device\HarddiskVolume3\Program Files\Oracle\VirtualBox\VirtualBoxVM.exe
3430.dd4:   00007ff76296c000-00007ff76296cfff 0x0080/0x0080 0x1000000  \Device\HarddiskVolume3\Program Files\Oracle\VirtualBox\VirtualBoxVM.exe
3430.dd4:   00007ff76296d000-00007ff7629c0fff 0x0002/0x0080 0x1000000  \Device\HarddiskVolume3\Program Files\Oracle\VirtualBox\VirtualBoxVM.exe
3430.dd4:   00007ff7629c1000-00007ff7629c3fff 0x0004/0x0080 0x1000000  \Device\HarddiskVolume3\Program Files\Oracle\VirtualBox\VirtualBoxVM.exe
3430.dd4:   00007ff7629c4000-00007ff7629c6fff 0x0008/0x0080 0x1000000  \Device\HarddiskVolume3\Program Files\Oracle\VirtualBox\VirtualBoxVM.exe
3430.dd4:   00007ff7629c7000-00007ff7629c9fff 0x0004/0x0080 0x1000000  \Device\HarddiskVolume3\Program Files\Oracle\VirtualBox\VirtualBoxVM.exe
3430.dd4:   00007ff7629ca000-00007ff7629cafff 0x0008/0x0080 0x1000000  \Device\HarddiskVolume3\Program Files\Oracle\VirtualBox\VirtualBoxVM.exe
3430.dd4:   00007ff7629cb000-00007ff7629ccfff 0x0004/0x0080 0x1000000  \Device\HarddiskVolume3\Program Files\Oracle\VirtualBox\VirtualBoxVM.exe
3430.dd4:   00007ff7629cd000-00007ff7629cdfff 0x0008/0x0080 0x1000000  \Device\HarddiskVolume3\Program Files\Oracle\VirtualBox\VirtualBoxVM.exe
3430.dd4:   00007ff7629ce000-00007ff762a07fff 0x0002/0x0080 0x1000000  \Device\HarddiskVolume3\Program Files\Oracle\VirtualBox\VirtualBoxVM.exe
3430.dd4:   00007ff762a08000-00007ffccdddffff 0x0001/0x0000 0x0000000
3430.dd4:  *00007ffccdde0000-00007ffccdde0fff 0x0002/0x0080 0x1000000  \Device\HarddiskVolume3\Windows\System32\KernelBase.dll
3430.dd4:   00007ffccdde1000-00007ffccdf6ffff 0x0020/0x0080 0x1000000  \Device\HarddiskVolume3\Windows\System32\KernelBase.dll
3430.dd4:   00007ffccdf70000-00007ffcce134fff 0x0002/0x0080 0x1000000  \Device\HarddiskVolume3\Windows\System32\KernelBase.dll
3430.dd4:   00007ffcce135000-00007ffcce139fff 0x0004/0x0080 0x1000000  \Device\HarddiskVolume3\Windows\System32\KernelBase.dll
3430.dd4:   00007ffcce13a000-00007ffcce185fff 0x0002/0x0080 0x1000000  \Device\HarddiskVolume3\Windows\System32\KernelBase.dll
3430.dd4:   00007ffcce186000-00007ffccf49ffff 0x0001/0x0000 0x0000000
3430.dd4:  *00007ffccf4a0000-00007ffccf4a0fff 0x0002/0x0080 0x1000000  \Device\HarddiskVolume3\Windows\System32\kernel32.dll
3430.dd4:   00007ffccf4a1000-00007ffccf521fff 0x0020/0x0080 0x1000000  \Device\HarddiskVolume3\Windows\System32\kernel32.dll
3430.dd4:   00007ffccf522000-00007ffccf558fff 0x0002/0x0080 0x1000000  \Device\HarddiskVolume3\Windows\System32\kernel32.dll
3430.dd4:   00007ffccf559000-00007ffccf559fff 0x0004/0x0080 0x1000000  \Device\HarddiskVolume3\Windows\System32\kernel32.dll
3430.dd4:   00007ffccf55a000-00007ffccf55afff 0x0008/0x0080 0x1000000  \Device\HarddiskVolume3\Windows\System32\kernel32.dll
3430.dd4:   00007ffccf55b000-00007ffccf563fff 0x0002/0x0080 0x1000000  \Device\HarddiskVolume3\Windows\System32\kernel32.dll
3430.dd4:   00007ffccf564000-00007ffcd096ffff 0x0001/0x0000 0x0000000
3430.dd4:  *00007ffcd0970000-00007ffcd0970fff 0x0002/0x0080 0x1000000  \Device\HarddiskVolume3\Windows\System32\ntdll.dll
3430.dd4:   00007ffcd0971000-00007ffcd0aa1fff 0x0020/0x0080 0x1000000  \Device\HarddiskVolume3\Windows\System32\ntdll.dll
3430.dd4:   00007ffcd0aa2000-00007ffcd0aeffff 0x0002/0x0080 0x1000000  \Device\HarddiskVolume3\Windows\System32\ntdll.dll
3430.dd4:   00007ffcd0af0000-00007ffcd0af0fff 0x0004/0x0080 0x1000000  \Device\HarddiskVolume3\Windows\System32\ntdll.dll
3430.dd4:   00007ffcd0af1000-00007ffcd0af2fff 0x0008/0x0080 0x1000000  \Device\HarddiskVolume3\Windows\System32\ntdll.dll
3430.dd4:   00007ffcd0af3000-00007ffcd0afbfff 0x0004/0x0080 0x1000000  \Device\HarddiskVolume3\Windows\System32\ntdll.dll
3430.dd4:   00007ffcd0afc000-00007ffcd0b86fff 0x0002/0x0080 0x1000000  \Device\HarddiskVolume3\Windows\System32\ntdll.dll
3430.dd4:   00007ffcd0b87000-00007ffffffeffff 0x0001/0x0000 0x0000000
3430.dd4: kernel32.dll: timestamp 0xd05c34f8 (rc=VINF_SUCCESS)
3430.dd4: kernelbase.dll: timestamp 0x9223bda8 (rc=VINF_SUCCESS)
3430.dd4: VirtualBoxVM.exe: timestamp 0x670807b4 (rc=VINF_SUCCESS)
3430.dd4: '\Device\HarddiskVolume3\Program Files\Oracle\VirtualBox\VirtualBoxVM.exe' has no imports
3430.dd4: VirtualBoxVM.exe: Differences in section #7 (.00cfg) between file and memory:
3430.dd4:   00007ff7629d5000 / 0x00d5000: 10 != 20
3430.dd4:   00007ff7629d5001 / 0x00d5001: e5 != ec
3430.dd4:   00007ff7629d5002 / 0x00d5002: 91 != 9f
3430.dd4:   00007ff7629d5003 / 0x00d5003: 62 != d0
3430.dd4:   00007ff7629d5004 / 0x00d5004: f7 != fc
3430.dd4:   00007ff7629d5008 / 0x00d5008: 10 != 20
3430.dd4:   00007ff7629d5009 / 0x00d5009: e5 != ec
3430.dd4:   00007ff7629d500a / 0x00d500a: 91 != 9f
3430.dd4:   00007ff7629d500b / 0x00d500b: 62 != d0
3430.dd4:   00007ff7629d500c / 0x00d500c: f7 != fc
3430.dd4:   00007ff7629d5010 / 0x00d5010: 00 != 60
3430.dd4:   00007ff7629d5011 / 0x00d5011: b3 != ed
3430.dd4:   00007ff7629d5012 / 0x00d5012: 96 != 9f
3430.dd4:   00007ff7629d5013 / 0x00d5013: 62 != d0
3430.dd4:   00007ff7629d5014 / 0x00d5014: f7 != fc
3430.dd4:   00007ff7629d5018 / 0x00d5018: 20 != 60
3430.dd4:   00007ff7629d5019 / 0x00d5019: b3 != ed
3430.dd4:   00007ff7629d501a / 0x00d501a: 96 != 9f
3430.dd4:   00007ff7629d501b / 0x00d501b: 62 != d0
3430.dd4:   00007ff7629d501c / 0x00d501c: f7 != fc
3430.dd4:   00007ff7629d5020 / 0x00d5020: 20 != 60
3430.dd4:   00007ff7629d5021 / 0x00d5021: b3 != ed
3430.dd4:   00007ff7629d5022 / 0x00d5022: 96 != 9f
3430.dd4:   00007ff7629d5023 / 0x00d5023: 62 != d0
3430.dd4:   00007ff7629d5024 / 0x00d5024: f7 != fc
3430.dd4:   Restored 0x28 bytes of original file content at 00007ff7629d5000
3430.dd4: VirtualBoxVM.exe: Differences in section #8 (.rsrc) between file and memory:
3430.dd4:   00007ff762a06b28 / 0x0106b28: 00 != 50
3430.dd4:   00007ff762a06b29 / 0x0106b29: 00 != 41
3430.dd4:   00007ff762a06b2a / 0x0106b2a: 00 != 44
3430.dd4:   00007ff762a06b2b / 0x0106b2b: 00 != 44
3430.dd4:   00007ff762a06b2c / 0x0106b2c: 00 != 49
3430.dd4:   00007ff762a06b2d / 0x0106b2d: 00 != 4e
3430.dd4:   00007ff762a06b2e / 0x0106b2e: 00 != 47
3430.dd4:   00007ff762a06b2f / 0x0106b2f: 00 != 58
3430.dd4:   00007ff762a06b30 / 0x0106b30: 00 != 58
3430.dd4:   00007ff762a06b31 / 0x0106b31: 00 != 50
3430.dd4:   00007ff762a06b32 / 0x0106b32: 00 != 41
3430.dd4:   00007ff762a06b33 / 0x0106b33: 00 != 44
3430.dd4:   00007ff762a06b34 / 0x0106b34: 00 != 44
3430.dd4:   00007ff762a06b35 / 0x0106b35: 00 != 49
3430.dd4:   00007ff762a06b36 / 0x0106b36: 00 != 4e
3430.dd4:   00007ff762a06b37 / 0x0106b37: 00 != 47
3430.dd4:   00007ff762a06b38 / 0x0106b38: 00 != 50
3430.dd4:   00007ff762a06b39 / 0x0106b39: 00 != 41
3430.dd4:   00007ff762a06b3a / 0x0106b3a: 00 != 44
3430.dd4:   00007ff762a06b3b / 0x0106b3b: 00 != 44
3430.dd4:   00007ff762a06b3c / 0x0106b3c: 00 != 49
3430.dd4:   00007ff762a06b3d / 0x0106b3d: 00 != 4e
3430.dd4:   00007ff762a06b3e / 0x0106b3e: 00 != 47
3430.dd4:   00007ff762a06b3f / 0x0106b3f: 00 != 58
3430.dd4:   00007ff762a06b40 / 0x0106b40: 00 != 58
3430.dd4:   00007ff762a06b41 / 0x0106b41: 00 != 50
3430.dd4:   00007ff762a06b42 / 0x0106b42: 00 != 41
3430.dd4:   00007ff762a06b43 / 0x0106b43: 00 != 44
3430.dd4:   00007ff762a06b44 / 0x0106b44: 00 != 44
3430.dd4:   00007ff762a06b45 / 0x0106b45: 00 != 49
3430.dd4:   00007ff762a06b46 / 0x0106b46: 00 != 4e
3430.dd4:   00007ff762a06b47 / 0x0106b47: 00 != 47
3430.dd4:   00007ff762a06b48 / 0x0106b48: 00 != 50
3430.dd4:   00007ff762a06b49 / 0x0106b49: 00 != 41
3430.dd4:   00007ff762a06b4a / 0x0106b4a: 00 != 44
3430.dd4:   00007ff762a06b4b / 0x0106b4b: 00 != 44
3430.dd4:   00007ff762a06b4c / 0x0106b4c: 00 != 49
3430.dd4:   00007ff762a06b4d / 0x0106b4d: 00 != 4e
3430.dd4:   00007ff762a06b4e / 0x0106b4e: 00 != 47
3430.dd4:   00007ff762a06b4f / 0x0106b4f: 00 != 58
3430.dd4:   00007ff762a06b50 / 0x0106b50: 00 != 58
3430.dd4:   00007ff762a06b51 / 0x0106b51: 00 != 50
3430.dd4:   00007ff762a06b52 / 0x0106b52: 00 != 41
3430.dd4:   00007ff762a06b53 / 0x0106b53: 00 != 44
3430.dd4:   00007ff762a06b54 / 0x0106b54: 00 != 44
3430.dd4:   00007ff762a06b55 / 0x0106b55: 00 != 49
3430.dd4:   00007ff762a06b56 / 0x0106b56: 00 != 4e
3430.dd4:   00007ff762a06b57 / 0x0106b57: 00 != 47
3430.dd4:   00007ff762a06b58 / 0x0106b58: 00 != 50
3430.dd4:   00007ff762a06b59 / 0x0106b59: 00 != 41
3430.dd4:   00007ff762a06b5a / 0x0106b5a: 00 != 44
3430.dd4:   00007ff762a06b5b / 0x0106b5b: 00 != 44
3430.dd4:   00007ff762a06b5c / 0x0106b5c: 00 != 49
3430.dd4:   00007ff762a06b5d / 0x0106b5d: 00 != 4e
3430.dd4:   00007ff762a06b5e / 0x0106b5e: 00 != 47
3430.dd4:   00007ff762a06b5f / 0x0106b5f: 00 != 58
3430.dd4:   00007ff762a06b60 / 0x0106b60: 00 != 58
3430.dd4:   00007ff762a06b61 / 0x0106b61: 00 != 50
3430.dd4:   00007ff762a06b62 / 0x0106b62: 00 != 41
3430.dd4:   00007ff762a06b63 / 0x0106b63: 00 != 44
3430.dd4:   00007ff762a06b64 / 0x0106b64: 00 != 44
3430.dd4:   00007ff762a06b65 / 0x0106b65: 00 != 49
3430.dd4:   00007ff762a06b66 / 0x0106b66: 00 != 4e
3430.dd4:   00007ff762a06b67 / 0x0106b67: 00 != 47
3430.dd4:   00007ff762a06b68 / 0x0106b68: 00 != 50
3430.dd4:   00007ff762a06b69 / 0x0106b69: 00 != 41
3430.dd4:   00007ff762a06b6a / 0x0106b6a: 00 != 44
3430.dd4:   00007ff762a06b6b / 0x0106b6b: 00 != 44
3430.dd4:   00007ff762a06b6c / 0x0106b6c: 00 != 49
3430.dd4:   00007ff762a06b6d / 0x0106b6d: 00 != 4e
3430.dd4:   00007ff762a06b6e / 0x0106b6e: 00 != 47
3430.dd4:   00007ff762a06b6f / 0x0106b6f: 00 != 58
3430.dd4:   00007ff762a06b70 / 0x0106b70: 00 != 58
3430.dd4:   00007ff762a06b71 / 0x0106b71: 00 != 50
3430.dd4:   00007ff762a06b72 / 0x0106b72: 00 != 41
3430.dd4:   00007ff762a06b73 / 0x0106b73: 00 != 44
3430.dd4:   00007ff762a06b74 / 0x0106b74: 00 != 44
3430.dd4:   00007ff762a06b75 / 0x0106b75: 00 != 49
3430.dd4:   00007ff762a06b76 / 0x0106b76: 00 != 4e
3430.dd4:   00007ff762a06b77 / 0x0106b77: 00 != 47
3430.dd4:   00007ff762a06b78 / 0x0106b78: 00 != 50
3430.dd4:   00007ff762a06b79 / 0x0106b79: 00 != 41
3430.dd4:   00007ff762a06b7a / 0x0106b7a: 00 != 44
3430.dd4:   00007ff762a06b7b / 0x0106b7b: 00 != 44
3430.dd4:   00007ff762a06b7c / 0x0106b7c: 00 != 49
3430.dd4:   00007ff762a06b7d / 0x0106b7d: 00 != 4e
3430.dd4:   00007ff762a06b7e / 0x0106b7e: 00 != 47
3430.dd4:   00007ff762a06b7f / 0x0106b7f: 00 != 58
3430.dd4:   00007ff762a06b80 / 0x0106b80: 00 != 58
3430.dd4:   00007ff762a06b81 / 0x0106b81: 00 != 50
3430.dd4:   00007ff762a06b82 / 0x0106b82: 00 != 41
3430.dd4:   00007ff762a06b83 / 0x0106b83: 00 != 44
3430.dd4:   00007ff762a06b84 / 0x0106b84: 00 != 44
3430.dd4:   00007ff762a06b85 / 0x0106b85: 00 != 49
3430.dd4:   00007ff762a06b86 / 0x0106b86: 00 != 4e
3430.dd4:   00007ff762a06b87 / 0x0106b87: 00 != 47
3430.dd4:   00007ff762a06b88 / 0x0106b88: 00 != 50
3430.dd4:   00007ff762a06b89 / 0x0106b89: 00 != 41
3430.dd4:   00007ff762a06b8a / 0x0106b8a: 00 != 44
3430.dd4:   00007ff762a06b8b / 0x0106b8b: 00 != 44
3430.dd4:   00007ff762a06b8c / 0x0106b8c: 00 != 49
3430.dd4:   00007ff762a06b8d / 0x0106b8d: 00 != 4e
3430.dd4:   00007ff762a06b8e / 0x0106b8e: 00 != 47
3430.dd4:   00007ff762a06b8f / 0x0106b8f: 00 != 58
3430.dd4:   00007ff762a06b90 / 0x0106b90: 00 != 58
3430.dd4:   00007ff762a06b91 / 0x0106b91: 00 != 50
3430.dd4:   00007ff762a06b92 / 0x0106b92: 00 != 41
3430.dd4:   00007ff762a06b93 / 0x0106b93: 00 != 44
3430.dd4:   00007ff762a06b94 / 0x0106b94: 00 != 44
3430.dd4:   00007ff762a06b95 / 0x0106b95: 00 != 49
3430.dd4:   00007ff762a06b96 / 0x0106b96: 00 != 4e
3430.dd4:   00007ff762a06b97 / 0x0106b97: 00 != 47
3430.dd4:   00007ff762a06b98 / 0x0106b98: 00 != 50
3430.dd4:   00007ff762a06b99 / 0x0106b99: 00 != 41
3430.dd4:   00007ff762a06b9a / 0x0106b9a: 00 != 44
3430.dd4:   00007ff762a06b9b / 0x0106b9b: 00 != 44
3430.dd4:   00007ff762a06b9c / 0x0106b9c: 00 != 49
3430.dd4:   00007ff762a06b9d / 0x0106b9d: 00 != 4e
3430.dd4:   00007ff762a06b9e / 0x0106b9e: 00 != 47
3430.dd4:   00007ff762a06b9f / 0x0106b9f: 00 != 58
3430.dd4:   00007ff762a06ba0 / 0x0106ba0: 00 != 58
3430.dd4:   00007ff762a06ba1 / 0x0106ba1: 00 != 50
3430.dd4:   00007ff762a06ba2 / 0x0106ba2: 00 != 41
3430.dd4:   00007ff762a06ba3 / 0x0106ba3: 00 != 44
3430.dd4:   00007ff762a06ba4 / 0x0106ba4: 00 != 44
3430.dd4:   00007ff762a06ba5 / 0x0106ba5: 00 != 49
3430.dd4:   00007ff762a06ba6 / 0x0106ba6: 00 != 4e
3430.dd4:   00007ff762a06ba7 / 0x0106ba7: 00 != 47
3430.dd4:   00007ff762a06ba8 / 0x0106ba8: 00 != 50
3430.dd4:   00007ff762a06ba9 / 0x0106ba9: 00 != 41
3430.dd4:   00007ff762a06baa / 0x0106baa: 00 != 44
3430.dd4:   00007ff762a06bab / 0x0106bab: 00 != 44
3430.dd4:   00007ff762a06bac / 0x0106bac: 00 != 49
3430.dd4:   00007ff762a06bad / 0x0106bad: 00 != 4e
3430.dd4:   00007ff762a06bae / 0x0106bae: 00 != 47
3430.dd4:   00007ff762a06baf / 0x0106baf: 00 != 58
3430.dd4:   00007ff762a06bb0 / 0x0106bb0: 00 != 58
3430.dd4:   00007ff762a06bb1 / 0x0106bb1: 00 != 50
3430.dd4:   00007ff762a06bb2 / 0x0106bb2: 00 != 41
3430.dd4:   00007ff762a06bb3 / 0x0106bb3: 00 != 44
3430.dd4:   00007ff762a06bb4 / 0x0106bb4: 00 != 44
3430.dd4:   00007ff762a06bb5 / 0x0106bb5: 00 != 49
3430.dd4:   00007ff762a06bb6 / 0x0106bb6: 00 != 4e
3430.dd4:   00007ff762a06bb7 / 0x0106bb7: 00 != 47
3430.dd4:   00007ff762a06bb8 / 0x0106bb8: 00 != 50
3430.dd4:   00007ff762a06bb9 / 0x0106bb9: 00 != 41
3430.dd4:   00007ff762a06bba / 0x0106bba: 00 != 44
3430.dd4:   00007ff762a06bbb / 0x0106bbb: 00 != 44
3430.dd4:   00007ff762a06bbc / 0x0106bbc: 00 != 49
3430.dd4:   00007ff762a06bbd / 0x0106bbd: 00 != 4e
3430.dd4:   00007ff762a06bbe / 0x0106bbe: 00 != 47
3430.dd4:   00007ff762a06bbf / 0x0106bbf: 00 != 58
3430.dd4:   00007ff762a06bc0 / 0x0106bc0: 00 != 58
3430.dd4:   00007ff762a06bc1 / 0x0106bc1: 00 != 50
3430.dd4:   00007ff762a06bc2 / 0x0106bc2: 00 != 41
3430.dd4:   00007ff762a06bc3 / 0x0106bc3: 00 != 44
3430.dd4:   00007ff762a06bc4 / 0x0106bc4: 00 != 44
3430.dd4:   00007ff762a06bc5 / 0x0106bc5: 00 != 49
3430.dd4:   00007ff762a06bc6 / 0x0106bc6: 00 != 4e
3430.dd4:   00007ff762a06bc7 / 0x0106bc7: 00 != 47
3430.dd4:   00007ff762a06bc8 / 0x0106bc8: 00 != 50
3430.dd4:   00007ff762a06bc9 / 0x0106bc9: 00 != 41
3430.dd4:   00007ff762a06bca / 0x0106bca: 00 != 44
3430.dd4:   00007ff762a06bcb / 0x0106bcb: 00 != 44
3430.dd4:   00007ff762a06bcc / 0x0106bcc: 00 != 49
3430.dd4:   00007ff762a06bcd / 0x0106bcd: 00 != 4e
3430.dd4:   00007ff762a06bce / 0x0106bce: 00 != 47
3430.dd4:   00007ff762a06bcf / 0x0106bcf: 00 != 58
3430.dd4:   00007ff762a06bd0 / 0x0106bd0: 00 != 58
3430.dd4:   00007ff762a06bd1 / 0x0106bd1: 00 != 50
3430.dd4:   00007ff762a06bd2 / 0x0106bd2: 00 != 41
3430.dd4:   00007ff762a06bd3 / 0x0106bd3: 00 != 44
3430.dd4:   00007ff762a06bd4 / 0x0106bd4: 00 != 44
3430.dd4:   00007ff762a06bd5 / 0x0106bd5: 00 != 49
3430.dd4:   00007ff762a06bd6 / 0x0106bd6: 00 != 4e
3430.dd4:   00007ff762a06bd7 / 0x0106bd7: 00 != 47
3430.dd4:   00007ff762a06bd8 / 0x0106bd8: 00 != 50
3430.dd4:   00007ff762a06bd9 / 0x0106bd9: 00 != 41
3430.dd4:   00007ff762a06bda / 0x0106bda: 00 != 44
3430.dd4:   00007ff762a06bdb / 0x0106bdb: 00 != 44
3430.dd4:   00007ff762a06bdc / 0x0106bdc: 00 != 49
3430.dd4:   00007ff762a06bdd / 0x0106bdd: 00 != 4e
3430.dd4:   00007ff762a06bde / 0x0106bde: 00 != 47
3430.dd4:   00007ff762a06bdf / 0x0106bdf: 00 != 58
3430.dd4:   00007ff762a06be0 / 0x0106be0: 00 != 58
3430.dd4:   00007ff762a06be1 / 0x0106be1: 00 != 50
3430.dd4:   00007ff762a06be2 / 0x0106be2: 00 != 41
3430.dd4:   00007ff762a06be3 / 0x0106be3: 00 != 44
3430.dd4:   00007ff762a06be4 / 0x0106be4: 00 != 44
3430.dd4:   00007ff762a06be5 / 0x0106be5: 00 != 49
3430.dd4:   00007ff762a06be6 / 0x0106be6: 00 != 4e
3430.dd4:   00007ff762a06be7 / 0x0106be7: 00 != 47
3430.dd4:   00007ff762a06be8 / 0x0106be8: 00 != 50
3430.dd4:   00007ff762a06be9 / 0x0106be9: 00 != 41
3430.dd4:   00007ff762a06bea / 0x0106bea: 00 != 44
3430.dd4:   00007ff762a06beb / 0x0106beb: 00 != 44
3430.dd4:   00007ff762a06bec / 0x0106bec: 00 != 49
3430.dd4:   00007ff762a06bed / 0x0106bed: 00 != 4e
3430.dd4:   00007ff762a06bee / 0x0106bee: 00 != 47
3430.dd4:   00007ff762a06bef / 0x0106bef: 00 != 58
3430.dd4:   00007ff762a06bf0 / 0x0106bf0: 00 != 58
3430.dd4:   00007ff762a06bf1 / 0x0106bf1: 00 != 50
3430.dd4:   00007ff762a06bf2 / 0x0106bf2: 00 != 41
3430.dd4:   00007ff762a06bf3 / 0x0106bf3: 00 != 44
3430.dd4:   00007ff762a06bf4 / 0x0106bf4: 00 != 44
3430.dd4:   00007ff762a06bf5 / 0x0106bf5: 00 != 49
3430.dd4:   00007ff762a06bf6 / 0x0106bf6: 00 != 4e
3430.dd4:   00007ff762a06bf7 / 0x0106bf7: 00 != 47
3430.dd4:   00007ff762a06bf8 / 0x0106bf8: 00 != 50
3430.dd4:   00007ff762a06bf9 / 0x0106bf9: 00 != 41
3430.dd4:   00007ff762a06bfa / 0x0106bfa: 00 != 44
3430.dd4:   00007ff762a06bfb / 0x0106bfb: 00 != 44
3430.dd4:   00007ff762a06bfc / 0x0106bfc: 00 != 49
3430.dd4:   00007ff762a06bfd / 0x0106bfd: 00 != 4e
3430.dd4:   00007ff762a06bfe / 0x0106bfe: 00 != 47
3430.dd4:   00007ff762a06bff / 0x0106bff: 00 != 58
3430.dd4:   Restored 0x4d8 bytes of original file content at 00007ff762a06b28
3430.dd4: '\Device\HarddiskVolume3\Windows\System32\ntdll.dll' has no imports
3430.dd4: ntdll.dll: Differences in section #9 (.00cfg) between file and memory:
3430.dd4:   00007ffcd0b0f000 / 0x019f000: a0 != 60
3430.dd4:   00007ffcd0b0f001 / 0x019f001: 30 != ed
3430.dd4:   00007ffcd0b0f002 / 0x019f002: a1 != 9f
3430.dd4:   00007ffcd0b0f008 / 0x019f008: 10 != 20
3430.dd4:   00007ffcd0b0f009 / 0x019f009: eb != ec
3430.dd4:   00007ffcd0b0f010 / 0x019f010: c0 != 60
3430.dd4:   00007ffcd0b0f011 / 0x019f011: 30 != ed
3430.dd4:   00007ffcd0b0f012 / 0x019f012: a1 != 9f
3430.dd4:   00007ffcd0b0f018 / 0x019f018: c0 != 60
3430.dd4:   00007ffcd0b0f019 / 0x019f019: 30 != ed
3430.dd4:   00007ffcd0b0f01a / 0x019f01a: a1 != 9f
3430.dd4:   Restored 0x28 bytes of original file content at 00007ffcd0b0f000
3430.dd4: kernel32.dll: Differences in section #2 (.rdata) between file and memory:
3430.dd4:   00007ffccf5266e8 / 0x00866e8: 70 != 20
3430.dd4:   00007ffccf5266e9 / 0x00866e9: ff != ec
3430.dd4:   00007ffccf5266ea / 0x00866ea: 4b != 9f
3430.dd4:   00007ffccf5266eb / 0x00866eb: cf != d0
3430.dd4:   00007ffccf5266f0 / 0x00866f0: 70 != 60
3430.dd4:   00007ffccf5266f1 / 0x00866f1: 42 != ed
3430.dd4:   00007ffccf5266f2 / 0x00866f2: 4c != 9f
3430.dd4:   00007ffccf5266f3 / 0x00866f3: cf != d0
3430.dd4:   00007ffccf5266f8 / 0x00866f8: 70 != 20
3430.dd4:   00007ffccf5266f9 / 0x00866f9: ff != ec
3430.dd4:   00007ffccf5266fa / 0x00866fa: 4b != 9f
3430.dd4:   00007ffccf5266fb / 0x00866fb: cf != d0
3430.dd4:   00007ffccf526700 / 0x0086700: 90 != 60
3430.dd4:   00007ffccf526701 / 0x0086701: 42 != ed
3430.dd4:   00007ffccf526702 / 0x0086702: 4c != 9f
3430.dd4:   00007ffccf526703 / 0x0086703: cf != d0
3430.dd4:   00007ffccf526708 / 0x0086708: 90 != 60
3430.dd4:   00007ffccf526709 / 0x0086709: 42 != ed
3430.dd4:   00007ffccf52670a / 0x008670a: 4c != 9f
3430.dd4:   00007ffccf52670b / 0x008670b: cf != d0
3430.dd4:   Restored 0x2000 bytes of original file content at 00007ffccf526000
3430.dd4: kernelbase.dll: Differences in section #2 (.rdata) between file and memory:
3430.dd4:   00007ffcce0405c8 / 0x02605c8: c0 != 20
3430.dd4:   00007ffcce0405c9 / 0x02605c9: 43 != ec
3430.dd4:   00007ffcce0405ca / 0x02605ca: ea != 9f
3430.dd4:   00007ffcce0405cb / 0x02605cb: cd != d0
3430.dd4:   00007ffcce0405d0 / 0x02605d0: 70 != 60
3430.dd4:   00007ffcce0405d1 / 0x02605d1: 47 != ed
3430.dd4:   00007ffcce0405d2 / 0x02605d2: ea != 9f
3430.dd4:   00007ffcce0405d3 / 0x02605d3: cd != d0
3430.dd4:   00007ffcce0405d8 / 0x02605d8: c0 != 20
3430.dd4:   00007ffcce0405d9 / 0x02605d9: 43 != ec
3430.dd4:   00007ffcce0405da / 0x02605da: ea != 9f
3430.dd4:   00007ffcce0405db / 0x02605db: cd != d0
3430.dd4:   00007ffcce0405e0 / 0x02605e0: 90 != 60
3430.dd4:   00007ffcce0405e1 / 0x02605e1: 47 != ed
3430.dd4:   00007ffcce0405e2 / 0x02605e2: ea != 9f
3430.dd4:   00007ffcce0405e3 / 0x02605e3: cd != d0
3430.dd4:   00007ffcce0405e8 / 0x02605e8: 90 != 60
3430.dd4:   00007ffcce0405e9 / 0x02605e9: 47 != ed
3430.dd4:   00007ffcce0405ea / 0x02605ea: ea != 9f
3430.dd4:   00007ffcce0405eb / 0x02605eb: cd != d0
3430.dd4:   Restored 0x2000 bytes of original file content at 00007ffcce040000
3430.dd4: supHardNtVpCheckHandles:
3430.dd4: supHardNtVpCheckHandles: Marked Section handle non-inheritable: 0000000000000fdc
3430.dd4: supHardNtVpCheckHandles: Marked Section handle non-inheritable: 0000000000000d24
3430.dd4: supHardNtVpCheckHandles: Marked Section handle non-inheritable: 0000000000000d1c
3430.dd4: supHardNtVpCheckHandles: Marked Section handle non-inheritable: 0000000000000d14
3430.dd4: supHardNtVpCheckHandles: Marked Section handle non-inheritable: 0000000000000364
3430.dd4: supR3HardenedWinInit: SUPHARDNTVPKIND_SELF_PURIFICATION_LIMITED -> VINF_SUCCESS, cFixes=10
3430.dd4: '\Device\HarddiskVolume3\Program Files\Oracle\VirtualBox\VirtualBoxVM.exe' has no imports
3430.dd4: supHardenedWinVerifyImageByHandle: -> 0 (\Device\HarddiskVolume3\Program Files\Oracle\VirtualBox\VirtualBoxVM.exe)
3430.dd4: supR3HardNtEnableThreadCreationEx:
3430.dd4: supR3HardNtDisableThreadCreation: pvLdrInitThunk=00007ffcd09e3df0 pvNtTerminateThread=00007ffcd0a0fe40
3430.dd4: supR3HardenedWinDoReSpawn(1): New child 643c.4764 [kernel32].
3430.dd4: supR3HardNtChildGatherData: PebBaseAddress=00000017ede90000 cbPeb=0x388
3430.dd4: supR3HardNtPuChFindNtdll: uNtDllParentAddr=00007ffcd0970000 uNtDllChildAddr=00007ffcd0970000
3430.dd4: supR3HardenedWinSetupChildInit: uLdrInitThunk=00007ffcd09e3df0
3430.dd4: supR3HardenedWinSetupChildInit: Initial context:
  rax=0000000000000000 rbx=0000000000000000 rcx=00007ff76290b790 rdx=00000017ede90000
  rsi=0000000000000000 rdi=0000000000000000 r8 =0000000000000000 r9 =0000000000000000
  r10=0000000000000000 r11=0000000000000000 r12=0000000000000000 r13=0000000000000000
  r14=0000000000000000 r15=0000000000000000  P1=0000000000000000  P2=0000000000000000
  rip=00007ffcd09caa50 rsp=00000017edd1fc58 rbp=0000000000000000    ctxflags=0010001b
  cs=0033 ss=002b ds=0000 es=0000 fs=0000 gs=0000    eflags=00000200   mxcrx=00001f80
   P3=0000000000000000  P4=0000000000000000  P5=0000000000000000  P6=0000000000000000
  dr0=0000000000000000 dr1=0000000000000000 dr2=0000000000000000 dr3=0000000000000000
  dr6=0000000000000000 dr7=0000000000000000 vcr=0000000000000000 dcr=0000000000000000
  lbt=0000000000000000 lbf=0000000000000000 lxt=0000000000000000 lxf=0000000000000000
3430.dd4: supR3HardenedWinSetupChildInit: Start child.
3430.dd4: supR3HardNtChildWaitFor: Found expected request 0 (PurifyChildAndCloseHandles) after 1 ms.
3430.dd4: supR3HardNtChildPurify: Startup delay kludge #1/0: 515 ms, 59 sleeps
3430.dd4: supHardNtVpScanVirtualMemory: enmKind=CHILD_PURIFICATION
3430.dd4:  *0000000000000000-000000007ffdffff 0x0001/0x0000 0x0000000
3430.dd4:  *000000007ffe0000-000000007ffe0fff 0x0002/0x0002 0x0020000
3430.dd4:   000000007ffe1000-000000007ffecfff 0x0001/0x0000 0x0000000
3430.dd4:  *000000007ffed000-000000007ffedfff 0x0002/0x0002 0x0020000
3430.dd4:   000000007ffee000-00000017edc1ffff 0x0001/0x0000 0x0000000
3430.dd4:  *00000017edc20000-00000017edd1afff 0x0000/0x0004 0x0020000
3430.dd4:   00000017edd1b000-00000017edd1dfff 0x0104/0x0004 0x0020000
3430.dd4:   00000017edd1e000-00000017edd1ffff 0x0004/0x0004 0x0020000
3430.dd4:   00000017edd20000-00000017eddfffff 0x0001/0x0000 0x0000000
3430.dd4:  *00000017ede00000-00000017ede8ffff 0x0000/0x0004 0x0020000
3430.dd4:   00000017ede90000-00000017ede92fff 0x0004/0x0004 0x0020000
3430.dd4:   00000017ede93000-00000017edffffff 0x0000/0x0004 0x0020000
3430.dd4:   00000017ee000000-000001e17de0ffff 0x0001/0x0000 0x0000000
3430.dd4:  *000001e17de10000-000001e17de2ffff 0x0004/0x0004 0x0020000
3430.dd4:  *000001e17de30000-000001e17de4efff 0x0002/0x0002 0x0040000
3430.dd4:   000001e17de4f000-000001e17de4ffff 0x0001/0x0000 0x0000000
3430.dd4:  *000001e17de50000-000001e17de53fff 0x0002/0x0002 0x0040000
3430.dd4:   000001e17de54000-000001e17de5ffff 0x0001/0x0000 0x0000000
3430.dd4:  *000001e17de60000-000001e17de60fff 0x0002/0x0002 0x0040000
3430.dd4:   000001e17de61000-000001e17de6ffff 0x0001/0x0000 0x0000000
3430.dd4:  *000001e17de70000-000001e17de71fff 0x0004/0x0004 0x0020000
3430.dd4:   000001e17de72000-00007df55874ffff 0x0001/0x0000 0x0000000
3430.dd4:  *00007df558750000-00007df558750fff 0x0002/0x0002 0x0040000
3430.dd4:   00007df558751000-00007df55875ffff 0x0001/0x0000 0x0000000
3430.dd4:  *00007df558760000-00007df55a1cffff 0x0000/0x0001 0x0040000
3430.dd4:   00007df55a1d0000-00007df55a1e8fff 0x0001/0x0001 0x0040000
3430.dd4:   00007df55a1e9000-00007df55a53cfff 0x0000/0x0001 0x0040000
3430.dd4:   00007df55a53d000-00007df55a53dfff 0x0001/0x0001 0x0040000
3430.dd4:   00007df55a53e000-00007ff536003fff 0x0000/0x0001 0x0040000
3430.dd4:   00007ff536004000-00007ff536008fff 0x0002/0x0001 0x0040000
3430.dd4:   00007ff536009000-00007ff548886fff 0x0000/0x0001 0x0040000
3430.dd4:   00007ff548887000-00007ff54bb84fff 0x0001/0x0001 0x0040000
3430.dd4:   00007ff54bb85000-00007ff54bb8efff 0x0002/0x0001 0x0040000
3430.dd4:   00007ff54bb8f000-00007ff55875ffff 0x0000/0x0001 0x0040000
3430.dd4:   00007ff558760000-00007ff7628fffff 0x0001/0x0000 0x0000000
3430.dd4:  *00007ff762900000-00007ff762900fff 0x0002/0x0080 0x1000000  \Device\HarddiskVolume3\Program Files\Oracle\VirtualBox\VirtualBoxVM.exe
3430.dd4:   00007ff762901000-00007ff76296bfff 0x0020/0x0080 0x1000000  \Device\HarddiskVolume3\Program Files\Oracle\VirtualBox\VirtualBoxVM.exe
3430.dd4:   00007ff76296c000-00007ff76296cfff 0x0080/0x0080 0x1000000  \Device\HarddiskVolume3\Program Files\Oracle\VirtualBox\VirtualBoxVM.exe
3430.dd4:   00007ff76296d000-00007ff7629c0fff 0x0002/0x0080 0x1000000  \Device\HarddiskVolume3\Program Files\Oracle\VirtualBox\VirtualBoxVM.exe
3430.dd4:   00007ff7629c1000-00007ff7629c1fff 0x0004/0x0080 0x1000000  \Device\HarddiskVolume3\Program Files\Oracle\VirtualBox\VirtualBoxVM.exe
3430.dd4:   00007ff7629c2000-00007ff7629c2fff 0x0008/0x0080 0x1000000  \Device\HarddiskVolume3\Program Files\Oracle\VirtualBox\VirtualBoxVM.exe
3430.dd4:   00007ff7629c3000-00007ff7629c7fff 0x0004/0x0080 0x1000000  \Device\HarddiskVolume3\Program Files\Oracle\VirtualBox\VirtualBoxVM.exe
3430.dd4:   00007ff7629c8000-00007ff7629cdfff 0x0008/0x0080 0x1000000  \Device\HarddiskVolume3\Program Files\Oracle\VirtualBox\VirtualBoxVM.exe
3430.dd4:   00007ff7629ce000-00007ff762a07fff 0x0002/0x0080 0x1000000  \Device\HarddiskVolume3\Program Files\Oracle\VirtualBox\VirtualBoxVM.exe
3430.dd4:   00007ff762a08000-00007ffcd096ffff 0x0001/0x0000 0x0000000
3430.dd4:  *00007ffcd0970000-00007ffcd0970fff 0x0002/0x0080 0x1000000  \Device\HarddiskVolume3\Windows\System32\ntdll.dll
3430.dd4:   00007ffcd0971000-00007ffcd0aa1fff 0x0020/0x0080 0x1000000  \Device\HarddiskVolume3\Windows\System32\ntdll.dll
3430.dd4:   00007ffcd0aa2000-00007ffcd0aeffff 0x0002/0x0080 0x1000000  \Device\HarddiskVolume3\Windows\System32\ntdll.dll
3430.dd4:   00007ffcd0af0000-00007ffcd0afbfff 0x0008/0x0080 0x1000000  \Device\HarddiskVolume3\Windows\System32\ntdll.dll
3430.dd4:   00007ffcd0afc000-00007ffcd0b0afff 0x0002/0x0080 0x1000000  \Device\HarddiskVolume3\Windows\System32\ntdll.dll
3430.dd4:   00007ffcd0b0b000-00007ffcd0b0bfff 0x0004/0x0080 0x1000000  \Device\HarddiskVolume3\Windows\System32\ntdll.dll
3430.dd4:   00007ffcd0b0c000-00007ffcd0b0efff 0x0008/0x0080 0x1000000  \Device\HarddiskVolume3\Windows\System32\ntdll.dll
3430.dd4:   00007ffcd0b0f000-00007ffcd0b86fff 0x0002/0x0080 0x1000000  \Device\HarddiskVolume3\Windows\System32\ntdll.dll
3430.dd4:   00007ffcd0b87000-00007ffffffeffff 0x0001/0x0000 0x0000000
3430.dd4: VirtualBoxVM.exe: Differences in section #8 (.rsrc) between file and memory:
3430.dd4:   00007ff762a06b28 / 0x0106b28: 00 != 50
3430.dd4:   00007ff762a06b29 / 0x0106b29: 00 != 41
3430.dd4:   00007ff762a06b2a / 0x0106b2a: 00 != 44
3430.dd4:   00007ff762a06b2b / 0x0106b2b: 00 != 44
3430.dd4:   00007ff762a06b2c / 0x0106b2c: 00 != 49
3430.dd4:   00007ff762a06b2d / 0x0106b2d: 00 != 4e
3430.dd4:   00007ff762a06b2e / 0x0106b2e: 00 != 47
3430.dd4:   00007ff762a06b2f / 0x0106b2f: 00 != 58
3430.dd4:   00007ff762a06b30 / 0x0106b30: 00 != 58
3430.dd4:   00007ff762a06b31 / 0x0106b31: 00 != 50
3430.dd4:   00007ff762a06b32 / 0x0106b32: 00 != 41
3430.dd4:   00007ff762a06b33 / 0x0106b33: 00 != 44
3430.dd4:   00007ff762a06b34 / 0x0106b34: 00 != 44
3430.dd4:   00007ff762a06b35 / 0x0106b35: 00 != 49
3430.dd4:   00007ff762a06b36 / 0x0106b36: 00 != 4e
3430.dd4:   00007ff762a06b37 / 0x0106b37: 00 != 47
3430.dd4:   00007ff762a06b38 / 0x0106b38: 00 != 50
3430.dd4:   00007ff762a06b39 / 0x0106b39: 00 != 41
3430.dd4:   00007ff762a06b3a / 0x0106b3a: 00 != 44
3430.dd4:   00007ff762a06b3b / 0x0106b3b: 00 != 44
3430.dd4:   00007ff762a06b3c / 0x0106b3c: 00 != 49
3430.dd4:   00007ff762a06b3d / 0x0106b3d: 00 != 4e
3430.dd4:   00007ff762a06b3e / 0x0106b3e: 00 != 47
3430.dd4:   00007ff762a06b3f / 0x0106b3f: 00 != 58
3430.dd4:   00007ff762a06b40 / 0x0106b40: 00 != 58
3430.dd4:   00007ff762a06b41 / 0x0106b41: 00 != 50
3430.dd4:   00007ff762a06b42 / 0x0106b42: 00 != 41
3430.dd4:   00007ff762a06b43 / 0x0106b43: 00 != 44
3430.dd4:   00007ff762a06b44 / 0x0106b44: 00 != 44
3430.dd4:   00007ff762a06b45 / 0x0106b45: 00 != 49
3430.dd4:   00007ff762a06b46 / 0x0106b46: 00 != 4e
3430.dd4:   00007ff762a06b47 / 0x0106b47: 00 != 47
3430.dd4:   00007ff762a06b48 / 0x0106b48: 00 != 50
3430.dd4:   00007ff762a06b49 / 0x0106b49: 00 != 41
3430.dd4:   00007ff762a06b4a / 0x0106b4a: 00 != 44
3430.dd4:   00007ff762a06b4b / 0x0106b4b: 00 != 44
3430.dd4:   00007ff762a06b4c / 0x0106b4c: 00 != 49
3430.dd4:   00007ff762a06b4d / 0x0106b4d: 00 != 4e
3430.dd4:   00007ff762a06b4e / 0x0106b4e: 00 != 47
3430.dd4:   00007ff762a06b4f / 0x0106b4f: 00 != 58
3430.dd4:   00007ff762a06b50 / 0x0106b50: 00 != 58
3430.dd4:   00007ff762a06b51 / 0x0106b51: 00 != 50
3430.dd4:   00007ff762a06b52 / 0x0106b52: 00 != 41
3430.dd4:   00007ff762a06b53 / 0x0106b53: 00 != 44
3430.dd4:   00007ff762a06b54 / 0x0106b54: 00 != 44
3430.dd4:   00007ff762a06b55 / 0x0106b55: 00 != 49
3430.dd4:   00007ff762a06b56 / 0x0106b56: 00 != 4e
3430.dd4:   00007ff762a06b57 / 0x0106b57: 00 != 47
3430.dd4:   00007ff762a06b58 / 0x0106b58: 00 != 50
3430.dd4:   00007ff762a06b59 / 0x0106b59: 00 != 41
3430.dd4:   00007ff762a06b5a / 0x0106b5a: 00 != 44
3430.dd4:   00007ff762a06b5b / 0x0106b5b: 00 != 44
3430.dd4:   00007ff762a06b5c / 0x0106b5c: 00 != 49
3430.dd4:   00007ff762a06b5d / 0x0106b5d: 00 != 4e
3430.dd4:   00007ff762a06b5e / 0x0106b5e: 00 != 47
3430.dd4:   00007ff762a06b5f / 0x0106b5f: 00 != 58
3430.dd4:   00007ff762a06b60 / 0x0106b60: 00 != 58
3430.dd4:   00007ff762a06b61 / 0x0106b61: 00 != 50
3430.dd4:   00007ff762a06b62 / 0x0106b62: 00 != 41
3430.dd4:   00007ff762a06b63 / 0x0106b63: 00 != 44
3430.dd4:   00007ff762a06b64 / 0x0106b64: 00 != 44
3430.dd4:   00007ff762a06b65 / 0x0106b65: 00 != 49
3430.dd4:   00007ff762a06b66 / 0x0106b66: 00 != 4e
3430.dd4:   00007ff762a06b67 / 0x0106b67: 00 != 47
3430.dd4:   00007ff762a06b68 / 0x0106b68: 00 != 50
3430.dd4:   00007ff762a06b69 / 0x0106b69: 00 != 41
3430.dd4:   00007ff762a06b6a / 0x0106b6a: 00 != 44
3430.dd4:   00007ff762a06b6b / 0x0106b6b: 00 != 44
3430.dd4:   00007ff762a06b6c / 0x0106b6c: 00 != 49
3430.dd4:   00007ff762a06b6d / 0x0106b6d: 00 != 4e
3430.dd4:   00007ff762a06b6e / 0x0106b6e: 00 != 47
3430.dd4:   00007ff762a06b6f / 0x0106b6f: 00 != 58
3430.dd4:   00007ff762a06b70 / 0x0106b70: 00 != 58
3430.dd4:   00007ff762a06b71 / 0x0106b71: 00 != 50
3430.dd4:   00007ff762a06b72 / 0x0106b72: 00 != 41
3430.dd4:   00007ff762a06b73 / 0x0106b73: 00 != 44
3430.dd4:   00007ff762a06b74 / 0x0106b74: 00 != 44
3430.dd4:   00007ff762a06b75 / 0x0106b75: 00 != 49
3430.dd4:   00007ff762a06b76 / 0x0106b76: 00 != 4e
3430.dd4:   00007ff762a06b77 / 0x0106b77: 00 != 47
3430.dd4:   00007ff762a06b78 / 0x0106b78: 00 != 50
3430.dd4:   00007ff762a06b79 / 0x0106b79: 00 != 41
3430.dd4:   00007ff762a06b7a / 0x0106b7a: 00 != 44
3430.dd4:   00007ff762a06b7b / 0x0106b7b: 00 != 44
3430.dd4:   00007ff762a06b7c / 0x0106b7c: 00 != 49
3430.dd4:   00007ff762a06b7d / 0x0106b7d: 00 != 4e
3430.dd4:   00007ff762a06b7e / 0x0106b7e: 00 != 47
3430.dd4:   00007ff762a06b7f / 0x0106b7f: 00 != 58
3430.dd4:   00007ff762a06b80 / 0x0106b80: 00 != 58
3430.dd4:   00007ff762a06b81 / 0x0106b81: 00 != 50
3430.dd4:   00007ff762a06b82 / 0x0106b82: 00 != 41
3430.dd4:   00007ff762a06b83 / 0x0106b83: 00 != 44
3430.dd4:   00007ff762a06b84 / 0x0106b84: 00 != 44
3430.dd4:   00007ff762a06b85 / 0x0106b85: 00 != 49
3430.dd4:   00007ff762a06b86 / 0x0106b86: 00 != 4e
3430.dd4:   00007ff762a06b87 / 0x0106b87: 00 != 47
3430.dd4:   00007ff762a06b88 / 0x0106b88: 00 != 50
3430.dd4:   00007ff762a06b89 / 0x0106b89: 00 != 41
3430.dd4:   00007ff762a06b8a / 0x0106b8a: 00 != 44
3430.dd4:   00007ff762a06b8b / 0x0106b8b: 00 != 44
3430.dd4:   00007ff762a06b8c / 0x0106b8c: 00 != 49
3430.dd4:   00007ff762a06b8d / 0x0106b8d: 00 != 4e
3430.dd4:   00007ff762a06b8e / 0x0106b8e: 00 != 47
3430.dd4:   00007ff762a06b8f / 0x0106b8f: 00 != 58
3430.dd4:   00007ff762a06b90 / 0x0106b90: 00 != 58
3430.dd4:   00007ff762a06b91 / 0x0106b91: 00 != 50
3430.dd4:   00007ff762a06b92 / 0x0106b92: 00 != 41
3430.dd4:   00007ff762a06b93 / 0x0106b93: 00 != 44
3430.dd4:   00007ff762a06b94 / 0x0106b94: 00 != 44
3430.dd4:   00007ff762a06b95 / 0x0106b95: 00 != 49
3430.dd4:   00007ff762a06b96 / 0x0106b96: 00 != 4e
3430.dd4:   00007ff762a06b97 / 0x0106b97: 00 != 47
3430.dd4:   00007ff762a06b98 / 0x0106b98: 00 != 50
3430.dd4:   00007ff762a06b99 / 0x0106b99: 00 != 41
3430.dd4:   00007ff762a06b9a / 0x0106b9a: 00 != 44
3430.dd4:   00007ff762a06b9b / 0x0106b9b: 00 != 44
3430.dd4:   00007ff762a06b9c / 0x0106b9c: 00 != 49
3430.dd4:   00007ff762a06b9d / 0x0106b9d: 00 != 4e
3430.dd4:   00007ff762a06b9e / 0x0106b9e: 00 != 47
3430.dd4:   00007ff762a06b9f / 0x0106b9f: 00 != 58
3430.dd4:   00007ff762a06ba0 / 0x0106ba0: 00 != 58
3430.dd4:   00007ff762a06ba1 / 0x0106ba1: 00 != 50
3430.dd4:   00007ff762a06ba2 / 0x0106ba2: 00 != 41
3430.dd4:   00007ff762a06ba3 / 0x0106ba3: 00 != 44
3430.dd4:   00007ff762a06ba4 / 0x0106ba4: 00 != 44
3430.dd4:   00007ff762a06ba5 / 0x0106ba5: 00 != 49
3430.dd4:   00007ff762a06ba6 / 0x0106ba6: 00 != 4e
3430.dd4:   00007ff762a06ba7 / 0x0106ba7: 00 != 47
3430.dd4:   00007ff762a06ba8 / 0x0106ba8: 00 != 50
3430.dd4:   00007ff762a06ba9 / 0x0106ba9: 00 != 41
3430.dd4:   00007ff762a06baa / 0x0106baa: 00 != 44
3430.dd4:   00007ff762a06bab / 0x0106bab: 00 != 44
3430.dd4:   00007ff762a06bac / 0x0106bac: 00 != 49
3430.dd4:   00007ff762a06bad / 0x0106bad: 00 != 4e
3430.dd4:   00007ff762a06bae / 0x0106bae: 00 != 47
3430.dd4:   00007ff762a06baf / 0x0106baf: 00 != 58
3430.dd4:   00007ff762a06bb0 / 0x0106bb0: 00 != 58
3430.dd4:   00007ff762a06bb1 / 0x0106bb1: 00 != 50
3430.dd4:   00007ff762a06bb2 / 0x0106bb2: 00 != 41
3430.dd4:   00007ff762a06bb3 / 0x0106bb3: 00 != 44
3430.dd4:   00007ff762a06bb4 / 0x0106bb4: 00 != 44
3430.dd4:   00007ff762a06bb5 / 0x0106bb5: 00 != 49
3430.dd4:   00007ff762a06bb6 / 0x0106bb6: 00 != 4e
3430.dd4:   00007ff762a06bb7 / 0x0106bb7: 00 != 47
3430.dd4:   00007ff762a06bb8 / 0x0106bb8: 00 != 50
3430.dd4:   00007ff762a06bb9 / 0x0106bb9: 00 != 41
3430.dd4:   00007ff762a06bba / 0x0106bba: 00 != 44
3430.dd4:   00007ff762a06bbb / 0x0106bbb: 00 != 44
3430.dd4:   00007ff762a06bbc / 0x0106bbc: 00 != 49
3430.dd4:   00007ff762a06bbd / 0x0106bbd: 00 != 4e
3430.dd4:   00007ff762a06bbe / 0x0106bbe: 00 != 47
3430.dd4:   00007ff762a06bbf / 0x0106bbf: 00 != 58
3430.dd4:   00007ff762a06bc0 / 0x0106bc0: 00 != 58
3430.dd4:   00007ff762a06bc1 / 0x0106bc1: 00 != 50
3430.dd4:   00007ff762a06bc2 / 0x0106bc2: 00 != 41
3430.dd4:   00007ff762a06bc3 / 0x0106bc3: 00 != 44
3430.dd4:   00007ff762a06bc4 / 0x0106bc4: 00 != 44
3430.dd4:   00007ff762a06bc5 / 0x0106bc5: 00 != 49
3430.dd4:   00007ff762a06bc6 / 0x0106bc6: 00 != 4e
3430.dd4:   00007ff762a06bc7 / 0x0106bc7: 00 != 47
3430.dd4:   00007ff762a06bc8 / 0x0106bc8: 00 != 50
3430.dd4:   00007ff762a06bc9 / 0x0106bc9: 00 != 41
3430.dd4:   00007ff762a06bca / 0x0106bca: 00 != 44
3430.dd4:   00007ff762a06bcb / 0x0106bcb: 00 != 44
3430.dd4:   00007ff762a06bcc / 0x0106bcc: 00 != 49
3430.dd4:   00007ff762a06bcd / 0x0106bcd: 00 != 4e
3430.dd4:   00007ff762a06bce / 0x0106bce: 00 != 47
3430.dd4:   00007ff762a06bcf / 0x0106bcf: 00 != 58
3430.dd4:   00007ff762a06bd0 / 0x0106bd0: 00 != 58
3430.dd4:   00007ff762a06bd1 / 0x0106bd1: 00 != 50
3430.dd4:   00007ff762a06bd2 / 0x0106bd2: 00 != 41
3430.dd4:   00007ff762a06bd3 / 0x0106bd3: 00 != 44
3430.dd4:   00007ff762a06bd4 / 0x0106bd4: 00 != 44
3430.dd4:   00007ff762a06bd5 / 0x0106bd5: 00 != 49
3430.dd4:   00007ff762a06bd6 / 0x0106bd6: 00 != 4e
3430.dd4:   00007ff762a06bd7 / 0x0106bd7: 00 != 47
3430.dd4:   00007ff762a06bd8 / 0x0106bd8: 00 != 50
3430.dd4:   00007ff762a06bd9 / 0x0106bd9: 00 != 41
3430.dd4:   00007ff762a06bda / 0x0106bda: 00 != 44
3430.dd4:   00007ff762a06bdb / 0x0106bdb: 00 != 44
3430.dd4:   00007ff762a06bdc / 0x0106bdc: 00 != 49
3430.dd4:   00007ff762a06bdd / 0x0106bdd: 00 != 4e
3430.dd4:   00007ff762a06bde / 0x0106bde: 00 != 47
3430.dd4:   00007ff762a06bdf / 0x0106bdf: 00 != 58
3430.dd4:   00007ff762a06be0 / 0x0106be0: 00 != 58
3430.dd4:   00007ff762a06be1 / 0x0106be1: 00 != 50
3430.dd4:   00007ff762a06be2 / 0x0106be2: 00 != 41
3430.dd4:   00007ff762a06be3 / 0x0106be3: 00 != 44
3430.dd4:   00007ff762a06be4 / 0x0106be4: 00 != 44
3430.dd4:   00007ff762a06be5 / 0x0106be5: 00 != 49
3430.dd4:   00007ff762a06be6 / 0x0106be6: 00 != 4e
3430.dd4:   00007ff762a06be7 / 0x0106be7: 00 != 47
3430.dd4:   00007ff762a06be8 / 0x0106be8: 00 != 50
3430.dd4:   00007ff762a06be9 / 0x0106be9: 00 != 41
3430.dd4:   00007ff762a06bea / 0x0106bea: 00 != 44
3430.dd4:   00007ff762a06beb / 0x0106beb: 00 != 44
3430.dd4:   00007ff762a06bec / 0x0106bec: 00 != 49
3430.dd4:   00007ff762a06bed / 0x0106bed: 00 != 4e
3430.dd4:   00007ff762a06bee / 0x0106bee: 00 != 47
3430.dd4:   00007ff762a06bef / 0x0106bef: 00 != 58
3430.dd4:   00007ff762a06bf0 / 0x0106bf0: 00 != 58
3430.dd4:   00007ff762a06bf1 / 0x0106bf1: 00 != 50
3430.dd4:   00007ff762a06bf2 / 0x0106bf2: 00 != 41
3430.dd4:   00007ff762a06bf3 / 0x0106bf3: 00 != 44
3430.dd4:   00007ff762a06bf4 / 0x0106bf4: 00 != 44
3430.dd4:   00007ff762a06bf5 / 0x0106bf5: 00 != 49
3430.dd4:   00007ff762a06bf6 / 0x0106bf6: 00 != 4e
3430.dd4:   00007ff762a06bf7 / 0x0106bf7: 00 != 47
3430.dd4:   00007ff762a06bf8 / 0x0106bf8: 00 != 50
3430.dd4:   00007ff762a06bf9 / 0x0106bf9: 00 != 41
3430.dd4:   00007ff762a06bfa / 0x0106bfa: 00 != 44
3430.dd4:   00007ff762a06bfb / 0x0106bfb: 00 != 44
3430.dd4:   00007ff762a06bfc / 0x0106bfc: 00 != 49
3430.dd4:   00007ff762a06bfd / 0x0106bfd: 00 != 4e
3430.dd4:   00007ff762a06bfe / 0x0106bfe: 00 != 47
3430.dd4:   00007ff762a06bff / 0x0106bff: 00 != 58
3430.dd4:   Restored 0x4d8 bytes of original file content at 00007ff762a06b28
3430.dd4: supR3HardNtChildPurify: cFixes=1 g_fSupAdversaries=0x40
3430.dd4: supR3HardNtChildPurify: Startup delay kludge #1/1: 518 ms, 49 sleeps
3430.dd4: supHardNtVpScanVirtualMemory: enmKind=CHILD_PURIFICATION
3430.dd4:  *0000000000000000-000000007ffdffff 0x0001/0x0000 0x0000000
3430.dd4:  *000000007ffe0000-000000007ffe0fff 0x0002/0x0002 0x0020000
3430.dd4:   000000007ffe1000-000000007ffecfff 0x0001/0x0000 0x0000000
3430.dd4:  *000000007ffed000-000000007ffedfff 0x0002/0x0002 0x0020000
3430.dd4:   000000007ffee000-00000017edc1ffff 0x0001/0x0000 0x0000000
3430.dd4:  *00000017edc20000-00000017edd1afff 0x0000/0x0004 0x0020000
3430.dd4:   00000017edd1b000-00000017edd1dfff 0x0104/0x0004 0x0020000
3430.dd4:   00000017edd1e000-00000017edd1ffff 0x0004/0x0004 0x0020000
3430.dd4:   00000017edd20000-00000017eddfffff 0x0001/0x0000 0x0000000
3430.dd4:  *00000017ede00000-00000017ede8ffff 0x0000/0x0004 0x0020000
3430.dd4:   00000017ede90000-00000017ede92fff 0x0004/0x0004 0x0020000
3430.dd4:   00000017ede93000-00000017edffffff 0x0000/0x0004 0x0020000
3430.dd4:   00000017ee000000-000001e17de0ffff 0x0001/0x0000 0x0000000
3430.dd4:  *000001e17de10000-000001e17de2ffff 0x0004/0x0004 0x0020000
3430.dd4:  *000001e17de30000-000001e17de4efff 0x0002/0x0002 0x0040000
3430.dd4:   000001e17de4f000-000001e17de4ffff 0x0001/0x0000 0x0000000
3430.dd4:  *000001e17de50000-000001e17de53fff 0x0002/0x0002 0x0040000
3430.dd4:   000001e17de54000-000001e17de5ffff 0x0001/0x0000 0x0000000
3430.dd4:  *000001e17de60000-000001e17de60fff 0x0002/0x0002 0x0040000
3430.dd4:   000001e17de61000-000001e17de6ffff 0x0001/0x0000 0x0000000
3430.dd4:  *000001e17de70000-000001e17de71fff 0x0004/0x0004 0x0020000
3430.dd4:   000001e17de72000-00007df55874ffff 0x0001/0x0000 0x0000000
3430.dd4:  *00007df558750000-00007df558750fff 0x0002/0x0002 0x0040000
3430.dd4:   00007df558751000-00007df55875ffff 0x0001/0x0000 0x0000000
3430.dd4:  *00007df558760000-00007df55a1cffff 0x0000/0x0001 0x0040000
3430.dd4:   00007df55a1d0000-00007df55a1e8fff 0x0001/0x0001 0x0040000
3430.dd4:   00007df55a1e9000-00007df55a53cfff 0x0000/0x0001 0x0040000
3430.dd4:   00007df55a53d000-00007df55a53dfff 0x0001/0x0001 0x0040000
3430.dd4:   00007df55a53e000-00007ff536003fff 0x0000/0x0001 0x0040000
3430.dd4:   00007ff536004000-00007ff536008fff 0x0002/0x0001 0x0040000
3430.dd4:   00007ff536009000-00007ff548886fff 0x0000/0x0001 0x0040000
3430.dd4:   00007ff548887000-00007ff54bb84fff 0x0001/0x0001 0x0040000
3430.dd4:   00007ff54bb85000-00007ff54bb8efff 0x0002/0x0001 0x0040000
3430.dd4:   00007ff54bb8f000-00007ff55875ffff 0x0000/0x0001 0x0040000
3430.dd4:   00007ff558760000-00007ff7628fffff 0x0001/0x0000 0x0000000
3430.dd4:  *00007ff762900000-00007ff762900fff 0x0002/0x0080 0x1000000  \Device\HarddiskVolume3\Program Files\Oracle\VirtualBox\VirtualBoxVM.exe
3430.dd4:   00007ff762901000-00007ff76296bfff 0x0020/0x0080 0x1000000  \Device\HarddiskVolume3\Program Files\Oracle\VirtualBox\VirtualBoxVM.exe
3430.dd4:   00007ff76296c000-00007ff76296cfff 0x0040/0x0080 0x1000000  \Device\HarddiskVolume3\Program Files\Oracle\VirtualBox\VirtualBoxVM.exe
3430.dd4:   00007ff76296d000-00007ff7629c0fff 0x0002/0x0080 0x1000000  \Device\HarddiskVolume3\Program Files\Oracle\VirtualBox\VirtualBoxVM.exe
3430.dd4:   00007ff7629c1000-00007ff7629cdfff 0x0004/0x0080 0x1000000  \Device\HarddiskVolume3\Program Files\Oracle\VirtualBox\VirtualBoxVM.exe
3430.dd4:   00007ff7629ce000-00007ff762a07fff 0x0002/0x0080 0x1000000  \Device\HarddiskVolume3\Program Files\Oracle\VirtualBox\VirtualBoxVM.exe
3430.dd4:   00007ff762a08000-00007ffcd096ffff 0x0001/0x0000 0x0000000
3430.dd4:  *00007ffcd0970000-00007ffcd0970fff 0x0002/0x0080 0x1000000  \Device\HarddiskVolume3\Windows\System32\ntdll.dll
3430.dd4:   00007ffcd0971000-00007ffcd0aa1fff 0x0020/0x0080 0x1000000  \Device\HarddiskVolume3\Windows\System32\ntdll.dll
3430.dd4:   00007ffcd0aa2000-00007ffcd0aeffff 0x0002/0x0080 0x1000000  \Device\HarddiskVolume3\Windows\System32\ntdll.dll
3430.dd4:   00007ffcd0af0000-00007ffcd0af3fff 0x0008/0x0080 0x1000000  \Device\HarddiskVolume3\Windows\System32\ntdll.dll
3430.dd4:   00007ffcd0af4000-00007ffcd0afbfff 0x0004/0x0080 0x1000000  \Device\HarddiskVolume3\Windows\System32\ntdll.dll
3430.dd4:   00007ffcd0afc000-00007ffcd0b0afff 0x0002/0x0080 0x1000000  \Device\HarddiskVolume3\Windows\System32\ntdll.dll
3430.dd4:   00007ffcd0b0b000-00007ffcd0b0bfff 0x0004/0x0080 0x1000000  \Device\HarddiskVolume3\Windows\System32\ntdll.dll
3430.dd4:   00007ffcd0b0c000-00007ffcd0b0efff 0x0008/0x0080 0x1000000  \Device\HarddiskVolume3\Windows\System32\ntdll.dll
3430.dd4:   00007ffcd0b0f000-00007ffcd0b86fff 0x0002/0x0080 0x1000000  \Device\HarddiskVolume3\Windows\System32\ntdll.dll
3430.dd4:   00007ffcd0b87000-00007ffffffeffff 0x0001/0x0000 0x0000000
3430.dd4: supR3HardNtChildPurify: Done after 1038 ms and 1 fixes (loop #1).
643c.4764: supR3HardenedVmProcessInit: uNtDllAddr=00007ffcd0970000 g_uNtVerCombined=0xa0585d00 (stack ~00000017edd1ea20)
643c.4764: ntdll.dll: timestamp 0x806d3ecf (rc=VINF_SUCCESS)
643c.4764: New simple heap: #1 000001e17df80000 LB 0x800000 (for 2191360 allocation)
3430.dd4: supR3HardNtEnableThreadCreationEx:
643c.4764: supR3HardenedWinInitAppBin(0x0): '\Device\HarddiskVolume3\Program Files\Oracle\VirtualBox'
643c.4764: System32:  \Device\HarddiskVolume3\Windows\System32
643c.4764: WinSxS:    \Device\HarddiskVolume3\Windows\WinSxS
643c.4764: KnownDllPath: C:\Windows\System32
643c.4764: supR3HardenedVmProcessInit: Opening vboxsup stub...
643c.4764: supR3HardenedVmProcessInit: Restoring LdrInitializeThunk...
643c.4764: supR3HardenedVmProcessInit: Returning to LdrInitializeThunk...
643c.4764: Registered Dll notification callback with NTDLL.
643c.4764: supHardenedWinVerifyImageByHandle: -> 0 (\Device\HarddiskVolume3\Windows\System32\kernel32.dll)
643c.4764: supR3HardenedWinVerifyCacheInsert: \Device\HarddiskVolume3\Windows\System32\kernel32.dll
643c.4764: supR3HardenedMonitor_LdrLoadDll: pName=C:\Windows\System32\KERNEL32.DLL (Input=KERNEL32.DLL, rcNtResolve=0xc0150008) *pfFlags=0xffffffff pwszSearchPath=0000000000004001:<flags> [calling]
643c.4764: supR3HardenedDllNotificationCallback: load   00007ffccdde0000 LB 0x003a6000 C:\Windows\System32\KERNELBASE.dll [fFlags=0x0]
643c.4764: supHardenedWinVerifyImageByHandle: -> 0 (\Device\HarddiskVolume3\Windows\System32\KernelBase.dll)
643c.4764: supR3HardenedWinVerifyCacheInsert: \Device\HarddiskVolume3\Windows\System32\KernelBase.dll
643c.4764: supR3HardenedDllNotificationCallback: load   00007ffccf4a0000 LB 0x000c4000 C:\Windows\System32\KERNEL32.DLL [fFlags=0x0]
643c.4764: supR3HardenedScreenImage/LdrLoadDll: cache hit (VINF_SUCCESS) on \Device\HarddiskVolume3\Windows\System32\kernel32.dll [lacks WinVerifyTrust]
643c.4764: supR3HardenedMonitor_LdrLoadDll: returns rcNt=0x0 hMod=00007ffccf4a0000 'C:\Windows\System32\KERNEL32.DLL'
643c.4764: supR3HardenedDllNotificationCallback: load   00007ff762900000 LB 0x00108000 C:\Program Files\Oracle\VirtualBox\VirtualBoxVM.exe [fFlags=0x0]
643c.4764: '\Device\HarddiskVolume3\Program Files\Oracle\VirtualBox\VirtualBoxVM.exe' has no imports
643c.4764: supHardenedWinVerifyImageByHandle: -> 0 (\Device\HarddiskVolume3\Program Files\Oracle\VirtualBox\VirtualBoxVM.exe)
643c.4764: supR3HardenedWinVerifyCacheInsert: \Device\HarddiskVolume3\Program Files\Oracle\VirtualBox\VirtualBoxVM.exe
643c.4764: supR3HardNtDisableThreadCreation: pvLdrInitThunk=00007ffcd09e3df0 pvNtTerminateThread=00007ffcd0a0fe40
3430.dd4: supR3HardNtChildWaitFor: Found expected request 1 (CloseEvents) after 111 ms.
643c.4764: \SystemRoot\System32\ntdll.dll:
643c.4764:     CreationTime:    2023-12-07T01:19:16.043313600Z
643c.4764:     LastWriteTime:   2023-12-07T01:19:16.105807900Z
643c.4764:     ChangeTime:      2024-03-27T22:47:32.020175400Z
643c.4764:     FileAttributes:  0x20
643c.4764:     Size:            0x216080
643c.4764:     NT Headers:      0xe0
643c.4764:     Timestamp:       0x806d3ecf
643c.4764:     Machine:         0x8664 - amd64
643c.4764:     Timestamp:       0x806d3ecf
643c.4764:     Image Version:   10.0
643c.4764:     SizeOfImage:     0x217000 (2191360)
643c.4764:     Resource Dir:    0x1a0000 LB 0x75070
643c.4764:     [Version info resource found at 0xd8! (ID/Name: 0x1; SubID/SubName: 0x409)]
643c.4764:     [Raw version resource data: 0x1a00f0 LB 0x380, codepage 0x0 (reserved 0x0)]
643c.4764:     ProductName:     Microsoft® Windows® Operating System
643c.4764:     ProductVersion:  10.0.22621.2428
643c.4764:     FileVersion:     10.0.22621.2428 (WinBuild.160101.0800)
643c.4764:     FileDescription: NT Layer DLL
643c.4764: \SystemRoot\System32\kernel32.dll:
643c.4764:     CreationTime:    2023-12-07T01:18:50.124274100Z
643c.4764:     LastWriteTime:   2023-12-07T01:18:50.155519400Z
643c.4764:     ChangeTime:      2024-03-28T14:49:34.304679800Z
643c.4764:     FileAttributes:  0x20
643c.4764:     Size:            0xc7160
643c.4764:     NT Headers:      0xe8
643c.4764:     Timestamp:       0xd05c34f8
643c.4764:     Machine:         0x8664 - amd64
643c.4764:     Timestamp:       0xd05c34f8
643c.4764:     Image Version:   10.0
643c.4764:     SizeOfImage:     0xc4000 (802816)
643c.4764:     Resource Dir:    0xc2000 LB 0x520
643c.4764:     [Version info resource found at 0x90! (ID/Name: 0x1; SubID/SubName: 0x409)]
643c.4764:     [Raw version resource data: 0xc20b0 LB 0x3a4, codepage 0x0 (reserved 0x0)]
643c.4764:     ProductName:     Microsoft® Windows® Operating System
643c.4764:     ProductVersion:  10.0.22621.2428
643c.4764:     FileVersion:     10.0.22621.2428 (WinBuild.160101.0800)
643c.4764:     FileDescription: Windows NT BASE API Client DLL
643c.4764: \SystemRoot\System32\KernelBase.dll:
643c.4764:     CreationTime:    2023-12-07T01:19:17.011959000Z
643c.4764:     LastWriteTime:   2023-12-07T01:19:17.168193800Z
643c.4764:     ChangeTime:      2024-03-28T14:49:34.367614200Z
643c.4764:     FileAttributes:  0x20
643c.4764:     Size:            0x3ad940
643c.4764:     NT Headers:      0x100
643c.4764:     Timestamp:       0x9223bda8
643c.4764:     Machine:         0x8664 - amd64
643c.4764:     Timestamp:       0x9223bda8
643c.4764:     Image Version:   10.0
643c.4764:     SizeOfImage:     0x3a6000 (3825664)
643c.4764:     Resource Dir:    0x375000 LB 0x548
643c.4764:     [Version info resource found at 0x90! (ID/Name: 0x1; SubID/SubName: 0x409)]
643c.4764:     [Raw version resource data: 0x3750b0 LB 0x3bc, codepage 0x0 (reserved 0x0)]
643c.4764:     ProductName:     Microsoft® Windows® Operating System
643c.4764:     ProductVersion:  10.0.22621.2428
643c.4764:     FileVersion:     10.0.22621.2428 (WinBuild.160101.0800)
643c.4764:     FileDescription: Windows NT BASE API Client DLL
643c.4764: \SystemRoot\System32\apisetschema.dll:
643c.4764:     CreationTime:    2023-12-07T01:18:46.062179500Z
643c.4764:     LastWriteTime:   2023-12-07T01:18:46.077801500Z
643c.4764:     ChangeTime:      2024-03-27T22:47:28.020528300Z
643c.4764:     FileAttributes:  0x20
643c.4764:     Size:            0x24570
643c.4764:     NT Headers:      0xc8
643c.4764:     Timestamp:       0x2b0f54e7
643c.4764:     Machine:         0x8664 - amd64
643c.4764:     Timestamp:       0x2b0f54e7
643c.4764:     Image Version:   10.0
643c.4764:     SizeOfImage:     0x23000 (143360)
643c.4764:     Resource Dir:    0x22000 LB 0x408
643c.4764:     [Version info resource found at 0x48! (ID/Name: 0x1; SubID/SubName: 0x409)]
643c.4764:     [Raw version resource data: 0x22060 LB 0x3a8, codepage 0x0 (reserved 0x0)]
643c.4764:     ProductName:     Microsoft® Windows® Operating System
643c.4764:     ProductVersion:  10.0.22621.2361
643c.4764:     FileVersion:     10.0.22621.2361 (WinBuild.160101.0800)
643c.4764:     FileDescription: ApiSet Schema DLL
643c.4764: NtOpenDirectoryObject failed on \Driver: 0xc0000022
643c.4764: supR3HardenedWinFindAdversaries: 0x40
643c.4764: \SystemRoot\System32\drivers\klim6.sys:
643c.4764:     CreationTime:    2024-10-15T23:33:14.000000000Z
643c.4764:     LastWriteTime:   2026-01-17T00:13:22.000000000Z
643c.4764:     ChangeTime:      2026-03-12T09:03:20.779066300Z
643c.4764:     FileAttributes:  0x20
643c.4764:     Size:            0x16898
643c.4764:     NT Headers:      0xe0
643c.4764:     Timestamp:       0x5c01aa58
643c.4764:     Machine:         0x8664 - amd64
643c.4764:     Timestamp:       0x5c01aa58
643c.4764:     Image Version:   6.1
643c.4764:     SizeOfImage:     0x15000 (86016)
643c.4764:     Resource Dir:    0x13000 LB 0x468
643c.4764:     [Version info resource found at 0x48! (ID/Name: 0x1; SubID/SubName: 0x409)]
643c.4764:     [Raw version resource data: 0x13060 LB 0x404, codepage 0x0 (reserved 0x0)]
643c.4764:     ProductName:     Kaspersky
643c.4764:     ProductVersion:  30.1909.0.3487
643c.4764:     FileVersion:     30.1909.0.3487
643c.4764:     FileDescription: Packet Network Filter [fre_win7_x64]
643c.4764: supR3HardenedWinInitAppBin(0x0): '\Device\HarddiskVolume3\Program Files\Oracle\VirtualBox'
643c.4764: Calling main()
643c.4764: SUPR3HardenedMain: pszProgName=VirtualBoxVM fFlags=0x2
643c.4764: supR3HardenedWinInitAppBin(0x2): '\Device\HarddiskVolume3\Program Files\Oracle\VirtualBox'
643c.4764: '\Device\HarddiskVolume3\Program Files\Oracle\VirtualBox\VirtualBoxVM.exe' has no imports
643c.4764: supHardenedWinVerifyImageByHandle: -> 0 (\Device\HarddiskVolume3\Program Files\Oracle\VirtualBox\VirtualBoxVM.exe)
643c.4764: SUPR3HardenedMain: Respawn #2
643c.4764: supR3HardNtEnableThreadCreationEx:
643c.4764: supR3HardenedDllNotificationCallback: load   00007ffccf720000 LB 0x000a6000 C:\Windows\System32\sechost.dll [fFlags=0x0]
643c.4764: supHardenedWinVerifyImageByHandle: -> 0 (\Device\HarddiskVolume3\Windows\System32\sechost.dll)
643c.4764: supR3HardenedWinVerifyCacheInsert: \Device\HarddiskVolume3\Windows\System32\sechost.dll
643c.4764: '\Device\HarddiskVolume3\Windows\System32\ntdll.dll' has no imports
643c.4764: supHardenedWinVerifyImageByHandle: -> 0 (\Device\HarddiskVolume3\Windows\System32\ntdll.dll)
643c.4764: supR3HardenedWinVerifyCacheInsert: \Device\HarddiskVolume3\Windows\System32\ntdll.dll
643c.4764: supR3HardenedMonitor_LdrLoadDll: pName=C:\Windows\System32\ntdll.dll (Input=ntdll.dll, rcNtResolve=0xc0150008) *pfFlags=0x0 pwszSearchPath=0000000000000801:<flags> [calling]
643c.4764: supR3HardenedMonitor_LdrLoadDll: returns rcNt=0x0 hMod=00007ffcd0970000 'C:\Windows\System32\ntdll.dll'
643c.4764: supR3HardenedScreenImage/LdrLoadDll: cache hit (VINF_SUCCESS) on \Device\HarddiskVolume3\Windows\System32\KernelBase.dll [lacks WinVerifyTrust]
643c.4764: supR3HardenedMonitor_LdrLoadDll: pName=C:\Windows\System32\KernelBase.dll (Input=KernelBase, rcNtResolve=0xc0150008) *pfFlags=0x0 pwszSearchPath=0000000000000801:<flags> [calling]
643c.4764: supR3HardenedMonitor_LdrLoadDll: returns rcNt=0x0 hMod=00007ffccdde0000 'C:\Windows\System32\KernelBase.dll'
643c.4764: supR3HardNtDisableThreadCreation: pvLdrInitThunk=00007ffcd09e3df0 pvNtTerminateThread=00007ffcd0a0fe40
643c.4764: supR3HardenedWinDoReSpawn(2): New child 8d4.576c [kernel32].
643c.4764: supR3HardenedWinReSpawn: NtSetInformationThread/ThreadHideFromDebugger failed: 0xc0000022 (harmless)
643c.4764: supR3HardNtChildGatherData: PebBaseAddress=00000008a6e33000 cbPeb=0x388
643c.4764: supR3HardNtPuChFindNtdll: uNtDllParentAddr=00007ffcd0970000 uNtDllChildAddr=00007ffcd0970000
643c.4764: supR3HardenedWinSetupChildInit: uLdrInitThunk=00007ffcd09e3df0
643c.4764: supR3HardenedWinSetupChildInit: Initial context:
  rax=0000000000000000 rbx=0000000000000000 rcx=00007ff76290b790 rdx=00000008a6e33000
  rsi=0000000000000000 rdi=0000000000000000 r8 =0000000000000000 r9 =0000000000000000
  r10=0000000000000000 r11=0000000000000000 r12=0000000000000000 r13=0000000000000000
  r14=0000000000000000 r15=0000000000000000  P1=0000000000000000  P2=0000000000000000
  rip=00007ffcd09caa50 rsp=00000008a70ffc28 rbp=0000000000000000    ctxflags=0010001b
  cs=0033 ss=002b ds=0000 es=0000 fs=0000 gs=0000    eflags=00000200   mxcrx=00001f80
   P3=0000000000000000  P4=0000000000000000  P5=0000000000000000  P6=0000000000000000
  dr0=0000000000000000 dr1=0000000000000000 dr2=0000000000000000 dr3=0000000000000000
  dr6=0000000000000000 dr7=0000000000000000 vcr=0000000000000000 dcr=0000000000000000
  lbt=0000000000000000 lbf=0000000000000000 lxt=0000000000000000 lxf=0000000000000000
643c.4764: kernel32.dll: timestamp 0xd05c34f8 (rc=VINF_SUCCESS)
643c.4764: supR3HardenedWinSetupChildInit: Start child.
643c.4764: supR3HardNtChildWaitFor: Found expected request 0 (PurifyChildAndCloseHandles) after 0 ms.
643c.4764: supR3HardNtChildPurify: Startup delay kludge #1/0: 513 ms, 55 sleeps
643c.4764: supHardNtVpScanVirtualMemory: enmKind=CHILD_PURIFICATION
643c.4764:  *0000000000000000-000000007ffdffff 0x0001/0x0000 0x0000000
643c.4764:  *000000007ffe0000-000000007ffe0fff 0x0002/0x0002 0x0020000
643c.4764:   000000007ffe1000-000000007ffecfff 0x0001/0x0000 0x0000000
643c.4764:  *000000007ffed000-000000007ffedfff 0x0002/0x0002 0x0020000
643c.4764:   000000007ffee000-00000008a6dfffff 0x0001/0x0000 0x0000000
643c.4764:  *00000008a6e00000-00000008a6e32fff 0x0000/0x0004 0x0020000
643c.4764:   00000008a6e33000-00000008a6e35fff 0x0004/0x0004 0x0020000
643c.4764:   00000008a6e36000-00000008a6ffffff 0x0000/0x0004 0x0020000
643c.4764:  *00000008a7000000-00000008a70fafff 0x0000/0x0004 0x0020000
643c.4764:   00000008a70fb000-00000008a70fdfff 0x0104/0x0004 0x0020000
643c.4764:   00000008a70fe000-00000008a70fffff 0x0004/0x0004 0x0020000
643c.4764:   00000008a7100000-000002075275ffff 0x0001/0x0000 0x0000000
643c.4764:  *0000020752760000-000002075277ffff 0x0004/0x0004 0x0020000
643c.4764:  *0000020752780000-000002075279efff 0x0002/0x0002 0x0040000
643c.4764:   000002075279f000-000002075279ffff 0x0001/0x0000 0x0000000
643c.4764:  *00000207527a0000-00000207527a3fff 0x0002/0x0002 0x0040000
643c.4764:   00000207527a4000-00000207527affff 0x0001/0x0000 0x0000000
643c.4764:  *00000207527b0000-00000207527b0fff 0x0002/0x0002 0x0040000
643c.4764:   00000207527b1000-00000207527bffff 0x0001/0x0000 0x0000000
643c.4764:  *00000207527c0000-00000207527c1fff 0x0004/0x0004 0x0020000
643c.4764:   00000207527c2000-00007df5a82fffff 0x0001/0x0000 0x0000000
643c.4764:  *00007df5a8300000-00007df5a8300fff 0x0002/0x0002 0x0040000
643c.4764:   00007df5a8301000-00007df5a830ffff 0x0001/0x0000 0x0000000
643c.4764:  *00007df5a8310000-00007df5a9d7ffff 0x0000/0x0001 0x0040000
643c.4764:   00007df5a9d80000-00007df5a9d98fff 0x0001/0x0001 0x0040000
643c.4764:   00007df5a9d99000-00007df5aa0ecfff 0x0000/0x0001 0x0040000
643c.4764:   00007df5aa0ed000-00007df5aa0edfff 0x0001/0x0001 0x0040000
643c.4764:   00007df5aa0ee000-00007ff585bb3fff 0x0000/0x0001 0x0040000
643c.4764:   00007ff585bb4000-00007ff585bb8fff 0x0002/0x0001 0x0040000
643c.4764:   00007ff585bb9000-00007ff598436fff 0x0000/0x0001 0x0040000
643c.4764:   00007ff598437000-00007ff59b734fff 0x0001/0x0001 0x0040000
643c.4764:   00007ff59b735000-00007ff59b73efff 0x0002/0x0001 0x0040000
643c.4764:   00007ff59b73f000-00007ff5a830ffff 0x0000/0x0001 0x0040000
643c.4764:   00007ff5a8310000-00007ff7628fffff 0x0001/0x0000 0x0000000
643c.4764:  *00007ff762900000-00007ff762900fff 0x0002/0x0080 0x1000000  \Device\HarddiskVolume3\Program Files\Oracle\VirtualBox\VirtualBoxVM.exe
643c.4764:   00007ff762901000-00007ff76296bfff 0x0020/0x0080 0x1000000  \Device\HarddiskVolume3\Program Files\Oracle\VirtualBox\VirtualBoxVM.exe
643c.4764:   00007ff76296c000-00007ff76296cfff 0x0080/0x0080 0x1000000  \Device\HarddiskVolume3\Program Files\Oracle\VirtualBox\VirtualBoxVM.exe
643c.4764:   00007ff76296d000-00007ff7629c0fff 0x0002/0x0080 0x1000000  \Device\HarddiskVolume3\Program Files\Oracle\VirtualBox\VirtualBoxVM.exe
643c.4764:   00007ff7629c1000-00007ff7629c1fff 0x0004/0x0080 0x1000000  \Device\HarddiskVolume3\Program Files\Oracle\VirtualBox\VirtualBoxVM.exe
643c.4764:   00007ff7629c2000-00007ff7629c2fff 0x0008/0x0080 0x1000000  \Device\HarddiskVolume3\Program Files\Oracle\VirtualBox\VirtualBoxVM.exe
643c.4764:   00007ff7629c3000-00007ff7629c7fff 0x0004/0x0080 0x1000000  \Device\HarddiskVolume3\Program Files\Oracle\VirtualBox\VirtualBoxVM.exe
643c.4764:   00007ff7629c8000-00007ff7629cdfff 0x0008/0x0080 0x1000000  \Device\HarddiskVolume3\Program Files\Oracle\VirtualBox\VirtualBoxVM.exe
643c.4764:   00007ff7629ce000-00007ff762a07fff 0x0002/0x0080 0x1000000  \Device\HarddiskVolume3\Program Files\Oracle\VirtualBox\VirtualBoxVM.exe
643c.4764:   00007ff762a08000-00007ffcd096ffff 0x0001/0x0000 0x0000000
643c.4764:  *00007ffcd0970000-00007ffcd0970fff 0x0002/0x0080 0x1000000  \Device\HarddiskVolume3\Windows\System32\ntdll.dll
643c.4764:   00007ffcd0971000-00007ffcd0aa1fff 0x0020/0x0080 0x1000000  \Device\HarddiskVolume3\Windows\System32\ntdll.dll
643c.4764:   00007ffcd0aa2000-00007ffcd0aeffff 0x0002/0x0080 0x1000000  \Device\HarddiskVolume3\Windows\System32\ntdll.dll
643c.4764:   00007ffcd0af0000-00007ffcd0afbfff 0x0008/0x0080 0x1000000  \Device\HarddiskVolume3\Windows\System32\ntdll.dll
643c.4764:   00007ffcd0afc000-00007ffcd0b0afff 0x0002/0x0080 0x1000000  \Device\HarddiskVolume3\Windows\System32\ntdll.dll
643c.4764:   00007ffcd0b0b000-00007ffcd0b0bfff 0x0004/0x0080 0x1000000  \Device\HarddiskVolume3\Windows\System32\ntdll.dll
643c.4764:   00007ffcd0b0c000-00007ffcd0b0efff 0x0008/0x0080 0x1000000  \Device\HarddiskVolume3\Windows\System32\ntdll.dll
643c.4764:   00007ffcd0b0f000-00007ffcd0b86fff 0x0002/0x0080 0x1000000  \Device\HarddiskVolume3\Windows\System32\ntdll.dll
643c.4764:   00007ffcd0b87000-00007ffffffeffff 0x0001/0x0000 0x0000000
643c.4764: VirtualBoxVM.exe: timestamp 0x670807b4 (rc=VINF_SUCCESS)
643c.4764: '\Device\HarddiskVolume3\Program Files\Oracle\VirtualBox\VirtualBoxVM.exe' has no imports
643c.4764: VirtualBoxVM.exe: Differences in section #8 (.rsrc) between file and memory:
643c.4764:   00007ff762a06b28 / 0x0106b28: 00 != 50
643c.4764:   00007ff762a06b29 / 0x0106b29: 00 != 41
643c.4764:   00007ff762a06b2a / 0x0106b2a: 00 != 44
643c.4764:   00007ff762a06b2b / 0x0106b2b: 00 != 44
643c.4764:   00007ff762a06b2c / 0x0106b2c: 00 != 49
643c.4764:   00007ff762a06b2d / 0x0106b2d: 00 != 4e
643c.4764:   00007ff762a06b2e / 0x0106b2e: 00 != 47
643c.4764:   00007ff762a06b2f / 0x0106b2f: 00 != 58
643c.4764:   00007ff762a06b30 / 0x0106b30: 00 != 58
643c.4764:   00007ff762a06b31 / 0x0106b31: 00 != 50
643c.4764:   00007ff762a06b32 / 0x0106b32: 00 != 41
643c.4764:   00007ff762a06b33 / 0x0106b33: 00 != 44
643c.4764:   00007ff762a06b34 / 0x0106b34: 00 != 44
643c.4764:   00007ff762a06b35 / 0x0106b35: 00 != 49
643c.4764:   00007ff762a06b36 / 0x0106b36: 00 != 4e
643c.4764:   00007ff762a06b37 / 0x0106b37: 00 != 47
643c.4764:   00007ff762a06b38 / 0x0106b38: 00 != 50
643c.4764:   00007ff762a06b39 / 0x0106b39: 00 != 41
643c.4764:   00007ff762a06b3a / 0x0106b3a: 00 != 44
643c.4764:   00007ff762a06b3b / 0x0106b3b: 00 != 44
643c.4764:   00007ff762a06b3c / 0x0106b3c: 00 != 49
643c.4764:   00007ff762a06b3d / 0x0106b3d: 00 != 4e
643c.4764:   00007ff762a06b3e / 0x0106b3e: 00 != 47
643c.4764:   00007ff762a06b3f / 0x0106b3f: 00 != 58
643c.4764:   00007ff762a06b40 / 0x0106b40: 00 != 58
643c.4764:   00007ff762a06b41 / 0x0106b41: 00 != 50
643c.4764:   00007ff762a06b42 / 0x0106b42: 00 != 41
643c.4764:   00007ff762a06b43 / 0x0106b43: 00 != 44
643c.4764:   00007ff762a06b44 / 0x0106b44: 00 != 44
643c.4764:   00007ff762a06b45 / 0x0106b45: 00 != 49
643c.4764:   00007ff762a06b46 / 0x0106b46: 00 != 4e
643c.4764:   00007ff762a06b47 / 0x0106b47: 00 != 47
643c.4764:   00007ff762a06b48 / 0x0106b48: 00 != 50
643c.4764:   00007ff762a06b49 / 0x0106b49: 00 != 41
643c.4764:   00007ff762a06b4a / 0x0106b4a: 00 != 44
643c.4764:   00007ff762a06b4b / 0x0106b4b: 00 != 44
643c.4764:   00007ff762a06b4c / 0x0106b4c: 00 != 49
643c.4764:   00007ff762a06b4d / 0x0106b4d: 00 != 4e
643c.4764:   00007ff762a06b4e / 0x0106b4e: 00 != 47
643c.4764:   00007ff762a06b4f / 0x0106b4f: 00 != 58
643c.4764:   00007ff762a06b50 / 0x0106b50: 00 != 58
643c.4764:   00007ff762a06b51 / 0x0106b51: 00 != 50
643c.4764:   00007ff762a06b52 / 0x0106b52: 00 != 41
643c.4764:   00007ff762a06b53 / 0x0106b53: 00 != 44
643c.4764:   00007ff762a06b54 / 0x0106b54: 00 != 44
643c.4764:   00007ff762a06b55 / 0x0106b55: 00 != 49
643c.4764:   00007ff762a06b56 / 0x0106b56: 00 != 4e
643c.4764:   00007ff762a06b57 / 0x0106b57: 00 != 47
643c.4764:   00007ff762a06b58 / 0x0106b58: 00 != 50
643c.4764:   00007ff762a06b59 / 0x0106b59: 00 != 41
643c.4764:   00007ff762a06b5a / 0x0106b5a: 00 != 44
643c.4764:   00007ff762a06b5b / 0x0106b5b: 00 != 44
643c.4764:   00007ff762a06b5c / 0x0106b5c: 00 != 49
643c.4764:   00007ff762a06b5d / 0x0106b5d: 00 != 4e
643c.4764:   00007ff762a06b5e / 0x0106b5e: 00 != 47
643c.4764:   00007ff762a06b5f / 0x0106b5f: 00 != 58
643c.4764:   00007ff762a06b60 / 0x0106b60: 00 != 58
643c.4764:   00007ff762a06b61 / 0x0106b61: 00 != 50
643c.4764:   00007ff762a06b62 / 0x0106b62: 00 != 41
643c.4764:   00007ff762a06b63 / 0x0106b63: 00 != 44
643c.4764:   00007ff762a06b64 / 0x0106b64: 00 != 44
643c.4764:   00007ff762a06b65 / 0x0106b65: 00 != 49
643c.4764:   00007ff762a06b66 / 0x0106b66: 00 != 4e
643c.4764:   00007ff762a06b67 / 0x0106b67: 00 != 47
643c.4764:   00007ff762a06b68 / 0x0106b68: 00 != 50
643c.4764:   00007ff762a06b69 / 0x0106b69: 00 != 41
643c.4764:   00007ff762a06b6a / 0x0106b6a: 00 != 44
643c.4764:   00007ff762a06b6b / 0x0106b6b: 00 != 44
643c.4764:   00007ff762a06b6c / 0x0106b6c: 00 != 49
643c.4764:   00007ff762a06b6d / 0x0106b6d: 00 != 4e
643c.4764:   00007ff762a06b6e / 0x0106b6e: 00 != 47
643c.4764:   00007ff762a06b6f / 0x0106b6f: 00 != 58
643c.4764:   00007ff762a06b70 / 0x0106b70: 00 != 58
643c.4764:   00007ff762a06b71 / 0x0106b71: 00 != 50
643c.4764:   00007ff762a06b72 / 0x0106b72: 00 != 41
643c.4764:   00007ff762a06b73 / 0x0106b73: 00 != 44
643c.4764:   00007ff762a06b74 / 0x0106b74: 00 != 44
643c.4764:   00007ff762a06b75 / 0x0106b75: 00 != 49
643c.4764:   00007ff762a06b76 / 0x0106b76: 00 != 4e
643c.4764:   00007ff762a06b77 / 0x0106b77: 00 != 47
643c.4764:   00007ff762a06b78 / 0x0106b78: 00 != 50
643c.4764:   00007ff762a06b79 / 0x0106b79: 00 != 41
643c.4764:   00007ff762a06b7a / 0x0106b7a: 00 != 44
643c.4764:   00007ff762a06b7b / 0x0106b7b: 00 != 44
643c.4764:   00007ff762a06b7c / 0x0106b7c: 00 != 49
643c.4764:   00007ff762a06b7d / 0x0106b7d: 00 != 4e
643c.4764:   00007ff762a06b7e / 0x0106b7e: 00 != 47
643c.4764:   00007ff762a06b7f / 0x0106b7f: 00 != 58
643c.4764:   00007ff762a06b80 / 0x0106b80: 00 != 58
643c.4764:   00007ff762a06b81 / 0x0106b81: 00 != 50
643c.4764:   00007ff762a06b82 / 0x0106b82: 00 != 41
643c.4764:   00007ff762a06b83 / 0x0106b83: 00 != 44
643c.4764:   00007ff762a06b84 / 0x0106b84: 00 != 44
643c.4764:   00007ff762a06b85 / 0x0106b85: 00 != 49
643c.4764:   00007ff762a06b86 / 0x0106b86: 00 != 4e
643c.4764:   00007ff762a06b87 / 0x0106b87: 00 != 47
643c.4764:   00007ff762a06b88 / 0x0106b88: 00 != 50
643c.4764:   00007ff762a06b89 / 0x0106b89: 00 != 41
643c.4764:   00007ff762a06b8a / 0x0106b8a: 00 != 44
643c.4764:   00007ff762a06b8b / 0x0106b8b: 00 != 44
643c.4764:   00007ff762a06b8c / 0x0106b8c: 00 != 49
643c.4764:   00007ff762a06b8d / 0x0106b8d: 00 != 4e
643c.4764:   00007ff762a06b8e / 0x0106b8e: 00 != 47
643c.4764:   00007ff762a06b8f / 0x0106b8f: 00 != 58
643c.4764:   00007ff762a06b90 / 0x0106b90: 00 != 58
643c.4764:   00007ff762a06b91 / 0x0106b91: 00 != 50
643c.4764:   00007ff762a06b92 / 0x0106b92: 00 != 41
643c.4764:   00007ff762a06b93 / 0x0106b93: 00 != 44
643c.4764:   00007ff762a06b94 / 0x0106b94: 00 != 44
643c.4764:   00007ff762a06b95 / 0x0106b95: 00 != 49
643c.4764:   00007ff762a06b96 / 0x0106b96: 00 != 4e
643c.4764:   00007ff762a06b97 / 0x0106b97: 00 != 47
643c.4764:   00007ff762a06b98 / 0x0106b98: 00 != 50
643c.4764:   00007ff762a06b99 / 0x0106b99: 00 != 41
643c.4764:   00007ff762a06b9a / 0x0106b9a: 00 != 44
643c.4764:   00007ff762a06b9b / 0x0106b9b: 00 != 44
643c.4764:   00007ff762a06b9c / 0x0106b9c: 00 != 49
643c.4764:   00007ff762a06b9d / 0x0106b9d: 00 != 4e
643c.4764:   00007ff762a06b9e / 0x0106b9e: 00 != 47
643c.4764:   00007ff762a06b9f / 0x0106b9f: 00 != 58
643c.4764:   00007ff762a06ba0 / 0x0106ba0: 00 != 58
643c.4764:   00007ff762a06ba1 / 0x0106ba1: 00 != 50
643c.4764:   00007ff762a06ba2 / 0x0106ba2: 00 != 41
643c.4764:   00007ff762a06ba3 / 0x0106ba3: 00 != 44
643c.4764:   00007ff762a06ba4 / 0x0106ba4: 00 != 44
643c.4764:   00007ff762a06ba5 / 0x0106ba5: 00 != 49
643c.4764:   00007ff762a06ba6 / 0x0106ba6: 00 != 4e
643c.4764:   00007ff762a06ba7 / 0x0106ba7: 00 != 47
643c.4764:   00007ff762a06ba8 / 0x0106ba8: 00 != 50
643c.4764:   00007ff762a06ba9 / 0x0106ba9: 00 != 41
643c.4764:   00007ff762a06baa / 0x0106baa: 00 != 44
643c.4764:   00007ff762a06bab / 0x0106bab: 00 != 44
643c.4764:   00007ff762a06bac / 0x0106bac: 00 != 49
643c.4764:   00007ff762a06bad / 0x0106bad: 00 != 4e
643c.4764:   00007ff762a06bae / 0x0106bae: 00 != 47
643c.4764:   00007ff762a06baf / 0x0106baf: 00 != 58
643c.4764:   00007ff762a06bb0 / 0x0106bb0: 00 != 58
643c.4764:   00007ff762a06bb1 / 0x0106bb1: 00 != 50
643c.4764:   00007ff762a06bb2 / 0x0106bb2: 00 != 41
643c.4764:   00007ff762a06bb3 / 0x0106bb3: 00 != 44
643c.4764:   00007ff762a06bb4 / 0x0106bb4: 00 != 44
643c.4764:   00007ff762a06bb5 / 0x0106bb5: 00 != 49
643c.4764:   00007ff762a06bb6 / 0x0106bb6: 00 != 4e
643c.4764:   00007ff762a06bb7 / 0x0106bb7: 00 != 47
643c.4764:   00007ff762a06bb8 / 0x0106bb8: 00 != 50
643c.4764:   00007ff762a06bb9 / 0x0106bb9: 00 != 41
643c.4764:   00007ff762a06bba / 0x0106bba: 00 != 44
643c.4764:   00007ff762a06bbb / 0x0106bbb: 00 != 44
643c.4764:   00007ff762a06bbc / 0x0106bbc: 00 != 49
643c.4764:   00007ff762a06bbd / 0x0106bbd: 00 != 4e
643c.4764:   00007ff762a06bbe / 0x0106bbe: 00 != 47
643c.4764:   00007ff762a06bbf / 0x0106bbf: 00 != 58
643c.4764:   00007ff762a06bc0 / 0x0106bc0: 00 != 58
643c.4764:   00007ff762a06bc1 / 0x0106bc1: 00 != 50
643c.4764:   00007ff762a06bc2 / 0x0106bc2: 00 != 41
643c.4764:   00007ff762a06bc3 / 0x0106bc3: 00 != 44
643c.4764:   00007ff762a06bc4 / 0x0106bc4: 00 != 44
643c.4764:   00007ff762a06bc5 / 0x0106bc5: 00 != 49
643c.4764:   00007ff762a06bc6 / 0x0106bc6: 00 != 4e
643c.4764:   00007ff762a06bc7 / 0x0106bc7: 00 != 47
643c.4764:   00007ff762a06bc8 / 0x0106bc8: 00 != 50
643c.4764:   00007ff762a06bc9 / 0x0106bc9: 00 != 41
643c.4764:   00007ff762a06bca / 0x0106bca: 00 != 44
643c.4764:   00007ff762a06bcb / 0x0106bcb: 00 != 44
643c.4764:   00007ff762a06bcc / 0x0106bcc: 00 != 49
643c.4764:   00007ff762a06bcd / 0x0106bcd: 00 != 4e
643c.4764:   00007ff762a06bce / 0x0106bce: 00 != 47
643c.4764:   00007ff762a06bcf / 0x0106bcf: 00 != 58
643c.4764:   00007ff762a06bd0 / 0x0106bd0: 00 != 58
643c.4764:   00007ff762a06bd1 / 0x0106bd1: 00 != 50
643c.4764:   00007ff762a06bd2 / 0x0106bd2: 00 != 41
643c.4764:   00007ff762a06bd3 / 0x0106bd3: 00 != 44
643c.4764:   00007ff762a06bd4 / 0x0106bd4: 00 != 44
643c.4764:   00007ff762a06bd5 / 0x0106bd5: 00 != 49
643c.4764:   00007ff762a06bd6 / 0x0106bd6: 00 != 4e
643c.4764:   00007ff762a06bd7 / 0x0106bd7: 00 != 47
643c.4764:   00007ff762a06bd8 / 0x0106bd8: 00 != 50
643c.4764:   00007ff762a06bd9 / 0x0106bd9: 00 != 41
643c.4764:   00007ff762a06bda / 0x0106bda: 00 != 44
643c.4764:   00007ff762a06bdb / 0x0106bdb: 00 != 44
643c.4764:   00007ff762a06bdc / 0x0106bdc: 00 != 49
643c.4764:   00007ff762a06bdd / 0x0106bdd: 00 != 4e
643c.4764:   00007ff762a06bde / 0x0106bde: 00 != 47
643c.4764:   00007ff762a06bdf / 0x0106bdf: 00 != 58
643c.4764:   00007ff762a06be0 / 0x0106be0: 00 != 58
643c.4764:   00007ff762a06be1 / 0x0106be1: 00 != 50
643c.4764:   00007ff762a06be2 / 0x0106be2: 00 != 41
643c.4764:   00007ff762a06be3 / 0x0106be3: 00 != 44
643c.4764:   00007ff762a06be4 / 0x0106be4: 00 != 44
643c.4764:   00007ff762a06be5 / 0x0106be5: 00 != 49
643c.4764:   00007ff762a06be6 / 0x0106be6: 00 != 4e
643c.4764:   00007ff762a06be7 / 0x0106be7: 00 != 47
643c.4764:   00007ff762a06be8 / 0x0106be8: 00 != 50
643c.4764:   00007ff762a06be9 / 0x0106be9: 00 != 41
643c.4764:   00007ff762a06bea / 0x0106bea: 00 != 44
643c.4764:   00007ff762a06beb / 0x0106beb: 00 != 44
643c.4764:   00007ff762a06bec / 0x0106bec: 00 != 49
643c.4764:   00007ff762a06bed / 0x0106bed: 00 != 4e
643c.4764:   00007ff762a06bee / 0x0106bee: 00 != 47
643c.4764:   00007ff762a06bef / 0x0106bef: 00 != 58
643c.4764:   00007ff762a06bf0 / 0x0106bf0: 00 != 58
643c.4764:   00007ff762a06bf1 / 0x0106bf1: 00 != 50
643c.4764:   00007ff762a06bf2 / 0x0106bf2: 00 != 41
643c.4764:   00007ff762a06bf3 / 0x0106bf3: 00 != 44
643c.4764:   00007ff762a06bf4 / 0x0106bf4: 00 != 44
643c.4764:   00007ff762a06bf5 / 0x0106bf5: 00 != 49
643c.4764:   00007ff762a06bf6 / 0x0106bf6: 00 != 4e
643c.4764:   00007ff762a06bf7 / 0x0106bf7: 00 != 47
643c.4764:   00007ff762a06bf8 / 0x0106bf8: 00 != 50
643c.4764:   00007ff762a06bf9 / 0x0106bf9: 00 != 41
643c.4764:   00007ff762a06bfa / 0x0106bfa: 00 != 44
643c.4764:   00007ff762a06bfb / 0x0106bfb: 00 != 44
643c.4764:   00007ff762a06bfc / 0x0106bfc: 00 != 49
643c.4764:   00007ff762a06bfd / 0x0106bfd: 00 != 4e
643c.4764:   00007ff762a06bfe / 0x0106bfe: 00 != 47
643c.4764:   00007ff762a06bff / 0x0106bff: 00 != 58
643c.4764:   Restored 0x4d8 bytes of original file content at 00007ff762a06b28
643c.4764: '\Device\HarddiskVolume3\Windows\System32\ntdll.dll' has no imports
643c.4764: supR3HardNtChildPurify: cFixes=1 g_fSupAdversaries=0x40
643c.4764: supR3HardNtChildPurify: Startup delay kludge #1/1: 517 ms, 60 sleeps
643c.4764: supHardNtVpScanVirtualMemory: enmKind=CHILD_PURIFICATION
643c.4764:  *0000000000000000-000000007ffdffff 0x0001/0x0000 0x0000000
643c.4764:  *000000007ffe0000-000000007ffe0fff 0x0002/0x0002 0x0020000
643c.4764:   000000007ffe1000-000000007ffecfff 0x0001/0x0000 0x0000000
643c.4764:  *000000007ffed000-000000007ffedfff 0x0002/0x0002 0x0020000
643c.4764:   000000007ffee000-00000008a6dfffff 0x0001/0x0000 0x0000000
643c.4764:  *00000008a6e00000-00000008a6e32fff 0x0000/0x0004 0x0020000
643c.4764:   00000008a6e33000-00000008a6e35fff 0x0004/0x0004 0x0020000
643c.4764:   00000008a6e36000-00000008a6ffffff 0x0000/0x0004 0x0020000
643c.4764:  *00000008a7000000-00000008a70fafff 0x0000/0x0004 0x0020000
643c.4764:   00000008a70fb000-00000008a70fdfff 0x0104/0x0004 0x0020000
643c.4764:   00000008a70fe000-00000008a70fffff 0x0004/0x0004 0x0020000
643c.4764:   00000008a7100000-000002075275ffff 0x0001/0x0000 0x0000000
643c.4764:  *0000020752760000-000002075277ffff 0x0004/0x0004 0x0020000
643c.4764:  *0000020752780000-000002075279efff 0x0002/0x0002 0x0040000
643c.4764:   000002075279f000-000002075279ffff 0x0001/0x0000 0x0000000
643c.4764:  *00000207527a0000-00000207527a3fff 0x0002/0x0002 0x0040000
643c.4764:   00000207527a4000-00000207527affff 0x0001/0x0000 0x0000000
643c.4764:  *00000207527b0000-00000207527b0fff 0x0002/0x0002 0x0040000
643c.4764:   00000207527b1000-00000207527bffff 0x0001/0x0000 0x0000000
643c.4764:  *00000207527c0000-00000207527c1fff 0x0004/0x0004 0x0020000
643c.4764:   00000207527c2000-00007df5a82fffff 0x0001/0x0000 0x0000000
643c.4764:  *00007df5a8300000-00007df5a8300fff 0x0002/0x0002 0x0040000
643c.4764:   00007df5a8301000-00007df5a830ffff 0x0001/0x0000 0x0000000
643c.4764:  *00007df5a8310000-00007df5a9d7ffff 0x0000/0x0001 0x0040000
643c.4764:   00007df5a9d80000-00007df5a9d98fff 0x0001/0x0001 0x0040000
643c.4764:   00007df5a9d99000-00007df5aa0ecfff 0x0000/0x0001 0x0040000
643c.4764:   00007df5aa0ed000-00007df5aa0edfff 0x0001/0x0001 0x0040000
643c.4764:   00007df5aa0ee000-00007ff585bb3fff 0x0000/0x0001 0x0040000
643c.4764:   00007ff585bb4000-00007ff585bb8fff 0x0002/0x0001 0x0040000
643c.4764:   00007ff585bb9000-00007ff598436fff 0x0000/0x0001 0x0040000
643c.4764:   00007ff598437000-00007ff59b734fff 0x0001/0x0001 0x0040000
643c.4764:   00007ff59b735000-00007ff59b73efff 0x0002/0x0001 0x0040000
643c.4764:   00007ff59b73f000-00007ff5a830ffff 0x0000/0x0001 0x0040000
643c.4764:   00007ff5a8310000-00007ff7628fffff 0x0001/0x0000 0x0000000
643c.4764:  *00007ff762900000-00007ff762900fff 0x0002/0x0080 0x1000000  \Device\HarddiskVolume3\Program Files\Oracle\VirtualBox\VirtualBoxVM.exe
643c.4764:   00007ff762901000-00007ff76296bfff 0x0020/0x0080 0x1000000  \Device\HarddiskVolume3\Program Files\Oracle\VirtualBox\VirtualBoxVM.exe
643c.4764:   00007ff76296c000-00007ff76296cfff 0x0040/0x0080 0x1000000  \Device\HarddiskVolume3\Program Files\Oracle\VirtualBox\VirtualBoxVM.exe
643c.4764:   00007ff76296d000-00007ff7629c0fff 0x0002/0x0080 0x1000000  \Device\HarddiskVolume3\Program Files\Oracle\VirtualBox\VirtualBoxVM.exe
643c.4764:   00007ff7629c1000-00007ff7629cdfff 0x0004/0x0080 0x1000000  \Device\HarddiskVolume3\Program Files\Oracle\VirtualBox\VirtualBoxVM.exe
643c.4764:   00007ff7629ce000-00007ff762a07fff 0x0002/0x0080 0x1000000  \Device\HarddiskVolume3\Program Files\Oracle\VirtualBox\VirtualBoxVM.exe
643c.4764:   00007ff762a08000-00007ffcd096ffff 0x0001/0x0000 0x0000000
643c.4764:  *00007ffcd0970000-00007ffcd0970fff 0x0002/0x0080 0x1000000  \Device\HarddiskVolume3\Windows\System32\ntdll.dll
643c.4764:   00007ffcd0971000-00007ffcd0aa1fff 0x0020/0x0080 0x1000000  \Device\HarddiskVolume3\Windows\System32\ntdll.dll
643c.4764:   00007ffcd0aa2000-00007ffcd0aeffff 0x0002/0x0080 0x1000000  \Device\HarddiskVolume3\Windows\System32\ntdll.dll
643c.4764:   00007ffcd0af0000-00007ffcd0af3fff 0x0008/0x0080 0x1000000  \Device\HarddiskVolume3\Windows\System32\ntdll.dll
643c.4764:   00007ffcd0af4000-00007ffcd0afbfff 0x0004/0x0080 0x1000000  \Device\HarddiskVolume3\Windows\System32\ntdll.dll
643c.4764:   00007ffcd0afc000-00007ffcd0b0afff 0x0002/0x0080 0x1000000  \Device\HarddiskVolume3\Windows\System32\ntdll.dll
643c.4764:   00007ffcd0b0b000-00007ffcd0b0bfff 0x0004/0x0080 0x1000000  \Device\HarddiskVolume3\Windows\System32\ntdll.dll
643c.4764:   00007ffcd0b0c000-00007ffcd0b0efff 0x0008/0x0080 0x1000000  \Device\HarddiskVolume3\Windows\System32\ntdll.dll
643c.4764:   00007ffcd0b0f000-00007ffcd0b86fff 0x0002/0x0080 0x1000000  \Device\HarddiskVolume3\Windows\System32\ntdll.dll
643c.4764:   00007ffcd0b87000-00007ffffffeffff 0x0001/0x0000 0x0000000
643c.4764: supR3HardNtChildPurify: Done after 1068 ms and 1 fixes (loop #1).
8d4.576c: supR3HardenedVmProcessInit: uNtDllAddr=00007ffcd0970000 g_uNtVerCombined=0xa0585d00 (stack ~00000008a70fe9f0)
8d4.576c: ntdll.dll: timestamp 0x806d3ecf (rc=VINF_SUCCESS)
8d4.576c: New simple heap: #1 00000207528d0000 LB 0x800000 (for 2191360 allocation)
643c.4764: supR3HardenedEarlyCompact: Removed heap 1 (0x0001e17df80000 LB 0x800000)
643c.4764: supR3HardNtEnableThreadCreationEx:
8d4.576c: supR3HardenedWinInitAppBin(0x0): '\Device\HarddiskVolume3\Program Files\Oracle\VirtualBox'
8d4.576c: System32:  \Device\HarddiskVolume3\Windows\System32
8d4.576c: WinSxS:    \Device\HarddiskVolume3\Windows\WinSxS
8d4.576c: KnownDllPath: C:\Windows\System32
8d4.576c: supR3HardenedVmProcessInit: Opening vboxsup...
8d4.576c: supR3HardenedVmProcessInit: Restoring LdrInitializeThunk...
8d4.576c: supR3HardenedVmProcessInit: Returning to LdrInitializeThunk...
8d4.576c: Registered Dll notification callback with NTDLL.
8d4.576c: supHardenedWinVerifyImageByHandle: -> 0 (\Device\HarddiskVolume3\Windows\System32\kernel32.dll)
8d4.576c: supR3HardenedWinVerifyCacheInsert: \Device\HarddiskVolume3\Windows\System32\kernel32.dll
8d4.576c: supR3HardenedMonitor_LdrLoadDll: pName=C:\Windows\System32\KERNEL32.DLL (Input=KERNEL32.DLL, rcNtResolve=0xc0150008) *pfFlags=0xffffffff pwszSearchPath=0000000000004001:<flags> [calling]
8d4.576c: supR3HardenedDllNotificationCallback: load   00007ffccdde0000 LB 0x003a6000 C:\Windows\System32\KERNELBASE.dll [fFlags=0x0]
8d4.576c: supHardenedWinVerifyImageByHandle: -> 0 (\Device\HarddiskVolume3\Windows\System32\KernelBase.dll)
8d4.576c: supR3HardenedWinVerifyCacheInsert: \Device\HarddiskVolume3\Windows\System32\KernelBase.dll
8d4.576c: supR3HardenedDllNotificationCallback: load   00007ffccf4a0000 LB 0x000c4000 C:\Windows\System32\KERNEL32.DLL [fFlags=0x0]
8d4.576c: supR3HardenedScreenImage/LdrLoadDll: cache hit (VINF_SUCCESS) on \Device\HarddiskVolume3\Windows\System32\kernel32.dll [lacks WinVerifyTrust]
8d4.576c: supR3HardenedMonitor_LdrLoadDll: returns rcNt=0x0 hMod=00007ffccf4a0000 'C:\Windows\System32\KERNEL32.DLL'
8d4.576c: supR3HardenedDllNotificationCallback: load   00007ff762900000 LB 0x00108000 C:\Program Files\Oracle\VirtualBox\VirtualBoxVM.exe [fFlags=0x0]
8d4.576c: '\Device\HarddiskVolume3\Program Files\Oracle\VirtualBox\VirtualBoxVM.exe' has no imports
8d4.576c: supHardenedWinVerifyImageByHandle: -> 0 (\Device\HarddiskVolume3\Program Files\Oracle\VirtualBox\VirtualBoxVM.exe)
8d4.576c: supR3HardenedWinVerifyCacheInsert: \Device\HarddiskVolume3\Program Files\Oracle\VirtualBox\VirtualBoxVM.exe
8d4.576c: supR3HardNtDisableThreadCreation: pvLdrInitThunk=00007ffcd09e3df0 pvNtTerminateThread=00007ffcd0a0fe40
8d4.576c: \SystemRoot\System32\ntdll.dll:
8d4.576c:     CreationTime:    2023-12-07T01:19:16.043313600Z
8d4.576c:     LastWriteTime:   2023-12-07T01:19:16.105807900Z
8d4.576c:     ChangeTime:      2024-03-27T22:47:32.020175400Z
643c.4764: supR3HardNtChildWaitFor: Found expected request 1 (CloseEvents) after 110 ms.
8d4.576c:     FileAttributes:  0x20
8d4.576c:     Size:            0x216080
8d4.576c:     NT Headers:      0xe0
8d4.576c:     Timestamp:       0x806d3ecf
8d4.576c:     Machine:         0x8664 - amd64
8d4.576c:     Timestamp:       0x806d3ecf
8d4.576c:     Image Version:   10.0
8d4.576c:     SizeOfImage:     0x217000 (2191360)
8d4.576c:     Resource Dir:    0x1a0000 LB 0x75070
8d4.576c:     [Version info resource found at 0xd8! (ID/Name: 0x1; SubID/SubName: 0x409)]
8d4.576c:     [Raw version resource data: 0x1a00f0 LB 0x380, codepage 0x0 (reserved 0x0)]
8d4.576c:     ProductName:     Microsoft® Windows® Operating System
8d4.576c:     ProductVersion:  10.0.22621.2428
8d4.576c:     FileVersion:     10.0.22621.2428 (WinBuild.160101.0800)
8d4.576c:     FileDescription: NT Layer DLL
8d4.576c: \SystemRoot\System32\kernel32.dll:
8d4.576c:     CreationTime:    2023-12-07T01:18:50.124274100Z
8d4.576c:     LastWriteTime:   2023-12-07T01:18:50.155519400Z
8d4.576c:     ChangeTime:      2024-03-28T14:49:34.304679800Z
8d4.576c:     FileAttributes:  0x20
8d4.576c:     Size:            0xc7160
8d4.576c:     NT Headers:      0xe8
8d4.576c:     Timestamp:       0xd05c34f8
8d4.576c:     Machine:         0x8664 - amd64
8d4.576c:     Timestamp:       0xd05c34f8
8d4.576c:     Image Version:   10.0
8d4.576c:     SizeOfImage:     0xc4000 (802816)
8d4.576c:     Resource Dir:    0xc2000 LB 0x520
8d4.576c:     [Version info resource found at 0x90! (ID/Name: 0x1; SubID/SubName: 0x409)]
8d4.576c:     [Raw version resource data: 0xc20b0 LB 0x3a4, codepage 0x0 (reserved 0x0)]
8d4.576c:     ProductName:     Microsoft® Windows® Operating System
8d4.576c:     ProductVersion:  10.0.22621.2428
8d4.576c:     FileVersion:     10.0.22621.2428 (WinBuild.160101.0800)
8d4.576c:     FileDescription: Windows NT BASE API Client DLL
8d4.576c: \SystemRoot\System32\KernelBase.dll:
8d4.576c:     CreationTime:    2023-12-07T01:19:17.011959000Z
8d4.576c:     LastWriteTime:   2023-12-07T01:19:17.168193800Z
8d4.576c:     ChangeTime:      2024-03-28T14:49:34.367614200Z
8d4.576c:     FileAttributes:  0x20
8d4.576c:     Size:            0x3ad940
8d4.576c:     NT Headers:      0x100
8d4.576c:     Timestamp:       0x9223bda8
8d4.576c:     Machine:         0x8664 - amd64
8d4.576c:     Timestamp:       0x9223bda8
8d4.576c:     Image Version:   10.0
8d4.576c:     SizeOfImage:     0x3a6000 (3825664)
8d4.576c:     Resource Dir:    0x375000 LB 0x548
8d4.576c:     [Version info resource found at 0x90! (ID/Name: 0x1; SubID/SubName: 0x409)]
8d4.576c:     [Raw version resource data: 0x3750b0 LB 0x3bc, codepage 0x0 (reserved 0x0)]
8d4.576c:     ProductName:     Microsoft® Windows® Operating System
8d4.576c:     ProductVersion:  10.0.22621.2428
8d4.576c:     FileVersion:     10.0.22621.2428 (WinBuild.160101.0800)
8d4.576c:     FileDescription: Windows NT BASE API Client DLL
8d4.576c: \SystemRoot\System32\apisetschema.dll:
8d4.576c:     CreationTime:    2023-12-07T01:18:46.062179500Z
8d4.576c:     LastWriteTime:   2023-12-07T01:18:46.077801500Z
8d4.576c:     ChangeTime:      2024-03-27T22:47:28.020528300Z
8d4.576c:     FileAttributes:  0x20
8d4.576c:     Size:            0x24570
8d4.576c:     NT Headers:      0xc8
8d4.576c:     Timestamp:       0x2b0f54e7
8d4.576c:     Machine:         0x8664 - amd64
8d4.576c:     Timestamp:       0x2b0f54e7
8d4.576c:     Image Version:   10.0
8d4.576c:     SizeOfImage:     0x23000 (143360)
8d4.576c:     Resource Dir:    0x22000 LB 0x408
8d4.576c:     [Version info resource found at 0x48! (ID/Name: 0x1; SubID/SubName: 0x409)]
8d4.576c:     [Raw version resource data: 0x22060 LB 0x3a8, codepage 0x0 (reserved 0x0)]
8d4.576c:     ProductName:     Microsoft® Windows® Operating System
8d4.576c:     ProductVersion:  10.0.22621.2361
8d4.576c:     FileVersion:     10.0.22621.2361 (WinBuild.160101.0800)
8d4.576c:     FileDescription: ApiSet Schema DLL
8d4.576c: NtOpenDirectoryObject failed on \Driver: 0xc0000022
8d4.576c: supR3HardenedWinFindAdversaries: 0x40
8d4.576c: \SystemRoot\System32\drivers\klim6.sys:
8d4.576c:     CreationTime:    2024-10-15T23:33:14.000000000Z
8d4.576c:     LastWriteTime:   2026-01-17T00:13:22.000000000Z
8d4.576c:     ChangeTime:      2026-03-12T09:03:20.779066300Z
8d4.576c:     FileAttributes:  0x20
8d4.576c:     Size:            0x16898
8d4.576c:     NT Headers:      0xe0
8d4.576c:     Timestamp:       0x5c01aa58
8d4.576c:     Machine:         0x8664 - amd64
8d4.576c:     Timestamp:       0x5c01aa58
8d4.576c:     Image Version:   6.1
8d4.576c:     SizeOfImage:     0x15000 (86016)
8d4.576c:     Resource Dir:    0x13000 LB 0x468
8d4.576c:     [Version info resource found at 0x48! (ID/Name: 0x1; SubID/SubName: 0x409)]
8d4.576c:     [Raw version resource data: 0x13060 LB 0x404, codepage 0x0 (reserved 0x0)]
8d4.576c:     ProductName:     Kaspersky
8d4.576c:     ProductVersion:  30.1909.0.3487
8d4.576c:     FileVersion:     30.1909.0.3487
8d4.576c:     FileDescription: Packet Network Filter [fre_win7_x64]
8d4.576c: supR3HardenedWinInitAppBin(0x0): '\Device\HarddiskVolume3\Program Files\Oracle\VirtualBox'
8d4.576c: Calling main()
8d4.576c: SUPR3HardenedMain: pszProgName=VirtualBoxVM fFlags=0x2
8d4.576c: supR3HardenedWinInitAppBin(0x2): '\Device\HarddiskVolume3\Program Files\Oracle\VirtualBox'
8d4.576c: '\Device\HarddiskVolume3\Program Files\Oracle\VirtualBox\VirtualBoxVM.exe' has no imports
8d4.576c: supHardenedWinVerifyImageByHandle: -> 0 (\Device\HarddiskVolume3\Program Files\Oracle\VirtualBox\VirtualBoxVM.exe)
8d4.576c: SUPR3HardenedMain: Final process, opening VBoxDrv...
8d4.576c: supR3HardenedEarlyCompact: Removed heap 1 (0x000207528d0000 LB 0x800000)
8d4.576c: supR3HardNtEnableThreadCreationEx:
8d4.576c: supHardenedWinVerifyImageByHandle: -> 0 (\Device\HarddiskVolume3\Program Files\Oracle\VirtualBox\VBoxSupLib.dll)
8d4.576c: supR3HardenedWinVerifyCacheInsert: \Device\HarddiskVolume3\Program Files\Oracle\VirtualBox\VBoxSupLib.dll
8d4.576c: supR3HardenedMonitor_LdrLoadDll: pName=C:\Program Files\Oracle\VirtualBox\VBoxSupLib.DLL (rcNtResolve=0xc0150008) *pfFlags=0x0 pwszSearchPath=0000000000000801:<flags> [calling]
8d4.576c: supR3HardenedScreenImage/NtCreateSection: cache hit (VINF_SUCCESS) on \Device\HarddiskVolume3\Program Files\Oracle\VirtualBox\VBoxSupLib.dll [lacks WinVerifyTrust]
8d4.576c: supR3HardenedDllNotificationCallback: load   00007ffcc14c0000 LB 0x00005000 C:\Program Files\Oracle\VirtualBox\VBoxSupLib.DLL [fFlags=0x0]
8d4.576c: supR3HardenedScreenImage/LdrLoadDll: cache hit (VINF_SUCCESS) on \Device\HarddiskVolume3\Program Files\Oracle\VirtualBox\VBoxSupLib.dll [lacks WinVerifyTrust]
8d4.576c: supR3HardenedScreenImage/LdrLoadDll: cache hit (VINF_SUCCESS) on \Device\HarddiskVolume3\Program Files\Oracle\VirtualBox\VBoxSupLib.dll [lacks WinVerifyTrust]
8d4.576c: supR3HardenedMonitor_LdrLoadDll: pName=C:\Program Files\Oracle\VirtualBox\VBoxSupLib.DLL (rcNtResolve=0xc0150008) *pfFlags=0x0 pwszSearchPath=0000000000000001:<flags> [calling]
8d4.576c: supR3HardenedMonitor_LdrLoadDll: returns rcNt=0x0 hMod=00007ffcc14c0000 'C:\Program Files\Oracle\VirtualBox\VBoxSupLib.DLL'
8d4.576c: supR3HardenedScreenImage/LdrLoadDll: cache hit (VINF_SUCCESS) on \Device\HarddiskVolume3\Program Files\Oracle\VirtualBox\VBoxSupLib.dll [lacks WinVerifyTrust]
8d4.576c: supR3HardenedMonitor_LdrLoadDll: pName=C:\Program Files\Oracle\VirtualBox\VBoxSupLib.DLL (rcNtResolve=0xc0150008) *pfFlags=0x0 pwszSearchPath=0000000000000001:<flags> [calling]
8d4.576c: supR3HardenedMonitor_LdrLoadDll: returns rcNt=0x0 hMod=00007ffcc14c0000 'C:\Program Files\Oracle\VirtualBox\VBoxSupLib.DLL'
8d4.576c: supR3HardenedMonitor_LdrLoadDll: returns rcNt=0x0 hMod=00007ffcc14c0000 'C:\Program Files\Oracle\VirtualBox\VBoxSupLib.DLL'
8d4.576c: supR3HardenedWinVerifyCacheScheduleImports: Import todo: #0 'msvcrt.dll'.
8d4.576c: supR3HardenedWinVerifyCacheScheduleImports: Import todo: #29 'rpcrt4.dll'.
8d4.576c: supHardenedWinVerifyImageByHandle: -> 0 (\Device\HarddiskVolume3\Windows\System32\wintrust.dll)
8d4.576c: supR3HardenedWinVerifyCacheInsert: \Device\HarddiskVolume3\Windows\System32\wintrust.dll
8d4.576c: supR3HardenedWinVerifyCacheProcessImportTodos: Processing 'rpcrt4.dll'...
8d4.576c: supR3HardenedWinVerifyCacheProcessImportTodos: 'rpcrt4.dll' -> '\Device\HarddiskVolume3\Windows\System32\rpcrt4.dll' [rcNtRedir=0xc0150008]
8d4.576c: supHardenedWinVerifyImageByHandle: -> 0 (\Device\HarddiskVolume3\Windows\System32\rpcrt4.dll)
8d4.576c: supR3HardenedWinVerifyCacheInsert: \Device\HarddiskVolume3\Windows\System32\rpcrt4.dll
8d4.576c: supR3HardenedWinVerifyCacheProcessImportTodos: Processing 'msvcrt.dll'...
8d4.576c: supR3HardenedWinVerifyCacheProcessImportTodos: 'msvcrt.dll' -> '\Device\HarddiskVolume3\Windows\System32\msvcrt.dll' [rcNtRedir=0xc0150008]
8d4.576c: supHardenedWinVerifyImageByHandle: -> 0 (\Device\HarddiskVolume3\Windows\System32\msvcrt.dll)
8d4.576c: supR3HardenedWinVerifyCacheInsert: \Device\HarddiskVolume3\Windows\System32\msvcrt.dll
8d4.576c: supR3HardenedMonitor_LdrLoadDll: pName=C:\Windows\system32\Wintrust.dll (rcNtResolve=0xc0150008) *pfFlags=0x0 pwszSearchPath=0000000000000801:<flags> [calling]
8d4.576c: supR3HardenedDllNotificationCallback: load   00007ffccf570000 LB 0x000a7000 C:\Windows\System32\msvcrt.dll [fFlags=0x0]
8d4.576c: supR3HardenedScreenImage/LdrLoadDll: cache hit (VINF_SUCCESS) on \Device\HarddiskVolume3\Windows\System32\msvcrt.dll [lacks WinVerifyTrust]
8d4.576c: supR3HardenedDllNotificationCallback: load   00007ffcce6a0000 LB 0x00117000 C:\Windows\System32\RPCRT4.dll [fFlags=0x0]
8d4.576c: supR3HardenedScreenImage/LdrLoadDll: cache hit (VINF_SUCCESS) on \Device\HarddiskVolume3\Windows\System32\rpcrt4.dll [lacks WinVerifyTrust]
8d4.576c: supR3HardenedDllNotificationCallback: load   00007ffcce630000 LB 0x0006c000 C:\Windows\System32\Wintrust.dll [fFlags=0x0]
8d4.576c: supR3HardenedScreenImage/LdrLoadDll: cache hit (VINF_SUCCESS) on \Device\HarddiskVolume3\Windows\System32\wintrust.dll [lacks WinVerifyTrust]
8d4.576c: supR3HardenedDllNotificationCallback: load   00007ffccdcc0000 LB 0x00111000 C:\Windows\System32\ucrtbase.dll [fFlags=0x0]
8d4.576c: supHardenedWinVerifyImageByHandle: -> 0 (\Device\HarddiskVolume3\Windows\System32\ucrtbase.dll)
8d4.576c: supR3HardenedWinVerifyCacheInsert: \Device\HarddiskVolume3\Windows\System32\ucrtbase.dll
8d4.576c: supR3HardenedDllNotificationCallback: load   00007ffcce4c0000 LB 0x00166000 C:\Windows\System32\CRYPT32.dll [fFlags=0x0]
8d4.576c: supHardenedWinVerifyImageByHandle: -> 0 (\Device\HarddiskVolume3\Windows\System32\crypt32.dll)
8d4.576c: supR3HardenedWinVerifyCacheInsert: \Device\HarddiskVolume3\Windows\System32\crypt32.dll
8d4.576c: supR3HardenedIsApiSetDll: ApiSetQueryApiSetPresence(api-ms-win-core-synch-l1-2-0) -> 0x0, fPresent=1
8d4.576c: supR3HardenedMonitor_LdrLoadDll: pName=api-ms-win-core-synch-l1-2-0 (rcNtResolve=0x0) *pfFlags=0x0 pwszSearchPath=0000000000000801:<flags> [calling]
8d4.576c: supR3HardenedMonitor_LdrLoadDll: returns rcNt=0x0 hMod=00007ffccdde0000 'api-ms-win-core-synch-l1-2-0'
8d4.576c: supR3HardenedIsApiSetDll: ApiSetQueryApiSetPresence(api-ms-win-core-fibers-l1-1-1) -> 0x0, fPresent=1
8d4.576c: supR3HardenedMonitor_LdrLoadDll: pName=api-ms-win-core-fibers-l1-1-1 (rcNtResolve=0x0) *pfFlags=0x0 pwszSearchPath=0000000000000801:<flags> [calling]
8d4.576c: supR3HardenedMonitor_LdrLoadDll: returns rcNt=0x0 hMod=00007ffccdde0000 'api-ms-win-core-fibers-l1-1-1'
8d4.576c: supR3HardenedIsApiSetDll: ApiSetQueryApiSetPresence(api-ms-win-core-synch-l1-2-0) -> 0x0, fPresent=1
8d4.576c: supR3HardenedMonitor_LdrLoadDll: pName=api-ms-win-core-synch-l1-2-0 (rcNtResolve=0x0) *pfFlags=0x0 pwszSearchPath=0000000000000801:<flags> [calling]
8d4.576c: supR3HardenedMonitor_LdrLoadDll: returns rcNt=0x0 hMod=00007ffccdde0000 'api-ms-win-core-synch-l1-2-0'
8d4.576c: supHardenedWinVerifyImageByHandle: -> 0 (\Device\HarddiskVolume3\Windows\System32\msasn1.dll)
8d4.576c: supR3HardenedWinVerifyCacheInsert: \Device\HarddiskVolume3\Windows\System32\msasn1.dll
8d4.576c: supR3HardenedDllNotificationCallback: load   00007ffccd430000 LB 0x00012000 C:\Windows\SYSTEM32\MSASN1.dll [fFlags=0x0]
8d4.576c: supR3HardenedScreenImage/LdrLoadDll: cache hit (VINF_SUCCESS) on \Device\HarddiskVolume3\Windows\System32\msasn1.dll [lacks WinVerifyTrust]
8d4.576c: supR3HardenedMonitor_LdrLoadDll: returns rcNt=0x0 hMod=00007ffcce630000 'C:\Windows\system32\Wintrust.dll'
8d4.576c: supHardenedWinVerifyImageByHandle: -> 0 (\Device\HarddiskVolume3\Windows\System32\bcrypt.dll)
8d4.576c: supR3HardenedWinVerifyCacheInsert: \Device\HarddiskVolume3\Windows\System32\bcrypt.dll
8d4.576c: supR3HardenedMonitor_LdrLoadDll: pName=C:\Windows\system32\bcrypt.dll (rcNtResolve=0xc0150008) *pfFlags=0x0 pwszSearchPath=0000000000000801:<flags> [calling]
8d4.576c: supR3HardenedScreenImage/NtCreateSection: cache hit (VINF_SUCCESS) on \Device\HarddiskVolume3\Windows\System32\bcrypt.dll [lacks WinVerifyTrust]
8d4.576c: supR3HardenedDllNotificationCallback: load   00007ffccd590000 LB 0x00028000 C:\Windows\system32\bcrypt.dll [fFlags=0x0]
8d4.576c: supR3HardenedScreenImage/LdrLoadDll: cache hit (VINF_SUCCESS) on \Device\HarddiskVolume3\Windows\System32\bcrypt.dll [lacks WinVerifyTrust]
8d4.576c: supR3HardenedMonitor_LdrLoadDll: returns rcNt=0x0 hMod=00007ffccd590000 'C:\Windows\system32\bcrypt.dll'
8d4.576c: bcrypt.dll loaded at 00007ffccd590000, BCryptOpenAlgorithmProvider at 00007ffccd594520, preloading providers:
8d4.576c: supHardenedWinVerifyImageByHandle: -> 0 (\Device\HarddiskVolume3\Windows\System32\bcryptprimitives.dll)
8d4.576c: supR3HardenedWinVerifyCacheInsert: \Device\HarddiskVolume3\Windows\System32\bcryptprimitives.dll
8d4.576c: supR3HardenedMonitor_LdrLoadDll: pName=C:\Windows\system32\bcryptprimitives.dll (rcNtResolve=0xc0150008) *pfFlags=0x0 pwszSearchPath=0000000000000001:<flags> [calling]
8d4.576c: supR3HardenedDllNotificationCallback: load   00007ffcce440000 LB 0x0007a000 C:\Windows\System32\bcryptprimitives.dll [fFlags=0x0]
8d4.576c: supR3HardenedScreenImage/LdrLoadDll: cache hit (VINF_SUCCESS) on \Device\HarddiskVolume3\Windows\System32\bcryptprimitives.dll [lacks WinVerifyTrust]
8d4.576c: supR3HardenedMonitor_LdrLoadDll: returns rcNt=0x0 hMod=00007ffcce440000 'C:\Windows\system32\bcryptprimitives.dll'
8d4.576c:     BCryptOpenAlgorithmProvider(,'MD2',0,0) -> 0x0 (hAlgo=0000020753282c20)
8d4.576c:     BCryptOpenAlgorithmProvider(,'MD4',0,0) -> 0x0 (hAlgo=0000020753284930)
8d4.576c:     BCryptOpenAlgorithmProvider(,'MD5',0,0) -> 0x0 (hAlgo=0000020753284c80)
8d4.576c:     BCryptOpenAlgorithmProvider(,'SHA1',0,0) -> 0x0 (hAlgo=0000020753284fd0)
8d4.576c:     BCryptOpenAlgorithmProvider(,'SHA256',0,0) -> 0x0 (hAlgo=0000020753285320)
8d4.576c:     BCryptOpenAlgorithmProvider(,'SHA512',0,0) -> 0x0 (hAlgo=0000020753285670)
8d4.576c:     BCryptOpenAlgorithmProvider(,'RSA',0,0) -> 0x0 (hAlgo=00000207532859c0)
8d4.576c:     BCryptOpenAlgorithmProvider(,'DSA',0,0) -> 0x0 (hAlgo=0000020753285d10)
8d4.576c: supHardenedWinVerifyImageByHandle: -> 0 (\Device\HarddiskVolume3\Windows\System32\cryptsp.dll)
8d4.576c: supR3HardenedWinVerifyCacheInsert: \Device\HarddiskVolume3\Windows\System32\cryptsp.dll
8d4.576c: supR3HardenedDllNotificationCallback: load   00007ffccd3e0000 LB 0x0001b000 C:\Windows\SYSTEM32\CRYPTSP.dll [fFlags=0x0]
8d4.576c: supR3HardenedScreenImage/LdrLoadDll: cache hit (VINF_SUCCESS) on \Device\HarddiskVolume3\Windows\System32\cryptsp.dll [lacks WinVerifyTrust]
8d4.576c: supHardenedWinVerifyImageByHandle: -> 0 (\Device\HarddiskVolume3\Windows\System32\rsaenh.dll)
8d4.576c: supR3HardenedWinVerifyCacheInsert: \Device\HarddiskVolume3\Windows\System32\rsaenh.dll
8d4.576c: supR3HardenedMonitor_LdrLoadDll: pName=C:\Windows\system32\rsaenh.dll (rcNtResolve=0xc0150008) *pfFlags=0x0 pwszSearchPath=0000000000000001:<flags> [calling]
8d4.576c: supR3HardenedScreenImage/NtCreateSection: cache hit (VINF_SUCCESS) on \Device\HarddiskVolume3\Windows\System32\rsaenh.dll [lacks WinVerifyTrust]
8d4.576c: supR3HardenedDllNotificationCallback: load   00007ffcccc40000 LB 0x00035000 C:\Windows\system32\rsaenh.dll [fFlags=0x0]
8d4.576c: supR3HardenedScreenImage/LdrLoadDll: cache hit (VINF_SUCCESS) on \Device\HarddiskVolume3\Windows\System32\rsaenh.dll [lacks WinVerifyTrust]
8d4.576c: supR3HardenedMonitor_LdrLoadDll: returns rcNt=0x0 hMod=00007ffcccc40000 'C:\Windows\system32\rsaenh.dll'
8d4.576c: supHardenedWinVerifyImageByHandle: -> 0 (\Device\HarddiskVolume3\Windows\System32\cryptbase.dll)
8d4.576c: supR3HardenedWinVerifyCacheInsert: \Device\HarddiskVolume3\Windows\System32\cryptbase.dll
8d4.576c: supR3HardenedDllNotificationCallback: load   00007ffccd3d0000 LB 0x0000c000 C:\Windows\SYSTEM32\CRYPTBASE.dll [fFlags=0x0]
8d4.576c: supR3HardenedScreenImage/LdrLoadDll: cache hit (VINF_SUCCESS) on \Device\HarddiskVolume3\Windows\System32\cryptbase.dll [lacks WinVerifyTrust]
8d4.576c: supR3HardenedScreenImage/LdrLoadDll: cache hit (VINF_SUCCESS) on \Device\HarddiskVolume3\Windows\System32\kernel32.dll [lacks WinVerifyTrust]
8d4.576c: supR3HardenedMonitor_LdrLoadDll: pName=C:\Windows\System32\kernel32.dll (Input=kernel32.dll, rcNtResolve=0xc0150008) *pfFlags=0x0 pwszSearchPath=0000000000000001:<flags> [calling]
8d4.576c: supR3HardenedMonitor_LdrLoadDll: returns rcNt=0x0 hMod=00007ffccf4a0000 'C:\Windows\System32\kernel32.dll'
8d4.576c: supR3HardenedScreenImage/LdrLoadDll: cache hit (VINF_SUCCESS) on \Device\HarddiskVolume3\Windows\System32\wintrust.dll [lacks WinVerifyTrust]
8d4.576c: supR3HardenedMonitor_LdrLoadDll: pName=C:\Windows\System32\WINTRUST.DLL (Input=WINTRUST.DLL, rcNtResolve=0xc0150008) *pfFlags=0x0 pwszSearchPath=0000000000000001:<flags> [calling]
8d4.576c: supR3HardenedMonitor_LdrLoadDll: returns rcNt=0x0 hMod=00007ffcce630000 'C:\Windows\System32\WINTRUST.DLL'
8d4.576c: supR3HardenedScreenImage/LdrLoadDll: cache hit (VINF_SUCCESS) on \Device\HarddiskVolume3\Windows\System32\crypt32.dll [lacks WinVerifyTrust]
8d4.576c: supR3HardenedMonitor_LdrLoadDll: pName=C:\Windows\System32\CRYPT32.dll (rcNtResolve=0xc0150008) *pfFlags=0x2 pwszSearchPath=0000000000000001:<flags> [calling]
8d4.576c: supR3HardenedMonitor_LdrLoadDll: returns rcNt=0x0 hMod=00007ffcce4c0000 'C:\Windows\System32\CRYPT32.dll'
8d4.576c: supR3HardenedDllNotificationCallback: load   00007ffccf0f0000 LB 0x0001f000 C:\Windows\System32\imagehlp.dll [fFlags=0x0]
8d4.576c: supHardenedWinVerifyImageByHandle: -> 0 (\Device\HarddiskVolume3\Windows\System32\imagehlp.dll)
8d4.576c: supR3HardenedWinVerifyCacheInsert: \Device\HarddiskVolume3\Windows\System32\imagehlp.dll
8d4.576c: supR3HardenedScreenImage/LdrLoadDll: cache hit (VINF_SUCCESS) on \Device\HarddiskVolume3\Windows\System32\rsaenh.dll [lacks WinVerifyTrust]
8d4.576c: supR3HardenedMonitor_LdrLoadDll: pName=C:\Windows\system32\rsaenh.dll (rcNtResolve=0xc0150008) *pfFlags=0x0 pwszSearchPath=0000000000000001:<flags> [calling]
8d4.576c: supR3HardenedMonitor_LdrLoadDll: returns rcNt=0x0 hMod=00007ffcccc40000 'C:\Windows\system32\rsaenh.dll'
8d4.576c: supR3HardenedScreenImage/LdrLoadDll: cache hit (VINF_SUCCESS) on \Device\HarddiskVolume3\Windows\System32\crypt32.dll [lacks WinVerifyTrust]
8d4.576c: supR3HardenedMonitor_LdrLoadDll: pName=C:\Windows\System32\crypt32.dll (Input=crypt32.dll, rcNtResolve=0xc0150008) *pfFlags=0x0 pwszSearchPath=0000000000000001:<flags> [calling]
8d4.576c: supR3HardenedMonitor_LdrLoadDll: returns rcNt=0x0 hMod=00007ffcce4c0000 'C:\Windows\System32\crypt32.dll'
8d4.576c: supR3HardenedDllNotificationCallback: load   00007ffccf720000 LB 0x000a6000 C:\Windows\System32\sechost.dll [fFlags=0x0]
8d4.576c: supHardenedWinVerifyImageByHandle: -> 0 (\Device\HarddiskVolume3\Windows\System32\sechost.dll)
8d4.576c: supR3HardenedWinVerifyCacheInsert: \Device\HarddiskVolume3\Windows\System32\sechost.dll
8d4.576c: supR3HardenedWinVerifyCacheScheduleImports: Import todo: #0 'msvcrt.dll'.
8d4.576c: supR3HardenedWinVerifyCacheScheduleImports: Import todo: #11 'rpcrt4.dll'.
8d4.576c: supHardenedWinVerifyImageByHandle: -> 0 (\Device\HarddiskVolume3\Windows\System32\gpapi.dll)
8d4.576c: supR3HardenedWinVerifyCacheInsert: \Device\HarddiskVolume3\Windows\System32\gpapi.dll
8d4.576c: supR3HardenedDllNotificationCallback: load   00007ffccd210000 LB 0x00026000 C:\Windows\SYSTEM32\gpapi.dll [fFlags=0x0]
8d4.576c: supR3HardenedScreenImage/LdrLoadDll: cache hit (VINF_SUCCESS) on \Device\HarddiskVolume3\Windows\System32\gpapi.dll [lacks WinVerifyTrust]
8d4.576c: supR3HardenedWinVerifyCacheScheduleImports: Import todo: #0 'msvcrt.dll'.
8d4.576c: supR3HardenedWinVerifyCacheScheduleImports: Import todo: #8 'crypt32.dll'.
8d4.576c: supHardenedWinVerifyImageByHandle: -> 0 (\Device\HarddiskVolume3\Windows\System32\cryptnet.dll)
8d4.576c: supR3HardenedWinVerifyCacheInsert: \Device\HarddiskVolume3\Windows\System32\cryptnet.dll
8d4.576c: supR3HardenedWinVerifyCacheProcessImportTodos: Processing 'crypt32.dll'...
8d4.576c: supR3HardenedWinVerifyCacheProcessImportTodos: 'crypt32.dll' -> '\Device\HarddiskVolume3\Windows\System32\crypt32.dll' [rcNtRedir=0xc0150008]
8d4.576c: supR3HardenedScreenImage/Imports: cache hit (VINF_SUCCESS) on \Device\HarddiskVolume3\Windows\System32\crypt32.dll [lacks WinVerifyTrust]
8d4.576c: supR3HardenedWinVerifyCacheProcessImportTodos: Processing 'msvcrt.dll'...
8d4.576c: supR3HardenedWinVerifyCacheProcessImportTodos: 'msvcrt.dll' -> '\Device\HarddiskVolume3\Windows\System32\msvcrt.dll' [rcNtRedir=0xc0150008]
8d4.576c: supR3HardenedScreenImage/Imports: cache hit (VINF_SUCCESS) on \Device\HarddiskVolume3\Windows\System32\msvcrt.dll [lacks WinVerifyTrust]
8d4.576c: supR3HardenedWinVerifyCacheProcessImportTodos: Processing 'rpcrt4.dll'...
8d4.576c: supR3HardenedWinVerifyCacheProcessImportTodos: 'rpcrt4.dll' -> '\Device\HarddiskVolume3\Windows\System32\rpcrt4.dll' [rcNtRedir=0xc0150008]
8d4.576c: supR3HardenedScreenImage/Imports: cache hit (VINF_SUCCESS) on \Device\HarddiskVolume3\Windows\System32\rpcrt4.dll [lacks WinVerifyTrust]
8d4.576c: supR3HardenedWinVerifyCacheProcessImportTodos: Processing 'msvcrt.dll'...
8d4.576c: supR3HardenedWinVerifyCacheProcessImportTodos: 'msvcrt.dll' -> '\Device\HarddiskVolume3\Windows\System32\msvcrt.dll' [rcNtRedir=0xc0150008]
8d4.576c: supR3HardenedScreenImage/Imports: cache hit (VINF_SUCCESS) on \Device\HarddiskVolume3\Windows\System32\msvcrt.dll [lacks WinVerifyTrust]
8d4.576c: supR3HardenedMonitor_LdrLoadDll: pName=C:\Windows\System32\cryptnet.dll (rcNtResolve=0xc0150008) *pfFlags=0x0 pwszSearchPath=0000000000000001:<flags> [calling]
8d4.576c: supR3HardenedScreenImage/NtCreateSection: cache hit (VINF_SUCCESS) on \Device\HarddiskVolume3\Windows\System32\cryptnet.dll [lacks WinVerifyTrust]
8d4.576c: supR3HardenedDllNotificationCallback: load   00007ffcb5290000 LB 0x00032000 C:\Windows\System32\cryptnet.dll [fFlags=0x0]
8d4.576c: supR3HardenedScreenImage/LdrLoadDll: cache hit (VINF_SUCCESS) on \Device\HarddiskVolume3\Windows\System32\cryptnet.dll [lacks WinVerifyTrust]
8d4.576c: supR3HardenedScreenImage/LdrLoadDll: cache hit (VINF_SUCCESS) on \Device\HarddiskVolume3\Windows\System32\cryptnet.dll [lacks WinVerifyTrust]
8d4.576c: supR3HardenedMonitor_LdrLoadDll: pName=C:\Windows\System32\cryptnet.dll (rcNtResolve=0xc0150008) *pfFlags=0x2 pwszSearchPath=0000000000000001:<flags> [calling]
8d4.576c: supR3HardenedMonitor_LdrLoadDll: returns rcNt=0x0 hMod=00007ffcb5290000 'C:\Windows\System32\cryptnet.dll'
8d4.576c: supR3HardenedScreenImage/LdrLoadDll: cache hit (VINF_SUCCESS) on \Device\HarddiskVolume3\Windows\System32\cryptnet.dll [lacks WinVerifyTrust]
8d4.576c: supR3HardenedMonitor_LdrLoadDll: pName=C:\Windows\System32\cryptnet.dll (rcNtResolve=0xc0150008) *pfFlags=0x2 pwszSearchPath=0000000000000001:<flags> [calling]
8d4.576c: supR3HardenedMonitor_LdrLoadDll: returns rcNt=0x0 hMod=00007ffcb5290000 'C:\Windows\System32\cryptnet.dll'
8d4.576c: supR3HardenedScreenImage/LdrLoadDll: cache hit (VINF_SUCCESS) on \Device\HarddiskVolume3\Windows\System32\cryptnet.dll [lacks WinVerifyTrust]
8d4.576c: supR3HardenedMonitor_LdrLoadDll: pName=C:\Windows\System32\cryptnet.dll (rcNtResolve=0xc0150008) *pfFlags=0x2 pwszSearchPath=0000000000000001:<flags> [calling]
8d4.576c: supR3HardenedMonitor_LdrLoadDll: returns rcNt=0x0 hMod=00007ffcb5290000 'C:\Windows\System32\cryptnet.dll'
8d4.576c: supR3HardenedScreenImage/LdrLoadDll: cache hit (VINF_SUCCESS) on \Device\HarddiskVolume3\Windows\System32\cryptnet.dll [lacks WinVerifyTrust]
8d4.576c: supR3HardenedMonitor_LdrLoadDll: pName=C:\Windows\System32\cryptnet.dll (rcNtResolve=0xc0150008) *pfFlags=0x2 pwszSearchPath=0000000000000001:<flags> [calling]
8d4.576c: supR3HardenedMonitor_LdrLoadDll: returns rcNt=0x0 hMod=00007ffcb5290000 'C:\Windows\System32\cryptnet.dll'
8d4.576c: supR3HardenedScreenImage/LdrLoadDll: cache hit (VINF_SUCCESS) on \Device\HarddiskVolume3\Windows\System32\cryptnet.dll [lacks WinVerifyTrust]
8d4.576c: supR3HardenedMonitor_LdrLoadDll: pName=C:\Windows\System32\cryptnet.dll (rcNtResolve=0xc0150008) *pfFlags=0x2 pwszSearchPath=0000000000000001:<flags> [calling]
8d4.576c: supR3HardenedMonitor_LdrLoadDll: returns rcNt=0x0 hMod=00007ffcb5290000 'C:\Windows\System32\cryptnet.dll'
8d4.576c: supR3HardenedScreenImage/LdrLoadDll: cache hit (VINF_SUCCESS) on \Device\HarddiskVolume3\Windows\System32\cryptnet.dll [lacks WinVerifyTrust]
8d4.576c: supR3HardenedMonitor_LdrLoadDll: pName=C:\Windows\System32\cryptnet.dll (rcNtResolve=0xc0150008) *pfFlags=0x2 pwszSearchPath=0000000000000001:<flags> [calling]
8d4.576c: supR3HardenedMonitor_LdrLoadDll: returns rcNt=0x0 hMod=00007ffcb5290000 'C:\Windows\System32\cryptnet.dll'
8d4.576c: supR3HardenedScreenImage/LdrLoadDll: cache hit (VINF_SUCCESS) on \Device\HarddiskVolume3\Windows\System32\cryptnet.dll [lacks WinVerifyTrust]
8d4.576c: supR3HardenedMonitor_LdrLoadDll: returns rcNt=0x0 hMod=00007ffcb5290000 'C:\Windows\System32\cryptnet.dll'
8d4.576c: supR3HardenedScreenImage/LdrLoadDll: cache hit (VINF_SUCCESS) on \Device\HarddiskVolume3\Windows\System32\cryptnet.dll [lacks WinVerifyTrust]
8d4.576c: supR3HardenedMonitor_LdrLoadDll: returns rcNt=0x0 hMod=00007ffcb5290000 'C:\Windows\System32\cryptnet.dll'
8d4.576c: supR3HardenedScreenImage/LdrLoadDll: cache hit (VINF_SUCCESS) on \Device\HarddiskVolume3\Windows\System32\cryptnet.dll [lacks WinVerifyTrust]
8d4.576c: supR3HardenedMonitor_LdrLoadDll: returns rcNt=0x0 hMod=00007ffcb5290000 'C:\Windows\System32\cryptnet.dll'
8d4.576c: supR3HardenedScreenImage/LdrLoadDll: cache hit (VINF_SUCCESS) on \Device\HarddiskVolume3\Windows\System32\cryptnet.dll [lacks WinVerifyTrust]
8d4.576c: supR3HardenedMonitor_LdrLoadDll: returns rcNt=0x0 hMod=00007ffcb5290000 'C:\Windows\System32\cryptnet.dll'
8d4.576c: supR3HardenedScreenImage/LdrLoadDll: cache hit (VINF_SUCCESS) on \Device\HarddiskVolume3\Windows\System32\cryptnet.dll [lacks WinVerifyTrust]
8d4.576c: supR3HardenedMonitor_LdrLoadDll: returns rcNt=0x0 hMod=00007ffcb5290000 'C:\Windows\System32\cryptnet.dll'
8d4.576c: supR3HardenedMonitor_LdrLoadDll: returns rcNt=0x0 hMod=00007ffcb5290000 'C:\Windows\System32\cryptnet.dll'
8d4.576c: supHardenedWinVerifyImageByHandle: -> 0 (\Device\HarddiskVolume3\Windows\System32\profapi.dll)
8d4.576c: supR3HardenedWinVerifyCacheInsert: \Device\HarddiskVolume3\Windows\System32\profapi.dll
8d4.576c: supR3HardenedDllNotificationCallback: load   00007ffccdbf0000 LB 0x00026000 C:\Windows\SYSTEM32\profapi.dll [fFlags=0x0]
8d4.576c: supR3HardenedScreenImage/LdrLoadDll: cache hit (VINF_SUCCESS) on \Device\HarddiskVolume3\Windows\System32\profapi.dll [lacks WinVerifyTrust]
8d4.576c: supR3HardenedDllNotificationCallback: load   00007ffcce8f0000 LB 0x000b0000 C:\Windows\System32\advapi32.dll [fFlags=0x0]
8d4.576c: supR3HardenedWinVerifyCacheScheduleImports: Import todo: #0 'msvcrt.dll'.
8d4.576c: supR3HardenedWinVerifyCacheScheduleImports: Import todo: #6 'sechost.dll'.
8d4.576c: supR3HardenedWinVerifyCacheScheduleImports: Import todo: #28 'rpcrt4.dll'.
8d4.576c: supHardenedWinVerifyImageByHandle: -> 0 (\Device\HarddiskVolume3\Windows\System32\advapi32.dll)
8d4.576c: supR3HardenedWinVerifyCacheInsert: \Device\HarddiskVolume3\Windows\System32\advapi32.dll
8d4.576c: supR3HardenedScreenImage/LdrLoadDll: cache hit (VINF_SUCCESS) on \Device\HarddiskVolume3\Windows\System32\rsaenh.dll [lacks WinVerifyTrust]
8d4.576c: supR3HardenedWinVerifyCacheProcessImportTodos: Processing 'rpcrt4.dll'...
8d4.576c: supR3HardenedWinVerifyCacheProcessImportTodos: 'rpcrt4.dll' -> '\Device\HarddiskVolume3\Windows\System32\rpcrt4.dll' [rcNtRedir=0xc0150008]
8d4.576c: supR3HardenedScreenImage/Imports: cache hit (VINF_SUCCESS) on \Device\HarddiskVolume3\Windows\System32\rpcrt4.dll [lacks WinVerifyTrust]
8d4.576c: supR3HardenedWinVerifyCacheProcessImportTodos: Processing 'sechost.dll'...
8d4.576c: supR3HardenedWinVerifyCacheProcessImportTodos: 'sechost.dll' -> '\Device\HarddiskVolume3\Windows\System32\sechost.dll' [rcNtRedir=0xc0150008]
8d4.576c: supR3HardenedScreenImage/Imports: cache hit (VINF_SUCCESS) on \Device\HarddiskVolume3\Windows\System32\sechost.dll [lacks WinVerifyTrust]
8d4.576c: supR3HardenedWinVerifyCacheProcessImportTodos: Processing 'msvcrt.dll'...
8d4.576c: supR3HardenedWinVerifyCacheProcessImportTodos: 'msvcrt.dll' -> '\Device\HarddiskVolume3\Windows\System32\msvcrt.dll' [rcNtRedir=0xc0150008]
8d4.576c: supR3HardenedScreenImage/Imports: cache hit (VINF_SUCCESS) on \Device\HarddiskVolume3\Windows\System32\msvcrt.dll [lacks WinVerifyTrust]
8d4.576c: supR3HardenedMonitor_LdrLoadDll: pName=C:\Windows\system32\rsaenh.dll (rcNtResolve=0xc0150008) *pfFlags=0x0 pwszSearchPath=0000000000000001:<flags> [calling]
8d4.576c: supR3HardenedMonitor_LdrLoadDll: returns rcNt=0x0 hMod=00007ffcccc40000 'C:\Windows\system32\rsaenh.dll'
8d4.576c: supR3HardenedScreenImage/LdrLoadDll: cache hit (VINF_SUCCESS) on \Device\HarddiskVolume3\Windows\System32\crypt32.dll [lacks WinVerifyTrust]
8d4.576c: supR3HardenedMonitor_LdrLoadDll: pName=C:\Windows\System32\crypt32.dll (Input=crypt32.dll, rcNtResolve=0xc0150008) *pfFlags=0x0 pwszSearchPath=0000000000000001:<flags> [calling]
8d4.576c: supR3HardenedMonitor_LdrLoadDll: returns rcNt=0x0 hMod=00007ffcce4c0000 'C:\Windows\System32\crypt32.dll'
8d4.576c: supR3HardNtViCallWinVerifyTrustCatFile: hFile=0000000000000000 pwszName=\SystemRoot\System32\ntdll.dll
8d4.576c: supR3HardNtViCallWinVerifyTrustCatFile: New context 000002075330f980
8d4.576c: supR3HardNtViCallWinVerifyTrustCatFile: hCatAdmin=000002075330f980
8d4.576c: supR3HardNtViCallWinVerifyTrustCatFile: cbHash=20 wszDigest=C0A05FDFE2E7694693BE1628C349D2EA321446AF
8d4.576c: supR3HardenedScreenImage/LdrLoadDll: cache hit (VINF_SUCCESS) on \Device\HarddiskVolume3\Windows\System32\rpcrt4.dll [lacks WinVerifyTrust]
8d4.576c: supR3HardenedMonitor_LdrLoadDll: pName=C:\Windows\System32\rpcrt4.dll (Input=rpcrt4.dll, rcNtResolve=0xc0150008) *pfFlags=0x0 pwszSearchPath=0000000000000001:<flags> [calling]
8d4.576c: supR3HardenedMonitor_LdrLoadDll: returns rcNt=0x0 hMod=00007ffcce6a0000 'C:\Windows\System32\rpcrt4.dll'
8d4.576c: supR3HardenedScreenImage/LdrLoadDll: cache hit (VINF_SUCCESS) on \Device\HarddiskVolume3\Windows\System32\rsaenh.dll [lacks WinVerifyTrust]
8d4.576c: supR3HardenedMonitor_LdrLoadDll: pName=C:\Windows\system32\rsaenh.dll (rcNtResolve=0xc0150008) *pfFlags=0x0 pwszSearchPath=0000000000000001:<flags> [calling]
8d4.576c: supR3HardenedMonitor_LdrLoadDll: returns rcNt=0x0 hMod=00007ffcccc40000 'C:\Windows\system32\rsaenh.dll'
8d4.576c: supR3HardenedScreenImage/LdrLoadDll: cache hit (VINF_SUCCESS) on \Device\HarddiskVolume3\Windows\System32\crypt32.dll [lacks WinVerifyTrust]
8d4.576c: supR3HardenedMonitor_LdrLoadDll: pName=C:\Windows\System32\crypt32.dll (Input=crypt32.dll, rcNtResolve=0xc0150008) *pfFlags=0x0 pwszSearchPath=0000000000000001:<flags> [calling]
8d4.576c: supR3HardenedMonitor_LdrLoadDll: returns rcNt=0x0 hMod=00007ffcce4c0000 'C:\Windows\System32\crypt32.dll'
8d4.576c: supR3HardNtViCallWinVerifyTrustCatFile: WinVerifyTrust => 0x0; cat='C:\Windows\system32\CatRoot\{F750E6C3-38EE-11D1-85E5-00C04FC295EE}\Microsoft-Windows-Client-Desktop-Required-Package051420~31bf3856ad364e35~amd64~~10.0.22621.2428.cat'; file='\SystemRoot\System32\ntdll.dll'
8d4.576c: g_pfnWinVerifyTrust=00007ffcce6424c0
8d4.576c: supR3HardenedScreenImage/preload: cache hit (VINF_SUCCESS) on \Device\HarddiskVolume3\Windows\System32\crypt32.dll [redoing WinVerifyTrust]
8d4.576c: supR3HardenedScreenImage/LdrLoadDll: cache hit (VINF_SUCCESS) on \Device\HarddiskVolume3\Windows\System32\rsaenh.dll [lacks WinVerifyTrust]
8d4.576c: supR3HardenedMonitor_LdrLoadDll: pName=C:\Windows\system32\rsaenh.dll (rcNtResolve=0xc0150008) *pfFlags=0x0 pwszSearchPath=0000000000000001:<flags> [calling]
8d4.576c: supR3HardenedMonitor_LdrLoadDll: returns rcNt=0x0 hMod=00007ffcccc40000 'C:\Windows\system32\rsaenh.dll'
8d4.576c: supR3HardenedScreenImage/LdrLoadDll: cache hit (VINF_SUCCESS) on \Device\HarddiskVolume3\Windows\System32\crypt32.dll [lacks WinVerifyTrust]
8d4.576c: supR3HardenedMonitor_LdrLoadDll: pName=C:\Windows\System32\crypt32.dll (Input=crypt32.dll, rcNtResolve=0xc0150008) *pfFlags=0x0 pwszSearchPath=0000000000000001:<flags> [calling]
8d4.576c: supR3HardenedMonitor_LdrLoadDll: returns rcNt=0x0 hMod=00007ffcce4c0000 'C:\Windows\System32\crypt32.dll'
8d4.576c: supR3HardenedScreenImage/preload: 0 (was 0) fWinVerifyTrust=1 for '\Device\HarddiskVolume3\Windows\System32\crypt32.dll'
8d4.576c: supR3HardenedScreenImage/preload: cache hit (VINF_SUCCESS) on \Device\HarddiskVolume3\Windows\System32\wintrust.dll [redoing WinVerifyTrust]
8d4.576c: supR3HardenedScreenImage/LdrLoadDll: cache hit (VINF_SUCCESS) on \Device\HarddiskVolume3\Windows\System32\rsaenh.dll [lacks WinVerifyTrust]
8d4.576c: supR3HardenedMonitor_LdrLoadDll: pName=C:\Windows\system32\rsaenh.dll (rcNtResolve=0xc0150008) *pfFlags=0x0 pwszSearchPath=0000000000000001:<flags> [calling]
8d4.576c: supR3HardenedMonitor_LdrLoadDll: returns rcNt=0x0 hMod=00007ffcccc40000 'C:\Windows\system32\rsaenh.dll'
8d4.576c: supR3HardenedScreenImage/LdrLoadDll: cache hit (VINF_SUCCESS) on \Device\HarddiskVolume3\Windows\System32\crypt32.dll
8d4.576c: supR3HardenedMonitor_LdrLoadDll: pName=C:\Windows\System32\crypt32.dll (Input=crypt32.dll, rcNtResolve=0xc0150008) *pfFlags=0x0 pwszSearchPath=0000000000000001:<flags> [calling]
8d4.576c: supR3HardenedMonitor_LdrLoadDll: returns rcNt=0x0 hMod=00007ffcce4c0000 'C:\Windows\System32\crypt32.dll'
8d4.576c: supR3HardenedScreenImage/preload: 0 (was 0) fWinVerifyTrust=1 for '\Device\HarddiskVolume3\Windows\System32\wintrust.dll'
8d4.576c: supR3HardenedScreenImage/LdrLoadDll: cache hit (VINF_SUCCESS) on \Device\HarddiskVolume3\Windows\System32\rsaenh.dll [lacks WinVerifyTrust]
8d4.576c: supR3HardenedMonitor_LdrLoadDll: pName=C:\Windows\system32\rsaenh.dll (rcNtResolve=0xc0150008) *pfFlags=0x0 pwszSearchPath=0000000000000001:<flags> [calling]
8d4.576c: supR3HardenedMonitor_LdrLoadDll: returns rcNt=0x0 hMod=00007ffcccc40000 'C:\Windows\system32\rsaenh.dll'
8d4.576c: supR3HardenedMonitor_LdrLoadDll: returns rcNt=0x0 hMod=00007ffcce4c0000 'C:\Windows\System32\crypt32.dll'
8d4.576c: supR3HardenedWinVerifyCacheProcessWvtTodos: 0 (was 0) fWinVerifyTrust=1 for '\Device\HarddiskVolume3\Windows\System32\advapi32.dll'
8d4.576c: supR3HardenedScreenImage/LdrLoadDll: cache hit (VINF_SUCCESS) on \Device\HarddiskVolume3\Windows\System32\rsaenh.dll [lacks WinVerifyTrust]
8d4.576c: supR3HardenedMonitor_LdrLoadDll: returns rcNt=0x0 hMod=00007ffcccc40000 'C:\Windows\system32\rsaenh.dll'
8d4.576c: supR3HardenedMonitor_LdrLoadDll: returns rcNt=0x0 hMod=00007ffcce4c0000 'C:\Windows\System32\crypt32.dll'
8d4.576c: supR3HardenedWinVerifyCacheProcessWvtTodos: 0 (was 0) fWinVerifyTrust=1 for '\Device\HarddiskVolume3\Windows\System32\profapi.dll'
8d4.576c: supR3HardenedScreenImage/LdrLoadDll: cache hit (VINF_SUCCESS) on \Device\HarddiskVolume3\Windows\System32\rsaenh.dll [lacks WinVerifyTrust]
8d4.576c: supR3HardenedMonitor_LdrLoadDll: returns rcNt=0x0 hMod=00007ffcccc40000 'C:\Windows\system32\rsaenh.dll'
8d4.576c: supR3HardenedMonitor_LdrLoadDll: returns rcNt=0x0 hMod=00007ffcce4c0000 'C:\Windows\System32\crypt32.dll'
8d4.576c: supR3HardenedWinVerifyCacheProcessWvtTodos: 0 (was 0) fWinVerifyTrust=1 for '\Device\HarddiskVolume3\Windows\System32\cryptnet.dll'
8d4.576c: supR3HardenedScreenImage/LdrLoadDll: cache hit (VINF_SUCCESS) on \Device\HarddiskVolume3\Windows\System32\rsaenh.dll [lacks WinVerifyTrust]
8d4.576c: supR3HardenedMonitor_LdrLoadDll: returns rcNt=0x0 hMod=00007ffcccc40000 'C:\Windows\system32\rsaenh.dll'
8d4.576c: supR3HardenedMonitor_LdrLoadDll: returns rcNt=0x0 hMod=00007ffcce4c0000 'C:\Windows\System32\crypt32.dll'
8d4.576c: supR3HardenedWinVerifyCacheProcessWvtTodos: 0 (was 0) fWinVerifyTrust=1 for '\Device\HarddiskVolume3\Windows\System32\gpapi.dll'
8d4.576c: supR3HardenedScreenImage/LdrLoadDll: cache hit (VINF_SUCCESS) on \Device\HarddiskVolume3\Windows\System32\rsaenh.dll [lacks WinVerifyTrust]
8d4.576c: supR3HardenedMonitor_LdrLoadDll: returns rcNt=0x0 hMod=00007ffcccc40000 'C:\Windows\system32\rsaenh.dll'
8d4.576c: supR3HardenedMonitor_LdrLoadDll: returns rcNt=0x0 hMod=00007ffcce4c0000 'C:\Windows\System32\crypt32.dll'
8d4.576c: supR3HardenedWinVerifyCacheProcessWvtTodos: 0 (was 0) fWinVerifyTrust=1 for '\Device\HarddiskVolume3\Windows\System32\sechost.dll'
8d4.576c: supR3HardenedScreenImage/LdrLoadDll: cache hit (VINF_SUCCESS) on \Device\HarddiskVolume3\Windows\System32\rsaenh.dll [lacks WinVerifyTrust]
8d4.576c: supR3HardenedMonitor_LdrLoadDll: returns rcNt=0x0 hMod=00007ffcccc40000 'C:\Windows\system32\rsaenh.dll'
8d4.576c: supR3HardenedMonitor_LdrLoadDll: returns rcNt=0x0 hMod=00007ffcce4c0000 'C:\Windows\System32\crypt32.dll'
8d4.576c: supR3HardenedWinVerifyCacheProcessWvtTodos: 0 (was 0) fWinVerifyTrust=1 for '\Device\HarddiskVolume3\Windows\System32\imagehlp.dll'
8d4.576c: supR3HardenedScreenImage/LdrLoadDll: cache hit (VINF_SUCCESS) on \Device\HarddiskVolume3\Windows\System32\rsaenh.dll [lacks WinVerifyTrust]
8d4.576c: supR3HardenedMonitor_LdrLoadDll: returns rcNt=0x0 hMod=00007ffcccc40000 'C:\Windows\system32\rsaenh.dll'
8d4.576c: supR3HardenedMonitor_LdrLoadDll: returns rcNt=0x0 hMod=00007ffcce4c0000 'C:\Windows\System32\crypt32.dll'
8d4.576c: supR3HardenedWinVerifyCacheProcessWvtTodos: 0 (was 0) fWinVerifyTrust=1 for '\Device\HarddiskVolume3\Windows\System32\cryptbase.dll'
8d4.576c: supR3HardenedScreenImage/LdrLoadDll: cache hit (VINF_SUCCESS) on \Device\HarddiskVolume3\Windows\System32\rsaenh.dll [lacks WinVerifyTrust]
8d4.576c: supR3HardenedMonitor_LdrLoadDll: returns rcNt=0x0 hMod=00007ffcccc40000 'C:\Windows\system32\rsaenh.dll'
8d4.576c: supR3HardenedScreenImage/LdrLoadDll: cache hit (VINF_SUCCESS) on \Device\HarddiskVolume3\Windows\System32\crypt32.dll
8d4.576c: supR3HardenedMonitor_LdrLoadDll: pName=C:\Windows\System32\crypt32.dll (Input=crypt32.dll, rcNtResolve=0xc0150008) *pfFlags=0x0 pwszSearchPath=0000000000000001:<flags> [calling]
8d4.576c: supR3HardenedMonitor_LdrLoadDll: returns rcNt=0x0 hMod=00007ffcce4c0000 'C:\Windows\System32\crypt32.dll'
8d4.576c: supR3HardenedWinVerifyCacheProcessWvtTodos: 0 (was 0) fWinVerifyTrust=1 for '\Device\HarddiskVolume3\Windows\System32\rsaenh.dll'
8d4.576c: supR3HardenedScreenImage/LdrLoadDll: cache hit (VINF_SUCCESS) on \Device\HarddiskVolume3\Windows\System32\rsaenh.dll
8d4.576c: supR3HardenedMonitor_LdrLoadDll: pName=C:\Windows\system32\rsaenh.dll (rcNtResolve=0xc0150008) *pfFlags=0x0 pwszSearchPath=0000000000000001:<flags> [calling]
8d4.576c: supR3HardenedMonitor_LdrLoadDll: returns rcNt=0x0 hMod=00007ffcccc40000 'C:\Windows\system32\rsaenh.dll'
8d4.576c: supR3HardenedMonitor_LdrLoadDll: returns rcNt=0x0 hMod=00007ffcce4c0000 'C:\Windows\System32\crypt32.dll'
8d4.576c: supR3HardenedWinVerifyCacheProcessWvtTodos: 0 (was 0) fWinVerifyTrust=1 for '\Device\HarddiskVolume3\Windows\System32\cryptsp.dll'
8d4.576c: supR3HardenedMonitor_LdrLoadDll: returns rcNt=0x0 hMod=00007ffcccc40000 'C:\Windows\system32\rsaenh.dll'
8d4.576c: supR3HardenedMonitor_LdrLoadDll: returns rcNt=0x0 hMod=00007ffcce4c0000 'C:\Windows\System32\crypt32.dll'
8d4.576c: supR3HardenedWinVerifyCacheProcessWvtTodos: 0 (was 0) fWinVerifyTrust=1 for '\Device\HarddiskVolume3\Windows\System32\bcryptprimitives.dll'
8d4.576c: supR3HardenedMonitor_LdrLoadDll: returns rcNt=0x0 hMod=00007ffcccc40000 'C:\Windows\system32\rsaenh.dll'
8d4.576c: supR3HardenedMonitor_LdrLoadDll: returns rcNt=0x0 hMod=00007ffcce4c0000 'C:\Windows\System32\crypt32.dll'
8d4.576c: supR3HardenedWinVerifyCacheProcessWvtTodos: 0 (was 0) fWinVerifyTrust=1 for '\Device\HarddiskVolume3\Windows\System32\bcrypt.dll'
8d4.576c: supR3HardenedMonitor_LdrLoadDll: returns rcNt=0x0 hMod=00007ffcccc40000 'C:\Windows\system32\rsaenh.dll'
8d4.576c: supR3HardenedMonitor_LdrLoadDll: returns rcNt=0x0 hMod=00007ffcce4c0000 'C:\Windows\System32\crypt32.dll'
8d4.576c: supR3HardenedWinVerifyCacheProcessWvtTodos: 0 (was 0) fWinVerifyTrust=1 for '\Device\HarddiskVolume3\Windows\System32\msasn1.dll'
8d4.576c: supR3HardenedMonitor_LdrLoadDll: returns rcNt=0x0 hMod=00007ffcccc40000 'C:\Windows\system32\rsaenh.dll'
8d4.576c: supR3HardenedMonitor_LdrLoadDll: returns rcNt=0x0 hMod=00007ffcce4c0000 'C:\Windows\System32\crypt32.dll'
8d4.576c: supR3HardenedWinVerifyCacheProcessWvtTodos: 0 (was 0) fWinVerifyTrust=1 for '\Device\HarddiskVolume3\Windows\System32\ucrtbase.dll'
8d4.576c: supR3HardenedMonitor_LdrLoadDll: returns rcNt=0x0 hMod=00007ffcccc40000 'C:\Windows\system32\rsaenh.dll'
8d4.576c: supR3HardenedMonitor_LdrLoadDll: returns rcNt=0x0 hMod=00007ffcce4c0000 'C:\Windows\System32\crypt32.dll'
8d4.576c: supR3HardenedWinVerifyCacheProcessWvtTodos: 0 (was 0) fWinVerifyTrust=1 for '\Device\HarddiskVolume3\Windows\System32\msvcrt.dll'
8d4.576c: supR3HardenedMonitor_LdrLoadDll: returns rcNt=0x0 hMod=00007ffcccc40000 'C:\Windows\system32\rsaenh.dll'
8d4.576c: supR3HardenedMonitor_LdrLoadDll: returns rcNt=0x0 hMod=00007ffcce4c0000 'C:\Windows\System32\crypt32.dll'
8d4.576c: supR3HardenedWinVerifyCacheProcessWvtTodos: 0 (was 0) fWinVerifyTrust=1 for '\Device\HarddiskVolume3\Windows\System32\rpcrt4.dll'
8d4.576c: supR3HardenedMonitor_LdrLoadDll: returns rcNt=0x0 hMod=00007ffcccc40000 'C:\Windows\system32\rsaenh.dll'
8d4.576c: supR3HardenedMonitor_LdrLoadDll: returns rcNt=0x0 hMod=00007ffcce4c0000 'C:\Windows\System32\crypt32.dll'
8d4.576c: supR3HardenedWinVerifyCacheProcessWvtTodos: 0 (was 0) fWinVerifyTrust=1 for '\Device\HarddiskVolume3\Program Files\Oracle\VirtualBox\VBoxSupLib.dll'
8d4.576c: supR3HardenedMonitor_LdrLoadDll: returns rcNt=0x0 hMod=00007ffcccc40000 'C:\Windows\system32\rsaenh.dll'
8d4.576c: supR3HardenedMonitor_LdrLoadDll: returns rcNt=0x0 hMod=00007ffcce4c0000 'C:\Windows\System32\crypt32.dll'
8d4.576c: supR3HardenedWinVerifyCacheProcessWvtTodos: 0 (was 0) fWinVerifyTrust=1 for '\Device\HarddiskVolume3\Program Files\Oracle\VirtualBox\VirtualBoxVM.exe'
8d4.576c: supR3HardenedMonitor_LdrLoadDll: returns rcNt=0x0 hMod=00007ffcccc40000 'C:\Windows\system32\rsaenh.dll'
8d4.576c: supR3HardenedMonitor_LdrLoadDll: returns rcNt=0x0 hMod=00007ffcce4c0000 'C:\Windows\System32\crypt32.dll'
8d4.576c: supR3HardenedWinVerifyCacheProcessWvtTodos: 0 (was 0) fWinVerifyTrust=1 for '\Device\HarddiskVolume3\Windows\System32\KernelBase.dll'
8d4.576c: supR3HardenedMonitor_LdrLoadDll: returns rcNt=0x0 hMod=00007ffcccc40000 'C:\Windows\system32\rsaenh.dll'
8d4.576c: supR3HardenedMonitor_LdrLoadDll: returns rcNt=0x0 hMod=00007ffcce4c0000 'C:\Windows\System32\crypt32.dll'
8d4.576c: supR3HardenedWinVerifyCacheProcessWvtTodos: 0 (was 0) fWinVerifyTrust=1 for '\Device\HarddiskVolume3\Windows\System32\kernel32.dll'
8d4.576c: supR3HardenedMonitor_LdrLoadDll: returns rcNt=0x0 hMod=00007ffcce4c0000 'C:\Windows\system32\crypt32.dll'
8d4.576c: supR3HardenedWinIsDesiredRootCA: Adding 0x5ad46780fa5df300 DC=com, DC=microsoft, CN=Microsoft Root Certificate Authority
8d4.576c: supR3HardenedWinIsDesiredRootCA: Adding 0xea5386456178582b C=ZA, ST=Western Cape, L=Durbanville, O=Thawte, OU=Thawte Certification, CN=Thawte Timestamping CA
8d4.576c: supR3HardenedWinIsDesiredRootCA: Adding 0x3be670c1bd02a900 OU=Copyright (c) 1997 Microsoft Corp., OU=Microsoft Corporation, CN=Microsoft Root Authority
8d4.576c: supR3HardenedWinIsDesiredRootCA: Adding 0xe991ee72b03db500 C=US, O=Symantec Corporation, CN=Symantec Enterprise Mobile Root for Microsoft
8d4.576c: supR3HardenedWinIsDesiredRootCA: Adding 0x4d3835aa4180b200 C=US, ST=Washington, L=Redmond, O=Microsoft Corporation, CN=Microsoft Root Certificate Authority 2011
8d4.576c: supR3HardenedWinIsDesiredRootCA: Adding 0x646e3fe3ba08df00 C=US, O=MSFT, CN=Microsoft Authenticode(tm) Root Authority
8d4.576c: supR3HardenedWinIsDesiredRootCA: Adding 0xd140ebc339a98a2f CN=WZTeam
8d4.576c: supR3HardenedWinIsDesiredRootCA: Adding 0x8e51b7e35907b300 O=AO Kaspersky Lab, CN=Kaspersky Anti-Virus Personal Root Certificate
8d4.576c: supR3HardenedWinIsDesiredRootCA: Adding 0xece4e4289e08b900 C=US, ST=Washington, L=Redmond, O=Microsoft Corporation, CN=Microsoft Root Certificate Authority 2010
8d4.576c: supR3HardenedWinIsDesiredRootCA: Adding 0xf3bb4d7e894b420 C=US, ST=Washington, L=Redmond, O=Microsoft Corporation, CN=Microsoft ECC TS Root Certificate Authority 2018
8d4.576c: supR3HardenedWinIsDesiredRootCA: Adding 0x43a9cc371ff5385a O=Microsoft Trust Network, OU=Microsoft Corporation, OU=Microsoft Time Stamping Service Root, OU=Copyright (c) 1997 Microsoft Corp.
8d4.576c: supR3HardenedWinIsDesiredRootCA: Adding 0x2e2d2c7c68f0202e O=VeriSign Trust Network, OU=VeriSign, Inc., OU=VeriSign Time Stamping Service Root, OU=NO LIABILITY ACCEPTED, (c)97 VeriSign, Inc.
8d4.576c: supR3HardenedWinIsDesiredRootCA: Adding 0xcec3d46562b9be8e C=US, ST=Washington, L=Redmond, O=Microsoft Corporation, CN=Microsoft ECC Product Root Certificate Authority 2018
8d4.576c: supR3HardenedWinIsDesiredRootCA: Adding 0xca58a05dd401ae00 C=US, ST=Washington, L=Redmond, O=Microsoft Corporation, CN=Microsoft Time Stamp Root Certificate Authority 2014
8d4.576c: supR3HardenedWinIsDesiredRootCA: Adding 0x670683072a91b300 C=US, O=Microsoft Corporation, CN=Microsoft Identity Verification Root Certificate Authority 2020
8d4.576c: supR3HardenedWinIsDesiredRootCA: Adding 0x2ca429a5c4c6a700 C=IT, L=Milan, O=Actalis S.p.A./03358520967, CN=Actalis Authentication Root CA
8d4.576c: supR3HardenedWinIsDesiredRootCA: Adding 0x61a3a33f81aace00 C=US, ST=UT, L=Salt Lake City, O=The USERTRUST Network, OU=http://www.usertrust.com, CN=UTN-USERFirst-Object
8d4.576c: supR3HardenedWinIsDesiredRootCA: Adding 0x3d993fde1950a700 C=US, O=IdenTrust, CN=IdenTrust Commercial Root CA 1
8d4.576c: supR3HardenedWinIsDesiredRootCA: Adding 0x6b7bdc34cd37bb00 C=US, O=DigiCert Inc, OU=www.digicert.com, CN=DigiCert Global Root G2
8d4.576c: supR3HardenedWinIsDesiredRootCA: Adding 0xbbde687390e6bf00 C=US, O=DigiCert Inc, OU=www.digicert.com, CN=DigiCert Trusted Root G4
8d4.576c: supR3HardenedWinIsDesiredRootCA: Adding 0x83085097e9afdf00 O=Digital Signature Trust Co., CN=DST Root CA X3
8d4.576c: supR3HardenedWinIsDesiredRootCA: Adding 0x780679907625cc00 OU=GlobalSign Root CA - R3, O=GlobalSign, CN=GlobalSign
8d4.576c: supR3HardenedWinIsDesiredRootCA: Adding 0x3d98ab22bb04a300 C=IE, O=Baltimore, OU=CyberTrust, CN=Baltimore CyberTrust Root
8d4.576c: supR3HardenedWinIsDesiredRootCA: Adding 0xeae16ef49d40be00 C=GB, ST=Greater Manchester, L=Salford, O=Comodo CA Limited, CN=AAA Certificate Services
8d4.576c: supR3HardenedWinIsDesiredRootCA: Adding 0xc6536f24d57ae723 C=US, ST=New Jersey, L=Jersey City, O=The USERTRUST Network, CN=USERTrust ECC Certification Authority
8d4.576c: supR3HardenedWinIsDesiredRootCA: Adding 0x2404221294e78d00 C=GB, O=Sectigo Limited, CN=Sectigo Public Code Signing Root R46
8d4.576c: supR3HardenedWinIsDesiredRootCA: Adding 0x3714f47324e8ad00 C=US, O=Internet Security Research Group, CN=ISRG Root X1
8d4.576c: supR3HardenedWinIsDesiredRootCA: Adding 0x96cb178d285f9e36 C=US, ST=Texas, L=Houston, O=SSL Corporation, CN=SSL.com Root Certification Authority ECC
8d4.576c: supR3HardenedWinIsDesiredRootCA: Adding 0xcb7d2ba3dd0ff900 C=US, ST=Texas, L=Houston, O=SSL Corporation, CN=SSL.com Root Certification Authority RSA
8d4.576c: supR3HardenedWinIsDesiredRootCA: Adding 0x8ff6fc03c1edbd00 C=US, ST=Arizona, L=Scottsdale, O=Starfield Technologies, Inc., CN=Starfield Root Certificate Authority - G2
8d4.576c: supR3HardenedWinIsDesiredRootCA: Adding 0xa3ce8d99e60eda00 C=BE, O=GlobalSign nv-sa, OU=Root CA, CN=GlobalSign Root CA
8d4.576c: supR3HardenedWinIsDesiredRootCA: Adding 0x560ad29254e89100 C=GB, ST=Greater Manchester, L=Salford, O=COMODO CA Limited, CN=COMODO RSA Certification Authority
8d4.576c: supR3HardenedWinIsDesiredRootCA: Adding 0xd8755236d5be9300 C=GB, O=Sectigo Limited, CN=Sectigo Public Server Authentication Root R46
8d4.576c: supR3HardenedWinIsDesiredRootCA: Adding 0xa671e9fec832b700 C=US, O=Starfield Technologies, Inc., OU=Starfield Class 2 Certification Authority
8d4.576c: supR3HardenedWinIsDesiredRootCA: Adding 0xa8de7211e13be200 C=US, O=DigiCert Inc, OU=www.digicert.com, CN=DigiCert Global Root CA
8d4.576c: supR3HardenedWinIsDesiredRootCA: Adding 0xd41691e475fb8515 C=GB, ST=Greater Manchester, L=Salford, O=COMODO CA Limited, CN=COMODO ECC Certification Authority
8d4.576c: supR3HardenedWinIsDesiredRootCA: Adding 0x4ef92ac43a0cd500 C=US, ST=Arizona, L=Scottsdale, O=Starfield Technologies, Inc., CN=Starfield Services Root Certificate Authority - G2
8d4.576c: supR3HardenedWinIsDesiredRootCA: Adding 0xd45980fbf0a0ac00 C=US, O=thawte, Inc., OU=Certification Services Division, OU=(c) 2006 thawte, Inc. - For authorized use only, CN=thawte Primary Root CA
8d4.576c: supR3HardenedWinIsDesiredRootCA: Adding 0xc9edb72b684ba00 C=US, O=Entrust, Inc., OU=See www.entrust.net/legal-terms, OU=(c) 2009 Entrust, Inc. - for authorized use only, CN=Entrust Root Certification Authority - G2
8d4.576c: supR3HardenedWinIsDesiredRootCA: Adding 0xf5cd95e581a4ab00 C=US, O=SecureTrust Corporation, CN=SecureTrust CA
8d4.576c: supR3HardenedWinIsDesiredRootCA: Adding 0xf966ca73e8079500 OU=GlobalSign Root CA - R6, O=GlobalSign, CN=GlobalSign
8d4.576c: supR3HardenedWinIsDesiredRootCA: Adding 0xbebef0d2217f0bfb C=US, O=DigiCert Inc, OU=www.digicert.com, CN=DigiCert Global Root G3
8d4.576c: supR3HardenedWinIsDesiredRootCA: Adding 0x4dd6e14065368f00 C=US, ST=Texas, L=Houston, O=SSL Corporation, CN=SSL.com EV Root Certification Authority RSA R2
8d4.576c: supR3HardenedWinIsDesiredRootCA: Adding 0x14018a1bf29e595c C=US, O=VeriSign, Inc., OU=Class 3 Public Primary Certification Authority
8d4.576c: supR3HardenedWinIsDesiredRootCA: Adding 0x298c3394be5bca00 C=US, O=Microsoft Corporation, CN=Microsoft RSA Root Certificate Authority 2017
8d4.576c: supR3HardenedWinIsDesiredRootCA: Adding 0xd4fbe673e5ccc600 C=US, O=DigiCert Inc, OU=www.digicert.com, CN=DigiCert High Assurance EV Root CA
8d4.576c: supR3HardenedWinIsDesiredRootCA: Adding 0xb352b1523915d000 C=JP, O=SECOM Trust Systems CO.,LTD., OU=Security Communication RootCA2
8d4.576c: supR3HardenedWinIsDesiredRootCA: Adding 0x362d8807333b600 C=US, O=DigiCert, Inc., CN=DigiCert CS RSA4096 Root G5
8d4.576c: supR3HardenedWinIsDesiredRootCA: Adding 0xe87add30c52db600 C=BE, O=GlobalSign nv-sa, CN=GlobalSign Code Signing Root R45
8d4.576c: supR3HardenedWinIsDesiredRootCA: Adding 0x357a29080824af00 C=US, O=VeriSign, Inc., OU=VeriSign Trust Network, OU=(c) 2006 VeriSign, Inc. - For authorized use only, CN=VeriSign Class 3 Public Primary Certification Authority - G5
8d4.576c: supR3HardenedWinIsDesiredRootCA: Adding 0xd407c1f75ec7d700 C=NO, O=Buypass AS-983163327, CN=Buypass Class 2 Root CA
8d4.576c: supR3HardenedWinIsDesiredRootCA: Adding 0x59faf1086271bf00 C=US, ST=Arizona, L=Scottsdale, O=GoDaddy.com, Inc., CN=Go Daddy Root Certificate Authority - G2
8d4.576c: supR3HardenedWinIsDesiredRootCA: Adding 0x373c4b28515db900 C=US, ST=Illinois, L=Chicago, O=Trustwave Holdings, Inc., CN=Trustwave Global Certification Authority
8d4.576c: supR3HardenedWinIsDesiredRootCA: Adding 0xc30e361765128000 C=US, ST=New Jersey, L=Jersey City, O=The USERTRUST Network, CN=USERTrust RSA Certification Authority
8d4.576c: supR3HardenedWinIsDesiredRootCA: Adding 0x491857ead79dde00 C=US, O=The Go Daddy Group, Inc., OU=Go Daddy Class 2 Certification Authority
8d4.576c: supR3HardenedWinIsDesiredRootCA: Adding 0xb9ff821d139e9bf OU=GlobalSign ECC Root CA - R5, O=GlobalSign, CN=GlobalSign
8d4.576c: supR3HardenedWinIsDesiredRootCA: Adding 0xc2ba72a37dfbe300 C=PL, O=Unizeto Technologies S.A., OU=Certum Certification Authority, CN=Certum Trusted Network CA
8d4.576c: supR3HardenedWinIsDesiredRootCA: Adding 0x8043e4ce150ead00 C=US, O=DigiCert Inc, OU=www.digicert.com, CN=DigiCert Assured ID Root CA
8d4.576c: supR3HardenedWinIsDesiredRootCA: Adding 0xf2e6331af7b700 C=SE, O=AddTrust AB, OU=AddTrust External TTP Network, CN=AddTrust External CA Root
8d4.576c: supR3HardenedWinIsDesiredRootCA: Adding 0xfc891b3fa9f8c200 C=GR, L=Athens, O=Hellenic Academic and Research Institutions Cert. Authority, CN=Hellenic Academic and Research Institutions RootCA 2015
8d4.576c: supR3HardenedWinRetrieveTrustedRootCAs: cAdded=60
8d4.576c: SUPR3HardenedMain: Load Runtime...
8d4.576c: supR3HardenedMonitor_LdrLoadDll: returns rcNt=0x0 hMod=00007ffcccc40000 'C:\Windows\system32\rsaenh.dll'
8d4.576c: supR3HardenedMonitor_LdrLoadDll: returns rcNt=0x0 hMod=00007ffcce4c0000 'C:\Windows\System32\crypt32.dll'
8d4.576c: supR3HardenedWinVerifyCacheScheduleImports: Import todo: #0 'vcruntime140.dll'.
8d4.576c: supR3HardenedWinVerifyCacheScheduleImports: Import todo: #1 'vcruntime140_1.dll'.
8d4.576c: supR3HardenedWinVerifyCacheScheduleImports: Import todo: #2 'msvcp140.dll'.
8d4.576c: supR3HardenedWinVerifyCacheScheduleImports: Import todo: #3 'mpr.dll'.
8d4.576c: supR3HardenedWinVerifyCacheScheduleImports: Import todo: #5 'rpcrt4.dll'.
8d4.576c: supR3HardenedWinVerifyCacheScheduleImports: Import todo: #18 'ws2_32.dll'.
8d4.576c: supHardenedWinVerifyImageByHandle: -> 0 (\Device\HarddiskVolume3\Program Files\Oracle\VirtualBox\VBoxRT.dll) WinVerifyTrust
8d4.576c: supR3HardenedWinVerifyCacheInsert: \Device\HarddiskVolume3\Program Files\Oracle\VirtualBox\VBoxRT.dll
8d4.576c: supR3HardenedWinVerifyCacheProcessImportTodos: Processing 'ws2_32.dll'...
8d4.576c: supR3HardenedWinVerifyCacheProcessImportTodos: 'ws2_32.dll' -> '\Device\HarddiskVolume3\Windows\System32\ws2_32.dll' [rcNtRedir=0xc0150008]
8d4.576c: supR3HardenedMonitor_LdrLoadDll: returns rcNt=0x0 hMod=00007ffcccc40000 'C:\Windows\system32\rsaenh.dll'
8d4.576c: supR3HardenedMonitor_LdrLoadDll: returns rcNt=0x0 hMod=00007ffcce4c0000 'C:\Windows\System32\crypt32.dll'
8d4.576c: supR3HardenedWinVerifyCacheScheduleImports: Import todo: #26 'rpcrt4.dll'.
8d4.576c: supHardenedWinVerifyImageByHandle: -> 0 (\Device\HarddiskVolume3\Windows\System32\ws2_32.dll) WinVerifyTrust
8d4.576c: supR3HardenedWinVerifyCacheInsert: \Device\HarddiskVolume3\Windows\System32\ws2_32.dll
8d4.576c: supR3HardenedWinVerifyCacheProcessImportTodos: Processing 'rpcrt4.dll'...
8d4.576c: supR3HardenedWinVerifyCacheProcessImportTodos: 'rpcrt4.dll' -> '\Device\HarddiskVolume3\Windows\System32\rpcrt4.dll' [rcNtRedir=0xc0150008]
8d4.576c: supR3HardenedScreenImage/Imports: cache hit (VINF_SUCCESS) on \Device\HarddiskVolume3\Windows\System32\rpcrt4.dll
8d4.576c: supR3HardenedWinVerifyCacheProcessImportTodos: Processing 'mpr.dll'...
8d4.576c: supR3HardenedWinVerifyCacheProcessImportTodos: 'mpr.dll' -> '\Device\HarddiskVolume3\Windows\System32\mpr.dll' [rcNtRedir=0xc0150008]
8d4.576c: supR3HardenedWinVerifyCacheProcessImportTodos: Processing 'rpcrt4.dll'...
8d4.576c: supR3HardenedWinVerifyCacheProcessImportTodos: 'rpcrt4.dll' -> '\Device\HarddiskVolume3\Windows\System32\rpcrt4.dll' [rcNtRedir=0xc0150008]
8d4.576c: supR3HardenedScreenImage/Imports: cache hit (VINF_SUCCESS) on \Device\HarddiskVolume3\Windows\System32\rpcrt4.dll
8d4.576c: supR3HardenedMonitor_LdrLoadDll: returns rcNt=0x0 hMod=00007ffcccc40000 'C:\Windows\system32\rsaenh.dll'
8d4.576c: supR3HardenedMonitor_LdrLoadDll: returns rcNt=0x0 hMod=00007ffcce4c0000 'C:\Windows\System32\crypt32.dll'
8d4.576c: supHardenedWinVerifyImageByHandle: -> 0 (\Device\HarddiskVolume3\Windows\System32\mpr.dll) WinVerifyTrust
8d4.576c: supR3HardenedWinVerifyCacheInsert: \Device\HarddiskVolume3\Windows\System32\mpr.dll
8d4.576c: supR3HardenedWinVerifyCacheProcessImportTodos: Processing 'msvcp140.dll'...
8d4.576c: supR3HardenedWinVerifyCacheProcessImportTodos: 'msvcp140.dll' -> '\Device\HarddiskVolume3\Windows\System32\msvcp140.dll' [rcNtRedir=0xc0150008]
8d4.576c: \Device\HarddiskVolume3\Windows\System32\msvcp140.dll: Owner is administrators group.
8d4.576c: supR3HardenedMonitor_LdrLoadDll: returns rcNt=0x0 hMod=00007ffcccc40000 'C:\Windows\system32\rsaenh.dll'
8d4.576c: supR3HardenedScreenImage/LdrLoadDll: cache hit (VINF_SUCCESS) on \Device\HarddiskVolume3\Windows\System32\crypt32.dll
8d4.576c: supR3HardenedMonitor_LdrLoadDll: pName=C:\Windows\System32\crypt32.dll (Input=crypt32.dll, rcNtResolve=0xc0150008) *pfFlags=0x0 pwszSearchPath=0000000000000001:<flags> [calling]
8d4.576c: supR3HardenedMonitor_LdrLoadDll: returns rcNt=0x0 hMod=00007ffcce4c0000 'C:\Windows\System32\crypt32.dll'
8d4.576c: supR3HardenedWinVerifyCacheScheduleImports: Import todo: #0 'vcruntime140.dll'.
8d4.576c: supR3HardenedWinVerifyCacheScheduleImports: Import todo: #1 'vcruntime140_1.dll'.
8d4.576c: supHardenedWinVerifyImageByHandle: -> 0 (\Device\HarddiskVolume3\Windows\System32\msvcp140.dll) WinVerifyTrust
8d4.576c: supR3HardenedWinVerifyCacheInsert: \Device\HarddiskVolume3\Windows\System32\msvcp140.dll
8d4.576c: supR3HardenedWinVerifyCacheProcessImportTodos: Processing 'vcruntime140_1.dll'...
8d4.576c: supR3HardenedWinVerifyCacheProcessImportTodos: 'vcruntime140_1.dll' -> '\Device\HarddiskVolume3\Windows\System32\vcruntime140_1.dll' [rcNtRedir=0xc0150008]
8d4.576c: \Device\HarddiskVolume3\Windows\System32\vcruntime140_1.dll: Owner is administrators group.
8d4.576c: supR3HardenedWinVerifyCacheProcessImportTodos: Processing 'vcruntime140_1.dll'...
8d4.576c: supR3HardenedWinVerifyCacheProcessImportTodos: 'vcruntime140_1.dll' -> '\Device\HarddiskVolume3\Windows\System32\vcruntime140_1.dll' [rcNtRedir=0xc0150008]
8d4.576c: \Device\HarddiskVolume3\Windows\System32\vcruntime140_1.dll: Owner is administrators group.
8d4.576c: Detected WinVerifyTrust recursion: rc=VINF_SUCCESS '\Device\HarddiskVolume3\Windows\System32\vcruntime140_1.dll'.
8d4.576c: supR3HardenedWinVerifyCacheScheduleImports: Import todo: #3 'vcruntime140.dll'.
8d4.576c: supHardenedWinVerifyImageByHandle: -> 0 (\Device\HarddiskVolume3\Windows\System32\vcruntime140_1.dll)
8d4.576c: supR3HardenedWinVerifyCacheInsert: \Device\HarddiskVolume3\Windows\System32\vcruntime140_1.dll
8d4.576c: supR3HardenedWinVerifyCacheProcessImportTodos: Processing 'vcruntime140.dll'...
8d4.576c: supR3HardenedWinVerifyCacheProcessImportTodos: 'vcruntime140.dll' -> '\Device\HarddiskVolume3\Windows\System32\vcruntime140.dll' [rcNtRedir=0xc0150008]
8d4.576c: \Device\HarddiskVolume3\Windows\System32\vcruntime140.dll: Owner is administrators group.
8d4.576c: Detected WinVerifyTrust recursion: rc=VINF_SUCCESS '\Device\HarddiskVolume3\Windows\System32\vcruntime140.dll'.
8d4.576c: supHardenedWinVerifyImageByHandle: -> 0 (\Device\HarddiskVolume3\Windows\System32\vcruntime140.dll)
8d4.576c: supR3HardenedWinVerifyCacheInsert: \Device\HarddiskVolume3\Windows\System32\vcruntime140.dll
8d4.576c: supR3HardenedWinVerifyCacheProcessImportTodos: Processing 'vcruntime140.dll'...
8d4.576c: supR3HardenedWinVerifyCacheProcessImportTodos: 'vcruntime140.dll' -> '\Device\HarddiskVolume3\Windows\System32\vcruntime140.dll' [rcNtRedir=0xc0150008]
8d4.576c: supR3HardenedScreenImage/Imports: cache hit (VINF_SUCCESS) on \Device\HarddiskVolume3\Windows\System32\vcruntime140.dll [lacks WinVerifyTrust]
8d4.576c: supR3HardenedMonitor_LdrLoadDll: returns rcNt=0x0 hMod=00007ffcccc40000 'C:\Windows\system32\rsaenh.dll'
8d4.576c: supR3HardenedMonitor_LdrLoadDll: returns rcNt=0x0 hMod=00007ffcce4c0000 'C:\Windows\System32\crypt32.dll'
8d4.576c: supR3HardenedWinVerifyCacheScheduleImports: Import todo: #3 'vcruntime140.dll'.
8d4.576c: supHardenedWinVerifyImageByHandle: -> 0 (\Device\HarddiskVolume3\Windows\System32\vcruntime140_1.dll) WinVerifyTrust
8d4.576c: supR3HardenedWinVerifyCacheProcessImportTodos: Processing 'vcruntime140.dll'...
8d4.576c: supR3HardenedWinVerifyCacheProcessImportTodos: 'vcruntime140.dll' -> '\Device\HarddiskVolume3\Windows\System32\vcruntime140.dll' [rcNtRedir=0xc0150008]
8d4.576c: supR3HardenedScreenImage/Imports: cache hit (VINF_SUCCESS) on \Device\HarddiskVolume3\Windows\System32\vcruntime140.dll [redoing WinVerifyTrust]
8d4.576c: supR3HardenedScreenImage/LdrLoadDll: cache hit (VINF_SUCCESS) on \Device\HarddiskVolume3\Windows\System32\rsaenh.dll
8d4.576c: supR3HardenedWinVerifyCacheProcessImportTodos: Processing 'vcruntime140.dll'...
8d4.576c: supR3HardenedWinVerifyCacheProcessImportTodos: 'vcruntime140.dll' -> '\Device\HarddiskVolume3\Windows\System32\vcruntime140.dll' [rcNtRedir=0xc0150008]
8d4.576c: supR3HardenedScreenImage/Imports: cache hit (VINF_SUCCESS) on \Device\HarddiskVolume3\Windows\System32\vcruntime140.dll [lacks WinVerifyTrust]
8d4.576c: supR3HardenedMonitor_LdrLoadDll: pName=C:\Windows\system32\rsaenh.dll (rcNtResolve=0xc0150008) *pfFlags=0x0 pwszSearchPath=0000000000000001:<flags> [calling]
8d4.576c: supR3HardenedMonitor_LdrLoadDll: returns rcNt=0x0 hMod=00007ffcccc40000 'C:\Windows\system32\rsaenh.dll'
8d4.576c: supR3HardenedMonitor_LdrLoadDll: returns rcNt=0x0 hMod=00007ffcce4c0000 'C:\Windows\System32\crypt32.dll'
8d4.576c: supR3HardenedScreenImage/Imports: 0 (was 0) fWinVerifyTrust=1 for '\Device\HarddiskVolume3\Windows\System32\vcruntime140.dll'
8d4.576c: supR3HardenedMonitor_LdrLoadDll: pName=C:\Program Files\Oracle\VirtualBox\VBoxRT.dll (rcNtResolve=0xc0150008) *pfFlags=0x0 pwszSearchPath=0000000000000a01:<flags> [calling]
8d4.576c: supR3HardenedScreenImage/NtCreateSection: cache hit (VINF_SUCCESS) on \Device\HarddiskVolume3\Program Files\Oracle\VirtualBox\VBoxRT.dll
8d4.576c: supR3HardenedScreenImage/NtCreateSection: cache hit (VINF_SUCCESS) on \Device\HarddiskVolume3\Windows\System32\vcruntime140.dll
8d4.576c: supR3HardenedScreenImage/NtCreateSection: cache hit (VINF_SUCCESS) on \Device\HarddiskVolume3\Windows\System32\vcruntime140_1.dll [avoiding WinVerifyTrust]
8d4.576c: supR3HardenedScreenImage/NtCreateSection: cache hit (VINF_SUCCESS) on \Device\HarddiskVolume3\Windows\System32\msvcp140.dll
8d4.576c: supR3HardenedScreenImage/NtCreateSection: cache hit (VINF_SUCCESS) on \Device\HarddiskVolume3\Windows\System32\mpr.dll
8d4.576c: supR3HardenedDllNotificationCallback: load   00007ffcb4d80000 LB 0x0001e000 C:\Windows\SYSTEM32\VCRUNTIME140.dll [fFlags=0x0]
8d4.576c: supR3HardenedScreenImage/LdrLoadDll: cache hit (VINF_SUCCESS) on \Device\HarddiskVolume3\Windows\System32\vcruntime140.dll
8d4.576c: supR3HardenedDllNotificationCallback: load   00007ffc9c930000 LB 0x0000c000 C:\Windows\SYSTEM32\VCRUNTIME140_1.dll [fFlags=0x0]
8d4.576c: supR3HardenedScreenImage/LdrLoadDll: cache hit (VINF_SUCCESS) on \Device\HarddiskVolume3\Windows\System32\vcruntime140_1.dll [avoiding WinVerifyTrust]
8d4.576c: supR3HardenedDllNotificationCallback: load   00007ffc9bd20000 LB 0x00089000 C:\Windows\SYSTEM32\MSVCP140.dll [fFlags=0x0]
8d4.576c: supR3HardenedScreenImage/LdrLoadDll: cache hit (VINF_SUCCESS) on \Device\HarddiskVolume3\Windows\System32\msvcp140.dll
8d4.576c: supR3HardenedDllNotificationCallback: load   00007ffc9fc80000 LB 0x0001e000 C:\Windows\SYSTEM32\MPR.dll [fFlags=0x0]
8d4.576c: supR3HardenedScreenImage/LdrLoadDll: cache hit (VINF_SUCCESS) on \Device\HarddiskVolume3\Windows\System32\mpr.dll
8d4.576c: supR3HardenedDllNotificationCallback: load   00007ffccedd0000 LB 0x00071000 C:\Windows\System32\WS2_32.dll [fFlags=0x0]
8d4.576c: supR3HardenedScreenImage/LdrLoadDll: cache hit (VINF_SUCCESS) on \Device\HarddiskVolume3\Windows\System32\ws2_32.dll
8d4.576c: supR3HardenedDllNotificationCallback: load   00007ffc43c90000 LB 0x006f4000 C:\Program Files\Oracle\VirtualBox\VBoxRT.dll [fFlags=0x0]
8d4.576c: supR3HardenedScreenImage/LdrLoadDll: cache hit (VINF_SUCCESS) on \Device\HarddiskVolume3\Program Files\Oracle\VirtualBox\VBoxRT.dll
8d4.576c: Detected loader lock ownership: rc=VINF_SUCCESS '\Device\HarddiskVolume3\Windows\System32\vcruntime140_1.dll'.
8d4.576c: supR3HardenedWinVerifyCacheProcessWvtTodos: 0 (was 0) fWinVerifyTrust=0 for '\Device\HarddiskVolume3\Windows\System32\vcruntime140_1.dll' [rescheduled]
8d4.576c: supR3HardenedIsApiSetDll: ApiSetQueryApiSetPresence(api-ms-win-core-synch-l1-2-0) -> 0x0, fPresent=1
8d4.576c: supR3HardenedMonitor_LdrLoadDll: pName=api-ms-win-core-synch-l1-2-0 (rcNtResolve=0x0) *pfFlags=0x0 pwszSearchPath=0000000000000801:<flags> [calling]
8d4.576c: supR3HardenedMonitor_LdrLoadDll: returns rcNt=0x0 hMod=00007ffccdde0000 'api-ms-win-core-synch-l1-2-0'
8d4.576c: Detected loader lock ownership: rc=VINF_SUCCESS '\Device\HarddiskVolume3\Windows\System32\vcruntime140_1.dll'.
8d4.576c: supR3HardenedWinVerifyCacheProcessWvtTodos: 0 (was 0) fWinVerifyTrust=0 for '\Device\HarddiskVolume3\Windows\System32\vcruntime140_1.dll' [rescheduled]
8d4.576c: Detected loader lock ownership: rc=VINF_SUCCESS '\Device\HarddiskVolume3\Windows\System32\vcruntime140_1.dll'.
8d4.576c: supR3HardenedWinVerifyCacheProcessWvtTodos: 0 (was 0) fWinVerifyTrust=0 for '\Device\HarddiskVolume3\Windows\System32\vcruntime140_1.dll' [rescheduled]
8d4.576c: supR3HardenedIsApiSetDll: ApiSetQueryApiSetPresence(api-ms-win-core-fibers-l1-1-1) -> 0x0, fPresent=1
8d4.576c: supR3HardenedMonitor_LdrLoadDll: pName=api-ms-win-core-fibers-l1-1-1 (rcNtResolve=0x0) *pfFlags=0x0 pwszSearchPath=0000000000000801:<flags> [calling]
8d4.576c: supR3HardenedMonitor_LdrLoadDll: returns rcNt=0x0 hMod=00007ffccdde0000 'api-ms-win-core-fibers-l1-1-1'
8d4.576c: Detected loader lock ownership: rc=VINF_SUCCESS '\Device\HarddiskVolume3\Windows\System32\vcruntime140_1.dll'.
8d4.576c: supR3HardenedWinVerifyCacheProcessWvtTodos: 0 (was 0) fWinVerifyTrust=0 for '\Device\HarddiskVolume3\Windows\System32\vcruntime140_1.dll' [rescheduled]
8d4.576c: Detected loader lock ownership: rc=VINF_SUCCESS '\Device\HarddiskVolume3\Windows\System32\vcruntime140_1.dll'.
8d4.576c: supR3HardenedWinVerifyCacheProcessWvtTodos: 0 (was 0) fWinVerifyTrust=0 for '\Device\HarddiskVolume3\Windows\System32\vcruntime140_1.dll' [rescheduled]
8d4.576c: supR3HardenedIsApiSetDll: ApiSetQueryApiSetPresence(api-ms-win-core-synch-l1-2-0) -> 0x0, fPresent=1
8d4.576c: supR3HardenedMonitor_LdrLoadDll: pName=api-ms-win-core-synch-l1-2-0 (rcNtResolve=0x0) *pfFlags=0x0 pwszSearchPath=0000000000000801:<flags> [calling]
8d4.576c: supR3HardenedMonitor_LdrLoadDll: returns rcNt=0x0 hMod=00007ffccdde0000 'api-ms-win-core-synch-l1-2-0'
8d4.576c: Detected loader lock ownership: rc=VINF_SUCCESS '\Device\HarddiskVolume3\Windows\System32\vcruntime140_1.dll'.
8d4.576c: supR3HardenedWinVerifyCacheProcessWvtTodos: 0 (was 0) fWinVerifyTrust=0 for '\Device\HarddiskVolume3\Windows\System32\vcruntime140_1.dll' [rescheduled]
8d4.576c: Detected loader lock ownership: rc=VINF_SUCCESS '\Device\HarddiskVolume3\Windows\System32\vcruntime140_1.dll'.
8d4.576c: supR3HardenedWinVerifyCacheProcessWvtTodos: 0 (was 0) fWinVerifyTrust=0 for '\Device\HarddiskVolume3\Windows\System32\vcruntime140_1.dll' [rescheduled]
8d4.576c: supR3HardenedIsApiSetDll: ApiSetQueryApiSetPresence(api-ms-win-core-fibers-l1-1-1) -> 0x0, fPresent=1
8d4.576c: supR3HardenedMonitor_LdrLoadDll: pName=api-ms-win-core-fibers-l1-1-1 (rcNtResolve=0x0) *pfFlags=0x0 pwszSearchPath=0000000000000801:<flags> [calling]
8d4.576c: supR3HardenedMonitor_LdrLoadDll: returns rcNt=0x0 hMod=00007ffccdde0000 'api-ms-win-core-fibers-l1-1-1'
8d4.576c: Detected loader lock ownership: rc=VINF_SUCCESS '\Device\HarddiskVolume3\Windows\System32\vcruntime140_1.dll'.
8d4.576c: supR3HardenedWinVerifyCacheProcessWvtTodos: 0 (was 0) fWinVerifyTrust=0 for '\Device\HarddiskVolume3\Windows\System32\vcruntime140_1.dll' [rescheduled]
8d4.576c: Detected loader lock ownership: rc=VINF_SUCCESS '\Device\HarddiskVolume3\Windows\System32\vcruntime140_1.dll'.
8d4.576c: supR3HardenedWinVerifyCacheProcessWvtTodos: 0 (was 0) fWinVerifyTrust=0 for '\Device\HarddiskVolume3\Windows\System32\vcruntime140_1.dll' [rescheduled]
8d4.576c: supR3HardenedScreenImage/LdrLoadDll: cache hit (VINF_SUCCESS) on \Device\HarddiskVolume3\Windows\System32\kernel32.dll
8d4.576c: supR3HardenedMonitor_LdrLoadDll: pName=C:\Windows\System32\kernel32.dll (Input=kernel32, rcNtResolve=0xc0150008) *pfFlags=0x0 pwszSearchPath=0000000000000801:<flags> [calling]
8d4.576c: supR3HardenedMonitor_LdrLoadDll: returns rcNt=0x0 hMod=00007ffccf4a0000 'C:\Windows\System32\kernel32.dll'
8d4.576c: Detected loader lock ownership: rc=VINF_SUCCESS '\Device\HarddiskVolume3\Windows\System32\vcruntime140_1.dll'.
8d4.576c: supR3HardenedWinVerifyCacheProcessWvtTodos: 0 (was 0) fWinVerifyTrust=0 for '\Device\HarddiskVolume3\Windows\System32\vcruntime140_1.dll' [rescheduled]
8d4.576c: Detected loader lock ownership: rc=VINF_SUCCESS '\Device\HarddiskVolume3\Windows\System32\vcruntime140_1.dll'.
8d4.576c: supR3HardenedWinVerifyCacheProcessWvtTodos: 0 (was 0) fWinVerifyTrust=0 for '\Device\HarddiskVolume3\Windows\System32\vcruntime140_1.dll' [rescheduled]
8d4.576c: supR3HardenedIsApiSetDll: ApiSetQueryApiSetPresence(api-ms-win-core-string-l1-1-0) -> 0x0, fPresent=1
8d4.576c: supR3HardenedMonitor_LdrLoadDll: pName=api-ms-win-core-string-l1-1-0 (rcNtResolve=0x0) *pfFlags=0x0 pwszSearchPath=0000000000000801:<flags> [calling]
8d4.576c: supR3HardenedMonitor_LdrLoadDll: returns rcNt=0x0 hMod=00007ffccdde0000 'api-ms-win-core-string-l1-1-0'
8d4.576c: Detected loader lock ownership: rc=VINF_SUCCESS '\Device\HarddiskVolume3\Windows\System32\vcruntime140_1.dll'.
8d4.576c: supR3HardenedWinVerifyCacheProcessWvtTodos: 0 (was 0) fWinVerifyTrust=0 for '\Device\HarddiskVolume3\Windows\System32\vcruntime140_1.dll' [rescheduled]
8d4.576c: Detected loader lock ownership: rc=VINF_SUCCESS '\Device\HarddiskVolume3\Windows\System32\vcruntime140_1.dll'.
8d4.576c: supR3HardenedWinVerifyCacheProcessWvtTodos: 0 (was 0) fWinVerifyTrust=0 for '\Device\HarddiskVolume3\Windows\System32\vcruntime140_1.dll' [rescheduled]
8d4.576c: supR3HardenedIsApiSetDll: ApiSetQueryApiSetPresence(api-ms-win-core-localization-l1-2-1) -> 0x0, fPresent=1
8d4.576c: supR3HardenedMonitor_LdrLoadDll: pName=api-ms-win-core-localization-l1-2-1 (rcNtResolve=0x0) *pfFlags=0x0 pwszSearchPath=0000000000000801:<flags> [calling]
8d4.576c: supR3HardenedMonitor_LdrLoadDll: returns rcNt=0x0 hMod=00007ffccdde0000 'api-ms-win-core-localization-l1-2-1'
8d4.576c: Detected loader lock ownership: rc=VINF_SUCCESS '\Device\HarddiskVolume3\Windows\System32\vcruntime140_1.dll'.
8d4.576c: supR3HardenedWinVerifyCacheProcessWvtTodos: 0 (was 0) fWinVerifyTrust=0 for '\Device\HarddiskVolume3\Windows\System32\vcruntime140_1.dll' [rescheduled]
8d4.576c: Detected loader lock ownership: rc=VINF_SUCCESS '\Device\HarddiskVolume3\Windows\System32\vcruntime140_1.dll'.
8d4.576c: supR3HardenedWinVerifyCacheProcessWvtTodos: 0 (was 0) fWinVerifyTrust=0 for '\Device\HarddiskVolume3\Windows\System32\vcruntime140_1.dll' [rescheduled]
8d4.576c: supR3HardenedIsApiSetDll: ApiSetQueryApiSetPresence(api-ms-win-core-datetime-l1-1-1) -> 0x0, fPresent=1
8d4.576c: supR3HardenedMonitor_LdrLoadDll: pName=api-ms-win-core-datetime-l1-1-1 (rcNtResolve=0x0) *pfFlags=0x0 pwszSearchPath=0000000000000801:<flags> [calling]
8d4.576c: supR3HardenedMonitor_LdrLoadDll: returns rcNt=0x0 hMod=00007ffccdde0000 'api-ms-win-core-datetime-l1-1-1'
8d4.576c: Detected loader lock ownership: rc=VINF_SUCCESS '\Device\HarddiskVolume3\Windows\System32\vcruntime140_1.dll'.
8d4.576c: supR3HardenedWinVerifyCacheProcessWvtTodos: 0 (was 0) fWinVerifyTrust=0 for '\Device\HarddiskVolume3\Windows\System32\vcruntime140_1.dll' [rescheduled]
8d4.576c: Detected loader lock ownership: rc=VINF_SUCCESS '\Device\HarddiskVolume3\Windows\System32\vcruntime140_1.dll'.
8d4.576c: supR3HardenedWinVerifyCacheProcessWvtTodos: 0 (was 0) fWinVerifyTrust=0 for '\Device\HarddiskVolume3\Windows\System32\vcruntime140_1.dll' [rescheduled]
8d4.576c: supR3HardenedIsApiSetDll: ApiSetQueryApiSetPresence(api-ms-win-core-localization-obsolete-l1-2-0) -> 0x0, fPresent=1
8d4.576c: supR3HardenedMonitor_LdrLoadDll: pName=api-ms-win-core-localization-obsolete-l1-2-0 (rcNtResolve=0x0) *pfFlags=0x0 pwszSearchPath=0000000000000801:<flags> [calling]
8d4.576c: supR3HardenedMonitor_LdrLoadDll: returns rcNt=0x0 hMod=00007ffccdde0000 'api-ms-win-core-localization-obsolete-l1-2-0'
8d4.576c: Detected loader lock ownership: rc=VINF_SUCCESS '\Device\HarddiskVolume3\Windows\System32\vcruntime140_1.dll'.
8d4.576c: supR3HardenedWinVerifyCacheProcessWvtTodos: 0 (was 0) fWinVerifyTrust=0 for '\Device\HarddiskVolume3\Windows\System32\vcruntime140_1.dll' [rescheduled]
8d4.576c: Detected loader lock ownership: rc=VINF_SUCCESS '\Device\HarddiskVolume3\Windows\System32\vcruntime140_1.dll'.
8d4.576c: supR3HardenedWinVerifyCacheProcessWvtTodos: 0 (was 0) fWinVerifyTrust=0 for '\Device\HarddiskVolume3\Windows\System32\vcruntime140_1.dll' [rescheduled]
8d4.576c: supR3HardenedScreenImage/LdrLoadDll: cache hit (VINF_SUCCESS) on \Device\HarddiskVolume3\Program Files\Oracle\VirtualBox\VBoxRT.dll
8d4.576c: supR3HardenedMonitor_LdrLoadDll: pName=C:\Program Files\Oracle\VirtualBox\VBoxRT.dll (rcNtResolve=0xc0150008) *pfFlags=0x0 pwszSearchPath=0000000000000001:<flags> [calling]
8d4.576c: supR3HardenedMonitor_LdrLoadDll: returns rcNt=0x0 hMod=00007ffc43c90000 'C:\Program Files\Oracle\VirtualBox\VBoxRT.dll'
8d4.576c: Detected loader lock ownership: rc=VINF_SUCCESS '\Device\HarddiskVolume3\Windows\System32\vcruntime140_1.dll'.
8d4.576c: supR3HardenedWinVerifyCacheProcessWvtTodos: 0 (was 0) fWinVerifyTrust=0 for '\Device\HarddiskVolume3\Windows\System32\vcruntime140_1.dll' [rescheduled]
8d4.576c: Detected loader lock ownership: rc=VINF_SUCCESS '\Device\HarddiskVolume3\Windows\System32\vcruntime140_1.dll'.
8d4.576c: supR3HardenedWinVerifyCacheProcessWvtTodos: 0 (was 0) fWinVerifyTrust=0 for '\Device\HarddiskVolume3\Windows\System32\vcruntime140_1.dll' [rescheduled]
8d4.576c: supR3HardenedScreenImage/LdrLoadDll: cache hit (VINF_SUCCESS) on \Device\HarddiskVolume3\Program Files\Oracle\VirtualBox\VBoxRT.dll
8d4.576c: supR3HardenedMonitor_LdrLoadDll: pName=C:\Program Files\Oracle\VirtualBox\VBoxRT.dll (rcNtResolve=0xc0150008) *pfFlags=0x0 pwszSearchPath=0000000000000001:<flags> [calling]
8d4.576c: supR3HardenedMonitor_LdrLoadDll: returns rcNt=0x0 hMod=00007ffc43c90000 'C:\Program Files\Oracle\VirtualBox\VBoxRT.dll'
8d4.576c: Detected loader lock ownership: rc=VINF_SUCCESS '\Device\HarddiskVolume3\Windows\System32\vcruntime140_1.dll'.
8d4.576c: supR3HardenedWinVerifyCacheProcessWvtTodos: 0 (was 0) fWinVerifyTrust=0 for '\Device\HarddiskVolume3\Windows\System32\vcruntime140_1.dll' [rescheduled]
8d4.576c: Detected loader lock ownership: rc=VINF_SUCCESS '\Device\HarddiskVolume3\Windows\System32\vcruntime140_1.dll'.
8d4.576c: supR3HardenedWinVerifyCacheProcessWvtTodos: 0 (was 0) fWinVerifyTrust=0 for '\Device\HarddiskVolume3\Windows\System32\vcruntime140_1.dll' [rescheduled]
8d4.576c: supR3HardenedScreenImage/LdrLoadDll: cache hit (VINF_SUCCESS) on \Device\HarddiskVolume3\Program Files\Oracle\VirtualBox\VBoxRT.dll
8d4.576c: supR3HardenedMonitor_LdrLoadDll: pName=C:\Program Files\Oracle\VirtualBox\VBoxRT.dll (rcNtResolve=0xc0150008) *pfFlags=0x0 pwszSearchPath=0000000000000001:<flags> [calling]
8d4.576c: supR3HardenedMonitor_LdrLoadDll: returns rcNt=0x0 hMod=00007ffc43c90000 'C:\Program Files\Oracle\VirtualBox\VBoxRT.dll'
8d4.576c: Detected loader lock ownership: rc=VINF_SUCCESS '\Device\HarddiskVolume3\Windows\System32\vcruntime140_1.dll'.
8d4.576c: supR3HardenedWinVerifyCacheProcessWvtTodos: 0 (was 0) fWinVerifyTrust=0 for '\Device\HarddiskVolume3\Windows\System32\vcruntime140_1.dll' [rescheduled]
8d4.576c: Detected loader lock ownership: rc=VINF_SUCCESS '\Device\HarddiskVolume3\Windows\System32\vcruntime140_1.dll'.
8d4.576c: supR3HardenedWinVerifyCacheProcessWvtTodos: 0 (was 0) fWinVerifyTrust=0 for '\Device\HarddiskVolume3\Windows\System32\vcruntime140_1.dll' [rescheduled]
8d4.576c: supR3HardenedScreenImage/LdrLoadDll: cache hit (VINF_SUCCESS) on \Device\HarddiskVolume3\Program Files\Oracle\VirtualBox\VBoxRT.dll
8d4.576c: supR3HardenedMonitor_LdrLoadDll: pName=C:\Program Files\Oracle\VirtualBox\VBoxRT.dll (rcNtResolve=0xc0150008) *pfFlags=0x0 pwszSearchPath=0000000000000001:<flags> [calling]
8d4.576c: supR3HardenedMonitor_LdrLoadDll: returns rcNt=0x0 hMod=00007ffc43c90000 'C:\Program Files\Oracle\VirtualBox\VBoxRT.dll'
8d4.576c: Detected loader lock ownership: rc=VINF_SUCCESS '\Device\HarddiskVolume3\Windows\System32\vcruntime140_1.dll'.
8d4.576c: supR3HardenedWinVerifyCacheProcessWvtTodos: 0 (was 0) fWinVerifyTrust=0 for '\Device\HarddiskVolume3\Windows\System32\vcruntime140_1.dll' [rescheduled]
8d4.576c: Detected loader lock ownership: rc=VINF_SUCCESS '\Device\HarddiskVolume3\Windows\System32\vcruntime140_1.dll'.
8d4.576c: supR3HardenedWinVerifyCacheProcessWvtTodos: 0 (was 0) fWinVerifyTrust=0 for '\Device\HarddiskVolume3\Windows\System32\vcruntime140_1.dll' [rescheduled]
8d4.576c: supR3HardenedScreenImage/LdrLoadDll: cache hit (VINF_SUCCESS) on \Device\HarddiskVolume3\Program Files\Oracle\VirtualBox\VBoxRT.dll
8d4.576c: supR3HardenedMonitor_LdrLoadDll: pName=C:\Program Files\Oracle\VirtualBox\VBoxRT.dll (rcNtResolve=0xc0150008) *pfFlags=0x0 pwszSearchPath=0000000000000001:<flags> [calling]
8d4.576c: supR3HardenedMonitor_LdrLoadDll: returns rcNt=0x0 hMod=00007ffc43c90000 'C:\Program Files\Oracle\VirtualBox\VBoxRT.dll'
8d4.576c: Detected loader lock ownership: rc=VINF_SUCCESS '\Device\HarddiskVolume3\Windows\System32\vcruntime140_1.dll'.
8d4.576c: supR3HardenedWinVerifyCacheProcessWvtTodos: 0 (was 0) fWinVerifyTrust=0 for '\Device\HarddiskVolume3\Windows\System32\vcruntime140_1.dll' [rescheduled]
8d4.576c: Detected loader lock ownership: rc=VINF_SUCCESS '\Device\HarddiskVolume3\Windows\System32\vcruntime140_1.dll'.
8d4.576c: supR3HardenedWinVerifyCacheProcessWvtTodos: 0 (was 0) fWinVerifyTrust=0 for '\Device\HarddiskVolume3\Windows\System32\vcruntime140_1.dll' [rescheduled]
8d4.576c: supR3HardenedScreenImage/LdrLoadDll: cache hit (VINF_SUCCESS) on \Device\HarddiskVolume3\Program Files\Oracle\VirtualBox\VBoxRT.dll
8d4.576c: supR3HardenedMonitor_LdrLoadDll: pName=C:\Program Files\Oracle\VirtualBox\VBoxRT.dll (rcNtResolve=0xc0150008) *pfFlags=0x0 pwszSearchPath=0000000000000001:<flags> [calling]
8d4.576c: supR3HardenedMonitor_LdrLoadDll: returns rcNt=0x0 hMod=00007ffc43c90000 'C:\Program Files\Oracle\VirtualBox\VBoxRT.dll'
8d4.576c: Detected loader lock ownership: rc=VINF_SUCCESS '\Device\HarddiskVolume3\Windows\System32\vcruntime140_1.dll'.
8d4.576c: supR3HardenedWinVerifyCacheProcessWvtTodos: 0 (was 0) fWinVerifyTrust=0 for '\Device\HarddiskVolume3\Windows\System32\vcruntime140_1.dll' [rescheduled]
8d4.576c: Detected loader lock ownership: rc=VINF_SUCCESS '\Device\HarddiskVolume3\Windows\System32\vcruntime140_1.dll'.
8d4.576c: supR3HardenedWinVerifyCacheProcessWvtTodos: 0 (was 0) fWinVerifyTrust=0 for '\Device\HarddiskVolume3\Windows\System32\vcruntime140_1.dll' [rescheduled]
8d4.576c: supR3HardenedMonitor_LdrLoadDll: returns rcNt=0x0 hMod=00007ffc43c90000 'C:\Program Files\Oracle\VirtualBox\VBoxRT.dll'
8d4.576c: Detected loader lock ownership: rc=VINF_SUCCESS '\Device\HarddiskVolume3\Windows\System32\vcruntime140_1.dll'.
8d4.576c: supR3HardenedWinVerifyCacheProcessWvtTodos: 0 (was 0) fWinVerifyTrust=0 for '\Device\HarddiskVolume3\Windows\System32\vcruntime140_1.dll' [rescheduled]
8d4.576c: Detected loader lock ownership: rc=VINF_SUCCESS '\Device\HarddiskVolume3\Windows\System32\vcruntime140_1.dll'.
8d4.576c: supR3HardenedWinVerifyCacheProcessWvtTodos: 0 (was 0) fWinVerifyTrust=0 for '\Device\HarddiskVolume3\Windows\System32\vcruntime140_1.dll' [rescheduled]
8d4.576c: supR3HardenedMonitor_LdrLoadDll: returns rcNt=0x0 hMod=00007ffc43c90000 'C:\Program Files\Oracle\VirtualBox\VBoxRT.dll'
8d4.576c: Detected loader lock ownership: rc=VINF_SUCCESS '\Device\HarddiskVolume3\Windows\System32\vcruntime140_1.dll'.
8d4.576c: supR3HardenedWinVerifyCacheProcessWvtTodos: 0 (was 0) fWinVerifyTrust=0 for '\Device\HarddiskVolume3\Windows\System32\vcruntime140_1.dll' [rescheduled]
8d4.576c: Detected loader lock ownership: rc=VINF_SUCCESS '\Device\HarddiskVolume3\Windows\System32\vcruntime140_1.dll'.
8d4.576c: supR3HardenedWinVerifyCacheProcessWvtTodos: 0 (was 0) fWinVerifyTrust=0 for '\Device\HarddiskVolume3\Windows\System32\vcruntime140_1.dll' [rescheduled]
8d4.576c: supR3HardenedMonitor_LdrLoadDll: returns rcNt=0x0 hMod=00007ffc43c90000 'C:\Program Files\Oracle\VirtualBox\VBoxRT.dll'
8d4.576c: Detected loader lock ownership: rc=VINF_SUCCESS '\Device\HarddiskVolume3\Windows\System32\vcruntime140_1.dll'.
8d4.576c: supR3HardenedWinVerifyCacheProcessWvtTodos: 0 (was 0) fWinVerifyTrust=0 for '\Device\HarddiskVolume3\Windows\System32\vcruntime140_1.dll' [rescheduled]
8d4.576c: Detected loader lock ownership: rc=VINF_SUCCESS '\Device\HarddiskVolume3\Windows\System32\vcruntime140_1.dll'.
8d4.576c: supR3HardenedWinVerifyCacheProcessWvtTodos: 0 (was 0) fWinVerifyTrust=0 for '\Device\HarddiskVolume3\Windows\System32\vcruntime140_1.dll' [rescheduled]
8d4.576c: supR3HardenedMonitor_LdrLoadDll: returns rcNt=0x0 hMod=00007ffc43c90000 'C:\Program Files\Oracle\VirtualBox\VBoxRT.dll'
8d4.576c: Detected loader lock ownership: rc=VINF_SUCCESS '\Device\HarddiskVolume3\Windows\System32\vcruntime140_1.dll'.
8d4.576c: supR3HardenedWinVerifyCacheProcessWvtTodos: 0 (was 0) fWinVerifyTrust=0 for '\Device\HarddiskVolume3\Windows\System32\vcruntime140_1.dll' [rescheduled]
8d4.576c: Detected loader lock ownership: rc=VINF_SUCCESS '\Device\HarddiskVolume3\Windows\System32\vcruntime140_1.dll'.
8d4.576c: supR3HardenedWinVerifyCacheProcessWvtTodos: 0 (was 0) fWinVerifyTrust=0 for '\Device\HarddiskVolume3\Windows\System32\vcruntime140_1.dll' [rescheduled]
8d4.576c: supR3HardenedMonitor_LdrLoadDll: returns rcNt=0x0 hMod=00007ffc43c90000 'C:\Program Files\Oracle\VirtualBox\VBoxRT.dll'
8d4.576c: Detected loader lock ownership: rc=VINF_SUCCESS '\Device\HarddiskVolume3\Windows\System32\vcruntime140_1.dll'.
8d4.576c: supR3HardenedWinVerifyCacheProcessWvtTodos: 0 (was 0) fWinVerifyTrust=0 for '\Device\HarddiskVolume3\Windows\System32\vcruntime140_1.dll' [rescheduled]
8d4.576c: Detected loader lock ownership: rc=VINF_SUCCESS '\Device\HarddiskVolume3\Windows\System32\vcruntime140_1.dll'.
8d4.576c: supR3HardenedWinVerifyCacheProcessWvtTodos: 0 (was 0) fWinVerifyTrust=0 for '\Device\HarddiskVolume3\Windows\System32\vcruntime140_1.dll' [rescheduled]
8d4.576c: supR3HardenedMonitor_LdrLoadDll: returns rcNt=0x0 hMod=00007ffc43c90000 'C:\Program Files\Oracle\VirtualBox\VBoxRT.dll'
8d4.576c: Detected loader lock ownership: rc=VINF_SUCCESS '\Device\HarddiskVolume3\Windows\System32\vcruntime140_1.dll'.
8d4.576c: supR3HardenedWinVerifyCacheProcessWvtTodos: 0 (was 0) fWinVerifyTrust=0 for '\Device\HarddiskVolume3\Windows\System32\vcruntime140_1.dll' [rescheduled]
8d4.576c: Detected loader lock ownership: rc=VINF_SUCCESS '\Device\HarddiskVolume3\Windows\System32\vcruntime140_1.dll'.
8d4.576c: supR3HardenedWinVerifyCacheProcessWvtTodos: 0 (was 0) fWinVerifyTrust=0 for '\Device\HarddiskVolume3\Windows\System32\vcruntime140_1.dll' [rescheduled]
8d4.576c: supR3HardenedMonitor_LdrLoadDll: returns rcNt=0x0 hMod=00007ffc43c90000 'C:\Program Files\Oracle\VirtualBox\VBoxRT.dll'
8d4.576c: Detected loader lock ownership: rc=VINF_SUCCESS '\Device\HarddiskVolume3\Windows\System32\vcruntime140_1.dll'.
8d4.576c: supR3HardenedWinVerifyCacheProcessWvtTodos: 0 (was 0) fWinVerifyTrust=0 for '\Device\HarddiskVolume3\Windows\System32\vcruntime140_1.dll' [rescheduled]
8d4.576c: Detected loader lock ownership: rc=VINF_SUCCESS '\Device\HarddiskVolume3\Windows\System32\vcruntime140_1.dll'.
8d4.576c: supR3HardenedWinVerifyCacheProcessWvtTodos: 0 (was 0) fWinVerifyTrust=0 for '\Device\HarddiskVolume3\Windows\System32\vcruntime140_1.dll' [rescheduled]
8d4.576c: supR3HardenedScreenImage/LdrLoadDll: cache hit (VINF_SUCCESS) on \Device\HarddiskVolume3\Program Files\Oracle\VirtualBox\VBoxRT.dll
8d4.576c: supR3HardenedMonitor_LdrLoadDll: pName=C:\Program Files\Oracle\VirtualBox\VBoxRT.dll (rcNtResolve=0xc0150008) *pfFlags=0x0 pwszSearchPath=0000000000000001:<flags> [calling]
8d4.576c: supR3HardenedMonitor_LdrLoadDll: returns rcNt=0x0 hMod=00007ffc43c90000 'C:\Program Files\Oracle\VirtualBox\VBoxRT.dll'
8d4.576c: Detected loader lock ownership: rc=VINF_SUCCESS '\Device\HarddiskVolume3\Windows\System32\vcruntime140_1.dll'.
8d4.576c: supR3HardenedWinVerifyCacheProcessWvtTodos: 0 (was 0) fWinVerifyTrust=0 for '\Device\HarddiskVolume3\Windows\System32\vcruntime140_1.dll' [rescheduled]
8d4.576c: Detected loader lock ownership: rc=VINF_SUCCESS '\Device\HarddiskVolume3\Windows\System32\vcruntime140_1.dll'.
8d4.576c: supR3HardenedWinVerifyCacheProcessWvtTodos: 0 (was 0) fWinVerifyTrust=0 for '\Device\HarddiskVolume3\Windows\System32\vcruntime140_1.dll' [rescheduled]
8d4.576c: supR3HardenedMonitor_LdrLoadDll: returns rcNt=0x0 hMod=00007ffc43c90000 'C:\Program Files\Oracle\VirtualBox\VBoxRT.dll'
8d4.576c: Detected loader lock ownership: rc=VINF_SUCCESS '\Device\HarddiskVolume3\Windows\System32\vcruntime140_1.dll'.
8d4.576c: supR3HardenedWinVerifyCacheProcessWvtTodos: 0 (was 0) fWinVerifyTrust=0 for '\Device\HarddiskVolume3\Windows\System32\vcruntime140_1.dll' [rescheduled]
8d4.576c: Detected loader lock ownership: rc=VINF_SUCCESS '\Device\HarddiskVolume3\Windows\System32\vcruntime140_1.dll'.
8d4.576c: supR3HardenedWinVerifyCacheProcessWvtTodos: 0 (was 0) fWinVerifyTrust=0 for '\Device\HarddiskVolume3\Windows\System32\vcruntime140_1.dll' [rescheduled]
8d4.576c: supR3HardenedMonitor_LdrLoadDll: returns rcNt=0x0 hMod=00007ffc43c90000 'C:\Program Files\Oracle\VirtualBox\VBoxRT.dll'
8d4.576c: Detected loader lock ownership: rc=VINF_SUCCESS '\Device\HarddiskVolume3\Windows\System32\vcruntime140_1.dll'.
8d4.576c: supR3HardenedWinVerifyCacheProcessWvtTodos: 0 (was 0) fWinVerifyTrust=0 for '\Device\HarddiskVolume3\Windows\System32\vcruntime140_1.dll' [rescheduled]
8d4.576c: Detected loader lock ownership: rc=VINF_SUCCESS '\Device\HarddiskVolume3\Windows\System32\vcruntime140_1.dll'.
8d4.576c: supR3HardenedWinVerifyCacheProcessWvtTodos: 0 (was 0) fWinVerifyTrust=0 for '\Device\HarddiskVolume3\Windows\System32\vcruntime140_1.dll' [rescheduled]
8d4.576c: supR3HardenedMonitor_LdrLoadDll: returns rcNt=0x0 hMod=00007ffc43c90000 'C:\Program Files\Oracle\VirtualBox\VBoxRT.dll'
8d4.576c: Detected loader lock ownership: rc=VINF_SUCCESS '\Device\HarddiskVolume3\Windows\System32\vcruntime140_1.dll'.
8d4.576c: supR3HardenedWinVerifyCacheProcessWvtTodos: 0 (was 0) fWinVerifyTrust=0 for '\Device\HarddiskVolume3\Windows\System32\vcruntime140_1.dll' [rescheduled]
8d4.576c: Detected loader lock ownership: rc=VINF_SUCCESS '\Device\HarddiskVolume3\Windows\System32\vcruntime140_1.dll'.
8d4.576c: supR3HardenedWinVerifyCacheProcessWvtTodos: 0 (was 0) fWinVerifyTrust=0 for '\Device\HarddiskVolume3\Windows\System32\vcruntime140_1.dll' [rescheduled]
8d4.576c: supR3HardenedMonitor_LdrLoadDll: returns rcNt=0x0 hMod=00007ffc43c90000 'C:\Program Files\Oracle\VirtualBox\VBoxRT.dll'
8d4.576c: Detected loader lock ownership: rc=VINF_SUCCESS '\Device\HarddiskVolume3\Windows\System32\vcruntime140_1.dll'.
8d4.576c: supR3HardenedWinVerifyCacheProcessWvtTodos: 0 (was 0) fWinVerifyTrust=0 for '\Device\HarddiskVolume3\Windows\System32\vcruntime140_1.dll' [rescheduled]
8d4.576c: Detected loader lock ownership: rc=VINF_SUCCESS '\Device\HarddiskVolume3\Windows\System32\vcruntime140_1.dll'.
8d4.576c: supR3HardenedWinVerifyCacheProcessWvtTodos: 0 (was 0) fWinVerifyTrust=0 for '\Device\HarddiskVolume3\Windows\System32\vcruntime140_1.dll' [rescheduled]
8d4.576c: supR3HardenedMonitor_LdrLoadDll: returns rcNt=0x0 hMod=00007ffc43c90000 'C:\Program Files\Oracle\VirtualBox\VBoxRT.dll'
8d4.576c: Detected loader lock ownership: rc=VINF_SUCCESS '\Device\HarddiskVolume3\Windows\System32\vcruntime140_1.dll'.
8d4.576c: supR3HardenedWinVerifyCacheProcessWvtTodos: 0 (was 0) fWinVerifyTrust=0 for '\Device\HarddiskVolume3\Windows\System32\vcruntime140_1.dll' [rescheduled]
8d4.576c: Detected loader lock ownership: rc=VINF_SUCCESS '\Device\HarddiskVolume3\Windows\System32\vcruntime140_1.dll'.
8d4.576c: supR3HardenedWinVerifyCacheProcessWvtTodos: 0 (was 0) fWinVerifyTrust=0 for '\Device\HarddiskVolume3\Windows\System32\vcruntime140_1.dll' [rescheduled]
8d4.576c: supR3HardenedMonitor_LdrLoadDll: returns rcNt=0x0 hMod=00007ffc43c90000 'C:\Program Files\Oracle\VirtualBox\VBoxRT.dll'
8d4.576c: Detected loader lock ownership: rc=VINF_SUCCESS '\Device\HarddiskVolume3\Windows\System32\vcruntime140_1.dll'.
8d4.576c: supR3HardenedWinVerifyCacheProcessWvtTodos: 0 (was 0) fWinVerifyTrust=0 for '\Device\HarddiskVolume3\Windows\System32\vcruntime140_1.dll' [rescheduled]
8d4.576c: Detected loader lock ownership: rc=VINF_SUCCESS '\Device\HarddiskVolume3\Windows\System32\vcruntime140_1.dll'.
8d4.576c: supR3HardenedWinVerifyCacheProcessWvtTodos: 0 (was 0) fWinVerifyTrust=0 for '\Device\HarddiskVolume3\Windows\System32\vcruntime140_1.dll' [rescheduled]
8d4.576c: supR3HardenedMonitor_LdrLoadDll: returns rcNt=0x0 hMod=00007ffc43c90000 'C:\Program Files\Oracle\VirtualBox\VBoxRT.dll'
8d4.576c: Detected loader lock ownership: rc=VINF_SUCCESS '\Device\HarddiskVolume3\Windows\System32\vcruntime140_1.dll'.
8d4.576c: supR3HardenedWinVerifyCacheProcessWvtTodos: 0 (was 0) fWinVerifyTrust=0 for '\Device\HarddiskVolume3\Windows\System32\vcruntime140_1.dll' [rescheduled]
8d4.576c: Detected loader lock ownership: rc=VINF_SUCCESS '\Device\HarddiskVolume3\Windows\System32\vcruntime140_1.dll'.
8d4.576c: supR3HardenedWinVerifyCacheProcessWvtTodos: 0 (was 0) fWinVerifyTrust=0 for '\Device\HarddiskVolume3\Windows\System32\vcruntime140_1.dll' [rescheduled]
8d4.576c: supR3HardenedMonitor_LdrLoadDll: returns rcNt=0x0 hMod=00007ffc43c90000 'C:\Program Files\Oracle\VirtualBox\VBoxRT.dll'
8d4.576c: Detected loader lock ownership: rc=VINF_SUCCESS '\Device\HarddiskVolume3\Windows\System32\vcruntime140_1.dll'.
8d4.576c: supR3HardenedWinVerifyCacheProcessWvtTodos: 0 (was 0) fWinVerifyTrust=0 for '\Device\HarddiskVolume3\Windows\System32\vcruntime140_1.dll' [rescheduled]
8d4.576c: Detected loader lock ownership: rc=VINF_SUCCESS '\Device\HarddiskVolume3\Windows\System32\vcruntime140_1.dll'.
8d4.576c: supR3HardenedWinVerifyCacheProcessWvtTodos: 0 (was 0) fWinVerifyTrust=0 for '\Device\HarddiskVolume3\Windows\System32\vcruntime140_1.dll' [rescheduled]
8d4.576c: supR3HardenedMonitor_LdrLoadDll: returns rcNt=0x0 hMod=00007ffc43c90000 'C:\Program Files\Oracle\VirtualBox\VBoxRT.dll'
8d4.576c: Detected loader lock ownership: rc=VINF_SUCCESS '\Device\HarddiskVolume3\Windows\System32\vcruntime140_1.dll'.
8d4.576c: supR3HardenedWinVerifyCacheProcessWvtTodos: 0 (was 0) fWinVerifyTrust=0 for '\Device\HarddiskVolume3\Windows\System32\vcruntime140_1.dll' [rescheduled]
8d4.576c: Detected loader lock ownership: rc=VINF_SUCCESS '\Device\HarddiskVolume3\Windows\System32\vcruntime140_1.dll'.
8d4.576c: supR3HardenedWinVerifyCacheProcessWvtTodos: 0 (was 0) fWinVerifyTrust=0 for '\Device\HarddiskVolume3\Windows\System32\vcruntime140_1.dll' [rescheduled]
8d4.576c: supR3HardenedMonitor_LdrLoadDll: returns rcNt=0x0 hMod=00007ffc43c90000 'C:\Program Files\Oracle\VirtualBox\VBoxRT.dll'
8d4.576c: Detected loader lock ownership: rc=VINF_SUCCESS '\Device\HarddiskVolume3\Windows\System32\vcruntime140_1.dll'.
8d4.576c: supR3HardenedWinVerifyCacheProcessWvtTodos: 0 (was 0) fWinVerifyTrust=0 for '\Device\HarddiskVolume3\Windows\System32\vcruntime140_1.dll' [rescheduled]
8d4.576c: Detected loader lock ownership: rc=VINF_SUCCESS '\Device\HarddiskVolume3\Windows\System32\vcruntime140_1.dll'.
8d4.576c: supR3HardenedWinVerifyCacheProcessWvtTodos: 0 (was 0) fWinVerifyTrust=0 for '\Device\HarddiskVolume3\Windows\System32\vcruntime140_1.dll' [rescheduled]
8d4.576c: supR3HardenedMonitor_LdrLoadDll: returns rcNt=0x0 hMod=00007ffc43c90000 'C:\Program Files\Oracle\VirtualBox\VBoxRT.dll'
8d4.576c: Detected loader lock ownership: rc=VINF_SUCCESS '\Device\HarddiskVolume3\Windows\System32\vcruntime140_1.dll'.
8d4.576c: supR3HardenedWinVerifyCacheProcessWvtTodos: 0 (was 0) fWinVerifyTrust=0 for '\Device\HarddiskVolume3\Windows\System32\vcruntime140_1.dll' [rescheduled]
8d4.576c: Detected loader lock ownership: rc=VINF_SUCCESS '\Device\HarddiskVolume3\Windows\System32\vcruntime140_1.dll'.
8d4.576c: supR3HardenedWinVerifyCacheProcessWvtTodos: 0 (was 0) fWinVerifyTrust=0 for '\Device\HarddiskVolume3\Windows\System32\vcruntime140_1.dll' [rescheduled]
8d4.576c: supR3HardenedMonitor_LdrLoadDll: returns rcNt=0x0 hMod=00007ffc43c90000 'C:\Program Files\Oracle\VirtualBox\VBoxRT.dll'
8d4.576c: Detected loader lock ownership: rc=VINF_SUCCESS '\Device\HarddiskVolume3\Windows\System32\vcruntime140_1.dll'.
8d4.576c: supR3HardenedWinVerifyCacheProcessWvtTodos: 0 (was 0) fWinVerifyTrust=0 for '\Device\HarddiskVolume3\Windows\System32\vcruntime140_1.dll' [rescheduled]
8d4.576c: Detected loader lock ownership: rc=VINF_SUCCESS '\Device\HarddiskVolume3\Windows\System32\vcruntime140_1.dll'.
8d4.576c: supR3HardenedWinVerifyCacheProcessWvtTodos: 0 (was 0) fWinVerifyTrust=0 for '\Device\HarddiskVolume3\Windows\System32\vcruntime140_1.dll' [rescheduled]
8d4.576c: supR3HardenedMonitor_LdrLoadDll: returns rcNt=0x0 hMod=00007ffc43c90000 'C:\Program Files\Oracle\VirtualBox\VBoxRT.dll'
8d4.576c: Detected loader lock ownership: rc=VINF_SUCCESS '\Device\HarddiskVolume3\Windows\System32\vcruntime140_1.dll'.
8d4.576c: supR3HardenedWinVerifyCacheProcessWvtTodos: 0 (was 0) fWinVerifyTrust=0 for '\Device\HarddiskVolume3\Windows\System32\vcruntime140_1.dll' [rescheduled]
8d4.576c: Detected loader lock ownership: rc=VINF_SUCCESS '\Device\HarddiskVolume3\Windows\System32\vcruntime140_1.dll'.
8d4.576c: supR3HardenedWinVerifyCacheProcessWvtTodos: 0 (was 0) fWinVerifyTrust=0 for '\Device\HarddiskVolume3\Windows\System32\vcruntime140_1.dll' [rescheduled]
8d4.576c: supR3HardenedMonitor_LdrLoadDll: returns rcNt=0x0 hMod=00007ffc43c90000 'C:\Program Files\Oracle\VirtualBox\VBoxRT.dll'
8d4.576c: Detected loader lock ownership: rc=VINF_SUCCESS '\Device\HarddiskVolume3\Windows\System32\vcruntime140_1.dll'.
8d4.576c: supR3HardenedWinVerifyCacheProcessWvtTodos: 0 (was 0) fWinVerifyTrust=0 for '\Device\HarddiskVolume3\Windows\System32\vcruntime140_1.dll' [rescheduled]
8d4.576c: Detected loader lock ownership: rc=VINF_SUCCESS '\Device\HarddiskVolume3\Windows\System32\vcruntime140_1.dll'.
8d4.576c: supR3HardenedWinVerifyCacheProcessWvtTodos: 0 (was 0) fWinVerifyTrust=0 for '\Device\HarddiskVolume3\Windows\System32\vcruntime140_1.dll' [rescheduled]
8d4.576c: supR3HardenedMonitor_LdrLoadDll: returns rcNt=0x0 hMod=00007ffc43c90000 'C:\Program Files\Oracle\VirtualBox\VBoxRT.dll'
8d4.576c: Detected loader lock ownership: rc=VINF_SUCCESS '\Device\HarddiskVolume3\Windows\System32\vcruntime140_1.dll'.
8d4.576c: supR3HardenedWinVerifyCacheProcessWvtTodos: 0 (was 0) fWinVerifyTrust=0 for '\Device\HarddiskVolume3\Windows\System32\vcruntime140_1.dll' [rescheduled]
8d4.576c: Detected loader lock ownership: rc=VINF_SUCCESS '\Device\HarddiskVolume3\Windows\System32\vcruntime140_1.dll'.
8d4.576c: supR3HardenedWinVerifyCacheProcessWvtTodos: 0 (was 0) fWinVerifyTrust=0 for '\Device\HarddiskVolume3\Windows\System32\vcruntime140_1.dll' [rescheduled]
8d4.576c: supR3HardenedScreenImage/LdrLoadDll: cache hit (VINF_SUCCESS) on \Device\HarddiskVolume3\Program Files\Oracle\VirtualBox\VBoxRT.dll
8d4.576c: supR3HardenedMonitor_LdrLoadDll: pName=C:\Program Files\Oracle\VirtualBox\VBoxRT.dll (rcNtResolve=0xc0150008) *pfFlags=0x0 pwszSearchPath=0000000000000001:<flags> [calling]
8d4.576c: supR3HardenedMonitor_LdrLoadDll: returns rcNt=0x0 hMod=00007ffc43c90000 'C:\Program Files\Oracle\VirtualBox\VBoxRT.dll'
8d4.576c: Detected loader lock ownership: rc=VINF_SUCCESS '\Device\HarddiskVolume3\Windows\System32\vcruntime140_1.dll'.
8d4.576c: supR3HardenedWinVerifyCacheProcessWvtTodos: 0 (was 0) fWinVerifyTrust=0 for '\Device\HarddiskVolume3\Windows\System32\vcruntime140_1.dll' [rescheduled]
8d4.576c: Detected loader lock ownership: rc=VINF_SUCCESS '\Device\HarddiskVolume3\Windows\System32\vcruntime140_1.dll'.
8d4.576c: supR3HardenedWinVerifyCacheProcessWvtTodos: 0 (was 0) fWinVerifyTrust=0 for '\Device\HarddiskVolume3\Windows\System32\vcruntime140_1.dll' [rescheduled]
8d4.576c: supR3HardenedMonitor_LdrLoadDll: returns rcNt=0x0 hMod=00007ffc43c90000 'C:\Program Files\Oracle\VirtualBox\VBoxRT.dll'
8d4.576c: Detected loader lock ownership: rc=VINF_SUCCESS '\Device\HarddiskVolume3\Windows\System32\vcruntime140_1.dll'.
8d4.576c: supR3HardenedWinVerifyCacheProcessWvtTodos: 0 (was 0) fWinVerifyTrust=0 for '\Device\HarddiskVolume3\Windows\System32\vcruntime140_1.dll' [rescheduled]
8d4.576c: Detected loader lock ownership: rc=VINF_SUCCESS '\Device\HarddiskVolume3\Windows\System32\vcruntime140_1.dll'.
8d4.576c: supR3HardenedWinVerifyCacheProcessWvtTodos: 0 (was 0) fWinVerifyTrust=0 for '\Device\HarddiskVolume3\Windows\System32\vcruntime140_1.dll' [rescheduled]
8d4.576c: supR3HardenedMonitor_LdrLoadDll: returns rcNt=0x0 hMod=00007ffc43c90000 'C:\Program Files\Oracle\VirtualBox\VBoxRT.dll'
8d4.576c: Detected loader lock ownership: rc=VINF_SUCCESS '\Device\HarddiskVolume3\Windows\System32\vcruntime140_1.dll'.
8d4.576c: supR3HardenedWinVerifyCacheProcessWvtTodos: 0 (was 0) fWinVerifyTrust=0 for '\Device\HarddiskVolume3\Windows\System32\vcruntime140_1.dll' [rescheduled]
8d4.576c: supR3HardenedMonitor_LdrLoadDll: returns rcNt=0x0 hMod=00007ffc43c90000 'C:\Program Files\Oracle\VirtualBox\VBoxRT.dll'
8d4.576c: supR3HardenedMonitor_LdrLoadDll: returns rcNt=0x0 hMod=00007ffcccc40000 'C:\Windows\system32\rsaenh.dll'
8d4.576c: supR3HardenedMonitor_LdrLoadDll: returns rcNt=0x0 hMod=00007ffcce4c0000 'C:\Windows\System32\crypt32.dll'
8d4.576c: supR3HardenedWinVerifyCacheProcessWvtTodos: 0 (was 0) fWinVerifyTrust=1 for '\Device\HarddiskVolume3\Windows\System32\vcruntime140_1.dll'
8d4.576c: supR3HardenedScreenImage/LdrLoadDll: cache hit (VINF_SUCCESS) on \Device\HarddiskVolume3\Windows\System32\wintrust.dll
8d4.576c: supR3HardenedMonitor_LdrLoadDll: pName=C:\Windows\system32\Wintrust.dll (rcNtResolve=0xc0150008) *pfFlags=0x0 pwszSearchPath=0000000000000801:<flags> [calling]
8d4.576c: supR3HardenedMonitor_LdrLoadDll: returns rcNt=0x0 hMod=00007ffcce630000 'C:\Windows\system32\Wintrust.dll'
8d4.576c: supR3HardenedMonitor_LdrLoadDll: returns rcNt=0x0 hMod=00007ffcccc40000 'C:\Windows\system32\rsaenh.dll'
8d4.576c: supR3HardenedMonitor_LdrLoadDll: returns rcNt=0x0 hMod=00007ffcce4c0000 'C:\Windows\System32\crypt32.dll'
8d4.576c: supR3HardenedMonitor_LdrLoadDll: returns rcNt=0x0 hMod=00007ffcccc40000 'C:\Windows\system32\rsaenh.dll'
8d4.576c: supR3HardenedMonitor_LdrLoadDll: returns rcNt=0x0 hMod=00007ffcce4c0000 'C:\Windows\System32\crypt32.dll'
8d4.576c: supR3HardenedMonitor_LdrLoadDll: returns rcNt=0x0 hMod=00007ffcce4c0000 'C:\Windows\system32\crypt32.dll'
8d4.576c: SUPR3HardenedMain: Load TrustedMain...
8d4.649c: supR3HardenedIsApiSetDll: ApiSetQueryApiSetPresence(api-ms-win-appmodel-runtime-l1-1-2) -> 0x0, fPresent=1
8d4.649c: supR3HardenedMonitor_LdrLoadDll: pName=api-ms-win-appmodel-runtime-l1-1-2 (rcNtResolve=0x0) *pfFlags=0x0 pwszSearchPath=0000000000000801:<flags> [calling]
8d4.649c: supR3HardenedWinVerifyCacheScheduleImports: Import todo: #8 'msvcrt.dll'.
8d4.649c: supHardenedWinVerifyImageByHandle: -> 0 (\Device\HarddiskVolume3\Windows\System32\kernel.appcore.dll)
8d4.649c: supR3HardenedWinVerifyCacheInsert: \Device\HarddiskVolume3\Windows\System32\kernel.appcore.dll
8d4.649c: supR3HardenedDllNotificationCallback: load   00007ffcccc80000 LB 0x00018000 C:\Windows\SYSTEM32\kernel.appcore.dll [fFlags=0x0]
8d4.649c: supR3HardenedScreenImage/LdrLoadDll: cache hit (VINF_SUCCESS) on \Device\HarddiskVolume3\Windows\System32\kernel.appcore.dll [avoiding WinVerifyTrust]
8d4.649c: supR3HardenedMonitor_LdrLoadDll: returns rcNt=0x0 hMod=00007ffcccc80000 'api-ms-win-appmodel-runtime-l1-1-2'
8d4.649c: supR3HardenedWinVerifyCacheProcessImportTodos: Processing 'msvcrt.dll'...
8d4.649c: supR3HardenedWinVerifyCacheProcessImportTodos: 'msvcrt.dll' -> '\Device\HarddiskVolume3\Windows\System32\msvcrt.dll' [rcNtRedir=0xc0150008]
8d4.649c: supR3HardenedScreenImage/Imports: cache hit (VINF_SUCCESS) on \Device\HarddiskVolume3\Windows\System32\msvcrt.dll
8d4.649c: supR3HardenedMonitor_LdrLoadDll: returns rcNt=0x0 hMod=00007ffcccc40000 'C:\Windows\system32\rsaenh.dll'
8d4.649c: supR3HardenedMonitor_LdrLoadDll: returns rcNt=0x0 hMod=00007ffcce4c0000 'C:\Windows\System32\crypt32.dll'
8d4.649c: supR3HardenedWinVerifyCacheProcessWvtTodos: 0 (was 0) fWinVerifyTrust=1 for '\Device\HarddiskVolume3\Windows\System32\kernel.appcore.dll'
8d4.576c: supR3HardenedMonitor_LdrLoadDll: returns rcNt=0x0 hMod=00007ffcccc40000 'C:\Windows\system32\rsaenh.dll'
8d4.576c: supR3HardenedMonitor_LdrLoadDll: returns rcNt=0x0 hMod=00007ffcce4c0000 'C:\Windows\System32\crypt32.dll'
8d4.576c: supR3HardenedWinVerifyCacheScheduleImports: Import todo: #0 'uicommon.dll'.
8d4.576c: supR3HardenedWinVerifyCacheScheduleImports: Import todo: #1 'vboxrt.dll'.
8d4.576c: supR3HardenedWinVerifyCacheScheduleImports: Import todo: #2 'vcruntime140.dll'.
8d4.576c: supR3HardenedWinVerifyCacheScheduleImports: Import todo: #3 'vcruntime140_1.dll'.
8d4.576c: supR3HardenedWinVerifyCacheScheduleImports: Import todo: #4 'msvcp140.dll'.
8d4.576c: supR3HardenedWinVerifyCacheScheduleImports: Import todo: #5 'qt6corevbox.dll'.
8d4.576c: supR3HardenedWinVerifyCacheScheduleImports: Import todo: #6 'qt6guivbox.dll'.
8d4.576c: supR3HardenedWinVerifyCacheScheduleImports: Import todo: #7 'qt6widgetsvbox.dll'.
8d4.576c: supR3HardenedWinVerifyCacheScheduleImports: Import todo: #9 'user32.dll'.
8d4.576c: supR3HardenedWinVerifyCacheScheduleImports: Import todo: #10 'advapi32.dll'.
8d4.576c: supR3HardenedWinVerifyCacheScheduleImports: Import todo: #11 'ole32.dll'.
8d4.576c: supR3HardenedWinVerifyCacheScheduleImports: Import todo: #12 'oleaut32.dll'.
8d4.576c: supR3HardenedWinVerifyCacheScheduleImports: Import todo: #13 'winmm.dll'.
8d4.576c: supHardenedWinVerifyImageByHandle: -> 0 (\Device\HarddiskVolume3\Program Files\Oracle\VirtualBox\VirtualBoxVM.dll) WinVerifyTrust
8d4.576c: supR3HardenedWinVerifyCacheInsert: \Device\HarddiskVolume3\Program Files\Oracle\VirtualBox\VirtualBoxVM.dll
8d4.576c: supR3HardenedWinVerifyCacheProcessImportTodos: Processing 'winmm.dll'...
8d4.576c: supR3HardenedWinVerifyCacheProcessImportTodos: 'winmm.dll' -> '\Device\HarddiskVolume3\Windows\System32\winmm.dll' [rcNtRedir=0xc0150008]
8d4.576c: supR3HardenedMonitor_LdrLoadDll: returns rcNt=0x0 hMod=00007ffcccc40000 'C:\Windows\system32\rsaenh.dll'
8d4.576c: supR3HardenedMonitor_LdrLoadDll: returns rcNt=0x0 hMod=00007ffcce4c0000 'C:\Windows\System32\crypt32.dll'
8d4.576c: supHardenedWinVerifyImageByHandle: -> 0 (\Device\HarddiskVolume3\Windows\System32\winmm.dll) WinVerifyTrust
8d4.576c: supR3HardenedWinVerifyCacheInsert: \Device\HarddiskVolume3\Windows\System32\winmm.dll
8d4.576c: supR3HardenedWinVerifyCacheProcessImportTodos: Processing 'oleaut32.dll'...
8d4.576c: supR3HardenedWinVerifyCacheProcessImportTodos: 'oleaut32.dll' -> '\Device\HarddiskVolume3\Windows\System32\oleaut32.dll' [rcNtRedir=0xc0150008]
8d4.576c: supR3HardenedMonitor_LdrLoadDll: returns rcNt=0x0 hMod=00007ffcccc40000 'C:\Windows\system32\rsaenh.dll'
8d4.576c: supR3HardenedMonitor_LdrLoadDll: returns rcNt=0x0 hMod=00007ffcce4c0000 'C:\Windows\System32\crypt32.dll'
8d4.576c: supR3HardenedWinVerifyCacheScheduleImports: Import todo: #0 'msvcp_win.dll'.
8d4.576c: supR3HardenedWinVerifyCacheScheduleImports: Import todo: #5 'combase.dll'.
8d4.576c: supR3HardenedWinVerifyCacheScheduleImports: Import todo: #25 'rpcrt4.dll'.
8d4.576c: supHardenedWinVerifyImageByHandle: -> 0 (\Device\HarddiskVolume3\Windows\System32\oleaut32.dll) WinVerifyTrust
8d4.576c: supR3HardenedWinVerifyCacheInsert: \Device\HarddiskVolume3\Windows\System32\oleaut32.dll
8d4.576c: supR3HardenedWinVerifyCacheProcessImportTodos: Processing 'ole32.dll'...
8d4.576c: supR3HardenedWinVerifyCacheProcessImportTodos: 'ole32.dll' -> '\Device\HarddiskVolume3\Windows\System32\ole32.dll' [rcNtRedir=0xc0150008]
8d4.576c: supR3HardenedWinVerifyCacheProcessImportTodos: Processing 'rpcrt4.dll'...
8d4.576c: supR3HardenedWinVerifyCacheProcessImportTodos: 'rpcrt4.dll' -> '\Device\HarddiskVolume3\Windows\System32\rpcrt4.dll' [rcNtRedir=0xc0150008]
8d4.576c: supR3HardenedScreenImage/Imports: cache hit (VINF_SUCCESS) on \Device\HarddiskVolume3\Windows\System32\rpcrt4.dll
8d4.576c: supR3HardenedWinVerifyCacheProcessImportTodos: Processing 'combase.dll'...
8d4.576c: supR3HardenedWinVerifyCacheProcessImportTodos: 'combase.dll' -> '\Device\HarddiskVolume3\Windows\System32\combase.dll' [rcNtRedir=0xc0150008]
8d4.576c: Detected WinVerifyTrust recursion: rc=VINF_SUCCESS '\Device\HarddiskVolume3\Windows\System32\combase.dll'.
8d4.576c: supR3HardenedWinVerifyCacheScheduleImports: Import todo: #3 'rpcrt4.dll'.
8d4.576c: supHardenedWinVerifyImageByHandle: -> 0 (\Device\HarddiskVolume3\Windows\System32\combase.dll)
8d4.576c: supR3HardenedWinVerifyCacheInsert: \Device\HarddiskVolume3\Windows\System32\combase.dll
8d4.576c: supR3HardenedWinVerifyCacheProcessImportTodos: Processing 'msvcp_win.dll'...
8d4.576c: supR3HardenedWinVerifyCacheProcessImportTodos: 'msvcp_win.dll' -> '\Device\HarddiskVolume3\Windows\System32\msvcp_win.dll' [rcNtRedir=0xc0150008]
8d4.576c: Detected WinVerifyTrust recursion: rc=VINF_SUCCESS '\Device\HarddiskVolume3\Windows\System32\msvcp_win.dll'.
8d4.576c: supHardenedWinVerifyImageByHandle: -> 0 (\Device\HarddiskVolume3\Windows\System32\msvcp_win.dll)
8d4.576c: supR3HardenedWinVerifyCacheInsert: \Device\HarddiskVolume3\Windows\System32\msvcp_win.dll
8d4.576c: supR3HardenedWinVerifyCacheProcessImportTodos: Processing 'rpcrt4.dll'...
8d4.576c: supR3HardenedWinVerifyCacheProcessImportTodos: 'rpcrt4.dll' -> '\Device\HarddiskVolume3\Windows\System32\rpcrt4.dll' [rcNtRedir=0xc0150008]
8d4.576c: supR3HardenedScreenImage/Imports: cache hit (VINF_SUCCESS) on \Device\HarddiskVolume3\Windows\System32\rpcrt4.dll
8d4.576c: supR3HardenedMonitor_LdrLoadDll: returns rcNt=0x0 hMod=00007ffcccc40000 'C:\Windows\system32\rsaenh.dll'
8d4.576c: supR3HardenedMonitor_LdrLoadDll: returns rcNt=0x0 hMod=00007ffcce4c0000 'C:\Windows\System32\crypt32.dll'
8d4.576c: supR3HardenedWinVerifyCacheScheduleImports: Import todo: #0 'msvcp_win.dll'.
8d4.576c: supR3HardenedWinVerifyCacheScheduleImports: Import todo: #45 'gdi32.dll'.
8d4.576c: supR3HardenedWinVerifyCacheScheduleImports: Import todo: #46 'user32.dll'.
8d4.576c: supR3HardenedWinVerifyCacheScheduleImports: Import todo: #47 'combase.dll'.
8d4.576c: supHardenedWinVerifyImageByHandle: -> 0 (\Device\HarddiskVolume3\Windows\System32\ole32.dll) WinVerifyTrust
8d4.576c: supR3HardenedWinVerifyCacheInsert: \Device\HarddiskVolume3\Windows\System32\ole32.dll
8d4.576c: supR3HardenedWinVerifyCacheProcessImportTodos: Processing 'advapi32.dll'...
8d4.576c: supR3HardenedWinVerifyCacheProcessImportTodos: 'advapi32.dll' -> '\Device\HarddiskVolume3\Windows\System32\advapi32.dll' [rcNtRedir=0xc0150008]
8d4.576c: supR3HardenedScreenImage/Imports: cache hit (VINF_SUCCESS) on \Device\HarddiskVolume3\Windows\System32\advapi32.dll
8d4.576c: supR3HardenedWinVerifyCacheProcessImportTodos: Processing 'user32.dll'...
8d4.576c: supR3HardenedWinVerifyCacheProcessImportTodos: 'user32.dll' -> '\Device\HarddiskVolume3\Windows\System32\user32.dll' [rcNtRedir=0xc0150008]
8d4.576c: supR3HardenedWinVerifyCacheProcessImportTodos: Processing 'combase.dll'...
8d4.576c: supR3HardenedWinVerifyCacheProcessImportTodos: 'combase.dll' -> '\Device\HarddiskVolume3\Windows\System32\combase.dll' [rcNtRedir=0xc0150008]
8d4.576c: supR3HardenedScreenImage/Imports: cache hit (VINF_SUCCESS) on \Device\HarddiskVolume3\Windows\System32\combase.dll [lacks WinVerifyTrust]
8d4.576c: supR3HardenedWinVerifyCacheProcessImportTodos: Processing 'user32.dll'...
8d4.576c: supR3HardenedWinVerifyCacheProcessImportTodos: 'user32.dll' -> '\Device\HarddiskVolume3\Windows\System32\user32.dll' [rcNtRedir=0xc0150008]
8d4.576c: Detected WinVerifyTrust recursion: rc=VINF_SUCCESS '\Device\HarddiskVolume3\Windows\System32\user32.dll'.
8d4.576c: supR3HardenedWinVerifyCacheScheduleImports: Import todo: #0 'win32u.dll'.
8d4.576c: supR3HardenedWinVerifyCacheScheduleImports: Import todo: #38 'gdi32.dll'.
8d4.576c: supHardenedWinVerifyImageByHandle: -> 0 (\Device\HarddiskVolume3\Windows\System32\user32.dll)
8d4.576c: supR3HardenedWinVerifyCacheInsert: \Device\HarddiskVolume3\Windows\System32\user32.dll
8d4.576c: supR3HardenedWinVerifyCacheProcessImportTodos: Processing 'gdi32.dll'...
8d4.576c: supR3HardenedWinVerifyCacheProcessImportTodos: 'gdi32.dll' -> '\Device\HarddiskVolume3\Windows\System32\gdi32.dll' [rcNtRedir=0xc0150008]
8d4.576c: Detected WinVerifyTrust recursion: rc=VINF_SUCCESS '\Device\HarddiskVolume3\Windows\System32\gdi32.dll'.
8d4.576c: supR3HardenedWinVerifyCacheScheduleImports: Import todo: #9 'win32u.dll'.
8d4.576c: supHardenedWinVerifyImageByHandle: -> 0 (\Device\HarddiskVolume3\Windows\System32\gdi32.dll)
8d4.576c: supR3HardenedWinVerifyCacheInsert: \Device\HarddiskVolume3\Windows\System32\gdi32.dll
8d4.576c: supR3HardenedWinVerifyCacheProcessImportTodos: Processing 'msvcp_win.dll'...
8d4.576c: supR3HardenedWinVerifyCacheProcessImportTodos: 'msvcp_win.dll' -> '\Device\HarddiskVolume3\Windows\System32\msvcp_win.dll' [rcNtRedir=0xc0150008]
8d4.576c: supR3HardenedScreenImage/Imports: cache hit (VINF_SUCCESS) on \Device\HarddiskVolume3\Windows\System32\msvcp_win.dll [lacks WinVerifyTrust]
8d4.576c: supR3HardenedWinVerifyCacheProcessImportTodos: Processing 'win32u.dll'...
8d4.576c: supR3HardenedWinVerifyCacheProcessImportTodos: 'win32u.dll' -> '\Device\HarddiskVolume3\Windows\System32\win32u.dll' [rcNtRedir=0xc0150008]
8d4.576c: Detected WinVerifyTrust recursion: rc=VINF_SUCCESS '\Device\HarddiskVolume3\Windows\System32\win32u.dll'.
8d4.576c: supHardenedWinVerifyImageByHandle: -> 0 (\Device\HarddiskVolume3\Windows\System32\win32u.dll)
8d4.576c: supR3HardenedWinVerifyCacheInsert: \Device\HarddiskVolume3\Windows\System32\win32u.dll
8d4.576c: supR3HardenedWinVerifyCacheProcessImportTodos: Processing 'gdi32.dll'...
8d4.576c: supR3HardenedWinVerifyCacheProcessImportTodos: 'gdi32.dll' -> '\Device\HarddiskVolume3\Windows\System32\gdi32.dll' [rcNtRedir=0xc0150008]
8d4.576c: supR3HardenedScreenImage/Imports: cache hit (VINF_SUCCESS) on \Device\HarddiskVolume3\Windows\System32\gdi32.dll [lacks WinVerifyTrust]
8d4.576c: supR3HardenedWinVerifyCacheProcessImportTodos: Processing 'win32u.dll'...
8d4.576c: supR3HardenedWinVerifyCacheProcessImportTodos: 'win32u.dll' -> '\Device\HarddiskVolume3\Windows\System32\win32u.dll' [rcNtRedir=0xc0150008]
8d4.576c: supR3HardenedScreenImage/Imports: cache hit (VINF_SUCCESS) on \Device\HarddiskVolume3\Windows\System32\win32u.dll [lacks WinVerifyTrust]
8d4.576c: supR3HardenedMonitor_LdrLoadDll: returns rcNt=0x0 hMod=00007ffcccc40000 'C:\Windows\system32\rsaenh.dll'
8d4.576c: supR3HardenedMonitor_LdrLoadDll: returns rcNt=0x0 hMod=00007ffcce4c0000 'C:\Windows\System32\crypt32.dll'
8d4.576c: supR3HardenedWinVerifyCacheScheduleImports: Import todo: #0 'win32u.dll'.
8d4.576c: supR3HardenedWinVerifyCacheScheduleImports: Import todo: #38 'gdi32.dll'.
8d4.576c: supHardenedWinVerifyImageByHandle: -> 0 (\Device\HarddiskVolume3\Windows\System32\user32.dll) WinVerifyTrust
8d4.576c: supR3HardenedWinVerifyCacheProcessImportTodos: Processing 'qt6widgetsvbox.dll'...
8d4.576c: supR3HardenedWinVerifyCacheProcessImportTodos: 'qt6widgetsvbox.dll' -> '\Device\HarddiskVolume3\Program Files\Oracle\VirtualBox\qt6widgetsvbox.dll' [rcNtRedir=0xc0150008]
8d4.576c: supR3HardenedWinVerifyCacheProcessImportTodos: Processing 'gdi32.dll'...
8d4.576c: supR3HardenedWinVerifyCacheProcessImportTodos: 'gdi32.dll' -> '\Device\HarddiskVolume3\Windows\System32\gdi32.dll' [rcNtRedir=0xc0150008]
8d4.576c: supR3HardenedScreenImage/Imports: cache hit (VINF_SUCCESS) on \Device\HarddiskVolume3\Windows\System32\gdi32.dll [lacks WinVerifyTrust]
8d4.576c: supR3HardenedWinVerifyCacheProcessImportTodos: Processing 'win32u.dll'...
8d4.576c: supR3HardenedWinVerifyCacheProcessImportTodos: 'win32u.dll' -> '\Device\HarddiskVolume3\Windows\System32\win32u.dll' [rcNtRedir=0xc0150008]
8d4.576c: supR3HardenedScreenImage/Imports: cache hit (VINF_SUCCESS) on \Device\HarddiskVolume3\Windows\System32\win32u.dll [lacks WinVerifyTrust]
8d4.576c: supR3HardenedMonitor_LdrLoadDll: returns rcNt=0x0 hMod=00007ffcccc40000 'C:\Windows\system32\rsaenh.dll'
8d4.576c: supR3HardenedMonitor_LdrLoadDll: returns rcNt=0x0 hMod=00007ffcce4c0000 'C:\Windows\System32\crypt32.dll'
8d4.576c: supR3HardenedWinVerifyCacheScheduleImports: Import todo: #0 'dwmapi.dll'.
8d4.576c: supR3HardenedWinVerifyCacheScheduleImports: Import todo: #1 'uxtheme.dll'.
8d4.576c: supR3HardenedWinVerifyCacheScheduleImports: Import todo: #2 'qt6guivbox.dll'.
8d4.576c: supR3HardenedWinVerifyCacheScheduleImports: Import todo: #3 'qt6corevbox.dll'.
8d4.576c: supR3HardenedWinVerifyCacheScheduleImports: Import todo: #5 'user32.dll'.
8d4.576c: supR3HardenedWinVerifyCacheScheduleImports: Import todo: #6 'gdi32.dll'.
8d4.576c: supR3HardenedWinVerifyCacheScheduleImports: Import todo: #7 'msvcp140.dll'.
8d4.576c: supR3HardenedWinVerifyCacheScheduleImports: Import todo: #8 'msvcp140_1.dll'.
8d4.576c: supR3HardenedWinVerifyCacheScheduleImports: Import todo: #9 'vcruntime140.dll'.
8d4.576c: supR3HardenedWinVerifyCacheScheduleImports: Import todo: #10 'vcruntime140_1.dll'.
8d4.576c: supHardenedWinVerifyImageByHandle: -> 0 (\Device\HarddiskVolume3\Program Files\Oracle\VirtualBox\Qt6WidgetsVBox.dll) WinVerifyTrust
8d4.576c: supR3HardenedWinVerifyCacheInsert: \Device\HarddiskVolume3\Program Files\Oracle\VirtualBox\Qt6WidgetsVBox.dll
8d4.576c: supR3HardenedWinVerifyCacheProcessImportTodos: Processing 'qt6guivbox.dll'...
8d4.576c: supR3HardenedWinVerifyCacheProcessImportTodos: 'qt6guivbox.dll' -> '\Device\HarddiskVolume3\Program Files\Oracle\VirtualBox\qt6guivbox.dll' [rcNtRedir=0xc0150008]
8d4.576c: supR3HardenedWinVerifyCacheProcessImportTodos: Processing 'vcruntime140_1.dll'...
8d4.576c: supR3HardenedWinVerifyCacheProcessImportTodos: 'vcruntime140_1.dll' -> '\Device\HarddiskVolume3\Windows\System32\vcruntime140_1.dll' [rcNtRedir=0xc0150008]
8d4.576c: supR3HardenedScreenImage/Imports: cache hit (VINF_SUCCESS) on \Device\HarddiskVolume3\Windows\System32\vcruntime140_1.dll
8d4.576c: supR3HardenedWinVerifyCacheProcessImportTodos: Processing 'vcruntime140.dll'...
8d4.576c: supR3HardenedWinVerifyCacheProcessImportTodos: 'vcruntime140.dll' -> '\Device\HarddiskVolume3\Windows\System32\vcruntime140.dll' [rcNtRedir=0xc0150008]
8d4.576c: supR3HardenedScreenImage/Imports: cache hit (VINF_SUCCESS) on \Device\HarddiskVolume3\Windows\System32\vcruntime140.dll
8d4.576c: supR3HardenedWinVerifyCacheProcessImportTodos: Processing 'msvcp140_1.dll'...
8d4.576c: supR3HardenedWinVerifyCacheProcessImportTodos: 'msvcp140_1.dll' -> '\Device\HarddiskVolume3\Windows\System32\msvcp140_1.dll' [rcNtRedir=0xc0150008]
8d4.576c: \Device\HarddiskVolume3\Windows\System32\msvcp140_1.dll: Owner is administrators group.
8d4.576c: Detected WinVerifyTrust recursion: rc=VINF_SUCCESS '\Device\HarddiskVolume3\Windows\System32\msvcp140_1.dll'.
8d4.576c: supR3HardenedWinVerifyCacheScheduleImports: Import todo: #0 'msvcp140.dll'.
8d4.576c: supR3HardenedWinVerifyCacheScheduleImports: Import todo: #1 'vcruntime140.dll'.
8d4.576c: supHardenedWinVerifyImageByHandle: -> 0 (\Device\HarddiskVolume3\Windows\System32\msvcp140_1.dll)
8d4.576c: supR3HardenedWinVerifyCacheInsert: \Device\HarddiskVolume3\Windows\System32\msvcp140_1.dll
8d4.576c: supR3HardenedWinVerifyCacheProcessImportTodos: Processing 'msvcp140.dll'...
8d4.576c: supR3HardenedWinVerifyCacheProcessImportTodos: 'msvcp140.dll' -> '\Device\HarddiskVolume3\Windows\System32\msvcp140.dll' [rcNtRedir=0xc0150008]
8d4.576c: supR3HardenedScreenImage/Imports: cache hit (VINF_SUCCESS) on \Device\HarddiskVolume3\Windows\System32\msvcp140.dll
8d4.576c: supR3HardenedWinVerifyCacheProcessImportTodos: Processing 'gdi32.dll'...
8d4.576c: supR3HardenedWinVerifyCacheProcessImportTodos: 'gdi32.dll' -> '\Device\HarddiskVolume3\Windows\System32\gdi32.dll' [rcNtRedir=0xc0150008]
8d4.576c: supR3HardenedScreenImage/Imports: cache hit (VINF_SUCCESS) on \Device\HarddiskVolume3\Windows\System32\gdi32.dll [lacks WinVerifyTrust]
8d4.576c: supR3HardenedWinVerifyCacheProcessImportTodos: Processing 'user32.dll'...
8d4.576c: supR3HardenedWinVerifyCacheProcessImportTodos: 'user32.dll' -> '\Device\HarddiskVolume3\Windows\System32\user32.dll' [rcNtRedir=0xc0150008]
8d4.576c: supR3HardenedScreenImage/Imports: cache hit (VINF_SUCCESS) on \Device\HarddiskVolume3\Windows\System32\user32.dll [lacks WinVerifyTrust]
8d4.576c: supR3HardenedWinVerifyCacheProcessImportTodos: Processing 'qt6corevbox.dll'...
8d4.576c: supR3HardenedWinVerifyCacheProcessImportTodos: 'qt6corevbox.dll' -> '\Device\HarddiskVolume3\Program Files\Oracle\VirtualBox\qt6corevbox.dll' [rcNtRedir=0xc0150008]
8d4.576c: Detected WinVerifyTrust recursion: rc=VINF_SUCCESS '\Device\HarddiskVolume3\Program Files\Oracle\VirtualBox\Qt6CoreVBox.dll'.
8d4.576c: supR3HardenedWinVerifyCacheScheduleImports: Import todo: #1 'mpr.dll'.
8d4.576c: supR3HardenedWinVerifyCacheScheduleImports: Import todo: #2 'userenv.dll'.
8d4.576c: supR3HardenedWinVerifyCacheScheduleImports: Import todo: #3 'advapi32.dll'.
8d4.576c: supR3HardenedWinVerifyCacheScheduleImports: Import todo: #4 'authz.dll'.
8d4.576c: supR3HardenedWinVerifyCacheScheduleImports: Import todo: #6 'netapi32.dll'.
8d4.576c: supR3HardenedWinVerifyCacheScheduleImports: Import todo: #7 'ole32.dll'.
8d4.576c: supR3HardenedWinVerifyCacheScheduleImports: Import todo: #8 'shell32.dll'.
8d4.576c: supR3HardenedWinVerifyCacheScheduleImports: Import todo: #9 'user32.dll'.
8d4.576c: supR3HardenedWinVerifyCacheScheduleImports: Import todo: #10 'version.dll'.
8d4.576c: supR3HardenedWinVerifyCacheScheduleImports: Import todo: #11 'winmm.dll'.
8d4.576c: supR3HardenedWinVerifyCacheScheduleImports: Import todo: #12 'ws2_32.dll'.
8d4.576c: supR3HardenedWinVerifyCacheScheduleImports: Import todo: #13 'msvcp140.dll'.
8d4.576c: supR3HardenedWinVerifyCacheScheduleImports: Import todo: #14 'msvcp140_1.dll'.
8d4.576c: supR3HardenedWinVerifyCacheScheduleImports: Import todo: #15 'vcruntime140.dll'.
8d4.576c: supR3HardenedWinVerifyCacheScheduleImports: Import todo: #16 'vcruntime140_1.dll'.
8d4.576c: supHardenedWinVerifyImageByHandle: -> 0 (\Device\HarddiskVolume3\Program Files\Oracle\VirtualBox\Qt6CoreVBox.dll)
8d4.576c: supR3HardenedWinVerifyCacheInsert: \Device\HarddiskVolume3\Program Files\Oracle\VirtualBox\Qt6CoreVBox.dll
8d4.576c: supR3HardenedWinVerifyCacheProcessImportTodos: Processing 'qt6guivbox.dll'...
8d4.576c: supR3HardenedWinVerifyCacheProcessImportTodos: 'qt6guivbox.dll' -> '\Device\HarddiskVolume3\Program Files\Oracle\VirtualBox\qt6guivbox.dll' [rcNtRedir=0xc0150008]
8d4.576c: Detected WinVerifyTrust recursion: rc=VINF_SUCCESS '\Device\HarddiskVolume3\Program Files\Oracle\VirtualBox\Qt6GuiVBox.dll'.
8d4.576c: supR3HardenedWinVerifyCacheScheduleImports: Import todo: #0 'd3d11.dll'.
8d4.576c: supR3HardenedWinVerifyCacheScheduleImports: Import todo: #1 'dxgi.dll'.
8d4.576c: supR3HardenedWinVerifyCacheScheduleImports: Import todo: #2 'gdi32.dll'.
8d4.576c: supR3HardenedWinVerifyCacheScheduleImports: Import todo: #3 'ole32.dll'.
8d4.576c: supR3HardenedWinVerifyCacheScheduleImports: Import todo: #4 'shell32.dll'.
8d4.576c: supR3HardenedWinVerifyCacheScheduleImports: Import todo: #5 'user32.dll'.
8d4.576c: supR3HardenedWinVerifyCacheScheduleImports: Import todo: #6 'dwrite.dll'.
8d4.576c: supR3HardenedWinVerifyCacheScheduleImports: Import todo: #7 'qt6corevbox.dll'.
8d4.576c: supR3HardenedWinVerifyCacheScheduleImports: Import todo: #9 'msvcp140.dll'.
8d4.576c: supR3HardenedWinVerifyCacheScheduleImports: Import todo: #10 'msvcp140_1.dll'.
8d4.576c: supR3HardenedWinVerifyCacheScheduleImports: Import todo: #11 'msvcp140_2.dll'.
8d4.576c: supR3HardenedWinVerifyCacheScheduleImports: Import todo: #12 'vcruntime140.dll'.
8d4.576c: supR3HardenedWinVerifyCacheScheduleImports: Import todo: #13 'vcruntime140_1.dll'.
8d4.576c: supHardenedWinVerifyImageByHandle: -> 0 (\Device\HarddiskVolume3\Program Files\Oracle\VirtualBox\Qt6GuiVBox.dll)
8d4.576c: supR3HardenedWinVerifyCacheInsert: \Device\HarddiskVolume3\Program Files\Oracle\VirtualBox\Qt6GuiVBox.dll
8d4.576c: supR3HardenedWinVerifyCacheProcessImportTodos: Processing 'uxtheme.dll'...
8d4.576c: supR3HardenedWinVerifyCacheProcessImportTodos: 'uxtheme.dll' -> '\Device\HarddiskVolume3\Windows\System32\uxtheme.dll' [rcNtRedir=0xc0150008]
8d4.576c: Detected WinVerifyTrust recursion: rc=22900 '\Device\HarddiskVolume3\Windows\System32\uxtheme.dll'.
8d4.576c: supR3HardenedWinVerifyCacheScheduleImports: Import todo: #39 'gdi32.dll'.
8d4.576c: supR3HardenedWinVerifyCacheScheduleImports: Import todo: #40 'user32.dll'.
8d4.576c: supHardenedWinVerifyImageByHandle: -> 22900 (\Device\HarddiskVolume3\Windows\System32\uxtheme.dll)
8d4.576c: supR3HardenedWinVerifyCacheInsert: \Device\HarddiskVolume3\Windows\System32\uxtheme.dll
8d4.576c: supR3HardenedWinVerifyCacheProcessImportTodos: Processing 'dwmapi.dll'...
8d4.576c: supR3HardenedWinVerifyCacheProcessImportTodos: 'dwmapi.dll' -> '\Device\HarddiskVolume3\Windows\System32\dwmapi.dll' [rcNtRedir=0xc0150008]
8d4.576c: Detected WinVerifyTrust recursion: rc=VINF_SUCCESS '\Device\HarddiskVolume3\Windows\System32\dwmapi.dll'.
8d4.576c: supR3HardenedWinVerifyCacheScheduleImports: Import todo: #24 'win32u.dll'.
8d4.576c: supR3HardenedWinVerifyCacheScheduleImports: Import todo: #25 'user32.dll'.
8d4.576c: supR3HardenedWinVerifyCacheScheduleImports: Import todo: #26 'gdi32.dll'.
8d4.576c: supHardenedWinVerifyImageByHandle: -> 0 (\Device\HarddiskVolume3\Windows\System32\dwmapi.dll)
8d4.576c: supR3HardenedWinVerifyCacheInsert: \Device\HarddiskVolume3\Windows\System32\dwmapi.dll
8d4.576c: supR3HardenedWinVerifyCacheProcessImportTodos: Processing 'gdi32.dll'...
8d4.576c: supR3HardenedWinVerifyCacheProcessImportTodos: 'gdi32.dll' -> '\Device\HarddiskVolume3\Windows\System32\gdi32.dll' [rcNtRedir=0xc0150008]
8d4.576c: supR3HardenedScreenImage/Imports: cache hit (VINF_SUCCESS) on \Device\HarddiskVolume3\Windows\System32\gdi32.dll [lacks WinVerifyTrust]
8d4.576c: supR3HardenedWinVerifyCacheProcessImportTodos: Processing 'user32.dll'...
8d4.576c: supR3HardenedWinVerifyCacheProcessImportTodos: 'user32.dll' -> '\Device\HarddiskVolume3\Windows\System32\user32.dll' [rcNtRedir=0xc0150008]
8d4.576c: supR3HardenedScreenImage/Imports: cache hit (VINF_SUCCESS) on \Device\HarddiskVolume3\Windows\System32\user32.dll [lacks WinVerifyTrust]
8d4.576c: supR3HardenedWinVerifyCacheProcessImportTodos: Processing 'win32u.dll'...
8d4.576c: supR3HardenedWinVerifyCacheProcessImportTodos: 'win32u.dll' -> '\Device\HarddiskVolume3\Windows\System32\win32u.dll' [rcNtRedir=0xc0150008]
8d4.576c: supR3HardenedScreenImage/Imports: cache hit (VINF_SUCCESS) on \Device\HarddiskVolume3\Windows\System32\win32u.dll [lacks WinVerifyTrust]
8d4.576c: supR3HardenedWinVerifyCacheProcessImportTodos: Processing 'user32.dll'...
8d4.576c: supR3HardenedWinVerifyCacheProcessImportTodos: 'user32.dll' -> '\Device\HarddiskVolume3\Windows\System32\user32.dll' [rcNtRedir=0xc0150008]
8d4.576c: supR3HardenedScreenImage/Imports: cache hit (VINF_SUCCESS) on \Device\HarddiskVolume3\Windows\System32\user32.dll [lacks WinVerifyTrust]
8d4.576c: supR3HardenedWinVerifyCacheProcessImportTodos: Processing 'gdi32.dll'...
8d4.576c: supR3HardenedWinVerifyCacheProcessImportTodos: 'gdi32.dll' -> '\Device\HarddiskVolume3\Windows\System32\gdi32.dll' [rcNtRedir=0xc0150008]
8d4.576c: supR3HardenedScreenImage/Imports: cache hit (VINF_SUCCESS) on \Device\HarddiskVolume3\Windows\System32\gdi32.dll [lacks WinVerifyTrust]
8d4.576c: supR3HardenedWinVerifyCacheProcessImportTodos: Processing 'vcruntime140_1.dll'...
8d4.576c: supR3HardenedWinVerifyCacheProcessImportTodos: 'vcruntime140_1.dll' -> '\Device\HarddiskVolume3\Windows\System32\vcruntime140_1.dll' [rcNtRedir=0xc0150008]
8d4.576c: supR3HardenedScreenImage/Imports: cache hit (VINF_SUCCESS) on \Device\HarddiskVolume3\Windows\System32\vcruntime140_1.dll
8d4.576c: supR3HardenedWinVerifyCacheProcessImportTodos: Processing 'vcruntime140.dll'...
8d4.576c: supR3HardenedWinVerifyCacheProcessImportTodos: 'vcruntime140.dll' -> '\Device\HarddiskVolume3\Windows\System32\vcruntime140.dll' [rcNtRedir=0xc0150008]
8d4.576c: supR3HardenedScreenImage/Imports: cache hit (VINF_SUCCESS) on \Device\HarddiskVolume3\Windows\System32\vcruntime140.dll
8d4.576c: supR3HardenedWinVerifyCacheProcessImportTodos: Processing 'msvcp140_2.dll'...
8d4.576c: supR3HardenedWinVerifyCacheProcessImportTodos: 'msvcp140_2.dll' -> '\Device\HarddiskVolume3\Windows\System32\msvcp140_2.dll' [rcNtRedir=0xc0150008]
8d4.576c: \Device\HarddiskVolume3\Windows\System32\msvcp140_2.dll: Owner is administrators group.
8d4.576c: Detected WinVerifyTrust recursion: rc=VINF_SUCCESS '\Device\HarddiskVolume3\Windows\System32\msvcp140_2.dll'.
8d4.576c: supR3HardenedWinVerifyCacheScheduleImports: Import todo: #0 'msvcp140.dll'.
8d4.576c: supR3HardenedWinVerifyCacheScheduleImports: Import todo: #1 'vcruntime140.dll'.
8d4.576c: supR3HardenedWinVerifyCacheScheduleImports: Import todo: #2 'vcruntime140_1.dll'.
8d4.576c: supHardenedWinVerifyImageByHandle: -> 0 (\Device\HarddiskVolume3\Windows\System32\msvcp140_2.dll)
8d4.576c: supR3HardenedWinVerifyCacheInsert: \Device\HarddiskVolume3\Windows\System32\msvcp140_2.dll
8d4.576c: supR3HardenedWinVerifyCacheProcessImportTodos: Processing 'msvcp140_1.dll'...
8d4.576c: supR3HardenedWinVerifyCacheProcessImportTodos: 'msvcp140_1.dll' -> '\Device\HarddiskVolume3\Windows\System32\msvcp140_1.dll' [rcNtRedir=0xc0150008]
8d4.576c: supR3HardenedScreenImage/Imports: cache hit (VINF_SUCCESS) on \Device\HarddiskVolume3\Windows\System32\msvcp140_1.dll [lacks WinVerifyTrust]
8d4.576c: supR3HardenedWinVerifyCacheProcessImportTodos: Processing 'msvcp140.dll'...
8d4.576c: supR3HardenedWinVerifyCacheProcessImportTodos: 'msvcp140.dll' -> '\Device\HarddiskVolume3\Windows\System32\msvcp140.dll' [rcNtRedir=0xc0150008]
8d4.576c: supR3HardenedScreenImage/Imports: cache hit (VINF_SUCCESS) on \Device\HarddiskVolume3\Windows\System32\msvcp140.dll
8d4.576c: supR3HardenedWinVerifyCacheProcessImportTodos: Processing 'qt6corevbox.dll'...
8d4.576c: supR3HardenedWinVerifyCacheProcessImportTodos: 'qt6corevbox.dll' -> '\Device\HarddiskVolume3\Program Files\Oracle\VirtualBox\qt6corevbox.dll' [rcNtRedir=0xc0150008]
8d4.576c: supR3HardenedScreenImage/Imports: cache hit (VINF_SUCCESS) on \Device\HarddiskVolume3\Program Files\Oracle\VirtualBox\Qt6CoreVBox.dll [lacks WinVerifyTrust]
8d4.576c: supR3HardenedWinVerifyCacheProcessImportTodos: Processing 'dwrite.dll'...
8d4.576c: supR3HardenedWinVerifyCacheProcessImportTodos: 'dwrite.dll' -> '\Device\HarddiskVolume3\Windows\System32\dwrite.dll' [rcNtRedir=0xc0150008]
8d4.576c: Detected WinVerifyTrust recursion: rc=22900 '\Device\HarddiskVolume3\Windows\System32\DWrite.dll'.
8d4.576c: supR3HardenedWinVerifyCacheScheduleImports: Import todo: #0 'msvcrt.dll'.
8d4.576c: supR3HardenedWinVerifyCacheScheduleImports: Import todo: #17 'rpcrt4.dll'.
8d4.576c: supHardenedWinVerifyImageByHandle: -> 22900 (\Device\HarddiskVolume3\Windows\System32\DWrite.dll)
8d4.576c: supR3HardenedWinVerifyCacheInsert: \Device\HarddiskVolume3\Windows\System32\DWrite.dll
8d4.576c: supR3HardenedWinVerifyCacheProcessImportTodos: Processing 'user32.dll'...
8d4.576c: supR3HardenedWinVerifyCacheProcessImportTodos: 'user32.dll' -> '\Device\HarddiskVolume3\Windows\System32\user32.dll' [rcNtRedir=0xc0150008]
8d4.576c: supR3HardenedScreenImage/Imports: cache hit (VINF_SUCCESS) on \Device\HarddiskVolume3\Windows\System32\user32.dll [lacks WinVerifyTrust]
8d4.576c: supR3HardenedWinVerifyCacheProcessImportTodos: Processing 'shell32.dll'...
8d4.576c: supR3HardenedWinVerifyCacheProcessImportTodos: 'shell32.dll' -> '\Device\HarddiskVolume3\Windows\System32\shell32.dll' [rcNtRedir=0xc0150008]
8d4.576c: Detected WinVerifyTrust recursion: rc=VINF_SUCCESS '\Device\HarddiskVolume3\Windows\System32\shell32.dll'.
8d4.576c: supR3HardenedWinVerifyCacheScheduleImports: Import todo: #0 'msvcp_win.dll'.
8d4.576c: supR3HardenedWinVerifyCacheScheduleImports: Import todo: #72 'user32.dll'.
8d4.576c: supR3HardenedWinVerifyCacheScheduleImports: Import todo: #74 'gdi32.dll'.
8d4.576c: supHardenedWinVerifyImageByHandle: -> 0 (\Device\HarddiskVolume3\Windows\System32\shell32.dll)
8d4.576c: supR3HardenedWinVerifyCacheInsert: \Device\HarddiskVolume3\Windows\System32\shell32.dll
8d4.576c: supR3HardenedWinVerifyCacheProcessImportTodos: Processing 'ole32.dll'...
8d4.576c: supR3HardenedWinVerifyCacheProcessImportTodos: 'ole32.dll' -> '\Device\HarddiskVolume3\Windows\System32\ole32.dll' [rcNtRedir=0xc0150008]
8d4.576c: supR3HardenedScreenImage/Imports: cache hit (VINF_SUCCESS) on \Device\HarddiskVolume3\Windows\System32\ole32.dll
8d4.576c: supR3HardenedWinVerifyCacheProcessImportTodos: Processing 'gdi32.dll'...
8d4.576c: supR3HardenedWinVerifyCacheProcessImportTodos: 'gdi32.dll' -> '\Device\HarddiskVolume3\Windows\System32\gdi32.dll' [rcNtRedir=0xc0150008]
8d4.576c: supR3HardenedScreenImage/Imports: cache hit (VINF_SUCCESS) on \Device\HarddiskVolume3\Windows\System32\gdi32.dll [lacks WinVerifyTrust]
8d4.576c: supR3HardenedWinVerifyCacheProcessImportTodos: Processing 'dxgi.dll'...
8d4.576c: supR3HardenedWinVerifyCacheProcessImportTodos: 'dxgi.dll' -> '\Device\HarddiskVolume3\Windows\System32\dxgi.dll' [rcNtRedir=0xc0150008]
8d4.576c: Detected WinVerifyTrust recursion: rc=VINF_SUCCESS '\Device\HarddiskVolume3\Windows\System32\dxgi.dll'.
8d4.576c: supR3HardenedWinVerifyCacheScheduleImports: Import todo: #0 'msvcp_win.dll'.
8d4.576c: supR3HardenedWinVerifyCacheScheduleImports: Import todo: #6 'win32u.dll'.
8d4.576c: supHardenedWinVerifyImageByHandle: -> 0 (\Device\HarddiskVolume3\Windows\System32\dxgi.dll)
8d4.576c: supR3HardenedWinVerifyCacheInsert: \Device\HarddiskVolume3\Windows\System32\dxgi.dll
8d4.576c: supR3HardenedWinVerifyCacheProcessImportTodos: Processing 'd3d11.dll'...
8d4.576c: supR3HardenedWinVerifyCacheProcessImportTodos: 'd3d11.dll' -> '\Device\HarddiskVolume3\Windows\System32\d3d11.dll' [rcNtRedir=0xc0150008]
8d4.576c: Detected WinVerifyTrust recursion: rc=VINF_SUCCESS '\Device\HarddiskVolume3\Windows\System32\d3d11.dll'.
8d4.576c: supR3HardenedWinVerifyCacheScheduleImports: Import todo: #0 'msvcp_win.dll'.
8d4.576c: supR3HardenedWinVerifyCacheScheduleImports: Import todo: #28 'dxgi.dll'.
8d4.576c: supR3HardenedWinVerifyCacheScheduleImports: Import todo: #30 'win32u.dll'.
8d4.576c: supHardenedWinVerifyImageByHandle: -> 0 (\Device\HarddiskVolume3\Windows\System32\d3d11.dll)
8d4.576c: supR3HardenedWinVerifyCacheInsert: \Device\HarddiskVolume3\Windows\System32\d3d11.dll
8d4.576c: supR3HardenedWinVerifyCacheProcessImportTodos: Processing 'vcruntime140_1.dll'...
8d4.576c: supR3HardenedWinVerifyCacheProcessImportTodos: 'vcruntime140_1.dll' -> '\Device\HarddiskVolume3\Windows\System32\vcruntime140_1.dll' [rcNtRedir=0xc0150008]
8d4.576c: supR3HardenedScreenImage/Imports: cache hit (VINF_SUCCESS) on \Device\HarddiskVolume3\Windows\System32\vcruntime140_1.dll
8d4.576c: supR3HardenedWinVerifyCacheProcessImportTodos: Processing 'vcruntime140.dll'...
8d4.576c: supR3HardenedWinVerifyCacheProcessImportTodos: 'vcruntime140.dll' -> '\Device\HarddiskVolume3\Windows\System32\vcruntime140.dll' [rcNtRedir=0xc0150008]
8d4.576c: supR3HardenedScreenImage/Imports: cache hit (VINF_SUCCESS) on \Device\HarddiskVolume3\Windows\System32\vcruntime140.dll
8d4.576c: supR3HardenedWinVerifyCacheProcessImportTodos: Processing 'msvcp140_1.dll'...
8d4.576c: supR3HardenedWinVerifyCacheProcessImportTodos: 'msvcp140_1.dll' -> '\Device\HarddiskVolume3\Windows\System32\msvcp140_1.dll' [rcNtRedir=0xc0150008]
8d4.576c: supR3HardenedScreenImage/Imports: cache hit (VINF_SUCCESS) on \Device\HarddiskVolume3\Windows\System32\msvcp140_1.dll [lacks WinVerifyTrust]
8d4.576c: supR3HardenedWinVerifyCacheProcessImportTodos: Processing 'msvcp140.dll'...
8d4.576c: supR3HardenedWinVerifyCacheProcessImportTodos: 'msvcp140.dll' -> '\Device\HarddiskVolume3\Windows\System32\msvcp140.dll' [rcNtRedir=0xc0150008]
8d4.576c: supR3HardenedScreenImage/Imports: cache hit (VINF_SUCCESS) on \Device\HarddiskVolume3\Windows\System32\msvcp140.dll
8d4.576c: supR3HardenedWinVerifyCacheProcessImportTodos: Processing 'ws2_32.dll'...
8d4.576c: supR3HardenedWinVerifyCacheProcessImportTodos: 'ws2_32.dll' -> '\Device\HarddiskVolume3\Windows\System32\ws2_32.dll' [rcNtRedir=0xc0150008]
8d4.576c: supR3HardenedScreenImage/Imports: cache hit (VINF_SUCCESS) on \Device\HarddiskVolume3\Windows\System32\ws2_32.dll
8d4.576c: supR3HardenedWinVerifyCacheProcessImportTodos: Processing 'winmm.dll'...
8d4.576c: supR3HardenedWinVerifyCacheProcessImportTodos: 'winmm.dll' -> '\Device\HarddiskVolume3\Windows\System32\winmm.dll' [rcNtRedir=0xc0150008]
8d4.576c: supR3HardenedScreenImage/Imports: cache hit (VINF_SUCCESS) on \Device\HarddiskVolume3\Windows\System32\winmm.dll
8d4.576c: supR3HardenedWinVerifyCacheProcessImportTodos: Processing 'version.dll'...
8d4.576c: supR3HardenedWinVerifyCacheProcessImportTodos: 'version.dll' -> '\Device\HarddiskVolume3\Windows\System32\version.dll' [rcNtRedir=0xc0150008]
8d4.576c: Detected WinVerifyTrust recursion: rc=VINF_SUCCESS '\Device\HarddiskVolume3\Windows\System32\version.dll'.
8d4.576c: supR3HardenedWinVerifyCacheScheduleImports: Import todo: #0 'msvcrt.dll'.
8d4.576c: supHardenedWinVerifyImageByHandle: -> 0 (\Device\HarddiskVolume3\Windows\System32\version.dll)
8d4.576c: supR3HardenedWinVerifyCacheInsert: \Device\HarddiskVolume3\Windows\System32\version.dll
8d4.576c: supR3HardenedWinVerifyCacheProcessImportTodos: Processing 'user32.dll'...
8d4.576c: supR3HardenedWinVerifyCacheProcessImportTodos: 'user32.dll' -> '\Device\HarddiskVolume3\Windows\System32\user32.dll' [rcNtRedir=0xc0150008]
8d4.576c: supR3HardenedScreenImage/Imports: cache hit (VINF_SUCCESS) on \Device\HarddiskVolume3\Windows\System32\user32.dll [lacks WinVerifyTrust]
8d4.576c: supR3HardenedWinVerifyCacheProcessImportTodos: Processing 'shell32.dll'...
8d4.576c: supR3HardenedWinVerifyCacheProcessImportTodos: 'shell32.dll' -> '\Device\HarddiskVolume3\Windows\System32\shell32.dll' [rcNtRedir=0xc0150008]
8d4.576c: supR3HardenedScreenImage/Imports: cache hit (VINF_SUCCESS) on \Device\HarddiskVolume3\Windows\System32\shell32.dll [lacks WinVerifyTrust]
8d4.576c: supR3HardenedWinVerifyCacheProcessImportTodos: Processing 'ole32.dll'...
8d4.576c: supR3HardenedWinVerifyCacheProcessImportTodos: 'ole32.dll' -> '\Device\HarddiskVolume3\Windows\System32\ole32.dll' [rcNtRedir=0xc0150008]
8d4.576c: supR3HardenedScreenImage/Imports: cache hit (VINF_SUCCESS) on \Device\HarddiskVolume3\Windows\System32\ole32.dll
8d4.576c: supR3HardenedWinVerifyCacheProcessImportTodos: Processing 'netapi32.dll'...
8d4.576c: supR3HardenedWinVerifyCacheProcessImportTodos: 'netapi32.dll' -> '\Device\HarddiskVolume3\Windows\System32\netapi32.dll' [rcNtRedir=0xc0150008]
8d4.576c: Detected WinVerifyTrust recursion: rc=VINF_SUCCESS '\Device\HarddiskVolume3\Windows\System32\netapi32.dll'.
8d4.576c: supR3HardenedWinVerifyCacheScheduleImports: Import todo: #0 'msvcrt.dll'.
8d4.576c: supHardenedWinVerifyImageByHandle: -> 0 (\Device\HarddiskVolume3\Windows\System32\netapi32.dll)
8d4.576c: supR3HardenedWinVerifyCacheInsert: \Device\HarddiskVolume3\Windows\System32\netapi32.dll
8d4.576c: supR3HardenedWinVerifyCacheProcessImportTodos: Processing 'authz.dll'...
8d4.576c: supR3HardenedWinVerifyCacheProcessImportTodos: 'authz.dll' -> '\Device\HarddiskVolume3\Windows\System32\authz.dll' [rcNtRedir=0xc0150008]
8d4.576c: Detected WinVerifyTrust recursion: rc=22900 '\Device\HarddiskVolume3\Windows\System32\authz.dll'.
8d4.576c: supHardenedWinVerifyImageByHandle: -> 22900 (\Device\HarddiskVolume3\Windows\System32\authz.dll)
8d4.576c: supR3HardenedWinVerifyCacheInsert: \Device\HarddiskVolume3\Windows\System32\authz.dll
8d4.576c: supR3HardenedWinVerifyCacheProcessImportTodos: Processing 'advapi32.dll'...
8d4.576c: supR3HardenedWinVerifyCacheProcessImportTodos: 'advapi32.dll' -> '\Device\HarddiskVolume3\Windows\System32\advapi32.dll' [rcNtRedir=0xc0150008]
8d4.576c: supR3HardenedScreenImage/Imports: cache hit (VINF_SUCCESS) on \Device\HarddiskVolume3\Windows\System32\advapi32.dll
8d4.576c: supR3HardenedWinVerifyCacheProcessImportTodos: Processing 'userenv.dll'...
8d4.576c: supR3HardenedWinVerifyCacheProcessImportTodos: 'userenv.dll' -> '\Device\HarddiskVolume3\Windows\System32\userenv.dll' [rcNtRedir=0xc0150008]
8d4.576c: Detected WinVerifyTrust recursion: rc=VINF_SUCCESS '\Device\HarddiskVolume3\Windows\System32\userenv.dll'.
8d4.576c: supR3HardenedWinVerifyCacheScheduleImports: Import todo: #17 'rpcrt4.dll'.
8d4.576c: supHardenedWinVerifyImageByHandle: -> 0 (\Device\HarddiskVolume3\Windows\System32\userenv.dll)
8d4.576c: supR3HardenedWinVerifyCacheInsert: \Device\HarddiskVolume3\Windows\System32\userenv.dll
8d4.576c: supR3HardenedWinVerifyCacheProcessImportTodos: Processing 'mpr.dll'...
8d4.576c: supR3HardenedWinVerifyCacheProcessImportTodos: 'mpr.dll' -> '\Device\HarddiskVolume3\Windows\System32\mpr.dll' [rcNtRedir=0xc0150008]
8d4.576c: supR3HardenedScreenImage/Imports: cache hit (VINF_SUCCESS) on \Device\HarddiskVolume3\Windows\System32\mpr.dll
8d4.576c: supR3HardenedWinVerifyCacheProcessImportTodos: Processing 'vcruntime140.dll'...
8d4.576c: supR3HardenedWinVerifyCacheProcessImportTodos: 'vcruntime140.dll' -> '\Device\HarddiskVolume3\Windows\System32\vcruntime140.dll' [rcNtRedir=0xc0150008]
8d4.576c: supR3HardenedWinVerifyCacheProcessImportTodos: Processing 'msvcp140.dll'...
8d4.576c: supR3HardenedWinVerifyCacheProcessImportTodos: 'msvcp140.dll' -> '\Device\HarddiskVolume3\Windows\System32\msvcp140.dll' [rcNtRedir=0xc0150008]
8d4.576c: supR3HardenedScreenImage/Imports: cache hit (VINF_SUCCESS) on \Device\HarddiskVolume3\Windows\System32\msvcp140.dll
8d4.576c: supR3HardenedWinVerifyCacheProcessImportTodos: Processing 'rpcrt4.dll'...
8d4.576c: supR3HardenedWinVerifyCacheProcessImportTodos: 'rpcrt4.dll' -> '\Device\HarddiskVolume3\Windows\System32\rpcrt4.dll' [rcNtRedir=0xc0150008]
8d4.576c: supR3HardenedWinVerifyCacheProcessImportTodos: Processing 'msvcrt.dll'...
8d4.576c: supR3HardenedWinVerifyCacheProcessImportTodos: 'msvcrt.dll' -> '\Device\HarddiskVolume3\Windows\System32\msvcrt.dll' [rcNtRedir=0xc0150008]
8d4.576c: supR3HardenedScreenImage/Imports: cache hit (VINF_SUCCESS) on \Device\HarddiskVolume3\Windows\System32\msvcrt.dll
8d4.576c: supR3HardenedWinVerifyCacheProcessImportTodos: Processing 'msvcrt.dll'...
8d4.576c: supR3HardenedWinVerifyCacheProcessImportTodos: 'msvcrt.dll' -> '\Device\HarddiskVolume3\Windows\System32\msvcrt.dll' [rcNtRedir=0xc0150008]
8d4.576c: supR3HardenedScreenImage/Imports: cache hit (VINF_SUCCESS) on \Device\HarddiskVolume3\Windows\System32\msvcrt.dll
8d4.576c: supR3HardenedWinVerifyCacheProcessImportTodos: Processing 'win32u.dll'...
8d4.576c: supR3HardenedWinVerifyCacheProcessImportTodos: 'win32u.dll' -> '\Device\HarddiskVolume3\Windows\System32\win32u.dll' [rcNtRedir=0xc0150008]
8d4.576c: supR3HardenedScreenImage/Imports: cache hit (VINF_SUCCESS) on \Device\HarddiskVolume3\Windows\System32\win32u.dll [lacks WinVerifyTrust]
8d4.576c: supR3HardenedWinVerifyCacheProcessImportTodos: Processing 'dxgi.dll'...
8d4.576c: supR3HardenedWinVerifyCacheProcessImportTodos: 'dxgi.dll' -> '\Device\HarddiskVolume3\Windows\System32\dxgi.dll' [rcNtRedir=0xc0150008]
8d4.576c: supR3HardenedScreenImage/Imports: cache hit (VINF_SUCCESS) on \Device\HarddiskVolume3\Windows\System32\dxgi.dll [lacks WinVerifyTrust]
8d4.576c: supR3HardenedWinVerifyCacheProcessImportTodos: Processing 'msvcp_win.dll'...
8d4.576c: supR3HardenedWinVerifyCacheProcessImportTodos: 'msvcp_win.dll' -> '\Device\HarddiskVolume3\Windows\System32\msvcp_win.dll' [rcNtRedir=0xc0150008]
8d4.576c: supR3HardenedScreenImage/Imports: cache hit (VINF_SUCCESS) on \Device\HarddiskVolume3\Windows\System32\msvcp_win.dll [lacks WinVerifyTrust]
8d4.576c: supR3HardenedWinVerifyCacheProcessImportTodos: Processing 'win32u.dll'...
8d4.576c: supR3HardenedWinVerifyCacheProcessImportTodos: 'win32u.dll' -> '\Device\HarddiskVolume3\Windows\System32\win32u.dll' [rcNtRedir=0xc0150008]
8d4.576c: supR3HardenedScreenImage/Imports: cache hit (VINF_SUCCESS) on \Device\HarddiskVolume3\Windows\System32\win32u.dll [lacks WinVerifyTrust]
8d4.576c: supR3HardenedWinVerifyCacheProcessImportTodos: Processing 'msvcp_win.dll'...
8d4.576c: supR3HardenedWinVerifyCacheProcessImportTodos: 'msvcp_win.dll' -> '\Device\HarddiskVolume3\Windows\System32\msvcp_win.dll' [rcNtRedir=0xc0150008]
8d4.576c: supR3HardenedScreenImage/Imports: cache hit (VINF_SUCCESS) on \Device\HarddiskVolume3\Windows\System32\msvcp_win.dll [lacks WinVerifyTrust]
8d4.576c: supR3HardenedWinVerifyCacheProcessImportTodos: Processing 'gdi32.dll'...
8d4.576c: supR3HardenedWinVerifyCacheProcessImportTodos: 'gdi32.dll' -> '\Device\HarddiskVolume3\Windows\System32\gdi32.dll' [rcNtRedir=0xc0150008]
8d4.576c: supR3HardenedScreenImage/Imports: cache hit (VINF_SUCCESS) on \Device\HarddiskVolume3\Windows\System32\gdi32.dll [lacks WinVerifyTrust]
8d4.576c: supR3HardenedWinVerifyCacheProcessImportTodos: Processing 'user32.dll'...
8d4.576c: supR3HardenedWinVerifyCacheProcessImportTodos: 'user32.dll' -> '\Device\HarddiskVolume3\Windows\System32\user32.dll' [rcNtRedir=0xc0150008]
8d4.576c: supR3HardenedScreenImage/Imports: cache hit (VINF_SUCCESS) on \Device\HarddiskVolume3\Windows\System32\user32.dll [lacks WinVerifyTrust]
8d4.576c: supR3HardenedWinVerifyCacheProcessImportTodos: Processing 'msvcp_win.dll'...
8d4.576c: supR3HardenedWinVerifyCacheProcessImportTodos: 'msvcp_win.dll' -> '\Device\HarddiskVolume3\Windows\System32\msvcp_win.dll' [rcNtRedir=0xc0150008]
8d4.576c: supR3HardenedScreenImage/Imports: cache hit (VINF_SUCCESS) on \Device\HarddiskVolume3\Windows\System32\msvcp_win.dll [lacks WinVerifyTrust]
8d4.576c: supR3HardenedWinVerifyCacheProcessImportTodos: Processing 'rpcrt4.dll'...
8d4.576c: supR3HardenedWinVerifyCacheProcessImportTodos: 'rpcrt4.dll' -> '\Device\HarddiskVolume3\Windows\System32\rpcrt4.dll' [rcNtRedir=0xc0150008]
8d4.576c: supR3HardenedWinVerifyCacheProcessImportTodos: Processing 'msvcrt.dll'...
8d4.576c: supR3HardenedWinVerifyCacheProcessImportTodos: 'msvcrt.dll' -> '\Device\HarddiskVolume3\Windows\System32\msvcrt.dll' [rcNtRedir=0xc0150008]
8d4.576c: supR3HardenedScreenImage/Imports: cache hit (VINF_SUCCESS) on \Device\HarddiskVolume3\Windows\System32\msvcrt.dll
8d4.576c: supR3HardenedWinVerifyCacheProcessImportTodos: Processing 'vcruntime140_1.dll'...
8d4.576c: supR3HardenedWinVerifyCacheProcessImportTodos: 'vcruntime140_1.dll' -> '\Device\HarddiskVolume3\Windows\System32\vcruntime140_1.dll' [rcNtRedir=0xc0150008]
8d4.576c: supR3HardenedScreenImage/Imports: cache hit (VINF_SUCCESS) on \Device\HarddiskVolume3\Windows\System32\vcruntime140_1.dll
8d4.576c: supR3HardenedWinVerifyCacheProcessImportTodos: Processing 'vcruntime140.dll'...
8d4.576c: supR3HardenedWinVerifyCacheProcessImportTodos: 'vcruntime140.dll' -> '\Device\HarddiskVolume3\Windows\System32\vcruntime140.dll' [rcNtRedir=0xc0150008]
8d4.576c: supR3HardenedWinVerifyCacheProcessImportTodos: Processing 'msvcp140.dll'...
8d4.576c: supR3HardenedWinVerifyCacheProcessImportTodos: 'msvcp140.dll' -> '\Device\HarddiskVolume3\Windows\System32\msvcp140.dll' [rcNtRedir=0xc0150008]
8d4.576c: supR3HardenedScreenImage/Imports: cache hit (VINF_SUCCESS) on \Device\HarddiskVolume3\Windows\System32\msvcp140.dll
8d4.576c: supR3HardenedMonitor_LdrLoadDll: returns rcNt=0x0 hMod=00007ffcccc40000 'C:\Windows\system32\rsaenh.dll'
8d4.576c: supR3HardenedMonitor_LdrLoadDll: returns rcNt=0x0 hMod=00007ffcce4c0000 'C:\Windows\System32\crypt32.dll'
8d4.576c: supR3HardenedWinVerifyCacheScheduleImports: Import todo: #0 'd3d11.dll'.
8d4.576c: supR3HardenedWinVerifyCacheScheduleImports: Import todo: #1 'dxgi.dll'.
8d4.576c: supR3HardenedWinVerifyCacheScheduleImports: Import todo: #2 'gdi32.dll'.
8d4.576c: supR3HardenedWinVerifyCacheScheduleImports: Import todo: #3 'ole32.dll'.
8d4.576c: supR3HardenedWinVerifyCacheScheduleImports: Import todo: #4 'shell32.dll'.
8d4.576c: supR3HardenedWinVerifyCacheScheduleImports: Import todo: #5 'user32.dll'.
8d4.576c: supR3HardenedWinVerifyCacheScheduleImports: Import todo: #6 'dwrite.dll'.
8d4.576c: supR3HardenedWinVerifyCacheScheduleImports: Import todo: #7 'qt6corevbox.dll'.
8d4.576c: supR3HardenedWinVerifyCacheScheduleImports: Import todo: #9 'msvcp140.dll'.
8d4.576c: supR3HardenedWinVerifyCacheScheduleImports: Import todo: #10 'msvcp140_1.dll'.
8d4.576c: supR3HardenedWinVerifyCacheScheduleImports: Import todo: #11 'msvcp140_2.dll'.
8d4.576c: supR3HardenedWinVerifyCacheScheduleImports: Import todo: #12 'vcruntime140.dll'.
8d4.576c: supR3HardenedWinVerifyCacheScheduleImports: Import todo: #13 'vcruntime140_1.dll'.
8d4.576c: supHardenedWinVerifyImageByHandle: -> 0 (\Device\HarddiskVolume3\Program Files\Oracle\VirtualBox\Qt6GuiVBox.dll) WinVerifyTrust
8d4.576c: supR3HardenedWinVerifyCacheProcessImportTodos: Processing 'qt6corevbox.dll'...
8d4.576c: supR3HardenedWinVerifyCacheProcessImportTodos: 'qt6corevbox.dll' -> '\Device\HarddiskVolume3\Program Files\Oracle\VirtualBox\qt6corevbox.dll' [rcNtRedir=0xc0150008]
8d4.576c: supR3HardenedScreenImage/Imports: cache hit (VINF_SUCCESS) on \Device\HarddiskVolume3\Program Files\Oracle\VirtualBox\Qt6CoreVBox.dll [redoing WinVerifyTrust]
8d4.576c: supR3HardenedWinVerifyCacheProcessImportTodos: Processing 'vcruntime140_1.dll'...
8d4.576c: supR3HardenedWinVerifyCacheProcessImportTodos: 'vcruntime140_1.dll' -> '\Device\HarddiskVolume3\Windows\System32\vcruntime140_1.dll' [rcNtRedir=0xc0150008]
8d4.576c: supR3HardenedScreenImage/Imports: cache hit (VINF_SUCCESS) on \Device\HarddiskVolume3\Windows\System32\vcruntime140_1.dll
8d4.576c: supR3HardenedWinVerifyCacheProcessImportTodos: Processing 'vcruntime140.dll'...
8d4.576c: supR3HardenedWinVerifyCacheProcessImportTodos: 'vcruntime140.dll' -> '\Device\HarddiskVolume3\Windows\System32\vcruntime140.dll' [rcNtRedir=0xc0150008]
8d4.576c: supR3HardenedWinVerifyCacheProcessImportTodos: Processing 'msvcp140_2.dll'...
8d4.576c: supR3HardenedWinVerifyCacheProcessImportTodos: 'msvcp140_2.dll' -> '\Device\HarddiskVolume3\Windows\System32\msvcp140_2.dll' [rcNtRedir=0xc0150008]
8d4.576c: supR3HardenedScreenImage/Imports: cache hit (VINF_SUCCESS) on \Device\HarddiskVolume3\Windows\System32\msvcp140_2.dll [lacks WinVerifyTrust]
8d4.576c: supR3HardenedWinVerifyCacheProcessImportTodos: Processing 'msvcp140_1.dll'...
8d4.576c: supR3HardenedWinVerifyCacheProcessImportTodos: 'msvcp140_1.dll' -> '\Device\HarddiskVolume3\Windows\System32\msvcp140_1.dll' [rcNtRedir=0xc0150008]
8d4.576c: supR3HardenedScreenImage/Imports: cache hit (VINF_SUCCESS) on \Device\HarddiskVolume3\Windows\System32\msvcp140_1.dll [lacks WinVerifyTrust]
8d4.576c: supR3HardenedWinVerifyCacheProcessImportTodos: Processing 'msvcp140.dll'...
8d4.576c: supR3HardenedWinVerifyCacheProcessImportTodos: 'msvcp140.dll' -> '\Device\HarddiskVolume3\Windows\System32\msvcp140.dll' [rcNtRedir=0xc0150008]
8d4.576c: supR3HardenedScreenImage/Imports: cache hit (VINF_SUCCESS) on \Device\HarddiskVolume3\Windows\System32\msvcp140.dll
8d4.576c: supR3HardenedWinVerifyCacheProcessImportTodos: Processing 'qt6corevbox.dll'...
8d4.576c: supR3HardenedWinVerifyCacheProcessImportTodos: 'qt6corevbox.dll' -> '\Device\HarddiskVolume3\Program Files\Oracle\VirtualBox\qt6corevbox.dll' [rcNtRedir=0xc0150008]
8d4.576c: supR3HardenedScreenImage/Imports: cache hit (VINF_SUCCESS) on \Device\HarddiskVolume3\Program Files\Oracle\VirtualBox\Qt6CoreVBox.dll [lacks WinVerifyTrust]
8d4.576c: supR3HardenedWinVerifyCacheProcessImportTodos: Processing 'dwrite.dll'...
8d4.576c: supR3HardenedWinVerifyCacheProcessImportTodos: 'dwrite.dll' -> '\Device\HarddiskVolume3\Windows\System32\dwrite.dll' [rcNtRedir=0xc0150008]
8d4.576c: supR3HardenedScreenImage/Imports: cache hit (22900) on \Device\HarddiskVolume3\Windows\System32\DWrite.dll [lacks WinVerifyTrust]
8d4.576c: supR3HardenedWinVerifyCacheProcessImportTodos: Processing 'user32.dll'...
8d4.576c: supR3HardenedWinVerifyCacheProcessImportTodos: 'user32.dll' -> '\Device\HarddiskVolume3\Windows\System32\user32.dll' [rcNtRedir=0xc0150008]
8d4.576c: supR3HardenedScreenImage/Imports: cache hit (VINF_SUCCESS) on \Device\HarddiskVolume3\Windows\System32\user32.dll [lacks WinVerifyTrust]
8d4.576c: supR3HardenedWinVerifyCacheProcessImportTodos: Processing 'shell32.dll'...
8d4.576c: supR3HardenedWinVerifyCacheProcessImportTodos: 'shell32.dll' -> '\Device\HarddiskVolume3\Windows\System32\shell32.dll' [rcNtRedir=0xc0150008]
8d4.576c: supR3HardenedScreenImage/Imports: cache hit (VINF_SUCCESS) on \Device\HarddiskVolume3\Windows\System32\shell32.dll [lacks WinVerifyTrust]
8d4.576c: supR3HardenedWinVerifyCacheProcessImportTodos: Processing 'ole32.dll'...
8d4.576c: supR3HardenedWinVerifyCacheProcessImportTodos: 'ole32.dll' -> '\Device\HarddiskVolume3\Windows\System32\ole32.dll' [rcNtRedir=0xc0150008]
8d4.576c: supR3HardenedScreenImage/Imports: cache hit (VINF_SUCCESS) on \Device\HarddiskVolume3\Windows\System32\ole32.dll
8d4.576c: supR3HardenedWinVerifyCacheProcessImportTodos: Processing 'gdi32.dll'...
8d4.576c: supR3HardenedWinVerifyCacheProcessImportTodos: 'gdi32.dll' -> '\Device\HarddiskVolume3\Windows\System32\gdi32.dll' [rcNtRedir=0xc0150008]
8d4.576c: supR3HardenedScreenImage/Imports: cache hit (VINF_SUCCESS) on \Device\HarddiskVolume3\Windows\System32\gdi32.dll [lacks WinVerifyTrust]
8d4.576c: supR3HardenedWinVerifyCacheProcessImportTodos: Processing 'dxgi.dll'...
8d4.576c: supR3HardenedWinVerifyCacheProcessImportTodos: 'dxgi.dll' -> '\Device\HarddiskVolume3\Windows\System32\dxgi.dll' [rcNtRedir=0xc0150008]
8d4.576c: supR3HardenedScreenImage/Imports: cache hit (VINF_SUCCESS) on \Device\HarddiskVolume3\Windows\System32\dxgi.dll [lacks WinVerifyTrust]
8d4.576c: supR3HardenedWinVerifyCacheProcessImportTodos: Processing 'd3d11.dll'...
8d4.576c: supR3HardenedWinVerifyCacheProcessImportTodos: 'd3d11.dll' -> '\Device\HarddiskVolume3\Windows\System32\d3d11.dll' [rcNtRedir=0xc0150008]
8d4.576c: supR3HardenedScreenImage/Imports: cache hit (VINF_SUCCESS) on \Device\HarddiskVolume3\Windows\System32\d3d11.dll [lacks WinVerifyTrust]
8d4.576c: supR3HardenedMonitor_LdrLoadDll: returns rcNt=0x0 hMod=00007ffcccc40000 'C:\Windows\system32\rsaenh.dll'
8d4.576c: supR3HardenedMonitor_LdrLoadDll: returns rcNt=0x0 hMod=00007ffcce4c0000 'C:\Windows\System32\crypt32.dll'
8d4.576c: supR3HardenedScreenImage/Imports: 0 (was 0) fWinVerifyTrust=1 for '\Device\HarddiskVolume3\Program Files\Oracle\VirtualBox\Qt6CoreVBox.dll'
8d4.576c: supR3HardenedWinVerifyCacheProcessImportTodos: Processing 'msvcp140.dll'...
8d4.576c: supR3HardenedWinVerifyCacheProcessImportTodos: 'msvcp140.dll' -> '\Device\HarddiskVolume3\Windows\System32\msvcp140.dll' [rcNtRedir=0xc0150008]
8d4.576c: supR3HardenedWinVerifyCacheProcessImportTodos: Processing 'vcruntime140_1.dll'...
8d4.576c: supR3HardenedWinVerifyCacheProcessImportTodos: 'vcruntime140_1.dll' -> '\Device\HarddiskVolume3\Windows\System32\vcruntime140_1.dll' [rcNtRedir=0xc0150008]
8d4.576c: supR3HardenedScreenImage/Imports: cache hit (VINF_SUCCESS) on \Device\HarddiskVolume3\Windows\System32\vcruntime140_1.dll
8d4.576c: supR3HardenedWinVerifyCacheProcessImportTodos: Processing 'vcruntime140.dll'...
8d4.576c: supR3HardenedWinVerifyCacheProcessImportTodos: 'vcruntime140.dll' -> '\Device\HarddiskVolume3\Windows\System32\vcruntime140.dll' [rcNtRedir=0xc0150008]
8d4.576c: supR3HardenedWinVerifyCacheProcessImportTodos: Processing 'vboxrt.dll'...
8d4.576c: supR3HardenedWinVerifyCacheProcessImportTodos: 'vboxrt.dll' -> '\Device\HarddiskVolume3\Program Files\Oracle\VirtualBox\vboxrt.dll' [rcNtRedir=0xc0150008]
8d4.576c: supR3HardenedWinVerifyCacheProcessImportTodos: Processing 'uicommon.dll'...
8d4.576c: supR3HardenedWinVerifyCacheProcessImportTodos: 'uicommon.dll' -> '\Device\HarddiskVolume3\Program Files\Oracle\VirtualBox\uicommon.dll' [rcNtRedir=0xc0150008]
8d4.576c: supR3HardenedMonitor_LdrLoadDll: returns rcNt=0x0 hMod=00007ffcccc40000 'C:\Windows\system32\rsaenh.dll'
8d4.576c: supR3HardenedMonitor_LdrLoadDll: returns rcNt=0x0 hMod=00007ffcce4c0000 'C:\Windows\System32\crypt32.dll'
8d4.576c: supR3HardenedWinVerifyCacheScheduleImports: Import todo: #0 'vboxrt.dll'.
8d4.576c: supR3HardenedWinVerifyCacheScheduleImports: Import todo: #1 'vcruntime140.dll'.
8d4.576c: supR3HardenedWinVerifyCacheScheduleImports: Import todo: #2 'vcruntime140_1.dll'.
8d4.576c: supR3HardenedWinVerifyCacheScheduleImports: Import todo: #3 'msvcp140.dll'.
8d4.576c: supR3HardenedWinVerifyCacheScheduleImports: Import todo: #4 'qt6corevbox.dll'.
8d4.576c: supR3HardenedWinVerifyCacheScheduleImports: Import todo: #5 'qt6guivbox.dll'.
8d4.576c: supR3HardenedWinVerifyCacheScheduleImports: Import todo: #6 'qt6widgetsvbox.dll'.
8d4.576c: supR3HardenedWinVerifyCacheScheduleImports: Import todo: #7 'qt6helpvbox.dll'.
8d4.576c: supR3HardenedWinVerifyCacheScheduleImports: Import todo: #8 'qt6statemachinevbox.dll'.
8d4.576c: supR3HardenedWinVerifyCacheScheduleImports: Import todo: #15 'user32.dll'.
8d4.576c: supR3HardenedWinVerifyCacheScheduleImports: Import todo: #16 'advapi32.dll'.
8d4.576c: supR3HardenedWinVerifyCacheScheduleImports: Import todo: #17 'ole32.dll'.
8d4.576c: supR3HardenedWinVerifyCacheScheduleImports: Import todo: #18 'oleaut32.dll'.
8d4.576c: supR3HardenedWinVerifyCacheScheduleImports: Import todo: #19 'rpcrt4.dll'.
8d4.576c: supHardenedWinVerifyImageByHandle: -> 0 (\Device\HarddiskVolume3\Program Files\Oracle\VirtualBox\UICommon.dll) WinVerifyTrust
8d4.576c: supR3HardenedWinVerifyCacheInsert: \Device\HarddiskVolume3\Program Files\Oracle\VirtualBox\UICommon.dll
8d4.576c: supR3HardenedWinVerifyCacheProcessImportTodos: Processing 'rpcrt4.dll'...
8d4.576c: supR3HardenedWinVerifyCacheProcessImportTodos: 'rpcrt4.dll' -> '\Device\HarddiskVolume3\Windows\System32\rpcrt4.dll' [rcNtRedir=0xc0150008]
8d4.576c: supR3HardenedWinVerifyCacheProcessImportTodos: Processing 'oleaut32.dll'...
8d4.576c: supR3HardenedWinVerifyCacheProcessImportTodos: 'oleaut32.dll' -> '\Device\HarddiskVolume3\Windows\System32\oleaut32.dll' [rcNtRedir=0xc0150008]
8d4.576c: supR3HardenedScreenImage/Imports: cache hit (VINF_SUCCESS) on \Device\HarddiskVolume3\Windows\System32\oleaut32.dll
8d4.576c: supR3HardenedWinVerifyCacheProcessImportTodos: Processing 'ole32.dll'...
8d4.576c: supR3HardenedWinVerifyCacheProcessImportTodos: 'ole32.dll' -> '\Device\HarddiskVolume3\Windows\System32\ole32.dll' [rcNtRedir=0xc0150008]
8d4.576c: supR3HardenedScreenImage/Imports: cache hit (VINF_SUCCESS) on \Device\HarddiskVolume3\Windows\System32\ole32.dll
8d4.576c: supR3HardenedWinVerifyCacheProcessImportTodos: Processing 'advapi32.dll'...
8d4.576c: supR3HardenedWinVerifyCacheProcessImportTodos: 'advapi32.dll' -> '\Device\HarddiskVolume3\Windows\System32\advapi32.dll' [rcNtRedir=0xc0150008]
8d4.576c: supR3HardenedScreenImage/Imports: cache hit (VINF_SUCCESS) on \Device\HarddiskVolume3\Windows\System32\advapi32.dll
8d4.576c: supR3HardenedWinVerifyCacheProcessImportTodos: Processing 'user32.dll'...
8d4.576c: supR3HardenedWinVerifyCacheProcessImportTodos: 'user32.dll' -> '\Device\HarddiskVolume3\Windows\System32\user32.dll' [rcNtRedir=0xc0150008]
8d4.576c: supR3HardenedScreenImage/Imports: cache hit (VINF_SUCCESS) on \Device\HarddiskVolume3\Windows\System32\user32.dll [redoing WinVerifyTrust]
8d4.576c: supR3HardenedMonitor_LdrLoadDll: returns rcNt=0x0 hMod=00007ffcccc40000 'C:\Windows\system32\rsaenh.dll'
8d4.576c: supR3HardenedMonitor_LdrLoadDll: returns rcNt=0x0 hMod=00007ffcce4c0000 'C:\Windows\System32\crypt32.dll'
8d4.576c: supR3HardenedScreenImage/Imports: 0 (was 0) fWinVerifyTrust=1 for '\Device\HarddiskVolume3\Windows\System32\user32.dll'
8d4.576c: supR3HardenedWinVerifyCacheProcessImportTodos: Processing 'qt6statemachinevbox.dll'...
8d4.576c: supR3HardenedWinVerifyCacheProcessImportTodos: 'qt6statemachinevbox.dll' -> '\Device\HarddiskVolume3\Program Files\Oracle\VirtualBox\qt6statemachinevbox.dll' [rcNtRedir=0xc0150008]
8d4.576c: supR3HardenedMonitor_LdrLoadDll: returns rcNt=0x0 hMod=00007ffcccc40000 'C:\Windows\system32\rsaenh.dll'
8d4.576c: supR3HardenedMonitor_LdrLoadDll: returns rcNt=0x0 hMod=00007ffcce4c0000 'C:\Windows\System32\crypt32.dll'
8d4.576c: supR3HardenedWinVerifyCacheScheduleImports: Import todo: #0 'qt6guivbox.dll'.
8d4.576c: supR3HardenedWinVerifyCacheScheduleImports: Import todo: #1 'qt6corevbox.dll'.
8d4.576c: supR3HardenedWinVerifyCacheScheduleImports: Import todo: #2 'vcruntime140.dll'.
8d4.576c: supHardenedWinVerifyImageByHandle: -> 0 (\Device\HarddiskVolume3\Program Files\Oracle\VirtualBox\Qt6StateMachineVBox.dll) WinVerifyTrust
8d4.576c: supR3HardenedWinVerifyCacheInsert: \Device\HarddiskVolume3\Program Files\Oracle\VirtualBox\Qt6StateMachineVBox.dll
8d4.576c: supR3HardenedWinVerifyCacheProcessImportTodos: Processing 'qt6helpvbox.dll'...
8d4.576c: supR3HardenedWinVerifyCacheProcessImportTodos: 'qt6helpvbox.dll' -> '\Device\HarddiskVolume3\Program Files\Oracle\VirtualBox\qt6helpvbox.dll' [rcNtRedir=0xc0150008]
8d4.576c: supR3HardenedWinVerifyCacheProcessImportTodos: Processing 'vcruntime140.dll'...
8d4.576c: supR3HardenedWinVerifyCacheProcessImportTodos: 'vcruntime140.dll' -> '\Device\HarddiskVolume3\Windows\System32\vcruntime140.dll' [rcNtRedir=0xc0150008]
8d4.576c: supR3HardenedWinVerifyCacheProcessImportTodos: Processing 'qt6corevbox.dll'...
8d4.576c: supR3HardenedWinVerifyCacheProcessImportTodos: 'qt6corevbox.dll' -> '\Device\HarddiskVolume3\Program Files\Oracle\VirtualBox\qt6corevbox.dll' [rcNtRedir=0xc0150008]
8d4.576c: supR3HardenedScreenImage/Imports: cache hit (VINF_SUCCESS) on \Device\HarddiskVolume3\Program Files\Oracle\VirtualBox\Qt6CoreVBox.dll
8d4.576c: supR3HardenedWinVerifyCacheProcessImportTodos: Processing 'qt6guivbox.dll'...
8d4.576c: supR3HardenedWinVerifyCacheProcessImportTodos: 'qt6guivbox.dll' -> '\Device\HarddiskVolume3\Program Files\Oracle\VirtualBox\qt6guivbox.dll' [rcNtRedir=0xc0150008]
8d4.576c: supR3HardenedScreenImage/Imports: cache hit (VINF_SUCCESS) on \Device\HarddiskVolume3\Program Files\Oracle\VirtualBox\Qt6GuiVBox.dll [lacks WinVerifyTrust]
8d4.576c: supR3HardenedMonitor_LdrLoadDll: returns rcNt=0x0 hMod=00007ffcccc40000 'C:\Windows\system32\rsaenh.dll'
8d4.576c: supR3HardenedMonitor_LdrLoadDll: returns rcNt=0x0 hMod=00007ffcce4c0000 'C:\Windows\System32\crypt32.dll'
8d4.576c: supR3HardenedWinVerifyCacheScheduleImports: Import todo: #0 'qt6sqlvbox.dll'.
8d4.576c: supR3HardenedWinVerifyCacheScheduleImports: Import todo: #1 'qt6widgetsvbox.dll'.
8d4.576c: supR3HardenedWinVerifyCacheScheduleImports: Import todo: #2 'qt6guivbox.dll'.
8d4.576c: supR3HardenedWinVerifyCacheScheduleImports: Import todo: #3 'qt6corevbox.dll'.
8d4.576c: supR3HardenedWinVerifyCacheScheduleImports: Import todo: #4 'msvcp140.dll'.
8d4.576c: supR3HardenedWinVerifyCacheScheduleImports: Import todo: #5 'vcruntime140.dll'.
8d4.576c: supR3HardenedWinVerifyCacheScheduleImports: Import todo: #6 'vcruntime140_1.dll'.
8d4.576c: supHardenedWinVerifyImageByHandle: -> 0 (\Device\HarddiskVolume3\Program Files\Oracle\VirtualBox\Qt6HelpVBox.dll) WinVerifyTrust
8d4.576c: supR3HardenedWinVerifyCacheInsert: \Device\HarddiskVolume3\Program Files\Oracle\VirtualBox\Qt6HelpVBox.dll
8d4.576c: supR3HardenedWinVerifyCacheProcessImportTodos: Processing 'qt6widgetsvbox.dll'...
8d4.576c: supR3HardenedWinVerifyCacheProcessImportTodos: 'qt6widgetsvbox.dll' -> '\Device\HarddiskVolume3\Program Files\Oracle\VirtualBox\qt6widgetsvbox.dll' [rcNtRedir=0xc0150008]
8d4.576c: supR3HardenedScreenImage/Imports: cache hit (VINF_SUCCESS) on \Device\HarddiskVolume3\Program Files\Oracle\VirtualBox\Qt6WidgetsVBox.dll
8d4.576c: supR3HardenedWinVerifyCacheProcessImportTodos: Processing 'qt6guivbox.dll'...
8d4.576c: supR3HardenedWinVerifyCacheProcessImportTodos: 'qt6guivbox.dll' -> '\Device\HarddiskVolume3\Program Files\Oracle\VirtualBox\qt6guivbox.dll' [rcNtRedir=0xc0150008]
8d4.576c: supR3HardenedScreenImage/Imports: cache hit (VINF_SUCCESS) on \Device\HarddiskVolume3\Program Files\Oracle\VirtualBox\Qt6GuiVBox.dll [redoing WinVerifyTrust]
8d4.576c: supR3HardenedWinVerifyCacheProcessImportTodos: Processing 'vcruntime140_1.dll'...
8d4.576c: supR3HardenedWinVerifyCacheProcessImportTodos: 'vcruntime140_1.dll' -> '\Device\HarddiskVolume3\Windows\System32\vcruntime140_1.dll' [rcNtRedir=0xc0150008]
8d4.576c: supR3HardenedWinVerifyCacheProcessImportTodos: Processing 'vcruntime140.dll'...
8d4.576c: supR3HardenedWinVerifyCacheProcessImportTodos: 'vcruntime140.dll' -> '\Device\HarddiskVolume3\Windows\System32\vcruntime140.dll' [rcNtRedir=0xc0150008]
8d4.576c: supR3HardenedWinVerifyCacheProcessImportTodos: Processing 'msvcp140.dll'...
8d4.576c: supR3HardenedWinVerifyCacheProcessImportTodos: 'msvcp140.dll' -> '\Device\HarddiskVolume3\Windows\System32\msvcp140.dll' [rcNtRedir=0xc0150008]
8d4.576c: supR3HardenedWinVerifyCacheProcessImportTodos: Processing 'qt6corevbox.dll'...
8d4.576c: supR3HardenedWinVerifyCacheProcessImportTodos: 'qt6corevbox.dll' -> '\Device\HarddiskVolume3\Program Files\Oracle\VirtualBox\qt6corevbox.dll' [rcNtRedir=0xc0150008]
8d4.576c: supR3HardenedScreenImage/Imports: cache hit (VINF_SUCCESS) on \Device\HarddiskVolume3\Program Files\Oracle\VirtualBox\Qt6CoreVBox.dll
8d4.576c: supR3HardenedWinVerifyCacheProcessImportTodos: Processing 'qt6guivbox.dll'...
8d4.576c: supR3HardenedWinVerifyCacheProcessImportTodos: 'qt6guivbox.dll' -> '\Device\HarddiskVolume3\Program Files\Oracle\VirtualBox\qt6guivbox.dll' [rcNtRedir=0xc0150008]
8d4.576c: supR3HardenedScreenImage/Imports: cache hit (VINF_SUCCESS) on \Device\HarddiskVolume3\Program Files\Oracle\VirtualBox\Qt6GuiVBox.dll [lacks WinVerifyTrust]
8d4.576c: supR3HardenedWinVerifyCacheProcessImportTodos: Processing 'qt6widgetsvbox.dll'...
8d4.576c: supR3HardenedWinVerifyCacheProcessImportTodos: 'qt6widgetsvbox.dll' -> '\Device\HarddiskVolume3\Program Files\Oracle\VirtualBox\qt6widgetsvbox.dll' [rcNtRedir=0xc0150008]
8d4.576c: supR3HardenedScreenImage/Imports: cache hit (VINF_SUCCESS) on \Device\HarddiskVolume3\Program Files\Oracle\VirtualBox\Qt6WidgetsVBox.dll
8d4.576c: supR3HardenedWinVerifyCacheProcessImportTodos: Processing 'qt6sqlvbox.dll'...
8d4.576c: supR3HardenedWinVerifyCacheProcessImportTodos: 'qt6sqlvbox.dll' -> '\Device\HarddiskVolume3\Program Files\Oracle\VirtualBox\qt6sqlvbox.dll' [rcNtRedir=0xc0150008]
8d4.576c: Detected WinVerifyTrust recursion: rc=VINF_SUCCESS '\Device\HarddiskVolume3\Program Files\Oracle\VirtualBox\Qt6SqlVBox.dll'.
8d4.576c: supR3HardenedWinVerifyCacheScheduleImports: Import todo: #0 'qt6corevbox.dll'.
8d4.576c: supR3HardenedWinVerifyCacheScheduleImports: Import todo: #1 'msvcp140.dll'.
8d4.576c: supR3HardenedWinVerifyCacheScheduleImports: Import todo: #2 'vcruntime140.dll'.
8d4.576c: supR3HardenedWinVerifyCacheScheduleImports: Import todo: #3 'vcruntime140_1.dll'.
8d4.576c: supHardenedWinVerifyImageByHandle: -> 0 (\Device\HarddiskVolume3\Program Files\Oracle\VirtualBox\Qt6SqlVBox.dll)
8d4.576c: supR3HardenedWinVerifyCacheInsert: \Device\HarddiskVolume3\Program Files\Oracle\VirtualBox\Qt6SqlVBox.dll
8d4.576c: supR3HardenedWinVerifyCacheProcessImportTodos: Processing 'vcruntime140_1.dll'...
8d4.576c: supR3HardenedWinVerifyCacheProcessImportTodos: 'vcruntime140_1.dll' -> '\Device\HarddiskVolume3\Windows\System32\vcruntime140_1.dll' [rcNtRedir=0xc0150008]
8d4.576c: supR3HardenedWinVerifyCacheProcessImportTodos: Processing 'vcruntime140.dll'...
8d4.576c: supR3HardenedWinVerifyCacheProcessImportTodos: 'vcruntime140.dll' -> '\Device\HarddiskVolume3\Windows\System32\vcruntime140.dll' [rcNtRedir=0xc0150008]
8d4.576c: supR3HardenedWinVerifyCacheProcessImportTodos: Processing 'msvcp140.dll'...
8d4.576c: supR3HardenedWinVerifyCacheProcessImportTodos: 'msvcp140.dll' -> '\Device\HarddiskVolume3\Windows\System32\msvcp140.dll' [rcNtRedir=0xc0150008]
8d4.576c: supR3HardenedWinVerifyCacheProcessImportTodos: Processing 'qt6corevbox.dll'...
8d4.576c: supR3HardenedWinVerifyCacheProcessImportTodos: 'qt6corevbox.dll' -> '\Device\HarddiskVolume3\Program Files\Oracle\VirtualBox\qt6corevbox.dll' [rcNtRedir=0xc0150008]
8d4.576c: supR3HardenedScreenImage/Imports: cache hit (VINF_SUCCESS) on \Device\HarddiskVolume3\Program Files\Oracle\VirtualBox\Qt6CoreVBox.dll
8d4.576c: supR3HardenedMonitor_LdrLoadDll: returns rcNt=0x0 hMod=00007ffcccc40000 'C:\Windows\system32\rsaenh.dll'
8d4.576c: supR3HardenedMonitor_LdrLoadDll: returns rcNt=0x0 hMod=00007ffcce4c0000 'C:\Windows\System32\crypt32.dll'
8d4.576c: supR3HardenedScreenImage/Imports: 0 (was 0) fWinVerifyTrust=1 for '\Device\HarddiskVolume3\Program Files\Oracle\VirtualBox\Qt6GuiVBox.dll'
8d4.576c: supR3HardenedWinVerifyCacheProcessImportTodos: Processing 'qt6corevbox.dll'...
8d4.576c: supR3HardenedWinVerifyCacheProcessImportTodos: 'qt6corevbox.dll' -> '\Device\HarddiskVolume3\Program Files\Oracle\VirtualBox\qt6corevbox.dll' [rcNtRedir=0xc0150008]
8d4.576c: supR3HardenedScreenImage/Imports: cache hit (VINF_SUCCESS) on \Device\HarddiskVolume3\Program Files\Oracle\VirtualBox\Qt6CoreVBox.dll
8d4.576c: supR3HardenedWinVerifyCacheProcessImportTodos: Processing 'msvcp140.dll'...
8d4.576c: supR3HardenedWinVerifyCacheProcessImportTodos: 'msvcp140.dll' -> '\Device\HarddiskVolume3\Windows\System32\msvcp140.dll' [rcNtRedir=0xc0150008]
8d4.576c: supR3HardenedWinVerifyCacheProcessImportTodos: Processing 'vcruntime140_1.dll'...
8d4.576c: supR3HardenedWinVerifyCacheProcessImportTodos: 'vcruntime140_1.dll' -> '\Device\HarddiskVolume3\Windows\System32\vcruntime140_1.dll' [rcNtRedir=0xc0150008]
8d4.576c: supR3HardenedWinVerifyCacheProcessImportTodos: Processing 'vcruntime140.dll'...
8d4.576c: supR3HardenedWinVerifyCacheProcessImportTodos: 'vcruntime140.dll' -> '\Device\HarddiskVolume3\Windows\System32\vcruntime140.dll' [rcNtRedir=0xc0150008]
8d4.576c: supR3HardenedScreenImage/Imports: cache hit (VINF_SUCCESS) on \Device\HarddiskVolume3\Windows\System32\vcruntime140.dll
8d4.576c: supR3HardenedWinVerifyCacheProcessImportTodos: Processing 'vboxrt.dll'...
8d4.576c: supR3HardenedWinVerifyCacheProcessImportTodos: 'vboxrt.dll' -> '\Device\HarddiskVolume3\Program Files\Oracle\VirtualBox\vboxrt.dll' [rcNtRedir=0xc0150008]
8d4.576c: supR3HardenedMonitor_LdrLoadDll: pName=C:\Program Files\Oracle\VirtualBox\VirtualBoxVM.dll (rcNtResolve=0xc0150008) *pfFlags=0x0 pwszSearchPath=0000000000000a01:<flags> [calling]
8d4.576c: supR3HardenedScreenImage/NtCreateSection: cache hit (VINF_SUCCESS) on \Device\HarddiskVolume3\Program Files\Oracle\VirtualBox\VirtualBoxVM.dll
8d4.576c: supR3HardenedScreenImage/NtCreateSection: cache hit (VINF_SUCCESS) on \Device\HarddiskVolume3\Program Files\Oracle\VirtualBox\UICommon.dll
8d4.576c: supR3HardenedScreenImage/NtCreateSection: cache hit (VINF_SUCCESS) on \Device\HarddiskVolume3\Program Files\Oracle\VirtualBox\Qt6CoreVBox.dll
8d4.576c: supR3HardenedScreenImage/NtCreateSection: cache hit (VINF_SUCCESS) on \Device\HarddiskVolume3\Program Files\Oracle\VirtualBox\Qt6GuiVBox.dll
8d4.576c: supR3HardenedScreenImage/NtCreateSection: cache hit (VINF_SUCCESS) on \Device\HarddiskVolume3\Program Files\Oracle\VirtualBox\Qt6WidgetsVBox.dll
8d4.576c: supR3HardenedScreenImage/NtCreateSection: cache hit (VINF_SUCCESS) on \Device\HarddiskVolume3\Windows\System32\winmm.dll
8d4.576c: supR3HardenedScreenImage/NtCreateSection: cache hit (VINF_SUCCESS) on \Device\HarddiskVolume3\Program Files\Oracle\VirtualBox\Qt6HelpVBox.dll
8d4.576c: supR3HardenedScreenImage/NtCreateSection: cache hit (VINF_SUCCESS) on \Device\HarddiskVolume3\Program Files\Oracle\VirtualBox\Qt6StateMachineVBox.dll
8d4.576c: supR3HardenedScreenImage/NtCreateSection: cache hit (VINF_SUCCESS) on \Device\HarddiskVolume3\Windows\System32\userenv.dll [avoiding WinVerifyTrust]
8d4.576c: supR3HardenedScreenImage/NtCreateSection: cache hit (22900) on \Device\HarddiskVolume3\Windows\System32\authz.dll [avoiding WinVerifyTrust]
8d4.576c: supR3HardenedScreenImage/NtCreateSection: cache hit (VINF_SUCCESS) on \Device\HarddiskVolume3\Windows\System32\netapi32.dll [avoiding WinVerifyTrust]
8d4.576c: supR3HardenedScreenImage/NtCreateSection: cache hit (VINF_SUCCESS) on \Device\HarddiskVolume3\Windows\System32\version.dll [avoiding WinVerifyTrust]
8d4.576c: supR3HardenedScreenImage/NtCreateSection: cache hit (VINF_SUCCESS) on \Device\HarddiskVolume3\Windows\System32\msvcp140_1.dll [avoiding WinVerifyTrust]
8d4.576c: supR3HardenedScreenImage/NtCreateSection: cache hit (VINF_SUCCESS) on \Device\HarddiskVolume3\Windows\System32\d3d11.dll [avoiding WinVerifyTrust]
8d4.576c: supR3HardenedScreenImage/NtCreateSection: cache hit (VINF_SUCCESS) on \Device\HarddiskVolume3\Windows\System32\dxgi.dll [avoiding WinVerifyTrust]
8d4.576c: supR3HardenedScreenImage/NtCreateSection: cache hit (22900) on \Device\HarddiskVolume3\Windows\System32\DWrite.dll [avoiding WinVerifyTrust]
8d4.576c: supR3HardenedScreenImage/NtCreateSection: cache hit (VINF_SUCCESS) on \Device\HarddiskVolume3\Windows\System32\msvcp140_2.dll [avoiding WinVerifyTrust]
8d4.576c: supR3HardenedScreenImage/NtCreateSection: cache hit (VINF_SUCCESS) on \Device\HarddiskVolume3\Windows\System32\dwmapi.dll [avoiding WinVerifyTrust]
8d4.576c: supR3HardenedScreenImage/NtCreateSection: cache hit (22900) on \Device\HarddiskVolume3\Windows\System32\uxtheme.dll [avoiding WinVerifyTrust]
8d4.576c: supR3HardenedScreenImage/NtCreateSection: cache hit (VINF_SUCCESS) on \Device\HarddiskVolume3\Program Files\Oracle\VirtualBox\Qt6SqlVBox.dll [avoiding WinVerifyTrust]
8d4.576c: supHardenedWinVerifyImageByHandle: -> 0 (\Device\HarddiskVolume3\Windows\System32\netutils.dll)
8d4.576c: supR3HardenedWinVerifyCacheInsert: \Device\HarddiskVolume3\Windows\System32\netutils.dll
8d4.576c: supR3HardenedWinVerifyCacheScheduleImports: Import todo: #3 'rpcrt4.dll'.
8d4.576c: supHardenedWinVerifyImageByHandle: -> 0 (\Device\HarddiskVolume3\Windows\System32\srvcli.dll)
8d4.576c: supR3HardenedWinVerifyCacheInsert: \Device\HarddiskVolume3\Windows\System32\srvcli.dll
8d4.576c: supR3HardenedDllNotificationCallback: load   00007ffccd270000 LB 0x0002c000 C:\Windows\SYSTEM32\USERENV.dll [fFlags=0x0]
8d4.576c: supR3HardenedScreenImage/LdrLoadDll: cache hit (VINF_SUCCESS) on \Device\HarddiskVolume3\Windows\System32\userenv.dll [avoiding WinVerifyTrust]
8d4.576c: supR3HardenedDllNotificationCallback: load   00007ffccc8a0000 LB 0x0004f000 C:\Windows\SYSTEM32\AUTHZ.dll [fFlags=0x0]
8d4.576c: supR3HardenedScreenImage/LdrLoadDll: cache hit (22900) on \Device\HarddiskVolume3\Windows\System32\authz.dll [avoiding WinVerifyTrust]
8d4.576c: supR3HardenedDllNotificationCallback: load   00007ffcb86a0000 LB 0x00019000 C:\Windows\SYSTEM32\NETAPI32.dll [fFlags=0x0]
8d4.576c: supR3HardenedScreenImage/LdrLoadDll: cache hit (VINF_SUCCESS) on \Device\HarddiskVolume3\Windows\System32\netapi32.dll [avoiding WinVerifyTrust]
8d4.576c: supR3HardenedDllNotificationCallback: load   00007ffcce190000 LB 0x0009a000 C:\Windows\System32\msvcp_win.dll [fFlags=0x0]
8d4.576c: supR3HardenedScreenImage/LdrLoadDll: cache hit (VINF_SUCCESS) on \Device\HarddiskVolume3\Windows\System32\msvcp_win.dll [avoiding WinVerifyTrust]
8d4.576c: supR3HardenedDllNotificationCallback: load   00007ffcce350000 LB 0x00026000 C:\Windows\System32\win32u.dll [fFlags=0x0]
8d4.576c: supR3HardenedScreenImage/LdrLoadDll: cache hit (VINF_SUCCESS) on \Device\HarddiskVolume3\Windows\System32\win32u.dll [avoiding WinVerifyTrust]
8d4.576c: supR3HardenedDllNotificationCallback: load   00007ffccf2f0000 LB 0x001ad000 C:\Windows\System32\USER32.dll [fFlags=0x0]
8d4.576c: supR3HardenedDllNotificationCallback: load   00007ffcce230000 LB 0x00118000 C:\Windows\System32\gdi32full.dll [fFlags=0x0]
8d4.576c: supR3HardenedWinVerifyCacheScheduleImports: Import todo: #0 'msvcp_win.dll'.
8d4.576c: supR3HardenedWinVerifyCacheScheduleImports: Import todo: #39 'gdi32.dll'.
8d4.576c: supR3HardenedWinVerifyCacheScheduleImports: Import todo: #42 'user32.dll'.
8d4.576c: supR3HardenedWinVerifyCacheScheduleImports: Import todo: #43 'win32u.dll'.
8d4.576c: supHardenedWinVerifyImageByHandle: -> 0 (\Device\HarddiskVolume3\Windows\System32\gdi32full.dll)
8d4.576c: supR3HardenedWinVerifyCacheInsert: \Device\HarddiskVolume3\Windows\System32\gdi32full.dll
8d4.576c: supR3HardenedDllNotificationCallback: load   00007ffcce8c0000 LB 0x00029000 C:\Windows\System32\GDI32.dll [fFlags=0x0]
8d4.576c: supR3HardenedScreenImage/LdrLoadDll: cache hit (VINF_SUCCESS) on \Device\HarddiskVolume3\Windows\System32\gdi32.dll [avoiding WinVerifyTrust]
8d4.576c: supR3HardenedDllNotificationCallback: load   00007ffcd0560000 LB 0x0038a000 C:\Windows\System32\combase.dll [fFlags=0x0]
8d4.576c: supR3HardenedScreenImage/LdrLoadDll: cache hit (VINF_SUCCESS) on \Device\HarddiskVolume3\Windows\System32\combase.dll [avoiding WinVerifyTrust]
8d4.576c: supR3HardenedDllNotificationCallback: load   00007ffcceb80000 LB 0x0019f000 C:\Windows\System32\ole32.dll [fFlags=0x0]
8d4.576c: supR3HardenedScreenImage/LdrLoadDll: cache hit (VINF_SUCCESS) on \Device\HarddiskVolume3\Windows\System32\ole32.dll
8d4.576c: supR3HardenedDllNotificationCallback: load   00007ffccfc50000 LB 0x00858000 C:\Windows\System32\SHELL32.dll [fFlags=0x0]
8d4.576c: supR3HardenedScreenImage/LdrLoadDll: cache hit (VINF_SUCCESS) on \Device\HarddiskVolume3\Windows\System32\shell32.dll [avoiding WinVerifyTrust]
8d4.576c: supR3HardenedDllNotificationCallback: load   00007ffcb2a00000 LB 0x0000a000 C:\Windows\SYSTEM32\VERSION.dll [fFlags=0x0]
8d4.576c: supR3HardenedScreenImage/LdrLoadDll: cache hit (VINF_SUCCESS) on \Device\HarddiskVolume3\Windows\System32\version.dll [avoiding WinVerifyTrust]
8d4.576c: supR3HardenedDllNotificationCallback: load   00007ffcc33d0000 LB 0x00034000 C:\Windows\SYSTEM32\WINMM.dll [fFlags=0x0]
8d4.576c: supR3HardenedScreenImage/LdrLoadDll: cache hit (VINF_SUCCESS) on \Device\HarddiskVolume3\Windows\System32\winmm.dll
8d4.576c: supR3HardenedDllNotificationCallback: load   00007ffcc8c70000 LB 0x00009000 C:\Windows\SYSTEM32\MSVCP140_1.dll [fFlags=0x0]
8d4.576c: supR3HardenedScreenImage/LdrLoadDll: cache hit (VINF_SUCCESS) on \Device\HarddiskVolume3\Windows\System32\msvcp140_1.dll [avoiding WinVerifyTrust]
8d4.576c: supR3HardenedDllNotificationCallback: load   00007ffccc6f0000 LB 0x0000c000 C:\Windows\SYSTEM32\NETUTILS.DLL [fFlags=0x0]
8d4.576c: supR3HardenedScreenImage/LdrLoadDll: cache hit (VINF_SUCCESS) on \Device\HarddiskVolume3\Windows\System32\netutils.dll [avoiding WinVerifyTrust]
8d4.576c: supR3HardenedDllNotificationCallback: load   00007ffcbf390000 LB 0x00029000 C:\Windows\SYSTEM32\SRVCLI.DLL [fFlags=0x0]
8d4.576c: supR3HardenedScreenImage/LdrLoadDll: cache hit (VINF_SUCCESS) on \Device\HarddiskVolume3\Windows\System32\srvcli.dll [avoiding WinVerifyTrust]
8d4.576c: supR3HardenedDllNotificationCallback: load   00007ffc2dc90000 LB 0x00588000 C:\Program Files\Oracle\VirtualBox\Qt6CoreVBox.dll [fFlags=0x0]
8d4.576c: supR3HardenedDllNotificationCallback: load   00007ffccaf10000 LB 0x000f8000 C:\Windows\SYSTEM32\dxgi.dll [fFlags=0x0]
8d4.576c: supR3HardenedScreenImage/LdrLoadDll: cache hit (VINF_SUCCESS) on \Device\HarddiskVolume3\Windows\System32\dxgi.dll [avoiding WinVerifyTrust]
8d4.576c: supR3HardenedDllNotificationCallback: load   00007ffcc9c50000 LB 0x00257000 C:\Windows\SYSTEM32\d3d11.dll [fFlags=0x0]
8d4.576c: supR3HardenedScreenImage/LdrLoadDll: cache hit (VINF_SUCCESS) on \Device\HarddiskVolume3\Windows\System32\d3d11.dll [avoiding WinVerifyTrust]
8d4.576c: supR3HardenedDllNotificationCallback: load   00007ffcc9eb0000 LB 0x00273000 C:\Windows\SYSTEM32\DWrite.dll [fFlags=0x0]
8d4.576c: supR3HardenedScreenImage/LdrLoadDll: cache hit (22900) on \Device\HarddiskVolume3\Windows\System32\DWrite.dll [avoiding WinVerifyTrust]
8d4.576c: supR3HardenedDllNotificationCallback: load   00007ffcb8600000 LB 0x00044000 C:\Windows\SYSTEM32\MSVCP140_2.dll [fFlags=0x0]
8d4.576c: supR3HardenedScreenImage/LdrLoadDll: cache hit (VINF_SUCCESS) on \Device\HarddiskVolume3\Windows\System32\msvcp140_2.dll [avoiding WinVerifyTrust]
8d4.576c: supR3HardenedDllNotificationCallback: load   00007ffc2d510000 LB 0x00773000 C:\Program Files\Oracle\VirtualBox\Qt6GuiVBox.dll [fFlags=0x0]
8d4.576c: supR3HardenedScreenImage/LdrLoadDll: cache hit (VINF_SUCCESS) on \Device\HarddiskVolume3\Program Files\Oracle\VirtualBox\Qt6GuiVBox.dll
8d4.576c: supR3HardenedDllNotificationCallback: load   00007ffccb270000 LB 0x0002b000 C:\Windows\SYSTEM32\dwmapi.dll [fFlags=0x0]
8d4.576c: supR3HardenedScreenImage/LdrLoadDll: cache hit (VINF_SUCCESS) on \Device\HarddiskVolume3\Windows\System32\dwmapi.dll [avoiding WinVerifyTrust]
8d4.576c: supR3HardenedDllNotificationCallback: load   00007ffccace0000 LB 0x000ab000 C:\Windows\SYSTEM32\UxTheme.dll [fFlags=0x0]
8d4.576c: supR3HardenedScreenImage/LdrLoadDll: cache hit (22900) on \Device\HarddiskVolume3\Windows\System32\uxtheme.dll [avoiding WinVerifyTrust]
8d4.576c: supR3HardenedDllNotificationCallback: load   00007ffc2cf40000 LB 0x005c1000 C:\Program Files\Oracle\VirtualBox\Qt6WidgetsVBox.dll [fFlags=0x0]
8d4.576c: supR3HardenedScreenImage/LdrLoadDll: cache hit (VINF_SUCCESS) on \Device\HarddiskVolume3\Program Files\Oracle\VirtualBox\Qt6WidgetsVBox.dll
8d4.576c: supR3HardenedDllNotificationCallback: load   00007ffc69a90000 LB 0x00047000 C:\Program Files\Oracle\VirtualBox\Qt6SqlVBox.dll [fFlags=0x0]
8d4.576c: supR3HardenedScreenImage/LdrLoadDll: cache hit (VINF_SUCCESS) on \Device\HarddiskVolume3\Program Files\Oracle\VirtualBox\Qt6SqlVBox.dll [avoiding WinVerifyTrust]
8d4.576c: supR3HardenedDllNotificationCallback: load   00007ffc6c150000 LB 0x0008b000 C:\Program Files\Oracle\VirtualBox\Qt6HelpVBox.dll [fFlags=0x0]
8d4.576c: supR3HardenedScreenImage/LdrLoadDll: cache hit (VINF_SUCCESS) on \Device\HarddiskVolume3\Program Files\Oracle\VirtualBox\Qt6HelpVBox.dll
8d4.576c: supR3HardenedDllNotificationCallback: load   00007ffc6a6c0000 LB 0x0004f000 C:\Program Files\Oracle\VirtualBox\Qt6StateMachineVBox.dll [fFlags=0x0]
8d4.576c: supR3HardenedScreenImage/LdrLoadDll: cache hit (VINF_SUCCESS) on \Device\HarddiskVolume3\Program Files\Oracle\VirtualBox\Qt6StateMachineVBox.dll
8d4.576c: supR3HardenedDllNotificationCallback: load   00007ffcceaa0000 LB 0x000d7000 C:\Windows\System32\OLEAUT32.dll [fFlags=0x0]
8d4.576c: supR3HardenedScreenImage/LdrLoadDll: cache hit (VINF_SUCCESS) on \Device\HarddiskVolume3\Windows\System32\oleaut32.dll
8d4.576c: supR3HardenedDllNotificationCallback: load   00007ffc28790000 LB 0x01b40000 C:\Program Files\Oracle\VirtualBox\UICommon.dll [fFlags=0x0]
8d4.576c: supR3HardenedScreenImage/LdrLoadDll: cache hit (VINF_SUCCESS) on \Device\HarddiskVolume3\Program Files\Oracle\VirtualBox\UICommon.dll
8d4.576c: supR3HardenedDllNotificationCallback: load   00007ffc6a390000 LB 0x00154000 C:\Program Files\Oracle\VirtualBox\VirtualBoxVM.dll [fFlags=0x0]
8d4.576c: supR3HardenedScreenImage/LdrLoadDll: cache hit (VINF_SUCCESS) on \Device\HarddiskVolume3\Program Files\Oracle\VirtualBox\VirtualBoxVM.dll
8d4.576c: supR3HardenedWinVerifyCacheScheduleImports: Import todo: #26 'win32u.dll'.
8d4.576c: supHardenedWinVerifyImageByHandle: -> 0 (\Device\HarddiskVolume3\Windows\System32\imm32.dll)
8d4.576c: supR3HardenedWinVerifyCacheInsert: \Device\HarddiskVolume3\Windows\System32\imm32.dll
8d4.576c: supR3HardenedMonitor_NtCreateSection: NtMapViewOfSection failed on 0000000000000468 (hFile=00000000000005b4) with 0xc0000022 -> STATUS_TRUST_FAILURE
8d4.576c: Detected loader lock ownership: rc=VINF_SUCCESS '\Device\HarddiskVolume3\Windows\System32\imm32.dll'.
8d4.576c: supR3HardenedWinVerifyCacheProcessWvtTodos: 0 (was 0) fWinVerifyTrust=0 for '\Device\HarddiskVolume3\Windows\System32\imm32.dll' [rescheduled]
8d4.576c: Detected loader lock ownership: rc=VINF_SUCCESS '\Device\HarddiskVolume3\Windows\System32\gdi32full.dll'.
8d4.576c: supR3HardenedWinVerifyCacheProcessWvtTodos: 0 (was 0) fWinVerifyTrust=0 for '\Device\HarddiskVolume3\Windows\System32\gdi32full.dll' [rescheduled]
8d4.576c: Detected loader lock ownership: rc=VINF_SUCCESS '\Device\HarddiskVolume3\Windows\System32\srvcli.dll'.
8d4.576c: supR3HardenedWinVerifyCacheProcessWvtTodos: 0 (was 0) fWinVerifyTrust=0 for '\Device\HarddiskVolume3\Windows\System32\srvcli.dll' [rescheduled]
8d4.576c: Detected loader lock ownership: rc=VINF_SUCCESS '\Device\HarddiskVolume3\Windows\System32\netutils.dll'.
8d4.576c: supR3HardenedWinVerifyCacheProcessWvtTodos: 0 (was 0) fWinVerifyTrust=0 for '\Device\HarddiskVolume3\Windows\System32\netutils.dll' [rescheduled]
8d4.576c: Detected loader lock ownership: rc=VINF_SUCCESS '\Device\HarddiskVolume3\Program Files\Oracle\VirtualBox\Qt6SqlVBox.dll'.
8d4.576c: supR3HardenedWinVerifyCacheProcessWvtTodos: 0 (was 0) fWinVerifyTrust=0 for '\Device\HarddiskVolume3\Program Files\Oracle\VirtualBox\Qt6SqlVBox.dll' [rescheduled]
8d4.576c: Detected loader lock ownership: rc=VINF_SUCCESS '\Device\HarddiskVolume3\Windows\System32\userenv.dll'.
8d4.576c: supR3HardenedWinVerifyCacheProcessWvtTodos: 0 (was 0) fWinVerifyTrust=0 for '\Device\HarddiskVolume3\Windows\System32\userenv.dll' [rescheduled]
8d4.576c: Detected loader lock ownership: rc=22900 '\Device\HarddiskVolume3\Windows\System32\authz.dll'.
8d4.576c: supR3HardenedWinVerifyCacheProcessWvtTodos: 22900 (was 22900) fWinVerifyTrust=0 for '\Device\HarddiskVolume3\Windows\System32\authz.dll' [rescheduled]
8d4.576c: Detected loader lock ownership: rc=VINF_SUCCESS '\Device\HarddiskVolume3\Windows\System32\netapi32.dll'.
8d4.576c: supR3HardenedWinVerifyCacheProcessWvtTodos: 0 (was 0) fWinVerifyTrust=0 for '\Device\HarddiskVolume3\Windows\System32\netapi32.dll' [rescheduled]
8d4.576c: Detected loader lock ownership: rc=VINF_SUCCESS '\Device\HarddiskVolume3\Windows\System32\version.dll'.
8d4.576c: supR3HardenedWinVerifyCacheProcessWvtTodos: 0 (was 0) fWinVerifyTrust=0 for '\Device\HarddiskVolume3\Windows\System32\version.dll' [rescheduled]
8d4.576c: Detected loader lock ownership: rc=VINF_SUCCESS '\Device\HarddiskVolume3\Windows\System32\d3d11.dll'.
8d4.576c: supR3HardenedWinVerifyCacheProcessWvtTodos: 0 (was 0) fWinVerifyTrust=0 for '\Device\HarddiskVolume3\Windows\System32\d3d11.dll' [rescheduled]
8d4.576c: Detected loader lock ownership: rc=VINF_SUCCESS '\Device\HarddiskVolume3\Windows\System32\dxgi.dll'.
8d4.576c: supR3HardenedWinVerifyCacheProcessWvtTodos: 0 (was 0) fWinVerifyTrust=0 for '\Device\HarddiskVolume3\Windows\System32\dxgi.dll' [rescheduled]
8d4.576c: Detected loader lock ownership: rc=VINF_SUCCESS '\Device\HarddiskVolume3\Windows\System32\shell32.dll'.
8d4.576c: supR3HardenedWinVerifyCacheProcessWvtTodos: 0 (was 0) fWinVerifyTrust=0 for '\Device\HarddiskVolume3\Windows\System32\shell32.dll' [rescheduled]
8d4.576c: Detected loader lock ownership: rc=22900 '\Device\HarddiskVolume3\Windows\System32\DWrite.dll'.
8d4.576c: supR3HardenedWinVerifyCacheProcessWvtTodos: 22900 (was 22900) fWinVerifyTrust=0 for '\Device\HarddiskVolume3\Windows\System32\DWrite.dll' [rescheduled]
8d4.576c: Detected loader lock ownership: rc=VINF_SUCCESS '\Device\HarddiskVolume3\Windows\System32\msvcp140_2.dll'.
8d4.576c: supR3HardenedWinVerifyCacheProcessWvtTodos: 0 (was 0) fWinVerifyTrust=0 for '\Device\HarddiskVolume3\Windows\System32\msvcp140_2.dll' [rescheduled]
8d4.576c: Detected loader lock ownership: rc=VINF_SUCCESS '\Device\HarddiskVolume3\Windows\System32\dwmapi.dll'.
8d4.576c: supR3HardenedWinVerifyCacheProcessWvtTodos: 0 (was 0) fWinVerifyTrust=0 for '\Device\HarddiskVolume3\Windows\System32\dwmapi.dll' [rescheduled]
8d4.576c: Detected loader lock ownership: rc=22900 '\Device\HarddiskVolume3\Windows\System32\uxtheme.dll'.
8d4.576c: supR3HardenedWinVerifyCacheProcessWvtTodos: 22900 (was 22900) fWinVerifyTrust=0 for '\Device\HarddiskVolume3\Windows\System32\uxtheme.dll' [rescheduled]
8d4.576c: Detected loader lock ownership: rc=VINF_SUCCESS '\Device\HarddiskVolume3\Windows\System32\msvcp140_1.dll'.
8d4.576c: supR3HardenedWinVerifyCacheProcessWvtTodos: 0 (was 0) fWinVerifyTrust=0 for '\Device\HarddiskVolume3\Windows\System32\msvcp140_1.dll' [rescheduled]
8d4.576c: Detected loader lock ownership: rc=VINF_SUCCESS '\Device\HarddiskVolume3\Windows\System32\win32u.dll'.
8d4.576c: supR3HardenedWinVerifyCacheProcessWvtTodos: 0 (was 0) fWinVerifyTrust=0 for '\Device\HarddiskVolume3\Windows\System32\win32u.dll' [rescheduled]
8d4.576c: Detected loader lock ownership: rc=VINF_SUCCESS '\Device\HarddiskVolume3\Windows\System32\gdi32.dll'.
8d4.576c: supR3HardenedWinVerifyCacheProcessWvtTodos: 0 (was 0) fWinVerifyTrust=0 for '\Device\HarddiskVolume3\Windows\System32\gdi32.dll' [rescheduled]
8d4.576c: Detected loader lock ownership: rc=VINF_SUCCESS '\Device\HarddiskVolume3\Windows\System32\msvcp_win.dll'.
8d4.576c: supR3HardenedWinVerifyCacheProcessWvtTodos: 0 (was 0) fWinVerifyTrust=0 for '\Device\HarddiskVolume3\Windows\System32\msvcp_win.dll' [rescheduled]
8d4.576c: Detected loader lock ownership: rc=VINF_SUCCESS '\Device\HarddiskVolume3\Windows\System32\combase.dll'.
8d4.576c: supR3HardenedWinVerifyCacheProcessWvtTodos: 0 (was 0) fWinVerifyTrust=0 for '\Device\HarddiskVolume3\Windows\System32\combase.dll' [rescheduled]
8d4.576c: supR3HardenedScreenImage/LdrLoadDll: cache hit (VINF_SUCCESS) on \Device\HarddiskVolume3\Windows\System32\imm32.dll [redoing WinVerifyTrust]
8d4.576c: Detected loader lock ownership: rc=VINF_SUCCESS '\Device\HarddiskVolume3\Windows\System32\imm32.dll'.
8d4.576c: supR3HardenedScreenImage/LdrLoadDll: WinVerifyTrust not available, rescheduling \Device\HarddiskVolume3\Windows\System32\imm32.dll
8d4.576c: supR3HardenedWinVerifyCacheProcessImportTodos: Processing 'win32u.dll'...
8d4.576c: supR3HardenedWinVerifyCacheProcessImportTodos: 'win32u.dll' -> '\Device\HarddiskVolume3\Windows\System32\win32u.dll' [rcNtRedir=0xc0150008]
8d4.576c: supR3HardenedScreenImage/Imports: cache hit (VINF_SUCCESS) on \Device\HarddiskVolume3\Windows\System32\win32u.dll [redoing WinVerifyTrust]
8d4.576c: Detected loader lock ownership: rc=VINF_SUCCESS '\Device\HarddiskVolume3\Windows\System32\win32u.dll'.
8d4.576c: supR3HardenedScreenImage/Imports: WinVerifyTrust not available, rescheduling \Device\HarddiskVolume3\Windows\System32\win32u.dll
8d4.576c: supR3HardenedWinVerifyCacheProcessImportTodos: Processing 'win32u.dll'...
8d4.576c: supR3HardenedWinVerifyCacheProcessImportTodos: 'win32u.dll' -> '\Device\HarddiskVolume3\Windows\System32\win32u.dll' [rcNtRedir=0xc0150008]
8d4.576c: supR3HardenedScreenImage/Imports: cache hit (VINF_SUCCESS) on \Device\HarddiskVolume3\Windows\System32\win32u.dll [redoing WinVerifyTrust]
8d4.576c: Detected loader lock ownership: rc=VINF_SUCCESS '\Device\HarddiskVolume3\Windows\System32\win32u.dll'.
8d4.576c: supR3HardenedScreenImage/Imports: WinVerifyTrust not available, rescheduling \Device\HarddiskVolume3\Windows\System32\win32u.dll
8d4.576c: supR3HardenedWinVerifyCacheProcessImportTodos: Processing 'user32.dll'...
8d4.576c: supR3HardenedWinVerifyCacheProcessImportTodos: 'user32.dll' -> '\Device\HarddiskVolume3\Windows\System32\user32.dll' [rcNtRedir=0xc0150008]
8d4.576c: supR3HardenedWinVerifyCacheProcessImportTodos: Processing 'gdi32.dll'...
8d4.576c: supR3HardenedWinVerifyCacheProcessImportTodos: 'gdi32.dll' -> '\Device\HarddiskVolume3\Windows\System32\gdi32.dll' [rcNtRedir=0xc0150008]
8d4.576c: supR3HardenedScreenImage/Imports: cache hit (VINF_SUCCESS) on \Device\HarddiskVolume3\Windows\System32\gdi32.dll [redoing WinVerifyTrust]
8d4.576c: Detected loader lock ownership: rc=VINF_SUCCESS '\Device\HarddiskVolume3\Windows\System32\gdi32.dll'.
8d4.576c: supR3HardenedScreenImage/Imports: WinVerifyTrust not available, rescheduling \Device\HarddiskVolume3\Windows\System32\gdi32.dll
8d4.576c: supR3HardenedWinVerifyCacheProcessImportTodos: Processing 'msvcp_win.dll'...
8d4.576c: supR3HardenedWinVerifyCacheProcessImportTodos: 'msvcp_win.dll' -> '\Device\HarddiskVolume3\Windows\System32\msvcp_win.dll' [rcNtRedir=0xc0150008]
8d4.576c: supR3HardenedScreenImage/Imports: cache hit (VINF_SUCCESS) on \Device\HarddiskVolume3\Windows\System32\msvcp_win.dll [redoing WinVerifyTrust]
8d4.576c: Detected loader lock ownership: rc=VINF_SUCCESS '\Device\HarddiskVolume3\Windows\System32\msvcp_win.dll'.
8d4.576c: supR3HardenedScreenImage/Imports: WinVerifyTrust not available, rescheduling \Device\HarddiskVolume3\Windows\System32\msvcp_win.dll
8d4.576c: supR3HardenedWinVerifyCacheProcessImportTodos: Processing 'rpcrt4.dll'...
8d4.576c: supR3HardenedWinVerifyCacheProcessImportTodos: 'rpcrt4.dll' -> '\Device\HarddiskVolume3\Windows\System32\rpcrt4.dll' [rcNtRedir=0xc0150008]
8d4.576c: supR3HardenedMonitor_LdrLoadDll: pName=C:\Windows\system32\IMM32.DLL (rcNtResolve=0xc0150008) *pfFlags=0x0 pwszSearchPath=0000000000000009:<flags> [calling]
8d4.576c: supR3HardenedDllNotificationCallback: load   00007ffccee50000 LB 0x00031000 C:\Windows\System32\IMM32.DLL [fFlags=0x0]
8d4.576c: supR3HardenedScreenImage/LdrLoadDll: cache hit (VINF_SUCCESS) on \Device\HarddiskVolume3\Windows\System32\imm32.dll [avoiding WinVerifyTrust]
8d4.576c: supR3HardenedMonitor_LdrLoadDll: returns rcNt=0x0 hMod=00007ffccee50000 'C:\Windows\system32\IMM32.DLL'
8d4.576c: Detected loader lock ownership: rc=VINF_SUCCESS '\Device\HarddiskVolume3\Windows\System32\imm32.dll'.
8d4.576c: supR3HardenedWinVerifyCacheProcessWvtTodos: 0 (was 0) fWinVerifyTrust=0 for '\Device\HarddiskVolume3\Windows\System32\imm32.dll' [rescheduled]
8d4.576c: Detected loader lock ownership: rc=VINF_SUCCESS '\Device\HarddiskVolume3\Windows\System32\gdi32full.dll'.
8d4.576c: supR3HardenedWinVerifyCacheProcessWvtTodos: 0 (was 0) fWinVerifyTrust=0 for '\Device\HarddiskVolume3\Windows\System32\gdi32full.dll' [rescheduled]
8d4.576c: Detected loader lock ownership: rc=VINF_SUCCESS '\Device\HarddiskVolume3\Windows\System32\srvcli.dll'.
8d4.576c: supR3HardenedWinVerifyCacheProcessWvtTodos: 0 (was 0) fWinVerifyTrust=0 for '\Device\HarddiskVolume3\Windows\System32\srvcli.dll' [rescheduled]
8d4.576c: Detected loader lock ownership: rc=VINF_SUCCESS '\Device\HarddiskVolume3\Windows\System32\netutils.dll'.
8d4.576c: supR3HardenedWinVerifyCacheProcessWvtTodos: 0 (was 0) fWinVerifyTrust=0 for '\Device\HarddiskVolume3\Windows\System32\netutils.dll' [rescheduled]
8d4.576c: Detected loader lock ownership: rc=VINF_SUCCESS '\Device\HarddiskVolume3\Program Files\Oracle\VirtualBox\Qt6SqlVBox.dll'.
8d4.576c: supR3HardenedWinVerifyCacheProcessWvtTodos: 0 (was 0) fWinVerifyTrust=0 for '\Device\HarddiskVolume3\Program Files\Oracle\VirtualBox\Qt6SqlVBox.dll' [rescheduled]
8d4.576c: Detected loader lock ownership: rc=VINF_SUCCESS '\Device\HarddiskVolume3\Windows\System32\userenv.dll'.
8d4.576c: supR3HardenedWinVerifyCacheProcessWvtTodos: 0 (was 0) fWinVerifyTrust=0 for '\Device\HarddiskVolume3\Windows\System32\userenv.dll' [rescheduled]
8d4.576c: Detected loader lock ownership: rc=22900 '\Device\HarddiskVolume3\Windows\System32\authz.dll'.
8d4.576c: supR3HardenedWinVerifyCacheProcessWvtTodos: 22900 (was 22900) fWinVerifyTrust=0 for '\Device\HarddiskVolume3\Windows\System32\authz.dll' [rescheduled]
8d4.576c: Detected loader lock ownership: rc=VINF_SUCCESS '\Device\HarddiskVolume3\Windows\System32\netapi32.dll'.
8d4.576c: supR3HardenedWinVerifyCacheProcessWvtTodos: 0 (was 0) fWinVerifyTrust=0 for '\Device\HarddiskVolume3\Windows\System32\netapi32.dll' [rescheduled]
8d4.576c: Detected loader lock ownership: rc=VINF_SUCCESS '\Device\HarddiskVolume3\Windows\System32\version.dll'.
8d4.576c: supR3HardenedWinVerifyCacheProcessWvtTodos: 0 (was 0) fWinVerifyTrust=0 for '\Device\HarddiskVolume3\Windows\System32\version.dll' [rescheduled]
8d4.576c: Detected loader lock ownership: rc=VINF_SUCCESS '\Device\HarddiskVolume3\Windows\System32\d3d11.dll'.
8d4.576c: supR3HardenedWinVerifyCacheProcessWvtTodos: 0 (was 0) fWinVerifyTrust=0 for '\Device\HarddiskVolume3\Windows\System32\d3d11.dll' [rescheduled]
8d4.576c: Detected loader lock ownership: rc=VINF_SUCCESS '\Device\HarddiskVolume3\Windows\System32\dxgi.dll'.
8d4.576c: supR3HardenedWinVerifyCacheProcessWvtTodos: 0 (was 0) fWinVerifyTrust=0 for '\Device\HarddiskVolume3\Windows\System32\dxgi.dll' [rescheduled]
8d4.576c: Detected loader lock ownership: rc=VINF_SUCCESS '\Device\HarddiskVolume3\Windows\System32\shell32.dll'.
8d4.576c: supR3HardenedWinVerifyCacheProcessWvtTodos: 0 (was 0) fWinVerifyTrust=0 for '\Device\HarddiskVolume3\Windows\System32\shell32.dll' [rescheduled]
8d4.576c: Detected loader lock ownership: rc=22900 '\Device\HarddiskVolume3\Windows\System32\DWrite.dll'.
8d4.576c: supR3HardenedWinVerifyCacheProcessWvtTodos: 22900 (was 22900) fWinVerifyTrust=0 for '\Device\HarddiskVolume3\Windows\System32\DWrite.dll' [rescheduled]
8d4.576c: Detected loader lock ownership: rc=VINF_SUCCESS '\Device\HarddiskVolume3\Windows\System32\msvcp140_2.dll'.
8d4.576c: supR3HardenedWinVerifyCacheProcessWvtTodos: 0 (was 0) fWinVerifyTrust=0 for '\Device\HarddiskVolume3\Windows\System32\msvcp140_2.dll' [rescheduled]
8d4.576c: Detected loader lock ownership: rc=VINF_SUCCESS '\Device\HarddiskVolume3\Windows\System32\dwmapi.dll'.
8d4.576c: supR3HardenedWinVerifyCacheProcessWvtTodos: 0 (was 0) fWinVerifyTrust=0 for '\Device\HarddiskVolume3\Windows\System32\dwmapi.dll' [rescheduled]
8d4.576c: Detected loader lock ownership: rc=22900 '\Device\HarddiskVolume3\Windows\System32\uxtheme.dll'.
8d4.576c: supR3HardenedWinVerifyCacheProcessWvtTodos: 22900 (was 22900) fWinVerifyTrust=0 for '\Device\HarddiskVolume3\Windows\System32\uxtheme.dll' [rescheduled]
8d4.576c: Detected loader lock ownership: rc=VINF_SUCCESS '\Device\HarddiskVolume3\Windows\System32\msvcp140_1.dll'.
8d4.576c: supR3HardenedWinVerifyCacheProcessWvtTodos: 0 (was 0) fWinVerifyTrust=0 for '\Device\HarddiskVolume3\Windows\System32\msvcp140_1.dll' [rescheduled]
8d4.576c: Detected loader lock ownership: rc=VINF_SUCCESS '\Device\HarddiskVolume3\Windows\System32\win32u.dll'.
8d4.576c: supR3HardenedWinVerifyCacheProcessWvtTodos: 0 (was 0) fWinVerifyTrust=0 for '\Device\HarddiskVolume3\Windows\System32\win32u.dll' [rescheduled]
8d4.576c: Detected loader lock ownership: rc=VINF_SUCCESS '\Device\HarddiskVolume3\Windows\System32\gdi32.dll'.
8d4.576c: supR3HardenedWinVerifyCacheProcessWvtTodos: 0 (was 0) fWinVerifyTrust=0 for '\Device\HarddiskVolume3\Windows\System32\gdi32.dll' [rescheduled]
8d4.576c: Detected loader lock ownership: rc=VINF_SUCCESS '\Device\HarddiskVolume3\Windows\System32\msvcp_win.dll'.
8d4.576c: supR3HardenedWinVerifyCacheProcessWvtTodos: 0 (was 0) fWinVerifyTrust=0 for '\Device\HarddiskVolume3\Windows\System32\msvcp_win.dll' [rescheduled]
8d4.576c: Detected loader lock ownership: rc=VINF_SUCCESS '\Device\HarddiskVolume3\Windows\System32\combase.dll'.
8d4.576c: supR3HardenedWinVerifyCacheProcessWvtTodos: 0 (was 0) fWinVerifyTrust=0 for '\Device\HarddiskVolume3\Windows\System32\combase.dll' [rescheduled]
8d4.576c: Detected loader lock ownership: rc=VINF_SUCCESS '\Device\HarddiskVolume3\Windows\System32\imm32.dll'.
8d4.576c: supR3HardenedWinVerifyCacheProcessWvtTodos: 0 (was 0) fWinVerifyTrust=0 for '\Device\HarddiskVolume3\Windows\System32\imm32.dll' [rescheduled]
8d4.576c: Detected loader lock ownership: rc=VINF_SUCCESS '\Device\HarddiskVolume3\Windows\System32\gdi32full.dll'.
8d4.576c: supR3HardenedWinVerifyCacheProcessWvtTodos: 0 (was 0) fWinVerifyTrust=0 for '\Device\HarddiskVolume3\Windows\System32\gdi32full.dll' [rescheduled]
8d4.576c: Detected loader lock ownership: rc=VINF_SUCCESS '\Device\HarddiskVolume3\Windows\System32\srvcli.dll'.
8d4.576c: supR3HardenedWinVerifyCacheProcessWvtTodos: 0 (was 0) fWinVerifyTrust=0 for '\Device\HarddiskVolume3\Windows\System32\srvcli.dll' [rescheduled]
8d4.576c: Detected loader lock ownership: rc=VINF_SUCCESS '\Device\HarddiskVolume3\Windows\System32\netutils.dll'.
8d4.576c: supR3HardenedWinVerifyCacheProcessWvtTodos: 0 (was 0) fWinVerifyTrust=0 for '\Device\HarddiskVolume3\Windows\System32\netutils.dll' [rescheduled]
8d4.576c: Detected loader lock ownership: rc=VINF_SUCCESS '\Device\HarddiskVolume3\Program Files\Oracle\VirtualBox\Qt6SqlVBox.dll'.
8d4.576c: supR3HardenedWinVerifyCacheProcessWvtTodos: 0 (was 0) fWinVerifyTrust=0 for '\Device\HarddiskVolume3\Program Files\Oracle\VirtualBox\Qt6SqlVBox.dll' [rescheduled]
8d4.576c: Detected loader lock ownership: rc=VINF_SUCCESS '\Device\HarddiskVolume3\Windows\System32\userenv.dll'.
8d4.576c: supR3HardenedWinVerifyCacheProcessWvtTodos: 0 (was 0) fWinVerifyTrust=0 for '\Device\HarddiskVolume3\Windows\System32\userenv.dll' [rescheduled]
8d4.576c: Detected loader lock ownership: rc=22900 '\Device\HarddiskVolume3\Windows\System32\authz.dll'.
8d4.576c: supR3HardenedWinVerifyCacheProcessWvtTodos: 22900 (was 22900) fWinVerifyTrust=0 for '\Device\HarddiskVolume3\Windows\System32\authz.dll' [rescheduled]
8d4.576c: Detected loader lock ownership: rc=VINF_SUCCESS '\Device\HarddiskVolume3\Windows\System32\netapi32.dll'.
8d4.576c: supR3HardenedWinVerifyCacheProcessWvtTodos: 0 (was 0) fWinVerifyTrust=0 for '\Device\HarddiskVolume3\Windows\System32\netapi32.dll' [rescheduled]
8d4.576c: Detected loader lock ownership: rc=VINF_SUCCESS '\Device\HarddiskVolume3\Windows\System32\version.dll'.
8d4.576c: supR3HardenedWinVerifyCacheProcessWvtTodos: 0 (was 0) fWinVerifyTrust=0 for '\Device\HarddiskVolume3\Windows\System32\version.dll' [rescheduled]
8d4.576c: Detected loader lock ownership: rc=VINF_SUCCESS '\Device\HarddiskVolume3\Windows\System32\d3d11.dll'.
8d4.576c: supR3HardenedWinVerifyCacheProcessWvtTodos: 0 (was 0) fWinVerifyTrust=0 for '\Device\HarddiskVolume3\Windows\System32\d3d11.dll' [rescheduled]
8d4.576c: Detected loader lock ownership: rc=VINF_SUCCESS '\Device\HarddiskVolume3\Windows\System32\dxgi.dll'.
8d4.576c: supR3HardenedWinVerifyCacheProcessWvtTodos: 0 (was 0) fWinVerifyTrust=0 for '\Device\HarddiskVolume3\Windows\System32\dxgi.dll' [rescheduled]
8d4.576c: Detected loader lock ownership: rc=VINF_SUCCESS '\Device\HarddiskVolume3\Windows\System32\shell32.dll'.
8d4.576c: supR3HardenedWinVerifyCacheProcessWvtTodos: 0 (was 0) fWinVerifyTrust=0 for '\Device\HarddiskVolume3\Windows\System32\shell32.dll' [rescheduled]
8d4.576c: Detected loader lock ownership: rc=22900 '\Device\HarddiskVolume3\Windows\System32\DWrite.dll'.
8d4.576c: supR3HardenedWinVerifyCacheProcessWvtTodos: 22900 (was 22900) fWinVerifyTrust=0 for '\Device\HarddiskVolume3\Windows\System32\DWrite.dll' [rescheduled]
8d4.576c: Detected loader lock ownership: rc=VINF_SUCCESS '\Device\HarddiskVolume3\Windows\System32\msvcp140_2.dll'.
8d4.576c: supR3HardenedWinVerifyCacheProcessWvtTodos: 0 (was 0) fWinVerifyTrust=0 for '\Device\HarddiskVolume3\Windows\System32\msvcp140_2.dll' [rescheduled]
8d4.576c: Detected loader lock ownership: rc=VINF_SUCCESS '\Device\HarddiskVolume3\Windows\System32\dwmapi.dll'.
8d4.576c: supR3HardenedWinVerifyCacheProcessWvtTodos: 0 (was 0) fWinVerifyTrust=0 for '\Device\HarddiskVolume3\Windows\System32\dwmapi.dll' [rescheduled]
8d4.576c: Detected loader lock ownership: rc=22900 '\Device\HarddiskVolume3\Windows\System32\uxtheme.dll'.
8d4.576c: supR3HardenedWinVerifyCacheProcessWvtTodos: 22900 (was 22900) fWinVerifyTrust=0 for '\Device\HarddiskVolume3\Windows\System32\uxtheme.dll' [rescheduled]
8d4.576c: Detected loader lock ownership: rc=VINF_SUCCESS '\Device\HarddiskVolume3\Windows\System32\msvcp140_1.dll'.
8d4.576c: supR3HardenedWinVerifyCacheProcessWvtTodos: 0 (was 0) fWinVerifyTrust=0 for '\Device\HarddiskVolume3\Windows\System32\msvcp140_1.dll' [rescheduled]
8d4.576c: Detected loader lock ownership: rc=VINF_SUCCESS '\Device\HarddiskVolume3\Windows\System32\win32u.dll'.
8d4.576c: supR3HardenedWinVerifyCacheProcessWvtTodos: 0 (was 0) fWinVerifyTrust=0 for '\Device\HarddiskVolume3\Windows\System32\win32u.dll' [rescheduled]
8d4.576c: Detected loader lock ownership: rc=VINF_SUCCESS '\Device\HarddiskVolume3\Windows\System32\gdi32.dll'.
8d4.576c: supR3HardenedWinVerifyCacheProcessWvtTodos: 0 (was 0) fWinVerifyTrust=0 for '\Device\HarddiskVolume3\Windows\System32\gdi32.dll' [rescheduled]
8d4.576c: Detected loader lock ownership: rc=VINF_SUCCESS '\Device\HarddiskVolume3\Windows\System32\msvcp_win.dll'.
8d4.576c: supR3HardenedWinVerifyCacheProcessWvtTodos: 0 (was 0) fWinVerifyTrust=0 for '\Device\HarddiskVolume3\Windows\System32\msvcp_win.dll' [rescheduled]
8d4.576c: Detected loader lock ownership: rc=VINF_SUCCESS '\Device\HarddiskVolume3\Windows\System32\combase.dll'.
8d4.576c: supR3HardenedWinVerifyCacheProcessWvtTodos: 0 (was 0) fWinVerifyTrust=0 for '\Device\HarddiskVolume3\Windows\System32\combase.dll' [rescheduled]
8d4.576c: supR3HardenedScreenImage/LdrLoadDll: cache hit (VINF_SUCCESS) on \Device\HarddiskVolume3\Windows\System32\gdi32.dll [redoing WinVerifyTrust]
8d4.576c: Detected loader lock ownership: rc=VINF_SUCCESS '\Device\HarddiskVolume3\Windows\System32\gdi32.dll'.
8d4.576c: supR3HardenedScreenImage/LdrLoadDll: WinVerifyTrust not available, rescheduling \Device\HarddiskVolume3\Windows\System32\gdi32.dll
8d4.576c: supR3HardenedMonitor_LdrLoadDll: returns rcNt=0x0 hMod=00007ffcce8c0000 'C:\Windows\System32\gdi32.dll'
8d4.576c: Detected loader lock ownership: rc=VINF_SUCCESS '\Device\HarddiskVolume3\Windows\System32\imm32.dll'.
8d4.576c: supR3HardenedWinVerifyCacheProcessWvtTodos: 0 (was 0) fWinVerifyTrust=0 for '\Device\HarddiskVolume3\Windows\System32\imm32.dll' [rescheduled]
8d4.576c: Detected loader lock ownership: rc=VINF_SUCCESS '\Device\HarddiskVolume3\Windows\System32\gdi32full.dll'.
8d4.576c: supR3HardenedWinVerifyCacheProcessWvtTodos: 0 (was 0) fWinVerifyTrust=0 for '\Device\HarddiskVolume3\Windows\System32\gdi32full.dll' [rescheduled]
8d4.576c: Detected loader lock ownership: rc=VINF_SUCCESS '\Device\HarddiskVolume3\Windows\System32\srvcli.dll'.
8d4.576c: supR3HardenedWinVerifyCacheProcessWvtTodos: 0 (was 0) fWinVerifyTrust=0 for '\Device\HarddiskVolume3\Windows\System32\srvcli.dll' [rescheduled]
8d4.576c: Detected loader lock ownership: rc=VINF_SUCCESS '\Device\HarddiskVolume3\Windows\System32\netutils.dll'.
8d4.576c: supR3HardenedWinVerifyCacheProcessWvtTodos: 0 (was 0) fWinVerifyTrust=0 for '\Device\HarddiskVolume3\Windows\System32\netutils.dll' [rescheduled]
8d4.576c: Detected loader lock ownership: rc=VINF_SUCCESS '\Device\HarddiskVolume3\Program Files\Oracle\VirtualBox\Qt6SqlVBox.dll'.
8d4.576c: supR3HardenedWinVerifyCacheProcessWvtTodos: 0 (was 0) fWinVerifyTrust=0 for '\Device\HarddiskVolume3\Program Files\Oracle\VirtualBox\Qt6SqlVBox.dll' [rescheduled]
8d4.576c: Detected loader lock ownership: rc=VINF_SUCCESS '\Device\HarddiskVolume3\Windows\System32\userenv.dll'.
8d4.576c: supR3HardenedWinVerifyCacheProcessWvtTodos: 0 (was 0) fWinVerifyTrust=0 for '\Device\HarddiskVolume3\Windows\System32\userenv.dll' [rescheduled]
8d4.576c: Detected loader lock ownership: rc=22900 '\Device\HarddiskVolume3\Windows\System32\authz.dll'.
8d4.576c: supR3HardenedWinVerifyCacheProcessWvtTodos: 22900 (was 22900) fWinVerifyTrust=0 for '\Device\HarddiskVolume3\Windows\System32\authz.dll' [rescheduled]
8d4.576c: Detected loader lock ownership: rc=VINF_SUCCESS '\Device\HarddiskVolume3\Windows\System32\netapi32.dll'.
8d4.576c: supR3HardenedWinVerifyCacheProcessWvtTodos: 0 (was 0) fWinVerifyTrust=0 for '\Device\HarddiskVolume3\Windows\System32\netapi32.dll' [rescheduled]
8d4.576c: Detected loader lock ownership: rc=VINF_SUCCESS '\Device\HarddiskVolume3\Windows\System32\version.dll'.
8d4.576c: supR3HardenedWinVerifyCacheProcessWvtTodos: 0 (was 0) fWinVerifyTrust=0 for '\Device\HarddiskVolume3\Windows\System32\version.dll' [rescheduled]
8d4.576c: Detected loader lock ownership: rc=VINF_SUCCESS '\Device\HarddiskVolume3\Windows\System32\d3d11.dll'.
8d4.576c: supR3HardenedWinVerifyCacheProcessWvtTodos: 0 (was 0) fWinVerifyTrust=0 for '\Device\HarddiskVolume3\Windows\System32\d3d11.dll' [rescheduled]
8d4.576c: Detected loader lock ownership: rc=VINF_SUCCESS '\Device\HarddiskVolume3\Windows\System32\dxgi.dll'.
8d4.576c: supR3HardenedWinVerifyCacheProcessWvtTodos: 0 (was 0) fWinVerifyTrust=0 for '\Device\HarddiskVolume3\Windows\System32\dxgi.dll' [rescheduled]
8d4.576c: Detected loader lock ownership: rc=VINF_SUCCESS '\Device\HarddiskVolume3\Windows\System32\shell32.dll'.
8d4.576c: supR3HardenedWinVerifyCacheProcessWvtTodos: 0 (was 0) fWinVerifyTrust=0 for '\Device\HarddiskVolume3\Windows\System32\shell32.dll' [rescheduled]
8d4.576c: Detected loader lock ownership: rc=22900 '\Device\HarddiskVolume3\Windows\System32\DWrite.dll'.
8d4.576c: supR3HardenedWinVerifyCacheProcessWvtTodos: 22900 (was 22900) fWinVerifyTrust=0 for '\Device\HarddiskVolume3\Windows\System32\DWrite.dll' [rescheduled]
8d4.576c: Detected loader lock ownership: rc=VINF_SUCCESS '\Device\HarddiskVolume3\Windows\System32\msvcp140_2.dll'.
8d4.576c: supR3HardenedWinVerifyCacheProcessWvtTodos: 0 (was 0) fWinVerifyTrust=0 for '\Device\HarddiskVolume3\Windows\System32\msvcp140_2.dll' [rescheduled]
8d4.576c: Detected loader lock ownership: rc=VINF_SUCCESS '\Device\HarddiskVolume3\Windows\System32\dwmapi.dll'.
8d4.576c: supR3HardenedWinVerifyCacheProcessWvtTodos: 0 (was 0) fWinVerifyTrust=0 for '\Device\HarddiskVolume3\Windows\System32\dwmapi.dll' [rescheduled]
8d4.576c: Detected loader lock ownership: rc=22900 '\Device\HarddiskVolume3\Windows\System32\uxtheme.dll'.
8d4.576c: supR3HardenedWinVerifyCacheProcessWvtTodos: 22900 (was 22900) fWinVerifyTrust=0 for '\Device\HarddiskVolume3\Windows\System32\uxtheme.dll' [rescheduled]
8d4.576c: Detected loader lock ownership: rc=VINF_SUCCESS '\Device\HarddiskVolume3\Windows\System32\msvcp140_1.dll'.
8d4.576c: supR3HardenedWinVerifyCacheProcessWvtTodos: 0 (was 0) fWinVerifyTrust=0 for '\Device\HarddiskVolume3\Windows\System32\msvcp140_1.dll' [rescheduled]
8d4.576c: Detected loader lock ownership: rc=VINF_SUCCESS '\Device\HarddiskVolume3\Windows\System32\win32u.dll'.
8d4.576c: supR3HardenedWinVerifyCacheProcessWvtTodos: 0 (was 0) fWinVerifyTrust=0 for '\Device\HarddiskVolume3\Windows\System32\win32u.dll' [rescheduled]
8d4.576c: Detected loader lock ownership: rc=VINF_SUCCESS '\Device\HarddiskVolume3\Windows\System32\gdi32.dll'.
8d4.576c: supR3HardenedWinVerifyCacheProcessWvtTodos: 0 (was 0) fWinVerifyTrust=0 for '\Device\HarddiskVolume3\Windows\System32\gdi32.dll' [rescheduled]
8d4.576c: Detected loader lock ownership: rc=VINF_SUCCESS '\Device\HarddiskVolume3\Windows\System32\msvcp_win.dll'.
8d4.576c: supR3HardenedWinVerifyCacheProcessWvtTodos: 0 (was 0) fWinVerifyTrust=0 for '\Device\HarddiskVolume3\Windows\System32\msvcp_win.dll' [rescheduled]
8d4.576c: Detected loader lock ownership: rc=VINF_SUCCESS '\Device\HarddiskVolume3\Windows\System32\combase.dll'.
8d4.576c: supR3HardenedWinVerifyCacheProcessWvtTodos: 0 (was 0) fWinVerifyTrust=0 for '\Device\HarddiskVolume3\Windows\System32\combase.dll' [rescheduled]
8d4.576c: supR3HardenedMonitor_LdrLoadDll: returns rcNt=0x0 hMod=00007ffc6a390000 'C:\Program Files\Oracle\VirtualBox\VirtualBoxVM.dll'
8d4.576c: supR3HardenedMonitor_LdrLoadDll: returns rcNt=0x0 hMod=00007ffcccc40000 'C:\Windows\system32\rsaenh.dll'
8d4.576c: supR3HardenedMonitor_LdrLoadDll: returns rcNt=0x0 hMod=00007ffcce4c0000 'C:\Windows\System32\crypt32.dll'
8d4.576c: supR3HardenedWinVerifyCacheProcessWvtTodos: 0 (was 0) fWinVerifyTrust=1 for '\Device\HarddiskVolume3\Windows\System32\imm32.dll'
8d4.576c: supR3HardenedMonitor_LdrLoadDll: returns rcNt=0x0 hMod=00007ffcccc40000 'C:\Windows\system32\rsaenh.dll'
8d4.576c: supR3HardenedMonitor_LdrLoadDll: returns rcNt=0x0 hMod=00007ffcce4c0000 'C:\Windows\System32\crypt32.dll'
8d4.576c: supR3HardenedWinVerifyCacheProcessWvtTodos: 0 (was 0) fWinVerifyTrust=1 for '\Device\HarddiskVolume3\Windows\System32\gdi32full.dll'
8d4.576c: supR3HardenedMonitor_LdrLoadDll: returns rcNt=0x0 hMod=00007ffcccc40000 'C:\Windows\system32\rsaenh.dll'
8d4.576c: supR3HardenedMonitor_LdrLoadDll: returns rcNt=0x0 hMod=00007ffcce4c0000 'C:\Windows\System32\crypt32.dll'
8d4.576c: supR3HardenedWinVerifyCacheProcessWvtTodos: 0 (was 0) fWinVerifyTrust=1 for '\Device\HarddiskVolume3\Windows\System32\srvcli.dll'
8d4.576c: supR3HardenedMonitor_LdrLoadDll: returns rcNt=0x0 hMod=00007ffcccc40000 'C:\Windows\system32\rsaenh.dll'
8d4.576c: supR3HardenedMonitor_LdrLoadDll: returns rcNt=0x0 hMod=00007ffcce4c0000 'C:\Windows\System32\crypt32.dll'
8d4.576c: supR3HardenedWinVerifyCacheProcessWvtTodos: 0 (was 0) fWinVerifyTrust=1 for '\Device\HarddiskVolume3\Windows\System32\netutils.dll'
8d4.576c: supR3HardenedMonitor_LdrLoadDll: returns rcNt=0x0 hMod=00007ffcccc40000 'C:\Windows\system32\rsaenh.dll'
8d4.576c: supR3HardenedMonitor_LdrLoadDll: returns rcNt=0x0 hMod=00007ffcce4c0000 'C:\Windows\System32\crypt32.dll'
8d4.576c: supR3HardenedWinVerifyCacheProcessWvtTodos: 0 (was 0) fWinVerifyTrust=1 for '\Device\HarddiskVolume3\Program Files\Oracle\VirtualBox\Qt6SqlVBox.dll'
8d4.576c: supR3HardenedMonitor_LdrLoadDll: returns rcNt=0x0 hMod=00007ffcccc40000 'C:\Windows\system32\rsaenh.dll'
8d4.576c: supR3HardenedMonitor_LdrLoadDll: returns rcNt=0x0 hMod=00007ffcce4c0000 'C:\Windows\System32\crypt32.dll'
8d4.576c: supR3HardenedWinVerifyCacheProcessWvtTodos: 0 (was 0) fWinVerifyTrust=1 for '\Device\HarddiskVolume3\Windows\System32\userenv.dll'
8d4.576c: supR3HardNtViCallWinVerifyTrustCatFile: hFile=000000000000056c pwszName=\Device\HarddiskVolume3\Windows\System32\authz.dll
8d4.576c: supR3HardNtViCallWinVerifyTrustCatFile: Cached context 000002075330f980
8d4.576c: supR3HardNtViCallWinVerifyTrustCatFile: hCatAdmin=000002075330f980
8d4.576c: supR3HardNtViCallWinVerifyTrustCatFile: cbHash=20 wszDigest=842998FEFA32A9490CCCF7D881B896879E4214A5
8d4.576c: supR3HardenedMonitor_LdrLoadDll: returns rcNt=0x0 hMod=00007ffcccc40000 'C:\Windows\system32\rsaenh.dll'
8d4.576c: supR3HardenedMonitor_LdrLoadDll: returns rcNt=0x0 hMod=00007ffcce4c0000 'C:\Windows\System32\crypt32.dll'
8d4.576c: supR3HardNtViCallWinVerifyTrustCatFile: WinVerifyTrust => 0x0; cat='C:\Windows\system32\CatRoot\{F750E6C3-38EE-11D1-85E5-00C04FC295EE}\Microsoft-Windows-Client-Desktop-Required-Package05142030~31bf3856ad364e35~amd64~~10.0.22621.2428.cat'; file='\Device\HarddiskVolume3\Windows\System32\authz.dll'
8d4.576c: supR3HardNtViCallWinVerifyTrustCatFile -> 0 (org 22900)
8d4.576c: supR3HardenedWinVerifyCacheProcessWvtTodos: 0 (was 22900) fWinVerifyTrust=1 for '\Device\HarddiskVolume3\Windows\System32\authz.dll'
8d4.576c: supR3HardenedMonitor_LdrLoadDll: returns rcNt=0x0 hMod=00007ffcccc40000 'C:\Windows\system32\rsaenh.dll'
8d4.576c: supR3HardenedMonitor_LdrLoadDll: returns rcNt=0x0 hMod=00007ffcce4c0000 'C:\Windows\System32\crypt32.dll'
8d4.576c: supR3HardenedWinVerifyCacheProcessWvtTodos: 0 (was 0) fWinVerifyTrust=1 for '\Device\HarddiskVolume3\Windows\System32\netapi32.dll'
8d4.576c: supR3HardenedMonitor_LdrLoadDll: returns rcNt=0x0 hMod=00007ffcccc40000 'C:\Windows\system32\rsaenh.dll'
8d4.576c: supR3HardenedMonitor_LdrLoadDll: returns rcNt=0x0 hMod=00007ffcce4c0000 'C:\Windows\System32\crypt32.dll'
8d4.576c: supR3HardenedWinVerifyCacheProcessWvtTodos: 0 (was 0) fWinVerifyTrust=1 for '\Device\HarddiskVolume3\Windows\System32\version.dll'
8d4.576c: supR3HardenedMonitor_LdrLoadDll: returns rcNt=0x0 hMod=00007ffcccc40000 'C:\Windows\system32\rsaenh.dll'
8d4.576c: supR3HardenedMonitor_LdrLoadDll: returns rcNt=0x0 hMod=00007ffcce4c0000 'C:\Windows\System32\crypt32.dll'
8d4.576c: supR3HardenedWinVerifyCacheProcessWvtTodos: 0 (was 0) fWinVerifyTrust=1 for '\Device\HarddiskVolume3\Windows\System32\d3d11.dll'
8d4.576c: supR3HardenedMonitor_LdrLoadDll: returns rcNt=0x0 hMod=00007ffcccc40000 'C:\Windows\system32\rsaenh.dll'
8d4.576c: supR3HardenedMonitor_LdrLoadDll: returns rcNt=0x0 hMod=00007ffcce4c0000 'C:\Windows\System32\crypt32.dll'
8d4.576c: supR3HardenedWinVerifyCacheProcessWvtTodos: 0 (was 0) fWinVerifyTrust=1 for '\Device\HarddiskVolume3\Windows\System32\dxgi.dll'
8d4.576c: supR3HardenedMonitor_LdrLoadDll: returns rcNt=0x0 hMod=00007ffcccc40000 'C:\Windows\system32\rsaenh.dll'
8d4.576c: supR3HardenedScreenImage/LdrLoadDll: cache hit (VINF_SUCCESS) on \Device\HarddiskVolume3\Windows\System32\crypt32.dll
8d4.576c: supR3HardenedMonitor_LdrLoadDll: pName=C:\Windows\System32\crypt32.dll (Input=crypt32.dll, rcNtResolve=0xc0150008) *pfFlags=0x0 pwszSearchPath=0000000000000001:<flags> [calling]
8d4.576c: supR3HardenedMonitor_LdrLoadDll: returns rcNt=0x0 hMod=00007ffcce4c0000 'C:\Windows\System32\crypt32.dll'
8d4.576c: supR3HardenedWinVerifyCacheProcessWvtTodos: 0 (was 0) fWinVerifyTrust=1 for '\Device\HarddiskVolume3\Windows\System32\shell32.dll'
8d4.576c: supR3HardNtViCallWinVerifyTrustCatFile: hFile=00000000000004dc pwszName=\Device\HarddiskVolume3\Windows\System32\DWrite.dll
8d4.576c: supR3HardNtViCallWinVerifyTrustCatFile: Cached context 000002075330f980
8d4.576c: supR3HardNtViCallWinVerifyTrustCatFile: hCatAdmin=000002075330f980
8d4.576c: supR3HardNtViCallWinVerifyTrustCatFile: cbHash=20 wszDigest=5785A54FDFD6D60E4C7A9DE9FB0AB655320E8E9F
8d4.576c: supR3HardenedMonitor_LdrLoadDll: returns rcNt=0x0 hMod=00007ffcccc40000 'C:\Windows\system32\rsaenh.dll'
8d4.576c: supR3HardenedMonitor_LdrLoadDll: returns rcNt=0x0 hMod=00007ffcce4c0000 'C:\Windows\System32\crypt32.dll'
8d4.576c: supR3HardNtViCallWinVerifyTrustCatFile: WinVerifyTrust => 0x0; cat='C:\Windows\system32\CatRoot\{F750E6C3-38EE-11D1-85E5-00C04FC295EE}\Microsoft-Windows-Client-Desktop-Required-Package051021~31bf3856ad364e35~amd64~~10.0.22621.2428.cat'; file='\Device\HarddiskVolume3\Windows\System32\DWrite.dll'
8d4.576c: supR3HardNtViCallWinVerifyTrustCatFile -> 0 (org 22900)
8d4.576c: supR3HardenedWinVerifyCacheProcessWvtTodos: 0 (was 22900) fWinVerifyTrust=1 for '\Device\HarddiskVolume3\Windows\System32\DWrite.dll'
8d4.576c: supR3HardenedMonitor_LdrLoadDll: returns rcNt=0x0 hMod=00007ffcccc40000 'C:\Windows\system32\rsaenh.dll'
8d4.576c: supR3HardenedMonitor_LdrLoadDll: returns rcNt=0x0 hMod=00007ffcce4c0000 'C:\Windows\System32\crypt32.dll'
8d4.576c: supR3HardenedWinVerifyCacheProcessWvtTodos: 0 (was 0) fWinVerifyTrust=1 for '\Device\HarddiskVolume3\Windows\System32\msvcp140_2.dll'
8d4.576c: supR3HardenedScreenImage/LdrLoadDll: cache hit (VINF_SUCCESS) on \Device\HarddiskVolume3\Windows\System32\rsaenh.dll
8d4.576c: supR3HardenedMonitor_LdrLoadDll: pName=C:\Windows\system32\rsaenh.dll (rcNtResolve=0xc0150008) *pfFlags=0x0 pwszSearchPath=0000000000000001:<flags> [calling]
8d4.576c: supR3HardenedMonitor_LdrLoadDll: returns rcNt=0x0 hMod=00007ffcccc40000 'C:\Windows\system32\rsaenh.dll'
8d4.576c: supR3HardenedMonitor_LdrLoadDll: returns rcNt=0x0 hMod=00007ffcce4c0000 'C:\Windows\System32\crypt32.dll'
8d4.576c: supR3HardenedWinVerifyCacheProcessWvtTodos: 0 (was 0) fWinVerifyTrust=1 for '\Device\HarddiskVolume3\Windows\System32\dwmapi.dll'
8d4.576c: supR3HardNtViCallWinVerifyTrustCatFile: hFile=00000000000003e0 pwszName=\Device\HarddiskVolume3\Windows\System32\uxtheme.dll
8d4.576c: supR3HardNtViCallWinVerifyTrustCatFile: Cached context 000002075330f980
8d4.576c: supR3HardNtViCallWinVerifyTrustCatFile: hCatAdmin=000002075330f980
8d4.576c: supR3HardNtViCallWinVerifyTrustCatFile: cbHash=20 wszDigest=53E941E31803495EB8170743BCDA76680153DE99
8d4.576c: supR3HardenedMonitor_LdrLoadDll: returns rcNt=0x0 hMod=00007ffcccc40000 'C:\Windows\system32\rsaenh.dll'
8d4.576c: supR3HardenedMonitor_LdrLoadDll: returns rcNt=0x0 hMod=00007ffcce4c0000 'C:\Windows\System32\crypt32.dll'
8d4.576c: supR3HardNtViCallWinVerifyTrustCatFile: WinVerifyTrust => 0x0; cat='C:\Windows\system32\CatRoot\{F750E6C3-38EE-11D1-85E5-00C04FC295EE}\Microsoft-Windows-Client-Desktop-Required-Package05~31bf3856ad364e35~amd64~~10.0.22621.2428.cat'; file='\Device\HarddiskVolume3\Windows\System32\uxtheme.dll'
8d4.576c: supR3HardNtViCallWinVerifyTrustCatFile -> 0 (org 22900)
8d4.576c: supR3HardenedWinVerifyCacheProcessWvtTodos: 0 (was 22900) fWinVerifyTrust=1 for '\Device\HarddiskVolume3\Windows\System32\uxtheme.dll'
8d4.576c: supR3HardenedMonitor_LdrLoadDll: returns rcNt=0x0 hMod=00007ffcccc40000 'C:\Windows\system32\rsaenh.dll'
8d4.576c: supR3HardenedMonitor_LdrLoadDll: returns rcNt=0x0 hMod=00007ffcce4c0000 'C:\Windows\System32\crypt32.dll'
8d4.576c: supR3HardenedWinVerifyCacheProcessWvtTodos: 0 (was 0) fWinVerifyTrust=1 for '\Device\HarddiskVolume3\Windows\System32\msvcp140_1.dll'
8d4.576c: supR3HardenedMonitor_LdrLoadDll: returns rcNt=0x0 hMod=00007ffcccc40000 'C:\Windows\system32\rsaenh.dll'
8d4.576c: supR3HardenedMonitor_LdrLoadDll: returns rcNt=0x0 hMod=00007ffcce4c0000 'C:\Windows\System32\crypt32.dll'
8d4.576c: supR3HardenedWinVerifyCacheProcessWvtTodos: 0 (was 0) fWinVerifyTrust=1 for '\Device\HarddiskVolume3\Windows\System32\win32u.dll'
8d4.576c: supR3HardenedMonitor_LdrLoadDll: returns rcNt=0x0 hMod=00007ffcccc40000 'C:\Windows\system32\rsaenh.dll'
8d4.576c: supR3HardenedMonitor_LdrLoadDll: returns rcNt=0x0 hMod=00007ffcce4c0000 'C:\Windows\System32\crypt32.dll'
8d4.576c: supR3HardenedWinVerifyCacheProcessWvtTodos: 0 (was 0) fWinVerifyTrust=1 for '\Device\HarddiskVolume3\Windows\System32\gdi32.dll'
8d4.576c: supR3HardenedMonitor_LdrLoadDll: returns rcNt=0x0 hMod=00007ffcccc40000 'C:\Windows\system32\rsaenh.dll'
8d4.576c: supR3HardenedMonitor_LdrLoadDll: returns rcNt=0x0 hMod=00007ffcce4c0000 'C:\Windows\System32\crypt32.dll'
8d4.576c: supR3HardenedWinVerifyCacheProcessWvtTodos: 0 (was 0) fWinVerifyTrust=1 for '\Device\HarddiskVolume3\Windows\System32\msvcp_win.dll'
8d4.576c: supR3HardenedMonitor_LdrLoadDll: returns rcNt=0x0 hMod=00007ffcccc40000 'C:\Windows\system32\rsaenh.dll'
8d4.576c: supR3HardenedMonitor_LdrLoadDll: returns rcNt=0x0 hMod=00007ffcce4c0000 'C:\Windows\System32\crypt32.dll'
8d4.576c: supR3HardenedWinVerifyCacheProcessWvtTodos: 0 (was 0) fWinVerifyTrust=1 for '\Device\HarddiskVolume3\Windows\System32\combase.dll'
8d4.576c: SUPR3HardenedMain: Calling TrustedMain (00007ffc6a3919a0)...
8d4.576c: supR3HardenedWinVerifyCacheScheduleImports: Import todo: #31 'combase.dll'.
8d4.576c: supR3HardenedWinVerifyCacheScheduleImports: Import todo: #32 'msvcp_win.dll'.
8d4.576c: supHardenedWinVerifyImageByHandle: -> 0 (\Device\HarddiskVolume3\Windows\System32\windows.storage.dll)
8d4.576c: supR3HardenedWinVerifyCacheInsert: \Device\HarddiskVolume3\Windows\System32\windows.storage.dll
8d4.576c: supR3HardenedWinVerifyCacheScheduleImports: Import todo: #3 'combase.dll'.
8d4.576c: supHardenedWinVerifyImageByHandle: -> 0 (\Device\HarddiskVolume3\Windows\System32\WinTypes.dll)
8d4.576c: supR3HardenedWinVerifyCacheInsert: \Device\HarddiskVolume3\Windows\System32\WinTypes.dll
8d4.576c: supR3HardenedDllNotificationCallback: load   00007ffccba90000 LB 0x0013e000 C:\Windows\SYSTEM32\wintypes.dll [fFlags=0x0]
8d4.576c: supR3HardenedScreenImage/LdrLoadDll: cache hit (VINF_SUCCESS) on \Device\HarddiskVolume3\Windows\System32\WinTypes.dll [avoiding WinVerifyTrust]
8d4.576c: supR3HardenedDllNotificationCallback: load   00007ffccbbd0000 LB 0x008f2000 C:\Windows\SYSTEM32\windows.storage.dll [fFlags=0x0]
8d4.576c: supR3HardenedScreenImage/LdrLoadDll: cache hit (VINF_SUCCESS) on \Device\HarddiskVolume3\Windows\System32\windows.storage.dll [avoiding WinVerifyTrust]
8d4.576c: supR3HardenedDllNotificationCallback: load   00007ffccf620000 LB 0x000f3000 C:\Windows\System32\SHCORE.dll [fFlags=0x0]
8d4.576c: supR3HardenedWinVerifyCacheScheduleImports: Import todo: #0 'msvcp_win.dll'.
8d4.576c: supHardenedWinVerifyImageByHandle: -> 0 (\Device\HarddiskVolume3\Windows\System32\SHCore.dll)
8d4.576c: supR3HardenedWinVerifyCacheInsert: \Device\HarddiskVolume3\Windows\System32\SHCore.dll
8d4.576c: supR3HardenedDllNotificationCallback: load   00007ffcd04b0000 LB 0x0005e000 C:\Windows\System32\shlwapi.dll [fFlags=0x0]
8d4.576c: supR3HardenedWinVerifyCacheScheduleImports: Import todo: #1 'msvcrt.dll'.
8d4.576c: supHardenedWinVerifyImageByHandle: -> 0 (\Device\HarddiskVolume3\Windows\System32\shlwapi.dll)
8d4.576c: supR3HardenedWinVerifyCacheInsert: \Device\HarddiskVolume3\Windows\System32\shlwapi.dll
8d4.576c: supR3HardenedWinVerifyCacheProcessImportTodos: Processing 'msvcrt.dll'...
8d4.576c: supR3HardenedWinVerifyCacheProcessImportTodos: 'msvcrt.dll' -> '\Device\HarddiskVolume3\Windows\System32\msvcrt.dll' [rcNtRedir=0xc0150008]
8d4.576c: supR3HardenedWinVerifyCacheProcessImportTodos: Processing 'msvcp_win.dll'...
8d4.576c: supR3HardenedWinVerifyCacheProcessImportTodos: 'msvcp_win.dll' -> '\Device\HarddiskVolume3\Windows\System32\msvcp_win.dll' [rcNtRedir=0xc0150008]
8d4.576c: supR3HardenedScreenImage/Imports: cache hit (VINF_SUCCESS) on \Device\HarddiskVolume3\Windows\System32\msvcp_win.dll
8d4.576c: supR3HardenedWinVerifyCacheProcessImportTodos: Processing 'combase.dll'...
8d4.576c: supR3HardenedWinVerifyCacheProcessImportTodos: 'combase.dll' -> '\Device\HarddiskVolume3\Windows\System32\combase.dll' [rcNtRedir=0xc0150008]
8d4.576c: supR3HardenedScreenImage/Imports: cache hit (VINF_SUCCESS) on \Device\HarddiskVolume3\Windows\System32\combase.dll
8d4.576c: supR3HardenedWinVerifyCacheProcessImportTodos: Processing 'msvcp_win.dll'...
8d4.576c: supR3HardenedWinVerifyCacheProcessImportTodos: 'msvcp_win.dll' -> '\Device\HarddiskVolume3\Windows\System32\msvcp_win.dll' [rcNtRedir=0xc0150008]
8d4.576c: supR3HardenedScreenImage/Imports: cache hit (VINF_SUCCESS) on \Device\HarddiskVolume3\Windows\System32\msvcp_win.dll
8d4.576c: supR3HardenedWinVerifyCacheProcessImportTodos: Processing 'combase.dll'...
8d4.576c: supR3HardenedWinVerifyCacheProcessImportTodos: 'combase.dll' -> '\Device\HarddiskVolume3\Windows\System32\combase.dll' [rcNtRedir=0xc0150008]
8d4.576c: supR3HardenedScreenImage/Imports: cache hit (VINF_SUCCESS) on \Device\HarddiskVolume3\Windows\System32\combase.dll
8d4.576c: supR3HardenedMonitor_LdrLoadDll: returns rcNt=0x0 hMod=00007ffcccc40000 'C:\Windows\system32\rsaenh.dll'
8d4.576c: supR3HardenedMonitor_LdrLoadDll: returns rcNt=0x0 hMod=00007ffcce4c0000 'C:\Windows\System32\crypt32.dll'
8d4.576c: supR3HardenedWinVerifyCacheProcessWvtTodos: 0 (was 0) fWinVerifyTrust=1 for '\Device\HarddiskVolume3\Windows\System32\shlwapi.dll'
8d4.576c: supR3HardenedMonitor_LdrLoadDll: returns rcNt=0x0 hMod=00007ffcccc40000 'C:\Windows\system32\rsaenh.dll'
8d4.576c: supR3HardenedMonitor_LdrLoadDll: returns rcNt=0x0 hMod=00007ffcce4c0000 'C:\Windows\System32\crypt32.dll'
8d4.576c: supR3HardenedWinVerifyCacheProcessWvtTodos: 0 (was 0) fWinVerifyTrust=1 for '\Device\HarddiskVolume3\Windows\System32\SHCore.dll'
8d4.576c: supR3HardenedMonitor_LdrLoadDll: returns rcNt=0x0 hMod=00007ffcccc40000 'C:\Windows\system32\rsaenh.dll'
8d4.576c: supR3HardenedMonitor_LdrLoadDll: returns rcNt=0x0 hMod=00007ffcce4c0000 'C:\Windows\System32\crypt32.dll'
8d4.576c: supR3HardenedWinVerifyCacheProcessWvtTodos: 0 (was 0) fWinVerifyTrust=1 for '\Device\HarddiskVolume3\Windows\System32\WinTypes.dll'
8d4.576c: supR3HardenedMonitor_LdrLoadDll: returns rcNt=0x0 hMod=00007ffcccc40000 'C:\Windows\system32\rsaenh.dll'
8d4.576c: supR3HardenedMonitor_LdrLoadDll: returns rcNt=0x0 hMod=00007ffcce4c0000 'C:\Windows\System32\crypt32.dll'
8d4.576c: supR3HardenedWinVerifyCacheProcessWvtTodos: 0 (was 0) fWinVerifyTrust=1 for '\Device\HarddiskVolume3\Windows\System32\windows.storage.dll'
8d4.576c: supR3HardenedMonitor_LdrLoadDll: returns rcNt=0x0 hMod=00007ffcccc40000 'C:\Windows\system32\rsaenh.dll'
8d4.576c: supR3HardenedMonitor_LdrLoadDll: returns rcNt=0x0 hMod=00007ffcce4c0000 'C:\Windows\System32\crypt32.dll'
8d4.576c: supR3HardenedWinVerifyCacheScheduleImports: Import todo: #0 'advapi32.dll'.
8d4.576c: supR3HardenedWinVerifyCacheScheduleImports: Import todo: #1 'dwmapi.dll'.
8d4.576c: supR3HardenedWinVerifyCacheScheduleImports: Import todo: #2 'gdi32.dll'.
8d4.576c: supR3HardenedWinVerifyCacheScheduleImports: Import todo: #3 'imm32.dll'.
8d4.576c: supR3HardenedWinVerifyCacheScheduleImports: Import todo: #4 'ole32.dll'.
8d4.576c: supR3HardenedWinVerifyCacheScheduleImports: Import todo: #5 'oleaut32.dll'.
8d4.576c: supR3HardenedWinVerifyCacheScheduleImports: Import todo: #6 'setupapi.dll'.
8d4.576c: supR3HardenedWinVerifyCacheScheduleImports: Import todo: #7 'shell32.dll'.
8d4.576c: supR3HardenedWinVerifyCacheScheduleImports: Import todo: #8 'shlwapi.dll'.
8d4.576c: supR3HardenedWinVerifyCacheScheduleImports: Import todo: #9 'user32.dll'.
8d4.576c: supR3HardenedWinVerifyCacheScheduleImports: Import todo: #10 'winmm.dll'.
8d4.576c: supR3HardenedWinVerifyCacheScheduleImports: Import todo: #11 'wtsapi32.dll'.
8d4.576c: supR3HardenedWinVerifyCacheScheduleImports: Import todo: #13 'comdlg32.dll'.
8d4.576c: supR3HardenedWinVerifyCacheScheduleImports: Import todo: #14 'd3d9.dll'.
8d4.576c: supR3HardenedWinVerifyCacheScheduleImports: Import todo: #17 'qt6guivbox.dll'.
8d4.576c: supR3HardenedWinVerifyCacheScheduleImports: Import todo: #18 'qt6corevbox.dll'.
8d4.576c: supR3HardenedWinVerifyCacheScheduleImports: Import todo: #20 'msvcp140.dll'.
8d4.576c: supR3HardenedWinVerifyCacheScheduleImports: Import todo: #21 'vcruntime140.dll'.
8d4.576c: supR3HardenedWinVerifyCacheScheduleImports: Import todo: #22 'vcruntime140_1.dll'.
8d4.576c: supHardenedWinVerifyImageByHandle: -> 0 (\Device\HarddiskVolume3\Program Files\Oracle\VirtualBox\platforms\qwindowsVBox.dll) WinVerifyTrust
8d4.576c: supR3HardenedWinVerifyCacheInsert: \Device\HarddiskVolume3\Program Files\Oracle\VirtualBox\platforms\qwindowsVBox.dll
8d4.576c: supR3HardenedWinVerifyCacheProcessImportTodos: Processing 'vcruntime140_1.dll'...
8d4.576c: supR3HardenedWinVerifyCacheProcessImportTodos: 'vcruntime140_1.dll' -> '\Device\HarddiskVolume3\Windows\System32\vcruntime140_1.dll' [rcNtRedir=0xc0150008]
8d4.576c: supR3HardenedWinVerifyCacheProcessImportTodos: Processing 'vcruntime140.dll'...
8d4.576c: supR3HardenedWinVerifyCacheProcessImportTodos: 'vcruntime140.dll' -> '\Device\HarddiskVolume3\Windows\System32\vcruntime140.dll' [rcNtRedir=0xc0150008]
8d4.576c: supR3HardenedWinVerifyCacheProcessImportTodos: Processing 'msvcp140.dll'...
8d4.576c: supR3HardenedWinVerifyCacheProcessImportTodos: 'msvcp140.dll' -> '\Device\HarddiskVolume3\Windows\System32\msvcp140.dll' [rcNtRedir=0xc0150008]
8d4.576c: supR3HardenedWinVerifyCacheProcessImportTodos: Processing 'qt6corevbox.dll'...
8d4.576c: supR3HardenedWinVerifyCacheProcessImportTodos: 'qt6corevbox.dll' -> '\Device\HarddiskVolume3\Program Files\Oracle\VirtualBox\qt6corevbox.dll' [rcNtRedir=0xc0150008]
8d4.576c: supR3HardenedWinVerifyCacheProcessImportTodos: Processing 'qt6guivbox.dll'...
8d4.576c: supR3HardenedWinVerifyCacheProcessImportTodos: 'qt6guivbox.dll' -> '\Device\HarddiskVolume3\Program Files\Oracle\VirtualBox\qt6guivbox.dll' [rcNtRedir=0xc0150008]
8d4.576c: supR3HardenedScreenImage/Imports: cache hit (VINF_SUCCESS) on \Device\HarddiskVolume3\Program Files\Oracle\VirtualBox\Qt6GuiVBox.dll
8d4.576c: supR3HardenedWinVerifyCacheProcessImportTodos: Processing 'd3d9.dll'...
8d4.576c: supR3HardenedWinVerifyCacheProcessImportTodos: 'd3d9.dll' -> '\Device\HarddiskVolume3\Windows\System32\d3d9.dll' [rcNtRedir=0xc0150008]
8d4.576c: supR3HardenedMonitor_LdrLoadDll: returns rcNt=0x0 hMod=00007ffcccc40000 'C:\Windows\system32\rsaenh.dll'
8d4.576c: supR3HardenedMonitor_LdrLoadDll: returns rcNt=0x0 hMod=00007ffcce4c0000 'C:\Windows\System32\crypt32.dll'
8d4.576c: supR3HardenedWinVerifyCacheScheduleImports: Import todo: #0 'msvcrt.dll'.
8d4.576c: supR3HardenedWinVerifyCacheScheduleImports: Import todo: #6 'user32.dll'.
8d4.576c: supR3HardenedWinVerifyCacheScheduleImports: Import todo: #8 'win32u.dll'.
8d4.576c: supR3HardenedWinVerifyCacheScheduleImports: Import todo: #9 'gdi32.dll'.
8d4.576c: supR3HardenedWinVerifyCacheScheduleImports: Import todo: #11 'dwmapi.dll'.
8d4.576c: supHardenedWinVerifyImageByHandle: -> 0 (\Device\HarddiskVolume3\Windows\System32\d3d9.dll) WinVerifyTrust
8d4.576c: supR3HardenedWinVerifyCacheInsert: \Device\HarddiskVolume3\Windows\System32\d3d9.dll
8d4.576c: supR3HardenedWinVerifyCacheProcessImportTodos: Processing 'comdlg32.dll'...
8d4.576c: supR3HardenedWinVerifyCacheProcessImportTodos: 'comdlg32.dll' -> '\Device\HarddiskVolume3\Windows\System32\comdlg32.dll' [rcNtRedir=0xc0150008]
8d4.576c: supR3HardNtViCallWinVerifyTrustCatFile: hFile=0000000000000744 pwszName=\Device\HarddiskVolume3\Windows\System32\comdlg32.dll
8d4.576c: supR3HardNtViCallWinVerifyTrustCatFile: Cached context 000002075330f980
8d4.576c: supR3HardNtViCallWinVerifyTrustCatFile: hCatAdmin=000002075330f980
8d4.576c: supR3HardNtViCallWinVerifyTrustCatFile: cbHash=20 wszDigest=5535A07A4DEF082D723E583F71AEC09DCAC7658E
8d4.576c: supR3HardenedWinVerifyCacheProcessImportTodos: Processing 'dwmapi.dll'...
8d4.576c: supR3HardenedWinVerifyCacheProcessImportTodos: 'dwmapi.dll' -> '\Device\HarddiskVolume3\Windows\System32\dwmapi.dll' [rcNtRedir=0xc0150008]
8d4.576c: supR3HardenedScreenImage/Imports: cache hit (VINF_SUCCESS) on \Device\HarddiskVolume3\Windows\System32\dwmapi.dll
8d4.576c: supR3HardenedWinVerifyCacheProcessImportTodos: Processing 'gdi32.dll'...
8d4.576c: supR3HardenedWinVerifyCacheProcessImportTodos: 'gdi32.dll' -> '\Device\HarddiskVolume3\Windows\System32\gdi32.dll' [rcNtRedir=0xc0150008]
8d4.576c: supR3HardenedWinVerifyCacheProcessImportTodos: Processing 'win32u.dll'...
8d4.576c: supR3HardenedWinVerifyCacheProcessImportTodos: 'win32u.dll' -> '\Device\HarddiskVolume3\Windows\System32\win32u.dll' [rcNtRedir=0xc0150008]
8d4.576c: supR3HardenedWinVerifyCacheProcessImportTodos: Processing 'user32.dll'...
8d4.576c: supR3HardenedWinVerifyCacheProcessImportTodos: 'user32.dll' -> '\Device\HarddiskVolume3\Windows\System32\user32.dll' [rcNtRedir=0xc0150008]
8d4.576c: supR3HardenedWinVerifyCacheProcessImportTodos: Processing 'msvcrt.dll'...
8d4.576c: supR3HardenedWinVerifyCacheProcessImportTodos: 'msvcrt.dll' -> '\Device\HarddiskVolume3\Windows\System32\msvcrt.dll' [rcNtRedir=0xc0150008]
8d4.576c: supR3HardenedMonitor_LdrLoadDll: returns rcNt=0x0 hMod=00007ffcccc40000 'C:\Windows\system32\rsaenh.dll'
8d4.576c: supR3HardenedMonitor_LdrLoadDll: returns rcNt=0x0 hMod=00007ffcce4c0000 'C:\Windows\System32\crypt32.dll'
8d4.576c: supR3HardNtViCallWinVerifyTrustCatFile: WinVerifyTrust => 0x0; cat='C:\Windows\system32\CatRoot\{F750E6C3-38EE-11D1-85E5-00C04FC295EE}\Microsoft-Windows-Client-Desktop-Required-Package05113~31bf3856ad364e35~amd64~~10.0.22621.2361.cat'; file='\Device\HarddiskVolume3\Windows\System32\comdlg32.dll'
8d4.576c: supR3HardNtViCallWinVerifyTrustCatFile -> 0 (org 22900)
8d4.576c: supR3HardenedWinVerifyCacheScheduleImports: Import todo: #0 'msvcp_win.dll'.
8d4.576c: supR3HardenedWinVerifyCacheScheduleImports: Import todo: #26 'rpcrt4.dll'.
8d4.576c: supR3HardenedWinVerifyCacheScheduleImports: Import todo: #43 'user32.dll'.
8d4.576c: supR3HardenedWinVerifyCacheScheduleImports: Import todo: #61 'shlwapi.dll'.
8d4.576c: supR3HardenedWinVerifyCacheScheduleImports: Import todo: #62 'gdi32.dll'.
8d4.576c: supR3HardenedWinVerifyCacheScheduleImports: Import todo: #63 'comctl32.dll'.
8d4.576c: supR3HardenedWinVerifyCacheScheduleImports: Import todo: #64 'shell32.dll'.
8d4.576c: supHardenedWinVerifyImageByHandle: -> 0 (\Device\HarddiskVolume3\Windows\System32\comdlg32.dll) WinVerifyTrust
8d4.576c: supR3HardenedWinVerifyCacheInsert: \Device\HarddiskVolume3\Windows\System32\comdlg32.dll
8d4.576c: supR3HardenedWinVerifyCacheProcessImportTodos: Processing 'wtsapi32.dll'...
8d4.576c: supR3HardenedWinVerifyCacheProcessImportTodos: 'wtsapi32.dll' -> '\Device\HarddiskVolume3\Windows\System32\wtsapi32.dll' [rcNtRedir=0xc0150008]
8d4.576c: supR3HardenedWinVerifyCacheProcessImportTodos: Processing 'shell32.dll'...
8d4.576c: supR3HardenedWinVerifyCacheProcessImportTodos: 'shell32.dll' -> '\Device\HarddiskVolume3\Windows\System32\shell32.dll' [rcNtRedir=0xc0150008]
8d4.576c: supR3HardenedScreenImage/Imports: cache hit (VINF_SUCCESS) on \Device\HarddiskVolume3\Windows\System32\shell32.dll
8d4.576c: supR3HardenedWinVerifyCacheProcessImportTodos: Processing 'comctl32.dll'...
8d4.576c: supR3HardenedWinVerifyCacheProcessImportTodos: 'comctl32.dll' -> '\Device\HarddiskVolume3\Windows\System32\comctl32.dll' [rcNtRedir=0x0]
8d4.576c: Detected WinVerifyTrust recursion: rc=VINF_SUCCESS '\Device\HarddiskVolume3\Windows\System32\comctl32.dll'.
8d4.576c: supR3HardenedWinVerifyCacheScheduleImports: Import todo: #1 'advapi32.dll'.
8d4.576c: supR3HardenedWinVerifyCacheScheduleImports: Import todo: #2 'gdi32.dll'.
8d4.576c: supR3HardenedWinVerifyCacheScheduleImports: Import todo: #4 'user32.dll'.
8d4.576c: supHardenedWinVerifyImageByHandle: -> 0 (\Device\HarddiskVolume3\Windows\System32\comctl32.dll)
8d4.576c: supR3HardenedWinVerifyCacheInsert: \Device\HarddiskVolume3\Windows\System32\comctl32.dll
8d4.576c: supR3HardenedWinVerifyCacheProcessImportTodos: Processing 'gdi32.dll'...
8d4.576c: supR3HardenedWinVerifyCacheProcessImportTodos: 'gdi32.dll' -> '\Device\HarddiskVolume3\Windows\System32\gdi32.dll' [rcNtRedir=0xc0150008]
8d4.576c: supR3HardenedWinVerifyCacheProcessImportTodos: Processing 'shlwapi.dll'...
8d4.576c: supR3HardenedWinVerifyCacheProcessImportTodos: 'shlwapi.dll' -> '\Device\HarddiskVolume3\Windows\System32\shlwapi.dll' [rcNtRedir=0xc0150008]
8d4.576c: supR3HardenedScreenImage/Imports: cache hit (VINF_SUCCESS) on \Device\HarddiskVolume3\Windows\System32\shlwapi.dll
8d4.576c: supR3HardenedWinVerifyCacheProcessImportTodos: Processing 'user32.dll'...
8d4.576c: supR3HardenedWinVerifyCacheProcessImportTodos: 'user32.dll' -> '\Device\HarddiskVolume3\Windows\System32\user32.dll' [rcNtRedir=0xc0150008]
8d4.576c: supR3HardenedWinVerifyCacheProcessImportTodos: Processing 'rpcrt4.dll'...
8d4.576c: supR3HardenedWinVerifyCacheProcessImportTodos: 'rpcrt4.dll' -> '\Device\HarddiskVolume3\Windows\System32\rpcrt4.dll' [rcNtRedir=0xc0150008]
8d4.576c: supR3HardenedWinVerifyCacheProcessImportTodos: Processing 'msvcp_win.dll'...
8d4.576c: supR3HardenedWinVerifyCacheProcessImportTodos: 'msvcp_win.dll' -> '\Device\HarddiskVolume3\Windows\System32\msvcp_win.dll' [rcNtRedir=0xc0150008]
8d4.576c: supR3HardenedWinVerifyCacheProcessImportTodos: Processing 'user32.dll'...
8d4.576c: supR3HardenedWinVerifyCacheProcessImportTodos: 'user32.dll' -> '\Device\HarddiskVolume3\Windows\System32\user32.dll' [rcNtRedir=0xc0150008]
8d4.576c: supR3HardenedWinVerifyCacheProcessImportTodos: Processing 'gdi32.dll'...
8d4.576c: supR3HardenedWinVerifyCacheProcessImportTodos: 'gdi32.dll' -> '\Device\HarddiskVolume3\Windows\System32\gdi32.dll' [rcNtRedir=0xc0150008]
8d4.576c: supR3HardenedWinVerifyCacheProcessImportTodos: Processing 'advapi32.dll'...
8d4.576c: supR3HardenedWinVerifyCacheProcessImportTodos: 'advapi32.dll' -> '\Device\HarddiskVolume3\Windows\System32\advapi32.dll' [rcNtRedir=0xc0150008]
8d4.576c: supR3HardenedScreenImage/Imports: cache hit (VINF_SUCCESS) on \Device\HarddiskVolume3\Windows\System32\advapi32.dll
8d4.576c: supR3HardenedMonitor_LdrLoadDll: returns rcNt=0x0 hMod=00007ffcccc40000 'C:\Windows\system32\rsaenh.dll'
8d4.576c: supR3HardenedMonitor_LdrLoadDll: returns rcNt=0x0 hMod=00007ffcce4c0000 'C:\Windows\System32\crypt32.dll'
8d4.576c: supR3HardenedWinVerifyCacheScheduleImports: Import todo: #0 'msvcrt.dll'.
8d4.576c: supHardenedWinVerifyImageByHandle: -> 0 (\Device\HarddiskVolume3\Windows\System32\wtsapi32.dll) WinVerifyTrust
8d4.576c: supR3HardenedWinVerifyCacheInsert: \Device\HarddiskVolume3\Windows\System32\wtsapi32.dll
8d4.576c: supR3HardenedWinVerifyCacheProcessImportTodos: Processing 'winmm.dll'...
8d4.576c: supR3HardenedWinVerifyCacheProcessImportTodos: 'winmm.dll' -> '\Device\HarddiskVolume3\Windows\System32\winmm.dll' [rcNtRedir=0xc0150008]
8d4.576c: supR3HardenedScreenImage/Imports: cache hit (VINF_SUCCESS) on \Device\HarddiskVolume3\Windows\System32\winmm.dll
8d4.576c: supR3HardenedWinVerifyCacheProcessImportTodos: Processing 'user32.dll'...
8d4.576c: supR3HardenedWinVerifyCacheProcessImportTodos: 'user32.dll' -> '\Device\HarddiskVolume3\Windows\System32\user32.dll' [rcNtRedir=0xc0150008]
8d4.576c: supR3HardenedWinVerifyCacheProcessImportTodos: Processing 'shlwapi.dll'...
8d4.576c: supR3HardenedWinVerifyCacheProcessImportTodos: 'shlwapi.dll' -> '\Device\HarddiskVolume3\Windows\System32\shlwapi.dll' [rcNtRedir=0xc0150008]
8d4.576c: supR3HardenedScreenImage/Imports: cache hit (VINF_SUCCESS) on \Device\HarddiskVolume3\Windows\System32\shlwapi.dll
8d4.576c: supR3HardenedWinVerifyCacheProcessImportTodos: Processing 'shell32.dll'...
8d4.576c: supR3HardenedWinVerifyCacheProcessImportTodos: 'shell32.dll' -> '\Device\HarddiskVolume3\Windows\System32\shell32.dll' [rcNtRedir=0xc0150008]
8d4.576c: supR3HardenedScreenImage/Imports: cache hit (VINF_SUCCESS) on \Device\HarddiskVolume3\Windows\System32\shell32.dll
8d4.576c: supR3HardenedWinVerifyCacheProcessImportTodos: Processing 'setupapi.dll'...
8d4.576c: supR3HardenedWinVerifyCacheProcessImportTodos: 'setupapi.dll' -> '\Device\HarddiskVolume3\Windows\System32\setupapi.dll' [rcNtRedir=0xc0150008]
8d4.576c: supR3HardenedWinVerifyCacheProcessImportTodos: Processing 'msvcrt.dll'...
8d4.576c: supR3HardenedWinVerifyCacheProcessImportTodos: 'msvcrt.dll' -> '\Device\HarddiskVolume3\Windows\System32\msvcrt.dll' [rcNtRedir=0xc0150008]
8d4.576c: supR3HardenedMonitor_LdrLoadDll: returns rcNt=0x0 hMod=00007ffcccc40000 'C:\Windows\system32\rsaenh.dll'
8d4.576c: supR3HardenedMonitor_LdrLoadDll: returns rcNt=0x0 hMod=00007ffcce4c0000 'C:\Windows\System32\crypt32.dll'
8d4.576c: supR3HardenedWinVerifyCacheScheduleImports: Import todo: #0 'msvcrt.dll'.
8d4.576c: supHardenedWinVerifyImageByHandle: -> 0 (\Device\HarddiskVolume3\Windows\System32\setupapi.dll) WinVerifyTrust
8d4.576c: supR3HardenedWinVerifyCacheInsert: \Device\HarddiskVolume3\Windows\System32\setupapi.dll
8d4.576c: supR3HardenedWinVerifyCacheProcessImportTodos: Processing 'oleaut32.dll'...
8d4.576c: supR3HardenedWinVerifyCacheProcessImportTodos: 'oleaut32.dll' -> '\Device\HarddiskVolume3\Windows\System32\oleaut32.dll' [rcNtRedir=0xc0150008]
8d4.576c: supR3HardenedScreenImage/Imports: cache hit (VINF_SUCCESS) on \Device\HarddiskVolume3\Windows\System32\oleaut32.dll
8d4.576c: supR3HardenedWinVerifyCacheProcessImportTodos: Processing 'ole32.dll'...
8d4.576c: supR3HardenedWinVerifyCacheProcessImportTodos: 'ole32.dll' -> '\Device\HarddiskVolume3\Windows\System32\ole32.dll' [rcNtRedir=0xc0150008]
8d4.576c: supR3HardenedScreenImage/Imports: cache hit (VINF_SUCCESS) on \Device\HarddiskVolume3\Windows\System32\ole32.dll
8d4.576c: supR3HardenedWinVerifyCacheProcessImportTodos: Processing 'imm32.dll'...
8d4.576c: supR3HardenedWinVerifyCacheProcessImportTodos: 'imm32.dll' -> '\Device\HarddiskVolume3\Windows\System32\imm32.dll' [rcNtRedir=0xc0150008]
8d4.576c: supR3HardenedScreenImage/Imports: cache hit (VINF_SUCCESS) on \Device\HarddiskVolume3\Windows\System32\imm32.dll
8d4.576c: supR3HardenedWinVerifyCacheProcessImportTodos: Processing 'gdi32.dll'...
8d4.576c: supR3HardenedWinVerifyCacheProcessImportTodos: 'gdi32.dll' -> '\Device\HarddiskVolume3\Windows\System32\gdi32.dll' [rcNtRedir=0xc0150008]
8d4.576c: supR3HardenedWinVerifyCacheProcessImportTodos: Processing 'dwmapi.dll'...
8d4.576c: supR3HardenedWinVerifyCacheProcessImportTodos: 'dwmapi.dll' -> '\Device\HarddiskVolume3\Windows\System32\dwmapi.dll' [rcNtRedir=0xc0150008]
8d4.576c: supR3HardenedScreenImage/Imports: cache hit (VINF_SUCCESS) on \Device\HarddiskVolume3\Windows\System32\dwmapi.dll
8d4.576c: supR3HardenedWinVerifyCacheProcessImportTodos: Processing 'advapi32.dll'...
8d4.576c: supR3HardenedWinVerifyCacheProcessImportTodos: 'advapi32.dll' -> '\Device\HarddiskVolume3\Windows\System32\advapi32.dll' [rcNtRedir=0xc0150008]
8d4.576c: supR3HardenedScreenImage/Imports: cache hit (VINF_SUCCESS) on \Device\HarddiskVolume3\Windows\System32\advapi32.dll
8d4.576c: supR3HardenedWinVerifyCacheProcessImportTodos: Processing 'msvcrt.dll'...
8d4.576c: supR3HardenedWinVerifyCacheProcessImportTodos: 'msvcrt.dll' -> '\Device\HarddiskVolume3\Windows\System32\msvcrt.dll' [rcNtRedir=0xc0150008]
8d4.576c: supR3HardenedMonitor_LdrLoadDll: pName=C:\Program Files\Oracle\VirtualBox\platforms\qwindowsVBox.dll (rcNtResolve=0xc0150008) *pfFlags=0x0 pwszSearchPath=0000000000000001:<flags> [calling]
8d4.576c: supR3HardenedScreenImage/NtCreateSection: cache hit (VINF_SUCCESS) on \Device\HarddiskVolume3\Program Files\Oracle\VirtualBox\platforms\qwindowsVBox.dll
8d4.576c: supR3HardenedScreenImage/NtCreateSection: cache hit (VINF_SUCCESS) on \Device\HarddiskVolume3\Windows\System32\wtsapi32.dll
8d4.576c: supR3HardenedWinVerifyCacheScheduleImports: Import todo: #1 'advapi32.dll'.
8d4.576c: supR3HardenedWinVerifyCacheScheduleImports: Import todo: #2 'gdi32.dll'.
8d4.576c: supR3HardenedWinVerifyCacheScheduleImports: Import todo: #4 'user32.dll'.
8d4.576c: supHardenedWinVerifyImageByHandle: -> 0 (\Device\HarddiskVolume3\Windows\WinSxS\amd64_microsoft.windows.common-controls_6595b64144ccf1df_5.82.22621.608_none_fb280a3c7926c2cc\comctl32.dll)
8d4.576c: supR3HardenedWinVerifyCacheInsert: \Device\HarddiskVolume3\Windows\WinSxS\amd64_microsoft.windows.common-controls_6595b64144ccf1df_5.82.22621.608_none_fb280a3c7926c2cc\comctl32.dll
8d4.576c: supR3HardenedScreenImage/NtCreateSection: cache hit (VINF_SUCCESS) on \Device\HarddiskVolume3\Windows\System32\d3d9.dll
8d4.576c: supR3HardenedWinVerifyCacheScheduleImports: Import todo: #0 'msvcp_win.dll'.
8d4.576c: supR3HardenedWinVerifyCacheScheduleImports: Import todo: #26 'win32u.dll'.
8d4.576c: supHardenedWinVerifyImageByHandle: -> 0 (\Device\HarddiskVolume3\Windows\System32\DXCore.dll)
8d4.576c: supR3HardenedWinVerifyCacheInsert: \Device\HarddiskVolume3\Windows\System32\DXCore.dll
8d4.576c: supR3HardenedDllNotificationCallback: load   00007ffccf7d0000 LB 0x00474000 C:\Windows\System32\SETUPAPI.dll [fFlags=0x0]
8d4.576c: supR3HardenedScreenImage/LdrLoadDll: cache hit (VINF_SUCCESS) on \Device\HarddiskVolume3\Windows\System32\setupapi.dll
8d4.576c: supR3HardenedDllNotificationCallback: load   00007ffccca90000 LB 0x00014000 C:\Windows\SYSTEM32\WTSAPI32.dll [fFlags=0x0]
8d4.576c: supR3HardenedScreenImage/LdrLoadDll: cache hit (VINF_SUCCESS) on \Device\HarddiskVolume3\Windows\System32\wtsapi32.dll
8d4.576c: supR3HardenedDllNotificationCallback: load   00007ffcac610000 LB 0x000b3000 C:\Windows\WinSxS\amd64_microsoft.windows.common-controls_6595b64144ccf1df_5.82.22621.608_none_fb280a3c7926c2cc\COMCTL32.dll [fFlags=0x0]
8d4.576c: supR3HardenedScreenImage/LdrLoadDll: cache hit (VINF_SUCCESS) on \Device\HarddiskVolume3\Windows\WinSxS\amd64_microsoft.windows.common-controls_6595b64144ccf1df_5.82.22621.608_none_fb280a3c7926c2cc\comctl32.dll [avoiding WinVerifyTrust]
8d4.576c: supR3HardenedDllNotificationCallback: load   00007ffcce9a0000 LB 0x000f9000 C:\Windows\System32\COMDLG32.dll [fFlags=0x0]
8d4.576c: supR3HardenedScreenImage/LdrLoadDll: cache hit (VINF_SUCCESS) on \Device\HarddiskVolume3\Windows\System32\comdlg32.dll
8d4.576c: supR3HardenedDllNotificationCallback: load   00007ffccaed0000 LB 0x00036000 C:\Windows\SYSTEM32\dxcore.dll [fFlags=0x0]
8d4.576c: supR3HardenedScreenImage/LdrLoadDll: cache hit (VINF_SUCCESS) on \Device\HarddiskVolume3\Windows\System32\DXCore.dll [avoiding WinVerifyTrust]
8d4.576c: supR3HardenedDllNotificationCallback: load   00007ffc7f370000 LB 0x001a9000 C:\Windows\SYSTEM32\d3d9.dll [fFlags=0x0]
8d4.576c: supR3HardenedScreenImage/LdrLoadDll: cache hit (VINF_SUCCESS) on \Device\HarddiskVolume3\Windows\System32\d3d9.dll
8d4.576c: supR3HardenedDllNotificationCallback: load   00007ffc685c0000 LB 0x000cd000 C:\Program Files\Oracle\VirtualBox\platforms\qwindowsVBox.dll [fFlags=0x0]
8d4.576c: supR3HardenedScreenImage/LdrLoadDll: cache hit (VINF_SUCCESS) on \Device\HarddiskVolume3\Program Files\Oracle\VirtualBox\platforms\qwindowsVBox.dll
8d4.576c: Detected loader lock ownership: rc=VINF_SUCCESS '\Device\HarddiskVolume3\Windows\System32\DXCore.dll'.
8d4.576c: supR3HardenedWinVerifyCacheProcessWvtTodos: 0 (was 0) fWinVerifyTrust=0 for '\Device\HarddiskVolume3\Windows\System32\DXCore.dll' [rescheduled]
8d4.576c: Detected loader lock ownership: rc=VINF_SUCCESS '\Device\HarddiskVolume3\Windows\WinSxS\amd64_microsoft.windows.common-controls_6595b64144ccf1df_5.82.22621.608_none_fb280a3c7926c2cc\comctl32.dll'.
8d4.576c: supR3HardenedWinVerifyCacheProcessWvtTodos: 0 (was 0) fWinVerifyTrust=0 for '\Device\HarddiskVolume3\Windows\WinSxS\amd64_microsoft.windows.common-controls_6595b64144ccf1df_5.82.22621.608_none_fb280a3c7926c2cc\comctl32.dll' [rescheduled]
8d4.576c: Detected loader lock ownership: rc=VINF_SUCCESS '\Device\HarddiskVolume3\Windows\System32\comctl32.dll'.
8d4.576c: supR3HardenedWinVerifyCacheProcessWvtTodos: 0 (was 0) fWinVerifyTrust=0 for '\Device\HarddiskVolume3\Windows\System32\comctl32.dll' [rescheduled]
8d4.576c: supR3HardenedScreenImage/LdrLoadDll: cache hit (VINF_SUCCESS) on \Device\HarddiskVolume3\Windows\System32\imm32.dll
8d4.576c: supR3HardenedWinVerifyCacheProcessImportTodos: Processing 'win32u.dll'...
8d4.576c: supR3HardenedWinVerifyCacheProcessImportTodos: 'win32u.dll' -> '\Device\HarddiskVolume3\Windows\System32\win32u.dll' [rcNtRedir=0xc0150008]
8d4.576c: supR3HardenedWinVerifyCacheProcessImportTodos: Processing 'msvcp_win.dll'...
8d4.576c: supR3HardenedWinVerifyCacheProcessImportTodos: 'msvcp_win.dll' -> '\Device\HarddiskVolume3\Windows\System32\msvcp_win.dll' [rcNtRedir=0xc0150008]
8d4.576c: supR3HardenedWinVerifyCacheProcessImportTodos: Processing 'user32.dll'...
8d4.576c: supR3HardenedWinVerifyCacheProcessImportTodos: 'user32.dll' -> '\Device\HarddiskVolume3\Windows\System32\user32.dll' [rcNtRedir=0xc0150008]
8d4.576c: supR3HardenedWinVerifyCacheProcessImportTodos: Processing 'gdi32.dll'...
8d4.576c: supR3HardenedWinVerifyCacheProcessImportTodos: 'gdi32.dll' -> '\Device\HarddiskVolume3\Windows\System32\gdi32.dll' [rcNtRedir=0xc0150008]
8d4.576c: supR3HardenedScreenImage/Imports: cache hit (VINF_SUCCESS) on \Device\HarddiskVolume3\Windows\System32\gdi32.dll
8d4.576c: supR3HardenedWinVerifyCacheProcessImportTodos: Processing 'advapi32.dll'...
8d4.576c: supR3HardenedWinVerifyCacheProcessImportTodos: 'advapi32.dll' -> '\Device\HarddiskVolume3\Windows\System32\advapi32.dll' [rcNtRedir=0xc0150008]
8d4.576c: supR3HardenedScreenImage/Imports: cache hit (VINF_SUCCESS) on \Device\HarddiskVolume3\Windows\System32\advapi32.dll
8d4.576c: supR3HardenedMonitor_LdrLoadDll: pName=C:\Windows\System32\imm32.dll (Input=imm32.dll, rcNtResolve=0xc0150008) *pfFlags=0x0 pwszSearchPath=0000000000000001:<flags> [calling]
8d4.576c: supR3HardenedMonitor_LdrLoadDll: returns rcNt=0x0 hMod=00007ffccee50000 'C:\Windows\System32\imm32.dll'
8d4.576c: Detected loader lock ownership: rc=VINF_SUCCESS '\Device\HarddiskVolume3\Windows\System32\DXCore.dll'.
8d4.576c: supR3HardenedWinVerifyCacheProcessWvtTodos: 0 (was 0) fWinVerifyTrust=0 for '\Device\HarddiskVolume3\Windows\System32\DXCore.dll' [rescheduled]
8d4.576c: Detected loader lock ownership: rc=VINF_SUCCESS '\Device\HarddiskVolume3\Windows\WinSxS\amd64_microsoft.windows.common-controls_6595b64144ccf1df_5.82.22621.608_none_fb280a3c7926c2cc\comctl32.dll'.
8d4.576c: supR3HardenedWinVerifyCacheProcessWvtTodos: 0 (was 0) fWinVerifyTrust=0 for '\Device\HarddiskVolume3\Windows\WinSxS\amd64_microsoft.windows.common-controls_6595b64144ccf1df_5.82.22621.608_none_fb280a3c7926c2cc\comctl32.dll' [rescheduled]
8d4.576c: Detected loader lock ownership: rc=VINF_SUCCESS '\Device\HarddiskVolume3\Windows\System32\comctl32.dll'.
8d4.576c: supR3HardenedWinVerifyCacheProcessWvtTodos: 0 (was 0) fWinVerifyTrust=0 for '\Device\HarddiskVolume3\Windows\System32\comctl32.dll' [rescheduled]
8d4.576c: supR3HardenedMonitor_LdrLoadDll: returns rcNt=0x0 hMod=00007ffc685c0000 'C:\Program Files\Oracle\VirtualBox\platforms\qwindowsVBox.dll'
8d4.576c: supR3HardenedMonitor_LdrLoadDll: returns rcNt=0x0 hMod=00007ffcccc40000 'C:\Windows\system32\rsaenh.dll'
8d4.576c: supR3HardenedMonitor_LdrLoadDll: returns rcNt=0x0 hMod=00007ffcce4c0000 'C:\Windows\System32\crypt32.dll'
8d4.576c: supR3HardenedWinVerifyCacheProcessWvtTodos: 0 (was 0) fWinVerifyTrust=1 for '\Device\HarddiskVolume3\Windows\System32\DXCore.dll'
8d4.576c: supR3HardenedMonitor_LdrLoadDll: returns rcNt=0x0 hMod=00007ffcccc40000 'C:\Windows\system32\rsaenh.dll'
8d4.576c: supR3HardenedMonitor_LdrLoadDll: returns rcNt=0x0 hMod=00007ffcce4c0000 'C:\Windows\System32\crypt32.dll'
8d4.576c: supR3HardenedWinVerifyCacheProcessWvtTodos: 0 (was 0) fWinVerifyTrust=1 for '\Device\HarddiskVolume3\Windows\WinSxS\amd64_microsoft.windows.common-controls_6595b64144ccf1df_5.82.22621.608_none_fb280a3c7926c2cc\comctl32.dll'
8d4.576c: supR3HardenedMonitor_LdrLoadDll: returns rcNt=0x0 hMod=00007ffcccc40000 'C:\Windows\system32\rsaenh.dll'
8d4.576c: supR3HardenedMonitor_LdrLoadDll: returns rcNt=0x0 hMod=00007ffcce4c0000 'C:\Windows\System32\crypt32.dll'
8d4.576c: supR3HardenedWinVerifyCacheProcessWvtTodos: 0 (was 0) fWinVerifyTrust=1 for '\Device\HarddiskVolume3\Windows\System32\comctl32.dll'
8d4.576c: supR3HardenedWinVerifyCacheScheduleImports: Import todo: #4 'rpcrt4.dll'.
8d4.576c: supR3HardenedWinVerifyCacheScheduleImports: Import todo: #38 'bcryptprimitives.dll'.
8d4.576c: supR3HardenedWinVerifyCacheScheduleImports: Import todo: #51 'combase.dll'.
8d4.576c: supHardenedWinVerifyImageByHandle: -> 22900 (\Device\HarddiskVolume3\Windows\System32\rpcss.dll)
8d4.576c: supR3HardenedWinVerifyCacheInsert: \Device\HarddiskVolume3\Windows\System32\rpcss.dll
8d4.576c: supR3HardenedMonitor_NtCreateSection: NtMapViewOfSection failed on 0000000000000760 (hFile=0000000000000748) with 0xc0000022 -> STATUS_TRUST_FAILURE
8d4.576c: supR3HardNtViCallWinVerifyTrustCatFile: hFile=0000000000000738 pwszName=\Device\HarddiskVolume3\Windows\System32\rpcss.dll
8d4.576c: supR3HardNtViCallWinVerifyTrustCatFile: Cached context 000002075330f980
8d4.576c: supR3HardNtViCallWinVerifyTrustCatFile: hCatAdmin=000002075330f980
8d4.576c: supR3HardNtViCallWinVerifyTrustCatFile: cbHash=20 wszDigest=25A421A52AE24EB8CCCDD90D0CFCE4D3744F8E12
8d4.576c: supR3HardenedWinVerifyCacheProcessImportTodos: Processing 'combase.dll'...
8d4.576c: supR3HardenedWinVerifyCacheProcessImportTodos: 'combase.dll' -> '\Device\HarddiskVolume3\Windows\System32\combase.dll' [rcNtRedir=0xc0150008]
8d4.576c: supR3HardenedScreenImage/Imports: cache hit (VINF_SUCCESS) on \Device\HarddiskVolume3\Windows\System32\combase.dll
8d4.576c: supR3HardenedWinVerifyCacheProcessImportTodos: Processing 'bcryptprimitives.dll'...
8d4.576c: supR3HardenedWinVerifyCacheProcessImportTodos: 'bcryptprimitives.dll' -> '\Device\HarddiskVolume3\Windows\System32\bcryptprimitives.dll' [rcNtRedir=0xc0150008]
8d4.576c: supR3HardenedScreenImage/Imports: cache hit (VINF_SUCCESS) on \Device\HarddiskVolume3\Windows\System32\bcryptprimitives.dll
8d4.576c: supR3HardenedWinVerifyCacheProcessImportTodos: Processing 'rpcrt4.dll'...
8d4.576c: supR3HardenedWinVerifyCacheProcessImportTodos: 'rpcrt4.dll' -> '\Device\HarddiskVolume3\Windows\System32\rpcrt4.dll' [rcNtRedir=0xc0150008]
8d4.576c: supR3HardenedMonitor_LdrLoadDll: returns rcNt=0x0 hMod=00007ffcccc40000 'C:\Windows\system32\rsaenh.dll'
8d4.576c: supR3HardenedMonitor_LdrLoadDll: returns rcNt=0x0 hMod=00007ffcce4c0000 'C:\Windows\System32\crypt32.dll'
8d4.576c: supR3HardNtViCallWinVerifyTrustCatFile: WinVerifyTrust => 0x0; cat='C:\Windows\system32\CatRoot\{F750E6C3-38EE-11D1-85E5-00C04FC295EE}\Microsoft-Windows-Client-Desktop-Required-Package05142030~31bf3856ad364e35~amd64~~10.0.22621.2428.cat'; file='\Device\HarddiskVolume3\Windows\System32\rpcss.dll'
8d4.576c: supR3HardNtViCallWinVerifyTrustCatFile -> 0 (org 22900)
8d4.576c: supR3HardenedWinVerifyCacheProcessWvtTodos: 0 (was 22900) fWinVerifyTrust=1 for '\Device\HarddiskVolume3\Windows\System32\rpcss.dll'
8d4.576c: supR3HardenedScreenImage/LdrLoadDll: cache hit (VINF_SUCCESS) on \Device\HarddiskVolume3\Windows\System32\uxtheme.dll
8d4.576c: supR3HardenedMonitor_LdrLoadDll: pName=C:\Windows\system32\uxtheme.dll (rcNtResolve=0xc0150008) *pfFlags=0x0 pwszSearchPath=0000000000000009:<flags> [calling]
8d4.576c: supR3HardenedMonitor_LdrLoadDll: returns rcNt=0x0 hMod=00007ffccace0000 'C:\Windows\system32\uxtheme.dll'
8d4.576c: supR3HardenedWinVerifyCacheScheduleImports: Import todo: #12 'rpcrt4.dll'.
8d4.576c: supHardenedWinVerifyImageByHandle: -> 0 (\Device\HarddiskVolume3\Windows\System32\powrprof.dll)
8d4.576c: supR3HardenedWinVerifyCacheInsert: \Device\HarddiskVolume3\Windows\System32\powrprof.dll
8d4.576c: supR3HardenedDllNotificationCallback: load   00007ffccd9e0000 LB 0x0004d000 C:\Windows\SYSTEM32\powrprof.dll [fFlags=0x0]
8d4.576c: supR3HardenedScreenImage/LdrLoadDll: cache hit (VINF_SUCCESS) on \Device\HarddiskVolume3\Windows\System32\powrprof.dll [avoiding WinVerifyTrust]
8d4.576c: supHardenedWinVerifyImageByHandle: -> 0 (\Device\HarddiskVolume3\Windows\System32\umpdc.dll)
8d4.576c: supR3HardenedWinVerifyCacheInsert: \Device\HarddiskVolume3\Windows\System32\umpdc.dll
8d4.576c: supR3HardenedDllNotificationCallback: load   00007ffccd9c0000 LB 0x00013000 C:\Windows\SYSTEM32\UMPDC.dll [fFlags=0x0]
8d4.576c: supR3HardenedScreenImage/LdrLoadDll: cache hit (VINF_SUCCESS) on \Device\HarddiskVolume3\Windows\System32\umpdc.dll [avoiding WinVerifyTrust]
8d4.576c: supR3HardenedDllNotificationCallback: load   00007ffccf110000 LB 0x0014c000 C:\Windows\System32\MSCTF.dll [fFlags=0x0]
8d4.576c: supR3HardenedWinVerifyCacheScheduleImports: Import todo: #0 'msvcrt.dll'.
8d4.576c: supHardenedWinVerifyImageByHandle: -> 0 (\Device\HarddiskVolume3\Windows\System32\msctf.dll)
8d4.576c: supR3HardenedWinVerifyCacheInsert: \Device\HarddiskVolume3\Windows\System32\msctf.dll
8d4.576c: supR3HardenedWinVerifyCacheProcessImportTodos: Processing 'msvcrt.dll'...
8d4.576c: supR3HardenedWinVerifyCacheProcessImportTodos: 'msvcrt.dll' -> '\Device\HarddiskVolume3\Windows\System32\msvcrt.dll' [rcNtRedir=0xc0150008]
8d4.576c: supR3HardenedWinVerifyCacheProcessImportTodos: Processing 'rpcrt4.dll'...
8d4.576c: supR3HardenedWinVerifyCacheProcessImportTodos: 'rpcrt4.dll' -> '\Device\HarddiskVolume3\Windows\System32\rpcrt4.dll' [rcNtRedir=0xc0150008]
8d4.576c: supR3HardenedMonitor_LdrLoadDll: returns rcNt=0x0 hMod=00007ffcccc40000 'C:\Windows\system32\rsaenh.dll'
8d4.576c: supR3HardenedMonitor_LdrLoadDll: returns rcNt=0x0 hMod=00007ffcce4c0000 'C:\Windows\System32\crypt32.dll'
8d4.576c: supR3HardenedWinVerifyCacheProcessWvtTodos: 0 (was 0) fWinVerifyTrust=1 for '\Device\HarddiskVolume3\Windows\System32\msctf.dll'
8d4.576c: supR3HardenedMonitor_LdrLoadDll: returns rcNt=0x0 hMod=00007ffcccc40000 'C:\Windows\system32\rsaenh.dll'
8d4.576c: supR3HardenedMonitor_LdrLoadDll: returns rcNt=0x0 hMod=00007ffcce4c0000 'C:\Windows\System32\crypt32.dll'
8d4.576c: supR3HardenedWinVerifyCacheProcessWvtTodos: 0 (was 0) fWinVerifyTrust=1 for '\Device\HarddiskVolume3\Windows\System32\umpdc.dll'
8d4.576c: supR3HardenedMonitor_LdrLoadDll: returns rcNt=0x0 hMod=00007ffcccc40000 'C:\Windows\system32\rsaenh.dll'
8d4.576c: supR3HardenedMonitor_LdrLoadDll: returns rcNt=0x0 hMod=00007ffcce4c0000 'C:\Windows\System32\crypt32.dll'
8d4.576c: supR3HardenedWinVerifyCacheProcessWvtTodos: 0 (was 0) fWinVerifyTrust=1 for '\Device\HarddiskVolume3\Windows\System32\powrprof.dll'
8d4.576c: supR3HardenedScreenImage/LdrLoadDll: cache hit (VINF_SUCCESS) on \Device\HarddiskVolume3\Windows\System32\user32.dll
8d4.576c: supR3HardenedMonitor_LdrLoadDll: pName=C:\Windows\System32\USER32.dll (Input=USER32.dll, rcNtResolve=0xc0150008) *pfFlags=0x0 pwszSearchPath=0000000000000001:<flags> [calling]
8d4.576c: supR3HardenedMonitor_LdrLoadDll: returns rcNt=0x0 hMod=00007ffccf2f0000 'C:\Windows\System32\USER32.dll'
8d4.576c: supR3HardenedMonitor_LdrLoadDll: returns rcNt=0x0 hMod=00007ffcccc40000 'C:\Windows\system32\rsaenh.dll'
8d4.576c: supR3HardenedMonitor_LdrLoadDll: returns rcNt=0x0 hMod=00007ffcce4c0000 'C:\Windows\System32\crypt32.dll'
8d4.576c: supR3HardenedWinVerifyCacheScheduleImports: Import todo: #19 'cfgmgr32.dll'.
8d4.576c: supHardenedWinVerifyImageByHandle: -> 0 (\Device\HarddiskVolume3\Windows\System32\devobj.dll) WinVerifyTrust
8d4.576c: supR3HardenedWinVerifyCacheInsert: \Device\HarddiskVolume3\Windows\System32\devobj.dll
8d4.576c: supR3HardenedWinVerifyCacheProcessImportTodos: Processing 'cfgmgr32.dll'...
8d4.576c: supR3HardenedWinVerifyCacheProcessImportTodos: 'cfgmgr32.dll' -> '\Device\HarddiskVolume3\Windows\System32\cfgmgr32.dll' [rcNtRedir=0xc0150008]
8d4.576c: supR3HardenedMonitor_LdrLoadDll: returns rcNt=0x0 hMod=00007ffcccc40000 'C:\Windows\system32\rsaenh.dll'
8d4.576c: supR3HardenedMonitor_LdrLoadDll: returns rcNt=0x0 hMod=00007ffcce4c0000 'C:\Windows\System32\crypt32.dll'
8d4.576c: supHardenedWinVerifyImageByHandle: -> 0 (\Device\HarddiskVolume3\Windows\System32\cfgmgr32.dll) WinVerifyTrust
8d4.576c: supR3HardenedWinVerifyCacheInsert: \Device\HarddiskVolume3\Windows\System32\cfgmgr32.dll
8d4.576c: supR3HardenedMonitor_LdrLoadDll: pName=C:\Windows\System32\DEVOBJ.dll (Input=DEVOBJ.dll, rcNtResolve=0xc0150008) *pfFlags=0x0 pwszSearchPath=0000000000000001:<flags> [calling]
8d4.576c: supR3HardenedScreenImage/NtCreateSection: cache hit (VINF_SUCCESS) on \Device\HarddiskVolume3\Windows\System32\devobj.dll
8d4.576c: supR3HardenedScreenImage/NtCreateSection: cache hit (VINF_SUCCESS) on \Device\HarddiskVolume3\Windows\System32\cfgmgr32.dll
8d4.576c: supR3HardenedDllNotificationCallback: load   00007ffccd930000 LB 0x0004e000 C:\Windows\SYSTEM32\cfgmgr32.dll [fFlags=0x0]
8d4.576c: supR3HardenedScreenImage/LdrLoadDll: cache hit (VINF_SUCCESS) on \Device\HarddiskVolume3\Windows\System32\cfgmgr32.dll
8d4.576c: supR3HardenedDllNotificationCallback: load   00007ffccd900000 LB 0x0002c000 C:\Windows\System32\DEVOBJ.dll [fFlags=0x0]
8d4.576c: supR3HardenedScreenImage/LdrLoadDll: cache hit (VINF_SUCCESS) on \Device\HarddiskVolume3\Windows\System32\devobj.dll
8d4.576c: supR3HardenedMonitor_LdrLoadDll: returns rcNt=0x0 hMod=00007ffccd900000 'C:\Windows\System32\DEVOBJ.dll'
8d4.576c: supR3HardenedMonitor_LdrLoadDll: returns rcNt=0x0 hMod=00007ffcccc40000 'C:\Windows\system32\rsaenh.dll'
8d4.576c: supR3HardenedMonitor_LdrLoadDll: returns rcNt=0x0 hMod=00007ffcce4c0000 'C:\Windows\System32\crypt32.dll'
8d4.576c: supR3HardenedWinVerifyCacheScheduleImports: Import todo: #0 'gdi32.dll'.
8d4.576c: supR3HardenedWinVerifyCacheScheduleImports: Import todo: #1 'user32.dll'.
8d4.576c: supR3HardenedWinVerifyCacheScheduleImports: Import todo: #2 'uxtheme.dll'.
8d4.576c: supR3HardenedWinVerifyCacheScheduleImports: Import todo: #3 'qt6widgetsvbox.dll'.
8d4.576c: supR3HardenedWinVerifyCacheScheduleImports: Import todo: #4 'qt6guivbox.dll'.
8d4.576c: supR3HardenedWinVerifyCacheScheduleImports: Import todo: #5 'qt6corevbox.dll'.
8d4.576c: supR3HardenedWinVerifyCacheScheduleImports: Import todo: #7 'vcruntime140.dll'.
8d4.576c: supR3HardenedWinVerifyCacheScheduleImports: Import todo: #8 'vcruntime140_1.dll'.
8d4.576c: supHardenedWinVerifyImageByHandle: -> 0 (\Device\HarddiskVolume3\Program Files\Oracle\VirtualBox\styles\qwindowsvistastyleVBox.dll) WinVerifyTrust
8d4.576c: supR3HardenedWinVerifyCacheInsert: \Device\HarddiskVolume3\Program Files\Oracle\VirtualBox\styles\qwindowsvistastyleVBox.dll
8d4.576c: supR3HardenedWinVerifyCacheProcessImportTodos: Processing 'vcruntime140_1.dll'...
8d4.576c: supR3HardenedWinVerifyCacheProcessImportTodos: 'vcruntime140_1.dll' -> '\Device\HarddiskVolume3\Windows\System32\vcruntime140_1.dll' [rcNtRedir=0xc0150008]
8d4.576c: supR3HardenedWinVerifyCacheProcessImportTodos: Processing 'vcruntime140.dll'...
8d4.576c: supR3HardenedWinVerifyCacheProcessImportTodos: 'vcruntime140.dll' -> '\Device\HarddiskVolume3\Windows\System32\vcruntime140.dll' [rcNtRedir=0xc0150008]
8d4.576c: supR3HardenedWinVerifyCacheProcessImportTodos: Processing 'qt6corevbox.dll'...
8d4.576c: supR3HardenedWinVerifyCacheProcessImportTodos: 'qt6corevbox.dll' -> '\Device\HarddiskVolume3\Program Files\Oracle\VirtualBox\qt6corevbox.dll' [rcNtRedir=0xc0150008]
8d4.576c: supR3HardenedWinVerifyCacheProcessImportTodos: Processing 'qt6guivbox.dll'...
8d4.576c: supR3HardenedWinVerifyCacheProcessImportTodos: 'qt6guivbox.dll' -> '\Device\HarddiskVolume3\Program Files\Oracle\VirtualBox\qt6guivbox.dll' [rcNtRedir=0xc0150008]
8d4.576c: supR3HardenedScreenImage/Imports: cache hit (VINF_SUCCESS) on \Device\HarddiskVolume3\Program Files\Oracle\VirtualBox\Qt6GuiVBox.dll
8d4.576c: supR3HardenedWinVerifyCacheProcessImportTodos: Processing 'qt6widgetsvbox.dll'...
8d4.576c: supR3HardenedWinVerifyCacheProcessImportTodos: 'qt6widgetsvbox.dll' -> '\Device\HarddiskVolume3\Program Files\Oracle\VirtualBox\qt6widgetsvbox.dll' [rcNtRedir=0xc0150008]
8d4.576c: supR3HardenedScreenImage/Imports: cache hit (VINF_SUCCESS) on \Device\HarddiskVolume3\Program Files\Oracle\VirtualBox\Qt6WidgetsVBox.dll
8d4.576c: supR3HardenedWinVerifyCacheProcessImportTodos: Processing 'uxtheme.dll'...
8d4.576c: supR3HardenedWinVerifyCacheProcessImportTodos: 'uxtheme.dll' -> '\Device\HarddiskVolume3\Windows\System32\uxtheme.dll' [rcNtRedir=0xc0150008]
8d4.576c: supR3HardenedScreenImage/Imports: cache hit (VINF_SUCCESS) on \Device\HarddiskVolume3\Windows\System32\uxtheme.dll
8d4.576c: supR3HardenedWinVerifyCacheProcessImportTodos: Processing 'user32.dll'...
8d4.576c: supR3HardenedWinVerifyCacheProcessImportTodos: 'user32.dll' -> '\Device\HarddiskVolume3\Windows\System32\user32.dll' [rcNtRedir=0xc0150008]
8d4.576c: supR3HardenedWinVerifyCacheProcessImportTodos: Processing 'gdi32.dll'...
8d4.576c: supR3HardenedWinVerifyCacheProcessImportTodos: 'gdi32.dll' -> '\Device\HarddiskVolume3\Windows\System32\gdi32.dll' [rcNtRedir=0xc0150008]
8d4.576c: supR3HardenedMonitor_LdrLoadDll: pName=C:\Program Files\Oracle\VirtualBox\styles\qwindowsvistastyleVBox.dll (rcNtResolve=0xc0150008) *pfFlags=0x0 pwszSearchPath=0000000000000001:<flags> [calling]
8d4.576c: supR3HardenedScreenImage/NtCreateSection: cache hit (VINF_SUCCESS) on \Device\HarddiskVolume3\Program Files\Oracle\VirtualBox\styles\qwindowsvistastyleVBox.dll
8d4.576c: supR3HardenedDllNotificationCallback: load   00007ffcb4160000 LB 0x00025000 C:\Program Files\Oracle\VirtualBox\styles\qwindowsvistastyleVBox.dll [fFlags=0x0]
8d4.576c: supR3HardenedScreenImage/LdrLoadDll: cache hit (VINF_SUCCESS) on \Device\HarddiskVolume3\Program Files\Oracle\VirtualBox\styles\qwindowsvistastyleVBox.dll
8d4.576c: supR3HardenedMonitor_LdrLoadDll: returns rcNt=0x0 hMod=00007ffcb4160000 'C:\Program Files\Oracle\VirtualBox\styles\qwindowsvistastyleVBox.dll'
8d4.576c: supR3HardenedScreenImage/LdrLoadDll: cache hit (VINF_SUCCESS) on \Device\HarddiskVolume3\Windows\System32\uxtheme.dll
8d4.576c: supR3HardenedMonitor_LdrLoadDll: pName=C:\Windows\System32\uxtheme.dll (Input=uxtheme.dll, rcNtResolve=0xc0150008) *pfFlags=0x0 pwszSearchPath=0000000000000801:<flags> [calling]
8d4.576c: supR3HardenedMonitor_LdrLoadDll: returns rcNt=0x0 hMod=00007ffccace0000 'C:\Windows\System32\uxtheme.dll'
8d4.576c: supR3HardenedMonitor_LdrLoadDll: returns rcNt=0x0 hMod=00007ffcccc40000 'C:\Windows\system32\rsaenh.dll'
8d4.576c: supR3HardenedMonitor_LdrLoadDll: returns rcNt=0x0 hMod=00007ffcce4c0000 'C:\Windows\System32\crypt32.dll'
8d4.576c: supR3HardenedWinVerifyCacheScheduleImports: Import todo: #0 'msvcrt.dll'.
8d4.576c: supR3HardenedWinVerifyCacheScheduleImports: Import todo: #39 'gdi32.dll'.
8d4.576c: supR3HardenedWinVerifyCacheScheduleImports: Import todo: #40 'user32.dll'.
8d4.576c: supHardenedWinVerifyImageByHandle: -> 0 (\Device\HarddiskVolume3\Windows\WinSxS\amd64_microsoft.windows.common-controls_6595b64144ccf1df_6.0.22621.2361_none_2712ced57382f843\comctl32.dll) WinVerifyTrust
8d4.576c: supR3HardenedWinVerifyCacheInsert: \Device\HarddiskVolume3\Windows\WinSxS\amd64_microsoft.windows.common-controls_6595b64144ccf1df_6.0.22621.2361_none_2712ced57382f843\comctl32.dll
8d4.576c: supR3HardenedWinVerifyCacheProcessImportTodos: Processing 'user32.dll'...
8d4.576c: supR3HardenedWinVerifyCacheProcessImportTodos: 'user32.dll' -> '\Device\HarddiskVolume3\Windows\System32\user32.dll' [rcNtRedir=0xc0150008]
8d4.576c: supR3HardenedWinVerifyCacheProcessImportTodos: Processing 'gdi32.dll'...
8d4.576c: supR3HardenedWinVerifyCacheProcessImportTodos: 'gdi32.dll' -> '\Device\HarddiskVolume3\Windows\System32\gdi32.dll' [rcNtRedir=0xc0150008]
8d4.576c: supR3HardenedWinVerifyCacheProcessImportTodos: Processing 'msvcrt.dll'...
8d4.576c: supR3HardenedWinVerifyCacheProcessImportTodos: 'msvcrt.dll' -> '\Device\HarddiskVolume3\Windows\System32\msvcrt.dll' [rcNtRedir=0xc0150008]
8d4.576c: supR3HardenedMonitor_LdrLoadDll: pName=C:\Windows\WinSxS\amd64_microsoft.windows.common-controls_6595b64144ccf1df_6.0.22621.2361_none_2712ced57382f843\comctl32.dll (Input=comctl32.dll, rcNtResolve=0x0) *pfFlags=0x0 pwszSearchPath=0000000000004001:<flags> [calling]
8d4.576c: supR3HardenedScreenImage/NtCreateSection: cache hit (VINF_SUCCESS) on \Device\HarddiskVolume3\Windows\WinSxS\amd64_microsoft.windows.common-controls_6595b64144ccf1df_6.0.22621.2361_none_2712ced57382f843\comctl32.dll
8d4.576c: supR3HardenedDllNotificationCallback: load   00007ffcb9270000 LB 0x00293000 C:\Windows\WinSxS\amd64_microsoft.windows.common-controls_6595b64144ccf1df_6.0.22621.2361_none_2712ced57382f843\comctl32.dll [fFlags=0x0]
8d4.576c: supR3HardenedScreenImage/LdrLoadDll: cache hit (VINF_SUCCESS) on \Device\HarddiskVolume3\Windows\WinSxS\amd64_microsoft.windows.common-controls_6595b64144ccf1df_6.0.22621.2361_none_2712ced57382f843\comctl32.dll
8d4.576c: supR3HardenedMonitor_LdrLoadDll: returns rcNt=0x0 hMod=00007ffcb9270000 'C:\Windows\WinSxS\amd64_microsoft.windows.common-controls_6595b64144ccf1df_6.0.22621.2361_none_2712ced57382f843\comctl32.dll'
8d4.576c: supR3HardenedScreenImage/LdrLoadDll: cache hit (VINF_SUCCESS) on \Device\HarddiskVolume3\Windows\WinSxS\amd64_microsoft.windows.common-controls_6595b64144ccf1df_6.0.22621.2361_none_2712ced57382f843\comctl32.dll
8d4.576c: supR3HardenedMonitor_LdrLoadDll: pName=C:\Windows\WinSxS\amd64_microsoft.windows.common-controls_6595b64144ccf1df_6.0.22621.2361_none_2712ced57382f843\comctl32.dll (Input=comctl32.dll, rcNtResolve=0x0) *pfFlags=0x0 pwszSearchPath=0000000000004001:<flags> [calling]
8d4.576c: supR3HardenedMonitor_LdrLoadDll: returns rcNt=0x0 hMod=00007ffcb9270000 'C:\Windows\WinSxS\amd64_microsoft.windows.common-controls_6595b64144ccf1df_6.0.22621.2361_none_2712ced57382f843\comctl32.dll'
8d4.576c: supHardenedWinVerifyImageByHandle: -> 0 (\Device\HarddiskVolume3\Windows\System32\WindowsCodecs.dll)
8d4.576c: supR3HardenedWinVerifyCacheInsert: \Device\HarddiskVolume3\Windows\System32\WindowsCodecs.dll
8d4.576c: supR3HardenedDllNotificationCallback: load   00007ffcc9490000 LB 0x001b0000 C:\Windows\SYSTEM32\WindowsCodecs.dll [fFlags=0x0]
8d4.576c: supR3HardenedScreenImage/LdrLoadDll: cache hit (VINF_SUCCESS) on \Device\HarddiskVolume3\Windows\System32\WindowsCodecs.dll [avoiding WinVerifyTrust]
8d4.576c: supR3HardenedDllNotificationCallback: load   00007ffcced20000 LB 0x000b0000 C:\Windows\System32\clbcatq.dll [fFlags=0x0]
8d4.576c: supR3HardenedWinVerifyCacheScheduleImports: Import todo: #0 'msvcrt.dll'.
8d4.576c: supR3HardenedWinVerifyCacheScheduleImports: Import todo: #30 'rpcrt4.dll'.
8d4.576c: supHardenedWinVerifyImageByHandle: -> 0 (\Device\HarddiskVolume3\Windows\System32\clbcatq.dll)
8d4.576c: supR3HardenedWinVerifyCacheInsert: \Device\HarddiskVolume3\Windows\System32\clbcatq.dll
8d4.576c: supR3HardenedWinVerifyCacheProcessImportTodos: Processing 'rpcrt4.dll'...
8d4.576c: supR3HardenedWinVerifyCacheProcessImportTodos: 'rpcrt4.dll' -> '\Device\HarddiskVolume3\Windows\System32\rpcrt4.dll' [rcNtRedir=0xc0150008]
8d4.576c: supR3HardenedScreenImage/Imports: cache hit (VINF_SUCCESS) on \Device\HarddiskVolume3\Windows\System32\rpcrt4.dll
8d4.576c: supR3HardenedWinVerifyCacheProcessImportTodos: Processing 'msvcrt.dll'...
8d4.576c: supR3HardenedWinVerifyCacheProcessImportTodos: 'msvcrt.dll' -> '\Device\HarddiskVolume3\Windows\System32\msvcrt.dll' [rcNtRedir=0xc0150008]
8d4.576c: supR3HardenedMonitor_LdrLoadDll: returns rcNt=0x0 hMod=00007ffcccc40000 'C:\Windows\system32\rsaenh.dll'
8d4.576c: supR3HardenedMonitor_LdrLoadDll: returns rcNt=0x0 hMod=00007ffcce4c0000 'C:\Windows\System32\crypt32.dll'
8d4.576c: supR3HardenedWinVerifyCacheProcessWvtTodos: 0 (was 0) fWinVerifyTrust=1 for '\Device\HarddiskVolume3\Windows\System32\clbcatq.dll'
8d4.576c: supR3HardenedMonitor_LdrLoadDll: returns rcNt=0x0 hMod=00007ffcccc40000 'C:\Windows\system32\rsaenh.dll'
8d4.576c: supR3HardenedMonitor_LdrLoadDll: returns rcNt=0x0 hMod=00007ffcce4c0000 'C:\Windows\System32\crypt32.dll'
8d4.576c: supR3HardenedWinVerifyCacheProcessWvtTodos: 0 (was 0) fWinVerifyTrust=1 for '\Device\HarddiskVolume3\Windows\System32\WindowsCodecs.dll'
8d4.576c: supR3HardenedMonitor_LdrLoadDll: returns rcNt=0x0 hMod=00007ffcccc40000 'C:\Windows\system32\rsaenh.dll'
8d4.576c: supR3HardenedMonitor_LdrLoadDll: returns rcNt=0x0 hMod=00007ffcce4c0000 'C:\Windows\System32\crypt32.dll'
8d4.576c: supR3HardenedWinVerifyCacheScheduleImports: Import todo: #39 'msvcp_win.dll'.
8d4.576c: supHardenedWinVerifyImageByHandle: -> 0 (\Device\HarddiskVolume3\Windows\System32\thumbcache.dll) WinVerifyTrust
8d4.576c: supR3HardenedWinVerifyCacheInsert: \Device\HarddiskVolume3\Windows\System32\thumbcache.dll
8d4.576c: supR3HardenedWinVerifyCacheProcessImportTodos: Processing 'msvcp_win.dll'...
8d4.576c: supR3HardenedWinVerifyCacheProcessImportTodos: 'msvcp_win.dll' -> '\Device\HarddiskVolume3\Windows\System32\msvcp_win.dll' [rcNtRedir=0xc0150008]
8d4.576c: supR3HardenedMonitor_LdrLoadDll: pName=C:\Windows\System32\thumbcache.dll (rcNtResolve=0xc0150008) *pfFlags=0x0 pwszSearchPath=0000000000002009:<flags> [calling]
8d4.576c: supR3HardenedScreenImage/NtCreateSection: cache hit (VINF_SUCCESS) on \Device\HarddiskVolume3\Windows\System32\thumbcache.dll
8d4.576c: supR3HardenedDllNotificationCallback: load   00007ffcae2b0000 LB 0x0006b000 C:\Windows\System32\thumbcache.dll [fFlags=0x0]
8d4.576c: supR3HardenedScreenImage/LdrLoadDll: cache hit (VINF_SUCCESS) on \Device\HarddiskVolume3\Windows\System32\thumbcache.dll
8d4.576c: supR3HardenedMonitor_LdrLoadDll: returns rcNt=0x0 hMod=00007ffcae2b0000 'C:\Windows\System32\thumbcache.dll'
8d4.576c: supR3HardenedScreenImage/NtCreateSection: cache hit (VINF_SUCCESS) on \Device\HarddiskVolume3\Windows\System32\rpcss.dll
8d4.576c: supR3HardenedMonitor_NtCreateSection: NtMapViewOfSection failed on 0000000000000860 (hFile=0000000000000844) with 0xc0000022 -> STATUS_TRUST_FAILURE
8d4.2514: supR3HardenedMonitor_LdrLoadDll: returns rcNt=0x0 hMod=00007ffcccc40000 'C:\Windows\system32\rsaenh.dll'
8d4.2514: supR3HardenedMonitor_LdrLoadDll: returns rcNt=0x0 hMod=00007ffcce4c0000 'C:\Windows\System32\crypt32.dll'
8d4.2514: supR3HardenedWinVerifyCacheScheduleImports: Import todo: #0 'vcruntime140.dll'.
8d4.2514: supR3HardenedWinVerifyCacheScheduleImports: Import todo: #1 'vcruntime140_1.dll'.
8d4.2514: supR3HardenedWinVerifyCacheScheduleImports: Import todo: #2 'msvcp140.dll'.
8d4.2514: supR3HardenedWinVerifyCacheScheduleImports: Import todo: #3 'vboxrt.dll'.
8d4.2514: supR3HardenedWinVerifyCacheScheduleImports: Import todo: #13 'advapi32.dll'.
8d4.2514: supR3HardenedWinVerifyCacheScheduleImports: Import todo: #14 'ole32.dll'.
8d4.2514: supR3HardenedWinVerifyCacheScheduleImports: Import todo: #15 'oleaut32.dll'.
8d4.2514: supHardenedWinVerifyImageByHandle: -> 0 (\Device\HarddiskVolume3\Program Files\Oracle\VirtualBox\VBoxC.dll) WinVerifyTrust
8d4.2514: supR3HardenedWinVerifyCacheInsert: \Device\HarddiskVolume3\Program Files\Oracle\VirtualBox\VBoxC.dll
8d4.2514: supR3HardenedWinVerifyCacheProcessImportTodos: Processing 'oleaut32.dll'...
8d4.2514: supR3HardenedWinVerifyCacheProcessImportTodos: 'oleaut32.dll' -> '\Device\HarddiskVolume3\Windows\System32\oleaut32.dll' [rcNtRedir=0xc0150008]
8d4.2514: supR3HardenedScreenImage/Imports: cache hit (VINF_SUCCESS) on \Device\HarddiskVolume3\Windows\System32\oleaut32.dll
8d4.2514: supR3HardenedWinVerifyCacheProcessImportTodos: Processing 'ole32.dll'...
8d4.2514: supR3HardenedWinVerifyCacheProcessImportTodos: 'ole32.dll' -> '\Device\HarddiskVolume3\Windows\System32\ole32.dll' [rcNtRedir=0xc0150008]
8d4.2514: supR3HardenedScreenImage/Imports: cache hit (VINF_SUCCESS) on \Device\HarddiskVolume3\Windows\System32\ole32.dll
8d4.2514: supR3HardenedWinVerifyCacheProcessImportTodos: Processing 'advapi32.dll'...
8d4.2514: supR3HardenedWinVerifyCacheProcessImportTodos: 'advapi32.dll' -> '\Device\HarddiskVolume3\Windows\System32\advapi32.dll' [rcNtRedir=0xc0150008]
8d4.2514: supR3HardenedScreenImage/Imports: cache hit (VINF_SUCCESS) on \Device\HarddiskVolume3\Windows\System32\advapi32.dll
8d4.2514: supR3HardenedWinVerifyCacheProcessImportTodos: Processing 'vboxrt.dll'...
8d4.2514: supR3HardenedWinVerifyCacheProcessImportTodos: 'vboxrt.dll' -> '\Device\HarddiskVolume3\Program Files\Oracle\VirtualBox\vboxrt.dll' [rcNtRedir=0xc0150008]
8d4.2514: supR3HardenedWinVerifyCacheProcessImportTodos: Processing 'msvcp140.dll'...
8d4.2514: supR3HardenedWinVerifyCacheProcessImportTodos: 'msvcp140.dll' -> '\Device\HarddiskVolume3\Windows\System32\msvcp140.dll' [rcNtRedir=0xc0150008]
8d4.2514: supR3HardenedWinVerifyCacheProcessImportTodos: Processing 'vcruntime140_1.dll'...
8d4.2514: supR3HardenedWinVerifyCacheProcessImportTodos: 'vcruntime140_1.dll' -> '\Device\HarddiskVolume3\Windows\System32\vcruntime140_1.dll' [rcNtRedir=0xc0150008]
8d4.2514: supR3HardenedWinVerifyCacheProcessImportTodos: Processing 'vcruntime140.dll'...
8d4.2514: supR3HardenedWinVerifyCacheProcessImportTodos: 'vcruntime140.dll' -> '\Device\HarddiskVolume3\Windows\System32\vcruntime140.dll' [rcNtRedir=0xc0150008]
8d4.2514: supR3HardenedMonitor_LdrLoadDll: pName=C:\Program Files\Oracle\VirtualBox\VBoxC.dll (rcNtResolve=0xc0150008) *pfFlags=0x0 pwszSearchPath=0000000000002009:<flags> [calling]
8d4.2514: supR3HardenedScreenImage/NtCreateSection: cache hit (VINF_SUCCESS) on \Device\HarddiskVolume3\Program Files\Oracle\VirtualBox\VBoxC.dll
8d4.2514: supR3HardenedDllNotificationCallback: load   00007ffc4a010000 LB 0x003f5000 C:\Program Files\Oracle\VirtualBox\VBoxC.dll [fFlags=0x0]
8d4.2514: supR3HardenedScreenImage/LdrLoadDll: cache hit (VINF_SUCCESS) on \Device\HarddiskVolume3\Program Files\Oracle\VirtualBox\VBoxC.dll
8d4.2514: supR3HardenedMonitor_LdrLoadDll: returns rcNt=0x0 hMod=00007ffc4a010000 'C:\Program Files\Oracle\VirtualBox\VBoxC.dll'
8d4.2514: supR3HardenedMonitor_LdrLoadDll: returns rcNt=0x0 hMod=00007ffcccc40000 'C:\Windows\system32\rsaenh.dll'
8d4.2514: supR3HardenedMonitor_LdrLoadDll: returns rcNt=0x0 hMod=00007ffcce4c0000 'C:\Windows\System32\crypt32.dll'
8d4.2514: supR3HardenedWinVerifyCacheScheduleImports: Import todo: #0 'vcruntime140.dll'.
8d4.2514: supR3HardenedWinVerifyCacheScheduleImports: Import todo: #1 'vboxrt.dll'.
8d4.2514: supR3HardenedWinVerifyCacheScheduleImports: Import todo: #6 'advapi32.dll'.
8d4.2514: supR3HardenedWinVerifyCacheScheduleImports: Import todo: #7 'shlwapi.dll'.
8d4.2514: supR3HardenedWinVerifyCacheScheduleImports: Import todo: #8 'ole32.dll'.
8d4.2514: supR3HardenedWinVerifyCacheScheduleImports: Import todo: #9 'oleaut32.dll'.
8d4.2514: supR3HardenedWinVerifyCacheScheduleImports: Import todo: #10 'rpcrt4.dll'.
8d4.2514: supHardenedWinVerifyImageByHandle: -> 0 (\Device\HarddiskVolume3\Program Files\Oracle\VirtualBox\VBoxProxyStub.dll) WinVerifyTrust
8d4.2514: supR3HardenedWinVerifyCacheInsert: \Device\HarddiskVolume3\Program Files\Oracle\VirtualBox\VBoxProxyStub.dll
8d4.2514: supR3HardenedWinVerifyCacheProcessImportTodos: Processing 'rpcrt4.dll'...
8d4.2514: supR3HardenedWinVerifyCacheProcessImportTodos: 'rpcrt4.dll' -> '\Device\HarddiskVolume3\Windows\System32\rpcrt4.dll' [rcNtRedir=0xc0150008]
8d4.2514: supR3HardenedWinVerifyCacheProcessImportTodos: Processing 'oleaut32.dll'...
8d4.2514: supR3HardenedWinVerifyCacheProcessImportTodos: 'oleaut32.dll' -> '\Device\HarddiskVolume3\Windows\System32\oleaut32.dll' [rcNtRedir=0xc0150008]
8d4.2514: supR3HardenedScreenImage/Imports: cache hit (VINF_SUCCESS) on \Device\HarddiskVolume3\Windows\System32\oleaut32.dll
8d4.2514: supR3HardenedWinVerifyCacheProcessImportTodos: Processing 'ole32.dll'...
8d4.2514: supR3HardenedWinVerifyCacheProcessImportTodos: 'ole32.dll' -> '\Device\HarddiskVolume3\Windows\System32\ole32.dll' [rcNtRedir=0xc0150008]
8d4.2514: supR3HardenedScreenImage/Imports: cache hit (VINF_SUCCESS) on \Device\HarddiskVolume3\Windows\System32\ole32.dll
8d4.2514: supR3HardenedWinVerifyCacheProcessImportTodos: Processing 'shlwapi.dll'...
8d4.2514: supR3HardenedWinVerifyCacheProcessImportTodos: 'shlwapi.dll' -> '\Device\HarddiskVolume3\Windows\System32\shlwapi.dll' [rcNtRedir=0xc0150008]
8d4.2514: supR3HardenedScreenImage/Imports: cache hit (VINF_SUCCESS) on \Device\HarddiskVolume3\Windows\System32\shlwapi.dll
8d4.2514: supR3HardenedWinVerifyCacheProcessImportTodos: Processing 'advapi32.dll'...
8d4.2514: supR3HardenedWinVerifyCacheProcessImportTodos: 'advapi32.dll' -> '\Device\HarddiskVolume3\Windows\System32\advapi32.dll' [rcNtRedir=0xc0150008]
8d4.2514: supR3HardenedScreenImage/Imports: cache hit (VINF_SUCCESS) on \Device\HarddiskVolume3\Windows\System32\advapi32.dll
8d4.2514: supR3HardenedWinVerifyCacheProcessImportTodos: Processing 'vboxrt.dll'...
8d4.2514: supR3HardenedWinVerifyCacheProcessImportTodos: 'vboxrt.dll' -> '\Device\HarddiskVolume3\Program Files\Oracle\VirtualBox\vboxrt.dll' [rcNtRedir=0xc0150008]
8d4.2514: supR3HardenedWinVerifyCacheProcessImportTodos: Processing 'vcruntime140.dll'...
8d4.2514: supR3HardenedWinVerifyCacheProcessImportTodos: 'vcruntime140.dll' -> '\Device\HarddiskVolume3\Windows\System32\vcruntime140.dll' [rcNtRedir=0xc0150008]
8d4.2514: supR3HardenedMonitor_LdrLoadDll: pName=C:\Program Files\Oracle\VirtualBox\VBoxProxyStub.dll (rcNtResolve=0xc0150008) *pfFlags=0x0 pwszSearchPath=0000000000002009:<flags> [calling]
8d4.2514: supR3HardenedScreenImage/NtCreateSection: cache hit (VINF_SUCCESS) on \Device\HarddiskVolume3\Program Files\Oracle\VirtualBox\VBoxProxyStub.dll
8d4.2514: supR3HardenedDllNotificationCallback: load   00007ffc63450000 LB 0x000e5000 C:\Program Files\Oracle\VirtualBox\VBoxProxyStub.dll [fFlags=0x0]
8d4.2514: supR3HardenedScreenImage/LdrLoadDll: cache hit (VINF_SUCCESS) on \Device\HarddiskVolume3\Program Files\Oracle\VirtualBox\VBoxProxyStub.dll
8d4.2514: supR3HardenedMonitor_LdrLoadDll: returns rcNt=0x0 hMod=00007ffc63450000 'C:\Program Files\Oracle\VirtualBox\VBoxProxyStub.dll'
8d4.2514: supR3HardenedScreenImage/LdrLoadDll: cache hit (VINF_SUCCESS) on \Device\HarddiskVolume3\Windows\System32\oleaut32.dll
8d4.2514: supR3HardenedMonitor_LdrLoadDll: pName=C:\Windows\System32\oleaut32.dll (rcNtResolve=0xc0150008) *pfFlags=0x0 pwszSearchPath=0000000000002009:<flags> [calling]
8d4.2514: supR3HardenedMonitor_LdrLoadDll: returns rcNt=0x0 hMod=00007ffcceaa0000 'C:\Windows\System32\oleaut32.dll'
8d4.5490: supR3HardenedMonitor_LdrLoadDll: returns rcNt=0x0 hMod=00007ffcccc40000 'C:\Windows\system32\rsaenh.dll'
8d4.5490: supR3HardenedMonitor_LdrLoadDll: returns rcNt=0x0 hMod=00007ffcce4c0000 'C:\Windows\System32\crypt32.dll'
8d4.5490: supR3HardenedWinVerifyCacheScheduleImports: Import todo: #0 'vcruntime140.dll'.
8d4.5490: supR3HardenedWinVerifyCacheScheduleImports: Import todo: #1 'vcruntime140_1.dll'.
8d4.5490: supR3HardenedWinVerifyCacheScheduleImports: Import todo: #2 'vboxrt.dll'.
8d4.5490: supHardenedWinVerifyImageByHandle: -> 0 (\Device\HarddiskVolume3\Program Files\Oracle\VirtualBox\VBoxVMM.dll) WinVerifyTrust
8d4.5490: supR3HardenedWinVerifyCacheInsert: \Device\HarddiskVolume3\Program Files\Oracle\VirtualBox\VBoxVMM.dll
8d4.5490: supR3HardenedWinVerifyCacheProcessImportTodos: Processing 'vboxrt.dll'...
8d4.5490: supR3HardenedWinVerifyCacheProcessImportTodos: 'vboxrt.dll' -> '\Device\HarddiskVolume3\Program Files\Oracle\VirtualBox\vboxrt.dll' [rcNtRedir=0xc0150008]
8d4.5490: supR3HardenedWinVerifyCacheProcessImportTodos: Processing 'vcruntime140_1.dll'...
8d4.5490: supR3HardenedWinVerifyCacheProcessImportTodos: 'vcruntime140_1.dll' -> '\Device\HarddiskVolume3\Windows\System32\vcruntime140_1.dll' [rcNtRedir=0xc0150008]
8d4.5490: supR3HardenedWinVerifyCacheProcessImportTodos: Processing 'vcruntime140.dll'...
8d4.5490: supR3HardenedWinVerifyCacheProcessImportTodos: 'vcruntime140.dll' -> '\Device\HarddiskVolume3\Windows\System32\vcruntime140.dll' [rcNtRedir=0xc0150008]
8d4.5490: supR3HardenedMonitor_LdrLoadDll: pName=C:\Program Files\Oracle\VirtualBox\VBoxVMM.DLL (rcNtResolve=0xc0150008) *pfFlags=0x0 pwszSearchPath=0000000000000001:<flags> [calling]
8d4.5490: supR3HardenedScreenImage/NtCreateSection: cache hit (VINF_SUCCESS) on \Device\HarddiskVolume3\Program Files\Oracle\VirtualBox\VBoxVMM.dll
8d4.5490: supR3HardenedDllNotificationCallback: load   00007ffc55920000 LB 0x0057c000 C:\Program Files\Oracle\VirtualBox\VBoxVMM.DLL [fFlags=0x0]
8d4.5490: supR3HardenedScreenImage/LdrLoadDll: cache hit (VINF_SUCCESS) on \Device\HarddiskVolume3\Program Files\Oracle\VirtualBox\VBoxVMM.dll
8d4.5490: supR3HardenedMonitor_LdrLoadDll: returns rcNt=0x0 hMod=00007ffc55920000 'C:\Program Files\Oracle\VirtualBox\VBoxVMM.DLL'
8d4.576c: supR3HardNtViCallWinVerifyTrustCatFile: hFile=0000000000000bac pwszName=\Device\HarddiskVolume3\Windows\System32\d3d9on12.dll
8d4.576c: supR3HardNtViCallWinVerifyTrustCatFile: Cached context 000002075330f980
8d4.576c: supR3HardNtViCallWinVerifyTrustCatFile: hCatAdmin=000002075330f980
8d4.576c: supR3HardNtViCallWinVerifyTrustCatFile: cbHash=20 wszDigest=DFF153CC3DA61AF5DB7E58C8CF1E22C195E7D3CE
8d4.576c: supR3HardenedMonitor_LdrLoadDll: returns rcNt=0x0 hMod=00007ffcccc40000 'C:\Windows\system32\rsaenh.dll'
8d4.576c: supR3HardenedMonitor_LdrLoadDll: returns rcNt=0x0 hMod=00007ffcce4c0000 'C:\Windows\System32\crypt32.dll'
8d4.576c: supR3HardNtViCallWinVerifyTrustCatFile: WinVerifyTrust => 0x0; cat='C:\Windows\system32\CatRoot\{F750E6C3-38EE-11D1-85E5-00C04FC295EE}\Microsoft-Windows-Client-Desktop-Required-Package051021~31bf3856ad364e35~amd64~~10.0.22621.2428.cat'; file='\Device\HarddiskVolume3\Windows\System32\d3d9on12.dll'
8d4.576c: supR3HardNtViCallWinVerifyTrustCatFile -> 0 (org 22900)
8d4.576c: supR3HardenedWinVerifyCacheScheduleImports: Import todo: #0 'msvcp_win.dll'.
8d4.576c: supR3HardenedWinVerifyCacheScheduleImports: Import todo: #8 'dxgi.dll'.
8d4.576c: supR3HardenedWinVerifyCacheScheduleImports: Import todo: #9 'd3d12.dll'.
8d4.576c: supHardenedWinVerifyImageByHandle: -> 0 (\Device\HarddiskVolume3\Windows\System32\d3d9on12.dll) WinVerifyTrust
8d4.576c: supR3HardenedWinVerifyCacheInsert: \Device\HarddiskVolume3\Windows\System32\d3d9on12.dll
8d4.576c: supR3HardenedWinVerifyCacheProcessImportTodos: Processing 'd3d12.dll'...
8d4.576c: supR3HardenedWinVerifyCacheProcessImportTodos: 'd3d12.dll' -> '\Device\HarddiskVolume3\Windows\System32\d3d12.dll' [rcNtRedir=0xc0150008]
8d4.576c: supR3HardenedMonitor_LdrLoadDll: returns rcNt=0x0 hMod=00007ffcccc40000 'C:\Windows\system32\rsaenh.dll'
8d4.576c: supR3HardenedMonitor_LdrLoadDll: returns rcNt=0x0 hMod=00007ffcce4c0000 'C:\Windows\System32\crypt32.dll'
8d4.576c: supR3HardenedWinVerifyCacheScheduleImports: Import todo: #0 'msvcp_win.dll'.
8d4.576c: supHardenedWinVerifyImageByHandle: -> 0 (\Device\HarddiskVolume3\Windows\System32\D3D12.dll) WinVerifyTrust
8d4.576c: supR3HardenedWinVerifyCacheInsert: \Device\HarddiskVolume3\Windows\System32\D3D12.dll
8d4.576c: supR3HardenedWinVerifyCacheProcessImportTodos: Processing 'dxgi.dll'...
8d4.576c: supR3HardenedWinVerifyCacheProcessImportTodos: 'dxgi.dll' -> '\Device\HarddiskVolume3\Windows\System32\dxgi.dll' [rcNtRedir=0xc0150008]
8d4.576c: supR3HardenedScreenImage/Imports: cache hit (VINF_SUCCESS) on \Device\HarddiskVolume3\Windows\System32\dxgi.dll
8d4.576c: supR3HardenedWinVerifyCacheProcessImportTodos: Processing 'msvcp_win.dll'...
8d4.576c: supR3HardenedWinVerifyCacheProcessImportTodos: 'msvcp_win.dll' -> '\Device\HarddiskVolume3\Windows\System32\msvcp_win.dll' [rcNtRedir=0xc0150008]
8d4.576c: supR3HardenedWinVerifyCacheProcessImportTodos: Processing 'msvcp_win.dll'...
8d4.576c: supR3HardenedWinVerifyCacheProcessImportTodos: 'msvcp_win.dll' -> '\Device\HarddiskVolume3\Windows\System32\msvcp_win.dll' [rcNtRedir=0xc0150008]
8d4.576c: supR3HardenedMonitor_LdrLoadDll: pName=C:\Windows\System32\d3d9on12.dll (Input=d3d9on12.dll, rcNtResolve=0xc0150008) *pfFlags=0x0 pwszSearchPath=0000000000000009:<flags> [calling]
8d4.576c: supR3HardenedScreenImage/NtCreateSection: cache hit (VINF_SUCCESS) on \Device\HarddiskVolume3\Windows\System32\d3d9on12.dll
8d4.576c: supR3HardenedScreenImage/NtCreateSection: cache hit (VINF_SUCCESS) on \Device\HarddiskVolume3\Windows\System32\D3D12.dll
8d4.576c: supR3HardenedDllNotificationCallback: load   00007ffc9a760000 LB 0x00029000 C:\Windows\System32\d3d12.dll [fFlags=0x0]
8d4.576c: supR3HardenedScreenImage/LdrLoadDll: cache hit (VINF_SUCCESS) on \Device\HarddiskVolume3\Windows\System32\D3D12.dll
8d4.576c: supR3HardenedDllNotificationCallback: load   00007ffc800a0000 LB 0x000b0000 C:\Windows\System32\d3d9on12.dll [fFlags=0x0]
8d4.576c: supR3HardenedScreenImage/LdrLoadDll: cache hit (VINF_SUCCESS) on \Device\HarddiskVolume3\Windows\System32\d3d9on12.dll
8d4.576c: supR3HardenedMonitor_LdrLoadDll: returns rcNt=0x0 hMod=00007ffc800a0000 'C:\Windows\System32\d3d9on12.dll'
8d4.576c: supR3HardenedIsApiSetDll: ApiSetQueryApiSetPresence(ext-ms-win-dxcore-l1-1-0.dll) -> 0x0, fPresent=1
8d4.576c: supR3HardenedMonitor_LdrLoadDll: pName=ext-ms-win-dxcore-l1-1-0.dll (rcNtResolve=0x0) *pfFlags=0x0 pwszSearchPath=0000000000000001:<flags> [calling]
8d4.576c: supR3HardenedMonitor_LdrLoadDll: returns rcNt=0x0 hMod=00007ffccaed0000 'ext-ms-win-dxcore-l1-1-0.dll'
8d4.576c: supR3HardenedMonitor_LdrLoadDll: returns rcNt=0x0 hMod=00007ffcccc40000 'C:\Windows\system32\rsaenh.dll'
8d4.576c: supR3HardenedMonitor_LdrLoadDll: returns rcNt=0x0 hMod=00007ffcce4c0000 'C:\Windows\System32\crypt32.dll'
8d4.576c: supR3HardenedWinVerifyCacheScheduleImports: Import todo: #0 'msvcp_win.dll'.
8d4.576c: supHardenedWinVerifyImageByHandle: -> 0 (\Device\HarddiskVolume3\Windows\System32\D3D12Core.dll) WinVerifyTrust
8d4.576c: supR3HardenedWinVerifyCacheInsert: \Device\HarddiskVolume3\Windows\System32\D3D12Core.dll
8d4.576c: supR3HardenedWinVerifyCacheProcessImportTodos: Processing 'msvcp_win.dll'...
8d4.576c: supR3HardenedWinVerifyCacheProcessImportTodos: 'msvcp_win.dll' -> '\Device\HarddiskVolume3\Windows\System32\msvcp_win.dll' [rcNtRedir=0xc0150008]
8d4.576c: supR3HardenedMonitor_LdrLoadDll: pName=C:\Windows\System32\D3D12Core.dll (rcNtResolve=0xc0150008) *pfFlags=0x0 pwszSearchPath=0000000000000001:<flags> [calling]
8d4.576c: supR3HardenedScreenImage/NtCreateSection: cache hit (VINF_SUCCESS) on \Device\HarddiskVolume3\Windows\System32\D3D12Core.dll
8d4.576c: supR3HardenedDllNotificationCallback: load   00007ffc7ede0000 LB 0x00203000 C:\Windows\System32\D3D12Core.dll [fFlags=0x0]
8d4.576c: supR3HardenedScreenImage/LdrLoadDll: cache hit (VINF_SUCCESS) on \Device\HarddiskVolume3\Windows\System32\D3D12Core.dll
8d4.576c: supR3HardenedIsApiSetDll: ApiSetQueryApiSetPresence(api-ms-win-appmodel-unlock-l1-1-0.dll) -> 0x0, fPresent=1
8d4.576c: supR3HardenedMonitor_LdrLoadDll: pName=api-ms-win-appmodel-unlock-l1-1-0.dll (rcNtResolve=0x0) *pfFlags=0x0 pwszSearchPath=0000000000000801:<flags> [calling]
8d4.576c: supR3HardenedMonitor_LdrLoadDll: returns rcNt=0x0 hMod=00007ffcccc80000 'api-ms-win-appmodel-unlock-l1-1-0.dll'
8d4.576c: supR3HardenedMonitor_LdrLoadDll: returns rcNt=0x0 hMod=00007ffc7ede0000 'C:\Windows\System32\D3D12Core.dll'
8d4.576c: supR3HardenedMonitor_LdrLoadDll: returns rcNt=0x0 hMod=00007ffcccc40000 'C:\Windows\system32\rsaenh.dll'
8d4.576c: supR3HardenedMonitor_LdrLoadDll: returns rcNt=0x0 hMod=00007ffcce4c0000 'C:\Windows\System32\crypt32.dll'
8d4.576c: supHardenedWinVerifyImageByHandle: -> 0 (\Device\HarddiskVolume3\Windows\System32\DriverStore\FileRepository\iigd_dch.inf_amd64_2779bcd68539f204\igd12umd64.dll) WinVerifyTrust
8d4.576c: supR3HardenedWinVerifyCacheInsert: \Device\HarddiskVolume3\Windows\System32\DriverStore\FileRepository\iigd_dch.inf_amd64_2779bcd68539f204\igd12umd64.dll
8d4.576c: supR3HardenedMonitor_LdrLoadDll: pName=C:\Windows\System32\DriverStore\FileRepository\iigd_dch.inf_amd64_2779bcd68539f204\igd12umd64.dll (rcNtResolve=0xc0150008) *pfFlags=0x0 pwszSearchPath=0000000000000009:<flags> [calling]
8d4.576c: supR3HardenedScreenImage/NtCreateSection: cache hit (VINF_SUCCESS) on \Device\HarddiskVolume3\Windows\System32\DriverStore\FileRepository\iigd_dch.inf_amd64_2779bcd68539f204\igd12umd64.dll
8d4.576c: supR3HardenedDllNotificationCallback: load   00007ffc7fcf0000 LB 0x00107000 C:\Windows\System32\DriverStore\FileRepository\iigd_dch.inf_amd64_2779bcd68539f204\igd12umd64.dll [fFlags=0x0]
8d4.576c: supR3HardenedScreenImage/LdrLoadDll: cache hit (VINF_SUCCESS) on \Device\HarddiskVolume3\Windows\System32\DriverStore\FileRepository\iigd_dch.inf_amd64_2779bcd68539f204\igd12umd64.dll
8d4.576c: supR3HardenedIsApiSetDll: ApiSetQueryApiSetPresence(api-ms-win-core-synch-l1-2-0) -> 0x0, fPresent=1
8d4.576c: supR3HardenedMonitor_LdrLoadDll: pName=api-ms-win-core-synch-l1-2-0 (rcNtResolve=0x0) *pfFlags=0x0 pwszSearchPath=0000000000000801:<flags> [calling]
8d4.576c: supR3HardenedMonitor_LdrLoadDll: returns rcNt=0x0 hMod=00007ffccdde0000 'api-ms-win-core-synch-l1-2-0'
8d4.576c: supR3HardenedScreenImage/LdrLoadDll: cache hit (VINF_SUCCESS) on \Device\HarddiskVolume3\Windows\System32\kernel32.dll
8d4.576c: supR3HardenedMonitor_LdrLoadDll: pName=C:\Windows\System32\kernel32.dll (Input=kernel32, rcNtResolve=0xc0150008) *pfFlags=0x0 pwszSearchPath=0000000000000801:<flags> [calling]
8d4.576c: supR3HardenedMonitor_LdrLoadDll: returns rcNt=0x0 hMod=00007ffccf4a0000 'C:\Windows\System32\kernel32.dll'
8d4.576c: supR3HardenedMonitor_LdrLoadDll: returns rcNt=0x0 hMod=00007ffc7fcf0000 'C:\Windows\System32\DriverStore\FileRepository\iigd_dch.inf_amd64_2779bcd68539f204\igd12umd64.dll'
8d4.576c: supR3HardenedMonitor_LdrLoadDll: returns rcNt=0x0 hMod=00007ffcccc40000 'C:\Windows\system32\rsaenh.dll'
8d4.576c: supR3HardenedMonitor_LdrLoadDll: returns rcNt=0x0 hMod=00007ffcce4c0000 'C:\Windows\System32\crypt32.dll'
8d4.576c: supR3HardenedWinVerifyCacheScheduleImports: Import todo: #1 'user32.dll'.
8d4.576c: supR3HardenedWinVerifyCacheScheduleImports: Import todo: #2 'advapi32.dll'.
8d4.576c: supR3HardenedWinVerifyCacheScheduleImports: Import todo: #3 'shell32.dll'.
8d4.576c: supR3HardenedWinVerifyCacheScheduleImports: Import todo: #4 'bcrypt.dll'.
8d4.576c: supR3HardenedWinVerifyCacheScheduleImports: Import todo: #5 'crypt32.dll'.
8d4.576c: supR3HardenedWinVerifyCacheScheduleImports: Import todo: #6 'shlwapi.dll'.
8d4.576c: supR3HardenedWinVerifyCacheScheduleImports: Import todo: #7 'ole32.dll'.
8d4.576c: supHardenedWinVerifyImageByHandle: -> 0 (\Device\HarddiskVolume3\Windows\System32\DriverStore\FileRepository\iigd_dch.inf_amd64_2779bcd68539f204\igd12um64xel.dll) WinVerifyTrust
8d4.576c: supR3HardenedWinVerifyCacheInsert: \Device\HarddiskVolume3\Windows\System32\DriverStore\FileRepository\iigd_dch.inf_amd64_2779bcd68539f204\igd12um64xel.dll
8d4.576c: supR3HardenedWinVerifyCacheProcessImportTodos: Processing 'ole32.dll'...
8d4.576c: supR3HardenedWinVerifyCacheProcessImportTodos: 'ole32.dll' -> '\Device\HarddiskVolume3\Windows\System32\ole32.dll' [rcNtRedir=0xc0150008]
8d4.576c: supR3HardenedWinVerifyCacheProcessImportTodos: Processing 'shlwapi.dll'...
8d4.576c: supR3HardenedWinVerifyCacheProcessImportTodos: 'shlwapi.dll' -> '\Device\HarddiskVolume3\Windows\System32\shlwapi.dll' [rcNtRedir=0xc0150008]
8d4.576c: supR3HardenedScreenImage/Imports: cache hit (VINF_SUCCESS) on \Device\HarddiskVolume3\Windows\System32\shlwapi.dll
8d4.576c: supR3HardenedWinVerifyCacheProcessImportTodos: Processing 'crypt32.dll'...
8d4.576c: supR3HardenedWinVerifyCacheProcessImportTodos: 'crypt32.dll' -> '\Device\HarddiskVolume3\Windows\System32\crypt32.dll' [rcNtRedir=0xc0150008]
8d4.576c: supR3HardenedWinVerifyCacheProcessImportTodos: Processing 'bcrypt.dll'...
8d4.576c: supR3HardenedWinVerifyCacheProcessImportTodos: 'bcrypt.dll' -> '\Device\HarddiskVolume3\Windows\System32\bcrypt.dll' [rcNtRedir=0xc0150008]
8d4.576c: supR3HardenedScreenImage/Imports: cache hit (VINF_SUCCESS) on \Device\HarddiskVolume3\Windows\System32\bcrypt.dll
8d4.576c: supR3HardenedWinVerifyCacheProcessImportTodos: Processing 'shell32.dll'...
8d4.576c: supR3HardenedWinVerifyCacheProcessImportTodos: 'shell32.dll' -> '\Device\HarddiskVolume3\Windows\System32\shell32.dll' [rcNtRedir=0xc0150008]
8d4.576c: supR3HardenedScreenImage/Imports: cache hit (VINF_SUCCESS) on \Device\HarddiskVolume3\Windows\System32\shell32.dll
8d4.576c: supR3HardenedWinVerifyCacheProcessImportTodos: Processing 'advapi32.dll'...
8d4.576c: supR3HardenedWinVerifyCacheProcessImportTodos: 'advapi32.dll' -> '\Device\HarddiskVolume3\Windows\System32\advapi32.dll' [rcNtRedir=0xc0150008]
8d4.576c: supR3HardenedWinVerifyCacheProcessImportTodos: Processing 'user32.dll'...
8d4.576c: supR3HardenedWinVerifyCacheProcessImportTodos: 'user32.dll' -> '\Device\HarddiskVolume3\Windows\System32\user32.dll' [rcNtRedir=0xc0150008]
8d4.576c: supR3HardenedMonitor_LdrLoadDll: pName=C:\Windows\System32\DriverStore\FileRepository\iigd_dch.inf_amd64_2779bcd68539f204\igd12um64xel.dll (rcNtResolve=0xc0150008) *pfFlags=0x0 pwszSearchPath=0000000000000001:<flags> [calling]
8d4.576c: supR3HardenedScreenImage/NtCreateSection: cache hit (VINF_SUCCESS) on \Device\HarddiskVolume3\Windows\System32\DriverStore\FileRepository\iigd_dch.inf_amd64_2779bcd68539f204\igd12um64xel.dll
8d4.576c: supR3HardenedDllNotificationCallback: load   00007ffc7a2f0000 LB 0x00f05000 C:\Windows\System32\DriverStore\FileRepository\iigd_dch.inf_amd64_2779bcd68539f204\igd12um64xel.dll [fFlags=0x0]
8d4.576c: supR3HardenedScreenImage/LdrLoadDll: cache hit (VINF_SUCCESS) on \Device\HarddiskVolume3\Windows\System32\DriverStore\FileRepository\iigd_dch.inf_amd64_2779bcd68539f204\igd12um64xel.dll
8d4.576c: supR3HardenedIsApiSetDll: ApiSetQueryApiSetPresence(api-ms-win-core-synch-l1-2-0) -> 0x0, fPresent=1
8d4.576c: supR3HardenedMonitor_LdrLoadDll: pName=api-ms-win-core-synch-l1-2-0 (rcNtResolve=0x0) *pfFlags=0x0 pwszSearchPath=0000000000000801:<flags> [calling]
8d4.576c: supR3HardenedMonitor_LdrLoadDll: returns rcNt=0x0 hMod=00007ffccdde0000 'api-ms-win-core-synch-l1-2-0'
8d4.576c: supR3HardenedScreenImage/LdrLoadDll: cache hit (VINF_SUCCESS) on \Device\HarddiskVolume3\Windows\System32\kernel32.dll
8d4.576c: supR3HardenedMonitor_LdrLoadDll: pName=C:\Windows\System32\kernel32.dll (Input=kernel32, rcNtResolve=0xc0150008) *pfFlags=0x0 pwszSearchPath=0000000000000801:<flags> [calling]
8d4.576c: supR3HardenedMonitor_LdrLoadDll: returns rcNt=0x0 hMod=00007ffccf4a0000 'C:\Windows\System32\kernel32.dll'
8d4.576c: supR3HardenedIsApiSetDll: ApiSetQueryApiSetPresence(api-ms-win-core-string-l1-1-0) -> 0x0, fPresent=1
8d4.576c: supR3HardenedMonitor_LdrLoadDll: pName=api-ms-win-core-string-l1-1-0 (rcNtResolve=0x0) *pfFlags=0x0 pwszSearchPath=0000000000000801:<flags> [calling]
8d4.576c: supR3HardenedMonitor_LdrLoadDll: returns rcNt=0x0 hMod=00007ffccdde0000 'api-ms-win-core-string-l1-1-0'
8d4.576c: supR3HardenedIsApiSetDll: ApiSetQueryApiSetPresence(api-ms-win-core-localization-l1-2-1) -> 0x0, fPresent=1
8d4.576c: supR3HardenedMonitor_LdrLoadDll: pName=api-ms-win-core-localization-l1-2-1 (rcNtResolve=0x0) *pfFlags=0x0 pwszSearchPath=0000000000000801:<flags> [calling]
8d4.576c: supR3HardenedMonitor_LdrLoadDll: returns rcNt=0x0 hMod=00007ffccdde0000 'api-ms-win-core-localization-l1-2-1'
8d4.576c: supR3HardenedIsApiSetDll: ApiSetQueryApiSetPresence(api-ms-win-core-datetime-l1-1-1) -> 0x0, fPresent=1
8d4.576c: supR3HardenedMonitor_LdrLoadDll: pName=api-ms-win-core-datetime-l1-1-1 (rcNtResolve=0x0) *pfFlags=0x0 pwszSearchPath=0000000000000801:<flags> [calling]
8d4.576c: supR3HardenedMonitor_LdrLoadDll: returns rcNt=0x0 hMod=00007ffccdde0000 'api-ms-win-core-datetime-l1-1-1'
8d4.576c: supR3HardenedIsApiSetDll: ApiSetQueryApiSetPresence(api-ms-win-core-localization-obsolete-l1-2-0) -> 0x0, fPresent=1
8d4.576c: supR3HardenedMonitor_LdrLoadDll: pName=api-ms-win-core-localization-obsolete-l1-2-0 (rcNtResolve=0x0) *pfFlags=0x0 pwszSearchPath=0000000000000801:<flags> [calling]
8d4.576c: supR3HardenedMonitor_LdrLoadDll: returns rcNt=0x0 hMod=00007ffccdde0000 'api-ms-win-core-localization-obsolete-l1-2-0'
8d4.576c: supR3HardenedMonitor_LdrLoadDll: returns rcNt=0x0 hMod=00007ffc7a2f0000 'C:\Windows\System32\DriverStore\FileRepository\iigd_dch.inf_amd64_2779bcd68539f204\igd12um64xel.dll'
8d4.576c: supR3HardenedScreenImage/LdrLoadDll: cache hit (VINF_SUCCESS) on \Device\HarddiskVolume3\Windows\System32\version.dll
8d4.576c: supR3HardenedMonitor_LdrLoadDll: pName=C:\Windows\System32\version.dll (Input=version.dll, rcNtResolve=0xc0150008) *pfFlags=0x0 pwszSearchPath=0000000000000001:<flags> [calling]
8d4.576c: supR3HardenedMonitor_LdrLoadDll: returns rcNt=0x0 hMod=00007ffcb2a00000 'C:\Windows\System32\version.dll'
8d4.576c: supR3HardenedMonitor_LdrLoadDll: returns rcNt=0x0 hMod=00007ffcccc40000 'C:\Windows\system32\rsaenh.dll'
8d4.576c: supR3HardenedMonitor_LdrLoadDll: returns rcNt=0x0 hMod=00007ffcce4c0000 'C:\Windows\System32\crypt32.dll'
8d4.576c: supR3HardenedWinVerifyCacheScheduleImports: Import todo: #0 'setupapi.dll'.
8d4.576c: supR3HardenedWinVerifyCacheScheduleImports: Import todo: #2 'advapi32.dll'.
8d4.576c: supR3HardenedWinVerifyCacheScheduleImports: Import todo: #3 'user32.dll'.
8d4.576c: supHardenedWinVerifyImageByHandle: -> 0 (\Device\HarddiskVolume3\Windows\System32\ControlLib.dll) WinVerifyTrust
8d4.576c: supR3HardenedWinVerifyCacheInsert: \Device\HarddiskVolume3\Windows\System32\ControlLib.dll
8d4.576c: supR3HardenedWinVerifyCacheProcessImportTodos: Processing 'user32.dll'...
8d4.576c: supR3HardenedWinVerifyCacheProcessImportTodos: 'user32.dll' -> '\Device\HarddiskVolume3\Windows\System32\user32.dll' [rcNtRedir=0xc0150008]
8d4.576c: supR3HardenedWinVerifyCacheProcessImportTodos: Processing 'advapi32.dll'...
8d4.576c: supR3HardenedWinVerifyCacheProcessImportTodos: 'advapi32.dll' -> '\Device\HarddiskVolume3\Windows\System32\advapi32.dll' [rcNtRedir=0xc0150008]
8d4.576c: supR3HardenedWinVerifyCacheProcessImportTodos: Processing 'setupapi.dll'...
8d4.576c: supR3HardenedWinVerifyCacheProcessImportTodos: 'setupapi.dll' -> '\Device\HarddiskVolume3\Windows\System32\setupapi.dll' [rcNtRedir=0xc0150008]
8d4.576c: supR3HardenedScreenImage/Imports: cache hit (VINF_SUCCESS) on \Device\HarddiskVolume3\Windows\System32\setupapi.dll
8d4.576c: supR3HardenedMonitor_LdrLoadDll: pName=C:\Windows\System32\ControlLib.dll (Input=ControlLib.dll, rcNtResolve=0xc0150008) *pfFlags=0x0 pwszSearchPath=0000000000000801:<flags> [calling]
8d4.576c: supR3HardenedScreenImage/NtCreateSection: cache hit (VINF_SUCCESS) on \Device\HarddiskVolume3\Windows\System32\ControlLib.dll
8d4.576c: supR3HardenedDllNotificationCallback: load   00007ffc97850000 LB 0x00044000 C:\Windows\System32\ControlLib.dll [fFlags=0x0]
8d4.576c: supR3HardenedScreenImage/LdrLoadDll: cache hit (VINF_SUCCESS) on \Device\HarddiskVolume3\Windows\System32\ControlLib.dll
8d4.576c: supR3HardenedIsApiSetDll: ApiSetQueryApiSetPresence(api-ms-win-core-synch-l1-2-0) -> 0x0, fPresent=1
8d4.576c: supR3HardenedMonitor_LdrLoadDll: pName=api-ms-win-core-synch-l1-2-0 (rcNtResolve=0x0) *pfFlags=0x0 pwszSearchPath=0000000000000801:<flags> [calling]
8d4.576c: supR3HardenedMonitor_LdrLoadDll: returns rcNt=0x0 hMod=00007ffccdde0000 'api-ms-win-core-synch-l1-2-0'
8d4.576c: supR3HardenedIsApiSetDll: ApiSetQueryApiSetPresence(api-ms-win-core-fibers-l1-1-1) -> 0x0, fPresent=1
8d4.576c: supR3HardenedMonitor_LdrLoadDll: pName=api-ms-win-core-fibers-l1-1-1 (rcNtResolve=0x0) *pfFlags=0x0 pwszSearchPath=0000000000000801:<flags> [calling]
8d4.576c: supR3HardenedMonitor_LdrLoadDll: returns rcNt=0x0 hMod=00007ffccdde0000 'api-ms-win-core-fibers-l1-1-1'
8d4.576c: supR3HardenedIsApiSetDll: ApiSetQueryApiSetPresence(api-ms-win-core-synch-l1-2-0) -> 0x0, fPresent=1
8d4.576c: supR3HardenedMonitor_LdrLoadDll: pName=api-ms-win-core-synch-l1-2-0 (rcNtResolve=0x0) *pfFlags=0x0 pwszSearchPath=0000000000000801:<flags> [calling]
8d4.576c: supR3HardenedMonitor_LdrLoadDll: returns rcNt=0x0 hMod=00007ffccdde0000 'api-ms-win-core-synch-l1-2-0'
8d4.576c: supR3HardenedScreenImage/LdrLoadDll: cache hit (VINF_SUCCESS) on \Device\HarddiskVolume3\Windows\System32\kernel32.dll
8d4.576c: supR3HardenedMonitor_LdrLoadDll: pName=C:\Windows\System32\kernel32.dll (Input=kernel32, rcNtResolve=0xc0150008) *pfFlags=0x0 pwszSearchPath=0000000000000801:<flags> [calling]
8d4.576c: supR3HardenedMonitor_LdrLoadDll: returns rcNt=0x0 hMod=00007ffccf4a0000 'C:\Windows\System32\kernel32.dll'
8d4.576c: supR3HardenedMonitor_LdrLoadDll: returns rcNt=0x0 hMod=00007ffc97850000 'C:\Windows\System32\ControlLib.dll'
8d4.576c: supR3HardenedMonitor_LdrLoadDll: returns rcNt=0x0 hMod=00007ffcccc40000 'C:\Windows\system32\rsaenh.dll'
8d4.576c: supR3HardenedMonitor_LdrLoadDll: returns rcNt=0x0 hMod=00007ffcce4c0000 'C:\Windows\System32\crypt32.dll'
8d4.576c: supR3HardenedWinVerifyCacheScheduleImports: Import todo: #0 'setupapi.dll'.
8d4.576c: supR3HardenedWinVerifyCacheScheduleImports: Import todo: #1 'dxgi.dll'.
8d4.576c: supR3HardenedWinVerifyCacheScheduleImports: Import todo: #2 'shell32.dll'.
8d4.576c: supR3HardenedWinVerifyCacheScheduleImports: Import todo: #4 'advapi32.dll'.
8d4.576c: supR3HardenedWinVerifyCacheScheduleImports: Import todo: #5 'user32.dll'.
8d4.576c: supR3HardenedWinVerifyCacheScheduleImports: Import todo: #7 'gdi32.dll'.
8d4.576c: supHardenedWinVerifyImageByHandle: -> 0 (\Device\HarddiskVolume3\Windows\System32\DriverStore\FileRepository\iigd_dch.inf_amd64_2779bcd68539f204\IntelControlLib.dll) WinVerifyTrust
8d4.576c: supR3HardenedWinVerifyCacheInsert: \Device\HarddiskVolume3\Windows\System32\DriverStore\FileRepository\iigd_dch.inf_amd64_2779bcd68539f204\IntelControlLib.dll
8d4.576c: supR3HardenedWinVerifyCacheProcessImportTodos: Processing 'gdi32.dll'...
8d4.576c: supR3HardenedWinVerifyCacheProcessImportTodos: 'gdi32.dll' -> '\Device\HarddiskVolume3\Windows\System32\gdi32.dll' [rcNtRedir=0xc0150008]
8d4.576c: supR3HardenedWinVerifyCacheProcessImportTodos: Processing 'user32.dll'...
8d4.576c: supR3HardenedWinVerifyCacheProcessImportTodos: 'user32.dll' -> '\Device\HarddiskVolume3\Windows\System32\user32.dll' [rcNtRedir=0xc0150008]
8d4.576c: supR3HardenedWinVerifyCacheProcessImportTodos: Processing 'advapi32.dll'...
8d4.576c: supR3HardenedWinVerifyCacheProcessImportTodos: 'advapi32.dll' -> '\Device\HarddiskVolume3\Windows\System32\advapi32.dll' [rcNtRedir=0xc0150008]
8d4.576c: supR3HardenedWinVerifyCacheProcessImportTodos: Processing 'shell32.dll'...
8d4.576c: supR3HardenedWinVerifyCacheProcessImportTodos: 'shell32.dll' -> '\Device\HarddiskVolume3\Windows\System32\shell32.dll' [rcNtRedir=0xc0150008]
8d4.576c: supR3HardenedScreenImage/Imports: cache hit (VINF_SUCCESS) on \Device\HarddiskVolume3\Windows\System32\shell32.dll
8d4.576c: supR3HardenedWinVerifyCacheProcessImportTodos: Processing 'dxgi.dll'...
8d4.576c: supR3HardenedWinVerifyCacheProcessImportTodos: 'dxgi.dll' -> '\Device\HarddiskVolume3\Windows\System32\dxgi.dll' [rcNtRedir=0xc0150008]
8d4.576c: supR3HardenedScreenImage/Imports: cache hit (VINF_SUCCESS) on \Device\HarddiskVolume3\Windows\System32\dxgi.dll
8d4.576c: supR3HardenedWinVerifyCacheProcessImportTodos: Processing 'setupapi.dll'...
8d4.576c: supR3HardenedWinVerifyCacheProcessImportTodos: 'setupapi.dll' -> '\Device\HarddiskVolume3\Windows\System32\setupapi.dll' [rcNtRedir=0xc0150008]
8d4.576c: supR3HardenedScreenImage/Imports: cache hit (VINF_SUCCESS) on \Device\HarddiskVolume3\Windows\System32\setupapi.dll
8d4.576c: supR3HardenedMonitor_LdrLoadDll: pName=C:\Windows\System32\DriverStore\FileRepository\iigd_dch.inf_amd64_2779bcd68539f204\IntelControlLib.dll (rcNtResolve=0xc0150008) *pfFlags=0x0 pwszSearchPath=0000000000000001:<flags> [calling]
8d4.576c: supR3HardenedScreenImage/NtCreateSection: cache hit (VINF_SUCCESS) on \Device\HarddiskVolume3\Windows\System32\DriverStore\FileRepository\iigd_dch.inf_amd64_2779bcd68539f204\IntelControlLib.dll
8d4.576c: supR3HardenedDllNotificationCallback: load   00007ffcc2cb0000 LB 0x0008b000 C:\Windows\System32\DriverStore\FileRepository\iigd_dch.inf_amd64_2779bcd68539f204\IntelControlLib.dll [fFlags=0x0]
8d4.576c: supR3HardenedScreenImage/LdrLoadDll: cache hit (VINF_SUCCESS) on \Device\HarddiskVolume3\Windows\System32\DriverStore\FileRepository\iigd_dch.inf_amd64_2779bcd68539f204\IntelControlLib.dll
8d4.576c: supR3HardenedIsApiSetDll: ApiSetQueryApiSetPresence(api-ms-win-core-synch-l1-2-0) -> 0x0, fPresent=1
8d4.576c: supR3HardenedMonitor_LdrLoadDll: pName=api-ms-win-core-synch-l1-2-0 (rcNtResolve=0x0) *pfFlags=0x0 pwszSearchPath=0000000000000801:<flags> [calling]
8d4.576c: supR3HardenedMonitor_LdrLoadDll: returns rcNt=0x0 hMod=00007ffccdde0000 'api-ms-win-core-synch-l1-2-0'
8d4.576c: supR3HardenedIsApiSetDll: ApiSetQueryApiSetPresence(api-ms-win-core-fibers-l1-1-1) -> 0x0, fPresent=1
8d4.576c: supR3HardenedMonitor_LdrLoadDll: pName=api-ms-win-core-fibers-l1-1-1 (rcNtResolve=0x0) *pfFlags=0x0 pwszSearchPath=0000000000000801:<flags> [calling]
8d4.576c: supR3HardenedMonitor_LdrLoadDll: returns rcNt=0x0 hMod=00007ffccdde0000 'api-ms-win-core-fibers-l1-1-1'
8d4.576c: supR3HardenedIsApiSetDll: ApiSetQueryApiSetPresence(api-ms-win-core-synch-l1-2-0) -> 0x0, fPresent=1
8d4.576c: supR3HardenedMonitor_LdrLoadDll: pName=api-ms-win-core-synch-l1-2-0 (rcNtResolve=0x0) *pfFlags=0x0 pwszSearchPath=0000000000000801:<flags> [calling]
8d4.576c: supR3HardenedMonitor_LdrLoadDll: returns rcNt=0x0 hMod=00007ffccdde0000 'api-ms-win-core-synch-l1-2-0'
8d4.576c: supR3HardenedScreenImage/LdrLoadDll: cache hit (VINF_SUCCESS) on \Device\HarddiskVolume3\Windows\System32\kernel32.dll
8d4.576c: supR3HardenedMonitor_LdrLoadDll: pName=C:\Windows\System32\kernel32.dll (Input=kernel32, rcNtResolve=0xc0150008) *pfFlags=0x0 pwszSearchPath=0000000000000801:<flags> [calling]
8d4.576c: supR3HardenedMonitor_LdrLoadDll: returns rcNt=0x0 hMod=00007ffccf4a0000 'C:\Windows\System32\kernel32.dll'
8d4.576c: supR3HardenedMonitor_LdrLoadDll: returns rcNt=0x0 hMod=00007ffcc2cb0000 'C:\Windows\System32\DriverStore\FileRepository\iigd_dch.inf_amd64_2779bcd68539f204\IntelControlLib.dll'
8d4.576c: supR3HardenedIsApiSetDll: ApiSetQueryApiSetPresence(api-ms-win-core-registry-l1-1-0.dll) -> 0x0, fPresent=1
8d4.576c: supR3HardenedMonitor_LdrLoadDll: pName=api-ms-win-core-registry-l1-1-0.dll (rcNtResolve=0x0) *pfFlags=0x0 pwszSearchPath=0000000000000001:<flags> [calling]
8d4.576c: supR3HardenedMonitor_LdrLoadDll: returns rcNt=0x0 hMod=00007ffccdde0000 'api-ms-win-core-registry-l1-1-0.dll'
8d4.576c: supR3HardenedScreenImage/LdrLoadDll: cache hit (VINF_SUCCESS) on \Device\HarddiskVolume3\Windows\System32\wintrust.dll
8d4.576c: supR3HardenedMonitor_LdrLoadDll: pName=C:\Windows\System32\WINTRUST.dll (Input=WINTRUST.dll, rcNtResolve=0xc0150008) *pfFlags=0x0 pwszSearchPath=0000000000000001:<flags> [calling]
8d4.576c: supR3HardenedMonitor_LdrLoadDll: returns rcNt=0x0 hMod=00007ffcce630000 'C:\Windows\System32\WINTRUST.dll'
8d4.576c: supR3HardenedIsApiSetDll: ApiSetQueryApiSetPresence(ext-ms-win-core-resourcepolicy-l1-1-0.dll) -> 0x0, fPresent=1
8d4.576c: supR3HardenedMonitor_LdrLoadDll: pName=ext-ms-win-core-resourcepolicy-l1-1-0.dll (rcNtResolve=0x0) *pfFlags=0x0 pwszSearchPath=0000000000000001:<flags> [calling]
8d4.576c: supR3HardenedWinVerifyCacheScheduleImports: Import todo: #0 'msvcrt.dll'.
8d4.576c: supR3HardenedWinVerifyCacheScheduleImports: Import todo: #11 'rpcrt4.dll'.
8d4.576c: supHardenedWinVerifyImageByHandle: -> 0 (\Device\HarddiskVolume3\Windows\System32\ResourcePolicyClient.dll)
8d4.576c: supR3HardenedWinVerifyCacheInsert: \Device\HarddiskVolume3\Windows\System32\ResourcePolicyClient.dll
8d4.576c: supR3HardenedDllNotificationCallback: load   00007ffccb760000 LB 0x00015000 C:\Windows\SYSTEM32\resourcepolicyclient.dll [fFlags=0x0]
8d4.576c: supR3HardenedScreenImage/LdrLoadDll: cache hit (VINF_SUCCESS) on \Device\HarddiskVolume3\Windows\System32\ResourcePolicyClient.dll [avoiding WinVerifyTrust]
8d4.576c: supR3HardenedMonitor_LdrLoadDll: returns rcNt=0x0 hMod=00007ffccb760000 'ext-ms-win-core-resourcepolicy-l1-1-0.dll'
8d4.576c: supR3HardenedWinVerifyCacheProcessImportTodos: Processing 'rpcrt4.dll'...
8d4.576c: supR3HardenedWinVerifyCacheProcessImportTodos: 'rpcrt4.dll' -> '\Device\HarddiskVolume3\Windows\System32\rpcrt4.dll' [rcNtRedir=0xc0150008]
8d4.576c: supR3HardenedWinVerifyCacheProcessImportTodos: Processing 'msvcrt.dll'...
8d4.576c: supR3HardenedWinVerifyCacheProcessImportTodos: 'msvcrt.dll' -> '\Device\HarddiskVolume3\Windows\System32\msvcrt.dll' [rcNtRedir=0xc0150008]
8d4.576c: supR3HardenedScreenImage/Imports: cache hit (VINF_SUCCESS) on \Device\HarddiskVolume3\Windows\System32\msvcrt.dll
8d4.576c: supR3HardenedMonitor_LdrLoadDll: returns rcNt=0x0 hMod=00007ffcccc40000 'C:\Windows\system32\rsaenh.dll'
8d4.576c: supR3HardenedMonitor_LdrLoadDll: returns rcNt=0x0 hMod=00007ffcce4c0000 'C:\Windows\System32\crypt32.dll'
8d4.576c: supR3HardenedWinVerifyCacheProcessWvtTodos: 0 (was 0) fWinVerifyTrust=1 for '\Device\HarddiskVolume3\Windows\System32\ResourcePolicyClient.dll'
8d4.576c: supR3HardenedDllNotificationCallback: Unload 00007ffccb760000 LB 0x00015000 C:\Windows\SYSTEM32\resourcepolicyclient.dll [flags=0x0]
8d4.576c: supR3HardenedWinVerifyCacheScheduleImports: Import todo: #12 'msvcp_win.dll'.
8d4.576c: supHardenedWinVerifyImageByHandle: -> 0 (\Device\HarddiskVolume3\Windows\System32\directxdatabasehelper.dll)
8d4.576c: supR3HardenedWinVerifyCacheInsert: \Device\HarddiskVolume3\Windows\System32\directxdatabasehelper.dll
8d4.576c: supR3HardenedDllNotificationCallback: load   00007ffcc81f0000 LB 0x0004a000 C:\Windows\SYSTEM32\directxdatabasehelper.dll [fFlags=0x0]
8d4.576c: supR3HardenedScreenImage/LdrLoadDll: cache hit (VINF_SUCCESS) on \Device\HarddiskVolume3\Windows\System32\directxdatabasehelper.dll [avoiding WinVerifyTrust]
8d4.576c: supR3HardenedWinVerifyCacheProcessImportTodos: Processing 'msvcp_win.dll'...
8d4.576c: supR3HardenedWinVerifyCacheProcessImportTodos: 'msvcp_win.dll' -> '\Device\HarddiskVolume3\Windows\System32\msvcp_win.dll' [rcNtRedir=0xc0150008]
8d4.576c: supR3HardenedMonitor_LdrLoadDll: returns rcNt=0x0 hMod=00007ffcccc40000 'C:\Windows\system32\rsaenh.dll'
8d4.576c: supR3HardenedMonitor_LdrLoadDll: returns rcNt=0x0 hMod=00007ffcce4c0000 'C:\Windows\System32\crypt32.dll'
8d4.576c: supR3HardenedWinVerifyCacheProcessWvtTodos: 0 (was 0) fWinVerifyTrust=1 for '\Device\HarddiskVolume3\Windows\System32\directxdatabasehelper.dll'
8d4.576c: supR3HardenedMonitor_LdrLoadDll: returns rcNt=0x0 hMod=00007ffcccc40000 'C:\Windows\system32\rsaenh.dll'
8d4.576c: supR3HardenedMonitor_LdrLoadDll: returns rcNt=0x0 hMod=00007ffcce4c0000 'C:\Windows\System32\crypt32.dll'
8d4.576c: '\Device\HarddiskVolume3\Windows\System32\ntdll.dll' has no imports
8d4.576c: supHardenedWinVerifyImageByHandle: -> 0 (\Device\HarddiskVolume3\Windows\System32\ntdll.dll) WinVerifyTrust
8d4.576c: supR3HardenedWinVerifyCacheInsert: \Device\HarddiskVolume3\Windows\System32\ntdll.dll
8d4.576c: supR3HardenedMonitor_LdrLoadDll: pName=C:\Windows\System32\ntdll.dll (Input=ntdll.dll, rcNtResolve=0xc0150008) *pfFlags=0x0 pwszSearchPath=0000000000000801:<flags> [calling]
8d4.576c: supR3HardenedMonitor_LdrLoadDll: returns rcNt=0x0 hMod=00007ffcd0970000 'C:\Windows\System32\ntdll.dll'
8d4.576c: supR3HardenedMonitor_LdrLoadDll: returns rcNt=0x0 hMod=00007ffcce8c0000 'C:\Windows\System32\gdi32.dll'
8d4.576c: supR3HardenedMonitor_LdrLoadDll: returns rcNt=0x0 hMod=00007ffcce8c0000 'C:\Windows\System32\gdi32.dll'
8d4.576c: supR3HardenedMonitor_LdrLoadDll: returns rcNt=0x0 hMod=00007ffcce8c0000 'C:\Windows\System32\gdi32.dll'
8d4.576c: supR3HardenedMonitor_LdrLoadDll: returns rcNt=0x0 hMod=00007ffcce8c0000 'C:\Windows\System32\gdi32.dll'
8d4.576c: supR3HardenedMonitor_LdrLoadDll: returns rcNt=0x0 hMod=00007ffcce8c0000 'C:\Windows\System32\gdi32.dll'
8d4.576c: supR3HardenedMonitor_LdrLoadDll: returns rcNt=0x0 hMod=00007ffcce8c0000 'C:\Windows\System32\gdi32.dll'
8d4.576c: supR3HardenedMonitor_LdrLoadDll: returns rcNt=0x0 hMod=00007ffcce8c0000 'C:\Windows\System32\gdi32.dll'
8d4.576c: supR3HardenedMonitor_LdrLoadDll: returns rcNt=0x0 hMod=00007ffcce8c0000 'C:\Windows\System32\gdi32.dll'
8d4.576c: supR3HardenedMonitor_LdrLoadDll: returns rcNt=0x0 hMod=00007ffcccc40000 'C:\Windows\system32\rsaenh.dll'
8d4.576c: supR3HardenedMonitor_LdrLoadDll: returns rcNt=0x0 hMod=00007ffcce4c0000 'C:\Windows\System32\crypt32.dll'
8d4.576c: supR3HardenedWinVerifyCacheScheduleImports: Import todo: #1 'advapi32.dll'.
8d4.576c: supHardenedWinVerifyImageByHandle: -> 0 (\Device\HarddiskVolume3\Windows\System32\DriverStore\FileRepository\iigd_dch.inf_amd64_2779bcd68539f204\igdgmm64.dll) WinVerifyTrust
8d4.576c: supR3HardenedWinVerifyCacheInsert: \Device\HarddiskVolume3\Windows\System32\DriverStore\FileRepository\iigd_dch.inf_amd64_2779bcd68539f204\igdgmm64.dll
8d4.576c: supR3HardenedWinVerifyCacheProcessImportTodos: Processing 'advapi32.dll'...
8d4.576c: supR3HardenedWinVerifyCacheProcessImportTodos: 'advapi32.dll' -> '\Device\HarddiskVolume3\Windows\System32\advapi32.dll' [rcNtRedir=0xc0150008]
8d4.576c: supR3HardenedMonitor_LdrLoadDll: pName=C:\Windows\System32\DriverStore\FileRepository\iigd_dch.inf_amd64_2779bcd68539f204\igdgmm64.dll (rcNtResolve=0xc0150008) *pfFlags=0x0 pwszSearchPath=0000000000000001:<flags> [calling]
8d4.576c: supR3HardenedScreenImage/NtCreateSection: cache hit (VINF_SUCCESS) on \Device\HarddiskVolume3\Windows\System32\DriverStore\FileRepository\iigd_dch.inf_amd64_2779bcd68539f204\igdgmm64.dll
8d4.576c: supR3HardenedDllNotificationCallback: load   00007ffcc1fe0000 LB 0x00438000 C:\Windows\System32\DriverStore\FileRepository\iigd_dch.inf_amd64_2779bcd68539f204\igdgmm64.dll [fFlags=0x0]
8d4.576c: supR3HardenedScreenImage/LdrLoadDll: cache hit (VINF_SUCCESS) on \Device\HarddiskVolume3\Windows\System32\DriverStore\FileRepository\iigd_dch.inf_amd64_2779bcd68539f204\igdgmm64.dll
8d4.576c: supR3HardenedIsApiSetDll: ApiSetQueryApiSetPresence(api-ms-win-core-synch-l1-2-0) -> 0x0, fPresent=1
8d4.576c: supR3HardenedMonitor_LdrLoadDll: pName=api-ms-win-core-synch-l1-2-0 (rcNtResolve=0x0) *pfFlags=0x0 pwszSearchPath=0000000000000801:<flags> [calling]
8d4.576c: supR3HardenedMonitor_LdrLoadDll: returns rcNt=0x0 hMod=00007ffccdde0000 'api-ms-win-core-synch-l1-2-0'
8d4.576c: supR3HardenedScreenImage/LdrLoadDll: cache hit (VINF_SUCCESS) on \Device\HarddiskVolume3\Windows\System32\kernel32.dll
8d4.576c: supR3HardenedMonitor_LdrLoadDll: pName=C:\Windows\System32\kernel32.dll (Input=kernel32, rcNtResolve=0xc0150008) *pfFlags=0x0 pwszSearchPath=0000000000000801:<flags> [calling]
8d4.576c: supR3HardenedMonitor_LdrLoadDll: returns rcNt=0x0 hMod=00007ffccf4a0000 'C:\Windows\System32\kernel32.dll'
8d4.576c: supR3HardenedMonitor_LdrLoadDll: returns rcNt=0x0 hMod=00007ffcc1fe0000 'C:\Windows\System32\DriverStore\FileRepository\iigd_dch.inf_amd64_2779bcd68539f204\igdgmm64.dll'
8d4.576c: supR3HardenedMonitor_LdrLoadDll: error opening 'C:\Windows\System32\DriverStore\FileRepository\iigd_dch.inf_amd64_2779bcd68539f204\dxgi.dll': 0 (NtPath=\??\C:\Windows\System32\DriverStore\FileRepository\iigd_dch.inf_amd64_2779bcd68539f204\dxgi.dll; Input=C:\Windows\System32\DriverStore\FileRepository\iigd_dch.inf_amd64_2779bcd68539f204\dxgi.dll; rcNtGetDll=0x0
8d4.576c: supR3HardenedMonitor_LdrLoadDll: returns rcNt=0xc0000034 'C:\Windows\System32\DriverStore\FileRepository\iigd_dch.inf_amd64_2779bcd68539f204\dxgi.dll'
8d4.576c: supR3HardenedMonitor_LdrLoadDll: returns rcNt=0x0 hMod=00007ffcccc40000 'C:\Windows\system32\rsaenh.dll'
8d4.576c: supR3HardenedMonitor_LdrLoadDll: returns rcNt=0x0 hMod=00007ffcce4c0000 'C:\Windows\System32\crypt32.dll'
8d4.576c: supR3HardenedWinVerifyCacheScheduleImports: Import todo: #1 'advapi32.dll'.
8d4.576c: supHardenedWinVerifyImageByHandle: -> 0 (\Device\HarddiskVolume3\Windows\System32\DriverStore\FileRepository\iigd_dch.inf_amd64_2779bcd68539f204\igc64.dll) WinVerifyTrust
8d4.576c: supR3HardenedWinVerifyCacheInsert: \Device\HarddiskVolume3\Windows\System32\DriverStore\FileRepository\iigd_dch.inf_amd64_2779bcd68539f204\igc64.dll
8d4.576c: supR3HardenedWinVerifyCacheProcessImportTodos: Processing 'advapi32.dll'...
8d4.576c: supR3HardenedWinVerifyCacheProcessImportTodos: 'advapi32.dll' -> '\Device\HarddiskVolume3\Windows\System32\advapi32.dll' [rcNtRedir=0xc0150008]
8d4.576c: supR3HardenedMonitor_LdrLoadDll: pName=C:\Windows\System32\DriverStore\FileRepository\iigd_dch.inf_amd64_2779bcd68539f204\igc64.dll (rcNtResolve=0xc0150008) *pfFlags=0x0 pwszSearchPath=0000000000000001:<flags> [calling]
8d4.576c: supR3HardenedScreenImage/NtCreateSection: cache hit (VINF_SUCCESS) on \Device\HarddiskVolume3\Windows\System32\DriverStore\FileRepository\iigd_dch.inf_amd64_2779bcd68539f204\igc64.dll
8d4.576c: supR3HardenedDllNotificationCallback: load   00007ffcb9f70000 LB 0x03ead000 C:\Windows\System32\DriverStore\FileRepository\iigd_dch.inf_amd64_2779bcd68539f204\igc64.dll [fFlags=0x0]
8d4.576c: supR3HardenedScreenImage/LdrLoadDll: cache hit (VINF_SUCCESS) on \Device\HarddiskVolume3\Windows\System32\DriverStore\FileRepository\iigd_dch.inf_amd64_2779bcd68539f204\igc64.dll
8d4.576c: supR3HardenedIsApiSetDll: ApiSetQueryApiSetPresence(api-ms-win-core-synch-l1-2-0) -> 0x0, fPresent=1
8d4.576c: supR3HardenedMonitor_LdrLoadDll: pName=api-ms-win-core-synch-l1-2-0 (rcNtResolve=0x0) *pfFlags=0x0 pwszSearchPath=0000000000000801:<flags> [calling]
8d4.576c: supR3HardenedMonitor_LdrLoadDll: returns rcNt=0x0 hMod=00007ffccdde0000 'api-ms-win-core-synch-l1-2-0'
8d4.576c: supR3HardenedMonitor_LdrLoadDll: returns rcNt=0x0 hMod=00007ffccf4a0000 'C:\Windows\System32\kernel32.dll'
8d4.576c: supR3HardenedIsApiSetDll: ApiSetQueryApiSetPresence(api-ms-win-core-string-l1-1-0) -> 0x0, fPresent=1
8d4.576c: supR3HardenedMonitor_LdrLoadDll: pName=api-ms-win-core-string-l1-1-0 (rcNtResolve=0x0) *pfFlags=0x0 pwszSearchPath=0000000000000801:<flags> [calling]
8d4.576c: supR3HardenedMonitor_LdrLoadDll: returns rcNt=0x0 hMod=00007ffccdde0000 'api-ms-win-core-string-l1-1-0'
8d4.576c: supR3HardenedIsApiSetDll: ApiSetQueryApiSetPresence(api-ms-win-core-localization-l1-2-1) -> 0x0, fPresent=1
8d4.576c: supR3HardenedMonitor_LdrLoadDll: pName=api-ms-win-core-localization-l1-2-1 (rcNtResolve=0x0) *pfFlags=0x0 pwszSearchPath=0000000000000801:<flags> [calling]
8d4.576c: supR3HardenedMonitor_LdrLoadDll: returns rcNt=0x0 hMod=00007ffccdde0000 'api-ms-win-core-localization-l1-2-1'
8d4.576c: supR3HardenedIsApiSetDll: ApiSetQueryApiSetPresence(api-ms-win-core-datetime-l1-1-1) -> 0x0, fPresent=1
8d4.576c: supR3HardenedMonitor_LdrLoadDll: pName=api-ms-win-core-datetime-l1-1-1 (rcNtResolve=0x0) *pfFlags=0x0 pwszSearchPath=0000000000000801:<flags> [calling]
8d4.576c: supR3HardenedMonitor_LdrLoadDll: returns rcNt=0x0 hMod=00007ffccdde0000 'api-ms-win-core-datetime-l1-1-1'
8d4.576c: supR3HardenedIsApiSetDll: ApiSetQueryApiSetPresence(api-ms-win-core-localization-obsolete-l1-2-0) -> 0x0, fPresent=1
8d4.576c: supR3HardenedMonitor_LdrLoadDll: pName=api-ms-win-core-localization-obsolete-l1-2-0 (rcNtResolve=0x0) *pfFlags=0x0 pwszSearchPath=0000000000000801:<flags> [calling]
8d4.576c: supR3HardenedMonitor_LdrLoadDll: returns rcNt=0x0 hMod=00007ffccdde0000 'api-ms-win-core-localization-obsolete-l1-2-0'
8d4.576c: supR3HardenedMonitor_LdrLoadDll: returns rcNt=0x0 hMod=00007ffcb9f70000 'C:\Windows\System32\DriverStore\FileRepository\iigd_dch.inf_amd64_2779bcd68539f204\igc64.dll'
8d4.576c: supR3HardenedMonitor_LdrLoadDll: returns rcNt=0x0 hMod=00007ffcccc40000 'C:\Windows\system32\rsaenh.dll'
8d4.576c: supR3HardenedMonitor_LdrLoadDll: returns rcNt=0x0 hMod=00007ffcce4c0000 'C:\Windows\System32\crypt32.dll'
8d4.576c: supR3HardenedWinVerifyCacheScheduleImports: Import todo: #0 'msvcp_win.dll'.
8d4.576c: supR3HardenedWinVerifyCacheScheduleImports: Import todo: #23 'userenv.dll'.
8d4.576c: supHardenedWinVerifyImageByHandle: -> 0 (\Device\HarddiskVolume3\Windows\System32\D3DSCache.dll) WinVerifyTrust
8d4.576c: supR3HardenedWinVerifyCacheInsert: \Device\HarddiskVolume3\Windows\System32\D3DSCache.dll
8d4.576c: supR3HardenedWinVerifyCacheProcessImportTodos: Processing 'userenv.dll'...
8d4.576c: supR3HardenedWinVerifyCacheProcessImportTodos: 'userenv.dll' -> '\Device\HarddiskVolume3\Windows\System32\userenv.dll' [rcNtRedir=0xc0150008]
8d4.576c: supR3HardenedScreenImage/Imports: cache hit (VINF_SUCCESS) on \Device\HarddiskVolume3\Windows\System32\userenv.dll
8d4.576c: supR3HardenedWinVerifyCacheProcessImportTodos: Processing 'msvcp_win.dll'...
8d4.576c: supR3HardenedWinVerifyCacheProcessImportTodos: 'msvcp_win.dll' -> '\Device\HarddiskVolume3\Windows\System32\msvcp_win.dll' [rcNtRedir=0xc0150008]
8d4.576c: supR3HardenedScreenImage/Imports: cache hit (VINF_SUCCESS) on \Device\HarddiskVolume3\Windows\System32\msvcp_win.dll
8d4.576c: supR3HardenedMonitor_LdrLoadDll: pName=C:\Windows\System32\D3DSCache.dll (Input=D3DSCache.dll, rcNtResolve=0xc0150008) *pfFlags=0x0 pwszSearchPath=0000000000000801:<flags> [calling]
8d4.576c: supR3HardenedScreenImage/NtCreateSection: cache hit (VINF_SUCCESS) on \Device\HarddiskVolume3\Windows\System32\D3DSCache.dll
8d4.576c: supR3HardenedDllNotificationCallback: load   00007ffc82ba0000 LB 0x0002f000 C:\Windows\System32\D3DSCache.dll [fFlags=0x0]
8d4.576c: supR3HardenedScreenImage/LdrLoadDll: cache hit (VINF_SUCCESS) on \Device\HarddiskVolume3\Windows\System32\D3DSCache.dll
8d4.576c: supR3HardenedMonitor_LdrLoadDll: returns rcNt=0x0 hMod=00007ffc82ba0000 'C:\Windows\System32\D3DSCache.dll'
8d4.576c: supR3HardenedMonitor_LdrLoadDll: returns rcNt=0x0 hMod=00007ffcccc40000 'C:\Windows\system32\rsaenh.dll'
8d4.576c: supR3HardenedMonitor_LdrLoadDll: returns rcNt=0x0 hMod=00007ffcce4c0000 'C:\Windows\System32\crypt32.dll'
8d4.576c: supR3HardenedWinVerifyCacheScheduleImports: Import todo: #1 'advapi32.dll'.
8d4.576c: supR3HardenedWinVerifyCacheScheduleImports: Import todo: #2 'ole32.dll'.
8d4.576c: supR3HardenedWinVerifyCacheScheduleImports: Import todo: #3 'oleaut32.dll'.
8d4.576c: supR3HardenedWinVerifyCacheScheduleImports: Import todo: #4 'setupapi.dll'.
8d4.576c: supHardenedWinVerifyImageByHandle: -> 0 (\Device\HarddiskVolume3\Windows\System32\DriverStore\FileRepository\iigd_dch.inf_amd64_2779bcd68539f204\igd12dxva64.dll) WinVerifyTrust
8d4.576c: supR3HardenedWinVerifyCacheInsert: \Device\HarddiskVolume3\Windows\System32\DriverStore\FileRepository\iigd_dch.inf_amd64_2779bcd68539f204\igd12dxva64.dll
8d4.576c: supR3HardenedWinVerifyCacheProcessImportTodos: Processing 'setupapi.dll'...
8d4.576c: supR3HardenedWinVerifyCacheProcessImportTodos: 'setupapi.dll' -> '\Device\HarddiskVolume3\Windows\System32\setupapi.dll' [rcNtRedir=0xc0150008]
8d4.576c: supR3HardenedScreenImage/Imports: cache hit (VINF_SUCCESS) on \Device\HarddiskVolume3\Windows\System32\setupapi.dll
8d4.576c: supR3HardenedWinVerifyCacheProcessImportTodos: Processing 'oleaut32.dll'...
8d4.576c: supR3HardenedWinVerifyCacheProcessImportTodos: 'oleaut32.dll' -> '\Device\HarddiskVolume3\Windows\System32\oleaut32.dll' [rcNtRedir=0xc0150008]
8d4.576c: supR3HardenedScreenImage/Imports: cache hit (VINF_SUCCESS) on \Device\HarddiskVolume3\Windows\System32\oleaut32.dll
8d4.576c: supR3HardenedWinVerifyCacheProcessImportTodos: Processing 'ole32.dll'...
8d4.576c: supR3HardenedWinVerifyCacheProcessImportTodos: 'ole32.dll' -> '\Device\HarddiskVolume3\Windows\System32\ole32.dll' [rcNtRedir=0xc0150008]
8d4.576c: supR3HardenedWinVerifyCacheProcessImportTodos: Processing 'advapi32.dll'...
8d4.576c: supR3HardenedWinVerifyCacheProcessImportTodos: 'advapi32.dll' -> '\Device\HarddiskVolume3\Windows\System32\advapi32.dll' [rcNtRedir=0xc0150008]
8d4.576c: supR3HardenedMonitor_LdrLoadDll: pName=C:\Windows\System32\DriverStore\FileRepository\iigd_dch.inf_amd64_2779bcd68539f204\igd12dxva64.dll (rcNtResolve=0xc0150008) *pfFlags=0x0 pwszSearchPath=0000000000000001:<flags> [calling]
8d4.576c: supR3HardenedScreenImage/NtCreateSection: cache hit (VINF_SUCCESS) on \Device\HarddiskVolume3\Windows\System32\DriverStore\FileRepository\iigd_dch.inf_amd64_2779bcd68539f204\igd12dxva64.dll
8d4.576c: supR3HardenedDllNotificationCallback: load   00007ffc7eae0000 LB 0x002fc000 C:\Windows\System32\DriverStore\FileRepository\iigd_dch.inf_amd64_2779bcd68539f204\igd12dxva64.dll [fFlags=0x0]
8d4.576c: supR3HardenedScreenImage/LdrLoadDll: cache hit (VINF_SUCCESS) on \Device\HarddiskVolume3\Windows\System32\DriverStore\FileRepository\iigd_dch.inf_amd64_2779bcd68539f204\igd12dxva64.dll
8d4.576c: supR3HardenedIsApiSetDll: ApiSetQueryApiSetPresence(api-ms-win-core-synch-l1-2-0) -> 0x0, fPresent=1
8d4.576c: supR3HardenedMonitor_LdrLoadDll: pName=api-ms-win-core-synch-l1-2-0 (rcNtResolve=0x0) *pfFlags=0x0 pwszSearchPath=0000000000000801:<flags> [calling]
8d4.576c: supR3HardenedMonitor_LdrLoadDll: returns rcNt=0x0 hMod=00007ffccdde0000 'api-ms-win-core-synch-l1-2-0'
8d4.576c: supR3HardenedMonitor_LdrLoadDll: returns rcNt=0x0 hMod=00007ffccf4a0000 'C:\Windows\System32\kernel32.dll'
8d4.576c: supR3HardenedIsApiSetDll: ApiSetQueryApiSetPresence(api-ms-win-core-string-l1-1-0) -> 0x0, fPresent=1
8d4.576c: supR3HardenedMonitor_LdrLoadDll: pName=api-ms-win-core-string-l1-1-0 (rcNtResolve=0x0) *pfFlags=0x0 pwszSearchPath=0000000000000801:<flags> [calling]
8d4.576c: supR3HardenedMonitor_LdrLoadDll: returns rcNt=0x0 hMod=00007ffccdde0000 'api-ms-win-core-string-l1-1-0'
8d4.576c: supR3HardenedIsApiSetDll: ApiSetQueryApiSetPresence(api-ms-win-core-localization-l1-2-1) -> 0x0, fPresent=1
8d4.576c: supR3HardenedMonitor_LdrLoadDll: pName=api-ms-win-core-localization-l1-2-1 (rcNtResolve=0x0) *pfFlags=0x0 pwszSearchPath=0000000000000801:<flags> [calling]
8d4.576c: supR3HardenedMonitor_LdrLoadDll: returns rcNt=0x0 hMod=00007ffccdde0000 'api-ms-win-core-localization-l1-2-1'
8d4.576c: supR3HardenedIsApiSetDll: ApiSetQueryApiSetPresence(api-ms-win-core-datetime-l1-1-1) -> 0x0, fPresent=1
8d4.576c: supR3HardenedMonitor_LdrLoadDll: pName=api-ms-win-core-datetime-l1-1-1 (rcNtResolve=0x0) *pfFlags=0x0 pwszSearchPath=0000000000000801:<flags> [calling]
8d4.576c: supR3HardenedMonitor_LdrLoadDll: returns rcNt=0x0 hMod=00007ffccdde0000 'api-ms-win-core-datetime-l1-1-1'
8d4.576c: supR3HardenedIsApiSetDll: ApiSetQueryApiSetPresence(api-ms-win-core-localization-obsolete-l1-2-0) -> 0x0, fPresent=1
8d4.576c: supR3HardenedMonitor_LdrLoadDll: pName=api-ms-win-core-localization-obsolete-l1-2-0 (rcNtResolve=0x0) *pfFlags=0x0 pwszSearchPath=0000000000000801:<flags> [calling]
8d4.576c: supR3HardenedMonitor_LdrLoadDll: returns rcNt=0x0 hMod=00007ffccdde0000 'api-ms-win-core-localization-obsolete-l1-2-0'
8d4.576c: supR3HardenedMonitor_LdrLoadDll: returns rcNt=0x0 hMod=00007ffc7eae0000 'C:\Windows\System32\DriverStore\FileRepository\iigd_dch.inf_amd64_2779bcd68539f204\igd12dxva64.dll'
8d4.576c: supR3HardenedMonitor_LdrLoadDll: returns rcNt=0x0 hMod=00007ffcccc40000 'C:\Windows\system32\rsaenh.dll'
8d4.576c: supR3HardenedMonitor_LdrLoadDll: returns rcNt=0x0 hMod=00007ffcce4c0000 'C:\Windows\System32\crypt32.dll'
8d4.576c: supR3HardenedWinVerifyCacheScheduleImports: Import todo: #1 'advapi32.dll'.
8d4.576c: supHardenedWinVerifyImageByHandle: -> 0 (\Device\HarddiskVolume3\Windows\System32\DriverStore\FileRepository\iigd_dch.inf_amd64_2779bcd68539f204\igddxvacommon64.dll) WinVerifyTrust
8d4.576c: supR3HardenedWinVerifyCacheInsert: \Device\HarddiskVolume3\Windows\System32\DriverStore\FileRepository\iigd_dch.inf_amd64_2779bcd68539f204\igddxvacommon64.dll
8d4.576c: supR3HardenedWinVerifyCacheProcessImportTodos: Processing 'advapi32.dll'...
8d4.576c: supR3HardenedWinVerifyCacheProcessImportTodos: 'advapi32.dll' -> '\Device\HarddiskVolume3\Windows\System32\advapi32.dll' [rcNtRedir=0xc0150008]
8d4.576c: supR3HardenedMonitor_LdrLoadDll: pName=C:\Windows\System32\DriverStore\FileRepository\iigd_dch.inf_amd64_2779bcd68539f204\igddxvacommon64.dll (rcNtResolve=0xc0150008) *pfFlags=0x0 pwszSearchPath=0000000000000001:<flags> [calling]
8d4.576c: supR3HardenedScreenImage/NtCreateSection: cache hit (VINF_SUCCESS) on \Device\HarddiskVolume3\Windows\System32\DriverStore\FileRepository\iigd_dch.inf_amd64_2779bcd68539f204\igddxvacommon64.dll
8d4.576c: supR3HardenedDllNotificationCallback: load   00007ffc77cf0000 LB 0x011e3000 C:\Windows\System32\DriverStore\FileRepository\iigd_dch.inf_amd64_2779bcd68539f204\igddxvacommon64.dll [fFlags=0x0]
8d4.576c: supR3HardenedScreenImage/LdrLoadDll: cache hit (VINF_SUCCESS) on \Device\HarddiskVolume3\Windows\System32\DriverStore\FileRepository\iigd_dch.inf_amd64_2779bcd68539f204\igddxvacommon64.dll
8d4.576c: supR3HardenedIsApiSetDll: ApiSetQueryApiSetPresence(api-ms-win-core-synch-l1-2-0) -> 0x0, fPresent=1
8d4.576c: supR3HardenedMonitor_LdrLoadDll: pName=api-ms-win-core-synch-l1-2-0 (rcNtResolve=0x0) *pfFlags=0x0 pwszSearchPath=0000000000000801:<flags> [calling]
8d4.576c: supR3HardenedMonitor_LdrLoadDll: returns rcNt=0x0 hMod=00007ffccdde0000 'api-ms-win-core-synch-l1-2-0'
8d4.576c: supR3HardenedMonitor_LdrLoadDll: returns rcNt=0x0 hMod=00007ffccf4a0000 'C:\Windows\System32\kernel32.dll'
8d4.576c: supR3HardenedMonitor_LdrLoadDll: returns rcNt=0x0 hMod=00007ffc77cf0000 'C:\Windows\System32\DriverStore\FileRepository\iigd_dch.inf_amd64_2779bcd68539f204\igddxvacommon64.dll'
8d4.576c: supR3HardenedMonitor_LdrLoadDll: returns rcNt=0x0 hMod=00007ffcccc40000 'C:\Windows\system32\rsaenh.dll'
8d4.576c: supR3HardenedMonitor_LdrLoadDll: returns rcNt=0x0 hMod=00007ffcce4c0000 'C:\Windows\System32\crypt32.dll'
8d4.576c: supHardenedWinVerifyImageByHandle: -> 0 (\Device\HarddiskVolume3\Windows\System32\DriverStore\FileRepository\iigd_dch.inf_amd64_2779bcd68539f204\media_bin_64.dll) WinVerifyTrust
8d4.576c: supR3HardenedWinVerifyCacheInsert: \Device\HarddiskVolume3\Windows\System32\DriverStore\FileRepository\iigd_dch.inf_amd64_2779bcd68539f204\media_bin_64.dll
8d4.576c: supR3HardenedMonitor_LdrLoadDll: pName=C:\Windows\System32\DriverStore\FileRepository\iigd_dch.inf_amd64_2779bcd68539f204\media_bin_64.dll (rcNtResolve=0xc0150008) *pfFlags=0x0 pwszSearchPath=0000000000000001:<flags> [calling]
8d4.576c: supR3HardenedScreenImage/NtCreateSection: cache hit (VINF_SUCCESS) on \Device\HarddiskVolume3\Windows\System32\DriverStore\FileRepository\iigd_dch.inf_amd64_2779bcd68539f204\media_bin_64.dll
8d4.576c: supR3HardenedDllNotificationCallback: load   00007ffc73e00000 LB 0x01d21000 C:\Windows\System32\DriverStore\FileRepository\iigd_dch.inf_amd64_2779bcd68539f204\media_bin_64.dll [fFlags=0x0]
8d4.576c: supR3HardenedScreenImage/LdrLoadDll: cache hit (VINF_SUCCESS) on \Device\HarddiskVolume3\Windows\System32\DriverStore\FileRepository\iigd_dch.inf_amd64_2779bcd68539f204\media_bin_64.dll
8d4.576c: supR3HardenedIsApiSetDll: ApiSetQueryApiSetPresence(api-ms-win-core-synch-l1-2-0) -> 0x0, fPresent=1
8d4.576c: supR3HardenedMonitor_LdrLoadDll: pName=api-ms-win-core-synch-l1-2-0 (rcNtResolve=0x0) *pfFlags=0x0 pwszSearchPath=0000000000000801:<flags> [calling]
8d4.576c: supR3HardenedMonitor_LdrLoadDll: returns rcNt=0x0 hMod=00007ffccdde0000 'api-ms-win-core-synch-l1-2-0'
8d4.576c: supR3HardenedIsApiSetDll: ApiSetQueryApiSetPresence(api-ms-win-core-fibers-l1-1-1) -> 0x0, fPresent=1
8d4.576c: supR3HardenedMonitor_LdrLoadDll: pName=api-ms-win-core-fibers-l1-1-1 (rcNtResolve=0x0) *pfFlags=0x0 pwszSearchPath=0000000000000801:<flags> [calling]
8d4.576c: supR3HardenedMonitor_LdrLoadDll: returns rcNt=0x0 hMod=00007ffccdde0000 'api-ms-win-core-fibers-l1-1-1'
8d4.576c: supR3HardenedIsApiSetDll: ApiSetQueryApiSetPresence(api-ms-win-core-synch-l1-2-0) -> 0x0, fPresent=1
8d4.576c: supR3HardenedMonitor_LdrLoadDll: pName=api-ms-win-core-synch-l1-2-0 (rcNtResolve=0x0) *pfFlags=0x0 pwszSearchPath=0000000000000801:<flags> [calling]
8d4.576c: supR3HardenedMonitor_LdrLoadDll: returns rcNt=0x0 hMod=00007ffccdde0000 'api-ms-win-core-synch-l1-2-0'
8d4.576c: supR3HardenedMonitor_LdrLoadDll: returns rcNt=0x0 hMod=00007ffccf4a0000 'C:\Windows\System32\kernel32.dll'
8d4.576c: supR3HardenedMonitor_LdrLoadDll: returns rcNt=0x0 hMod=00007ffc73e00000 'C:\Windows\System32\DriverStore\FileRepository\iigd_dch.inf_amd64_2779bcd68539f204\media_bin_64.dll'
8d4.576c: supR3HardenedMonitor_LdrLoadDll: returns rcNt=0x0 hMod=00007ffcccc40000 'C:\Windows\system32\rsaenh.dll'
8d4.576c: supR3HardenedMonitor_LdrLoadDll: returns rcNt=0x0 hMod=00007ffcce4c0000 'C:\Windows\System32\crypt32.dll'
8d4.576c: supR3HardenedWinVerifyCacheScheduleImports: Import todo: #1 'advapi32.dll'.
8d4.576c: supHardenedWinVerifyImageByHandle: -> 0 (\Device\HarddiskVolume3\Windows\System32\DriverStore\FileRepository\iigd_dch.inf_amd64_2779bcd68539f204\igdinfo64.dll) WinVerifyTrust
8d4.576c: supR3HardenedWinVerifyCacheInsert: \Device\HarddiskVolume3\Windows\System32\DriverStore\FileRepository\iigd_dch.inf_amd64_2779bcd68539f204\igdinfo64.dll
8d4.576c: supR3HardenedWinVerifyCacheProcessImportTodos: Processing 'advapi32.dll'...
8d4.576c: supR3HardenedWinVerifyCacheProcessImportTodos: 'advapi32.dll' -> '\Device\HarddiskVolume3\Windows\System32\advapi32.dll' [rcNtRedir=0xc0150008]
8d4.576c: supR3HardenedScreenImage/Imports: cache hit (VINF_SUCCESS) on \Device\HarddiskVolume3\Windows\System32\advapi32.dll
8d4.576c: supR3HardenedMonitor_LdrLoadDll: pName=C:\Windows\System32\DriverStore\FileRepository\iigd_dch.inf_amd64_2779bcd68539f204\igdinfo64.dll (rcNtResolve=0xc0150008) *pfFlags=0x0 pwszSearchPath=0000000000000001:<flags> [calling]
8d4.576c: supR3HardenedScreenImage/NtCreateSection: cache hit (VINF_SUCCESS) on \Device\HarddiskVolume3\Windows\System32\DriverStore\FileRepository\iigd_dch.inf_amd64_2779bcd68539f204\igdinfo64.dll
8d4.576c: supR3HardenedDllNotificationCallback: load   00007ffc81b10000 LB 0x00027000 C:\Windows\System32\DriverStore\FileRepository\iigd_dch.inf_amd64_2779bcd68539f204\igdinfo64.dll [fFlags=0x0]
8d4.576c: supR3HardenedScreenImage/LdrLoadDll: cache hit (VINF_SUCCESS) on \Device\HarddiskVolume3\Windows\System32\DriverStore\FileRepository\iigd_dch.inf_amd64_2779bcd68539f204\igdinfo64.dll
8d4.576c: supR3HardenedIsApiSetDll: ApiSetQueryApiSetPresence(api-ms-win-core-synch-l1-2-0) -> 0x0, fPresent=1
8d4.576c: supR3HardenedMonitor_LdrLoadDll: pName=api-ms-win-core-synch-l1-2-0 (rcNtResolve=0x0) *pfFlags=0x0 pwszSearchPath=0000000000000801:<flags> [calling]
8d4.576c: supR3HardenedMonitor_LdrLoadDll: returns rcNt=0x0 hMod=00007ffccdde0000 'api-ms-win-core-synch-l1-2-0'
8d4.576c: supR3HardenedMonitor_LdrLoadDll: returns rcNt=0x0 hMod=00007ffccf4a0000 'C:\Windows\System32\kernel32.dll'
8d4.576c: supR3HardenedMonitor_LdrLoadDll: returns rcNt=0x0 hMod=00007ffc81b10000 'C:\Windows\System32\DriverStore\FileRepository\iigd_dch.inf_amd64_2779bcd68539f204\igdinfo64.dll'
8d4.576c: supR3HardenedScreenImage/LdrLoadDll: cache hit (VINF_SUCCESS) on \Device\HarddiskVolume3\Windows\System32\DriverStore\FileRepository\iigd_dch.inf_amd64_2779bcd68539f204\igdgmm64.dll
8d4.576c: supR3HardenedMonitor_LdrLoadDll: pName=C:\Windows\System32\DriverStore\FileRepository\iigd_dch.inf_amd64_2779bcd68539f204\igdgmm64.dll (rcNtResolve=0xc0150008) *pfFlags=0x0 pwszSearchPath=0000000000000001:<flags> [calling]
8d4.576c: supR3HardenedMonitor_LdrLoadDll: returns rcNt=0x0 hMod=00007ffcc1fe0000 'C:\Windows\System32\DriverStore\FileRepository\iigd_dch.inf_amd64_2779bcd68539f204\igdgmm64.dll'
8d4.576c: supR3HardenedMonitor_LdrLoadDll: error opening 'C:\Windows\System32\DriverStore\FileRepository\iigd_dch.inf_amd64_2779bcd68539f204\dxgi.dll': 0 (NtPath=\??\C:\Windows\System32\DriverStore\FileRepository\iigd_dch.inf_amd64_2779bcd68539f204\dxgi.dll; Input=C:\Windows\System32\DriverStore\FileRepository\iigd_dch.inf_amd64_2779bcd68539f204\dxgi.dll; rcNtGetDll=0x0
8d4.576c: supR3HardenedMonitor_LdrLoadDll: returns rcNt=0xc0000034 'C:\Windows\System32\DriverStore\FileRepository\iigd_dch.inf_amd64_2779bcd68539f204\dxgi.dll'
8d4.576c: supR3HardenedWinVerifyCacheScheduleImports: Import todo: #39 'combase.dll'.
8d4.576c: supR3HardenedWinVerifyCacheScheduleImports: Import todo: #41 'msvcp_win.dll'.
8d4.576c: supHardenedWinVerifyImageByHandle: -> 0 (\Device\HarddiskVolume3\Windows\System32\twinapi.appcore.dll)
8d4.576c: supR3HardenedWinVerifyCacheInsert: \Device\HarddiskVolume3\Windows\System32\twinapi.appcore.dll
8d4.576c: supR3HardenedDllNotificationCallback: load   00007ffcc6180000 LB 0x00285000 C:\Windows\SYSTEM32\twinapi.appcore.dll [fFlags=0x0]
8d4.576c: supR3HardenedScreenImage/LdrLoadDll: cache hit (VINF_SUCCESS) on \Device\HarddiskVolume3\Windows\System32\twinapi.appcore.dll [avoiding WinVerifyTrust]
8d4.576c: supR3HardenedWinVerifyCacheProcessImportTodos: Processing 'msvcp_win.dll'...
8d4.576c: supR3HardenedWinVerifyCacheProcessImportTodos: 'msvcp_win.dll' -> '\Device\HarddiskVolume3\Windows\System32\msvcp_win.dll' [rcNtRedir=0xc0150008]
8d4.576c: supR3HardenedWinVerifyCacheProcessImportTodos: Processing 'combase.dll'...
8d4.576c: supR3HardenedWinVerifyCacheProcessImportTodos: 'combase.dll' -> '\Device\HarddiskVolume3\Windows\System32\combase.dll' [rcNtRedir=0xc0150008]
8d4.576c: supR3HardenedScreenImage/Imports: cache hit (VINF_SUCCESS) on \Device\HarddiskVolume3\Windows\System32\combase.dll
8d4.576c: supR3HardenedMonitor_LdrLoadDll: returns rcNt=0x0 hMod=00007ffcccc40000 'C:\Windows\system32\rsaenh.dll'
8d4.576c: supR3HardenedMonitor_LdrLoadDll: returns rcNt=0x0 hMod=00007ffcce4c0000 'C:\Windows\System32\crypt32.dll'
8d4.576c: supR3HardenedWinVerifyCacheProcessWvtTodos: 0 (was 0) fWinVerifyTrust=1 for '\Device\HarddiskVolume3\Windows\System32\twinapi.appcore.dll'
8d4.576c: supR3HardNtViCallWinVerifyTrustCatFile: hFile=0000000000000d18 pwszName=\Device\HarddiskVolume3\Windows\System32\dxilconv.dll
8d4.576c: supR3HardNtViCallWinVerifyTrustCatFile: Cached context 000002075330f980
8d4.576c: supR3HardNtViCallWinVerifyTrustCatFile: hCatAdmin=000002075330f980
8d4.576c: supR3HardNtViCallWinVerifyTrustCatFile: cbHash=20 wszDigest=21A59EE18ADC0B54C32B7EB5A7FC55FC542462A4
8d4.576c: supR3HardenedMonitor_LdrLoadDll: returns rcNt=0x0 hMod=00007ffcccc40000 'C:\Windows\system32\rsaenh.dll'
8d4.576c: supR3HardenedMonitor_LdrLoadDll: returns rcNt=0x0 hMod=00007ffcce4c0000 'C:\Windows\System32\crypt32.dll'
8d4.576c: supR3HardNtViCallWinVerifyTrustCatFile: WinVerifyTrust => 0x0; cat='C:\Windows\system32\CatRoot\{F750E6C3-38EE-11D1-85E5-00C04FC295EE}\Microsoft-Windows-Client-Desktop-Required-Package0517~31bf3856ad364e35~amd64~~10.0.22621.2428.cat'; file='\Device\HarddiskVolume3\Windows\System32\dxilconv.dll'
8d4.576c: supR3HardNtViCallWinVerifyTrustCatFile -> 0 (org 22900)
8d4.576c: supHardenedWinVerifyImageByHandle: -> 0 (\Device\HarddiskVolume3\Windows\System32\dxilconv.dll) WinVerifyTrust
8d4.576c: supR3HardenedWinVerifyCacheInsert: \Device\HarddiskVolume3\Windows\System32\dxilconv.dll
8d4.576c: supR3HardenedMonitor_LdrLoadDll: pName=C:\Windows\System32\dxilconv.dll (Input=dxilconv.dll, rcNtResolve=0xc0150008) *pfFlags=0x0 pwszSearchPath=0000000000000001:<flags> [calling]
8d4.576c: supR3HardenedScreenImage/NtCreateSection: cache hit (VINF_SUCCESS) on \Device\HarddiskVolume3\Windows\System32\dxilconv.dll
8d4.576c: supR3HardenedDllNotificationCallback: load   00007ffc5f7b0000 LB 0x0017e000 C:\Windows\System32\dxilconv.dll [fFlags=0x0]
8d4.576c: supR3HardenedScreenImage/LdrLoadDll: cache hit (VINF_SUCCESS) on \Device\HarddiskVolume3\Windows\System32\dxilconv.dll
8d4.576c: supR3HardenedIsApiSetDll: ApiSetQueryApiSetPresence(api-ms-win-core-synch-l1-2-0) -> 0x0, fPresent=1
8d4.576c: supR3HardenedMonitor_LdrLoadDll: pName=api-ms-win-core-synch-l1-2-0 (rcNtResolve=0x0) *pfFlags=0x0 pwszSearchPath=0000000000000801:<flags> [calling]
8d4.576c: supR3HardenedMonitor_LdrLoadDll: returns rcNt=0x0 hMod=00007ffccdde0000 'api-ms-win-core-synch-l1-2-0'
8d4.576c: supR3HardenedMonitor_LdrLoadDll: returns rcNt=0x0 hMod=00007ffccf4a0000 'C:\Windows\System32\kernel32.dll'
8d4.576c: supR3HardenedMonitor_LdrLoadDll: returns rcNt=0x0 hMod=00007ffc5f7b0000 'C:\Windows\System32\dxilconv.dll'
8d4.576c: supR3HardenedDllNotificationCallback: Unload 00007ffc5f7b0000 LB 0x0017e000 C:\Windows\System32\dxilconv.dll [flags=0x0]
8d4.576c: supR3HardenedIsApiSetDll: ApiSetQueryApiSetPresence(ext-ms-win-core-resourcepolicy-l1-1-0.dll) -> 0x0, fPresent=1
8d4.576c: supR3HardenedMonitor_LdrLoadDll: pName=ext-ms-win-core-resourcepolicy-l1-1-0.dll (rcNtResolve=0x0) *pfFlags=0x0 pwszSearchPath=0000000000000001:<flags> [calling]
8d4.576c: supR3HardenedScreenImage/NtCreateSection: cache hit (VINF_SUCCESS) on \Device\HarddiskVolume3\Windows\System32\ResourcePolicyClient.dll
8d4.576c: supR3HardenedDllNotificationCallback: load   00007ffccb760000 LB 0x00015000 C:\Windows\SYSTEM32\resourcepolicyclient.dll [fFlags=0x0]
8d4.576c: supR3HardenedScreenImage/LdrLoadDll: cache hit (VINF_SUCCESS) on \Device\HarddiskVolume3\Windows\System32\ResourcePolicyClient.dll
8d4.576c: supR3HardenedMonitor_LdrLoadDll: returns rcNt=0x0 hMod=00007ffccb760000 'ext-ms-win-core-resourcepolicy-l1-1-0.dll'
8d4.576c: supR3HardenedDllNotificationCallback: Unload 00007ffccb760000 LB 0x00015000 C:\Windows\SYSTEM32\resourcepolicyclient.dll [flags=0x0]
8d4.576c: supR3HardenedMonitor_LdrLoadDll: returns rcNt=0x0 hMod=00007ffcce8c0000 'C:\Windows\System32\gdi32.dll'
8d4.576c: supHardenedWinVerifyImageByHandle: -> 0 (\Device\HarddiskVolume3\Windows\System32\DriverStore\FileRepository\iigd_dch.inf_amd64_2779bcd68539f204\igd10iumd64.dll)
8d4.576c: supR3HardenedWinVerifyCacheInsert: \Device\HarddiskVolume3\Windows\System32\DriverStore\FileRepository\iigd_dch.inf_amd64_2779bcd68539f204\igd10iumd64.dll
8d4.576c: supR3HardenedMonitor_NtCreateSection: NtMapViewOfSection failed on 0000000000000d5c (hFile=0000000000000cfc) with 0xc0000022 -> STATUS_TRUST_FAILURE
8d4.576c: supR3HardenedScreenImage/NtCreateSection: cache hit (VINF_SUCCESS) on \Device\HarddiskVolume3\Windows\System32\DriverStore\FileRepository\iigd_dch.inf_amd64_2779bcd68539f204\igd10iumd64.dll [avoiding WinVerifyTrust]
8d4.576c: supR3HardenedMonitor_NtCreateSection: NtMapViewOfSection failed on 0000000000000cfc (hFile=0000000000000d5c) with 0xc0000022 -> STATUS_TRUST_FAILURE
8d4.576c: supR3HardenedDllNotificationCallback: Unload 00007ffc81b10000 LB 0x00027000 C:\Windows\System32\DriverStore\FileRepository\iigd_dch.inf_amd64_2779bcd68539f204\igdinfo64.dll [flags=0x0]
8d4.576c: supR3HardenedDllNotificationCallback: Unload 00007ffc73e00000 LB 0x01d21000 C:\Windows\System32\DriverStore\FileRepository\iigd_dch.inf_amd64_2779bcd68539f204\media_bin_64.dll [flags=0x0]
8d4.576c: supR3HardenedDllNotificationCallback: Unload 00007ffc77cf0000 LB 0x011e3000 C:\Windows\System32\DriverStore\FileRepository\iigd_dch.inf_amd64_2779bcd68539f204\igddxvacommon64.dll [flags=0x0]
8d4.576c: supR3HardenedDllNotificationCallback: Unload 00007ffc7eae0000 LB 0x002fc000 C:\Windows\System32\DriverStore\FileRepository\iigd_dch.inf_amd64_2779bcd68539f204\igd12dxva64.dll [flags=0x0]
8d4.576c: supR3HardenedDllNotificationCallback: Unload 00007ffcc2cb0000 LB 0x0008b000 C:\Windows\System32\DriverStore\FileRepository\iigd_dch.inf_amd64_2779bcd68539f204\IntelControlLib.dll [flags=0x0]
8d4.576c: supR3HardenedDllNotificationCallback: Unload 00007ffc97850000 LB 0x00044000 C:\Windows\System32\ControlLib.dll [flags=0x0]
8d4.576c: supR3HardenedDllNotificationCallback: Unload 00007ffcc1fe0000 LB 0x00438000 C:\Windows\System32\DriverStore\FileRepository\iigd_dch.inf_amd64_2779bcd68539f204\igdgmm64.dll [flags=0x0]
8d4.576c: supR3HardenedDllNotificationCallback: Unload 00007ffcb9f70000 LB 0x03ead000 C:\Windows\System32\DriverStore\FileRepository\iigd_dch.inf_amd64_2779bcd68539f204\igc64.dll [flags=0x0]
8d4.576c: supR3HardenedDllNotificationCallback: Unload 00007ffc7a2f0000 LB 0x00f05000 C:\Windows\System32\DriverStore\FileRepository\iigd_dch.inf_amd64_2779bcd68539f204\igd12um64xel.dll [flags=0x0]
8d4.576c: supR3HardenedDllNotificationCallback: Unload 00007ffc7fcf0000 LB 0x00107000 C:\Windows\System32\DriverStore\FileRepository\iigd_dch.inf_amd64_2779bcd68539f204\igd12umd64.dll [flags=0x0]
8d4.576c: supR3HardenedDllNotificationCallback: Unload 00007ffc800a0000 LB 0x000b0000 C:\Windows\System32\d3d9on12.dll [flags=0x0]
8d4.576c: supR3HardenedDllNotificationCallback: Unload 00007ffc82ba0000 LB 0x0002f000 C:\Windows\System32\D3DSCache.dll [flags=0x0]
8d4.576c: supR3HardenedDllNotificationCallback: Unload 00007ffcc6180000 LB 0x00285000 C:\Windows\SYSTEM32\twinapi.appcore.dll [flags=0x0]
8d4.576c: supR3HardenedDllNotificationCallback: Unload 00007ffc7ede0000 LB 0x00203000 C:\Windows\System32\D3D12Core.dll [flags=0x0]
8d4.576c: supR3HardenedDllNotificationCallback: Unload 00007ffc9a760000 LB 0x00029000 C:\Windows\System32\d3d12.dll [flags=0x0]
8d4.576c: supR3HardenedMonitor_LdrLoadDll: returns rcNt=0x0 hMod=00007ffcccc40000 'C:\Windows\system32\rsaenh.dll'
8d4.576c: supR3HardenedMonitor_LdrLoadDll: returns rcNt=0x0 hMod=00007ffcce4c0000 'C:\Windows\System32\crypt32.dll'
8d4.576c: supR3HardenedWinVerifyCacheProcessWvtTodos: 0 (was 0) fWinVerifyTrust=1 for '\Device\HarddiskVolume3\Windows\System32\DriverStore\FileRepository\iigd_dch.inf_amd64_2779bcd68539f204\igd10iumd64.dll'
8d4.576c: supR3HardNtViCallWinVerifyTrustCatFile: hFile=0000000000000be4 pwszName=\Device\HarddiskVolume3\Windows\System32\DataExchange.dll
8d4.576c: supR3HardNtViCallWinVerifyTrustCatFile: Cached context 000002075330f980
8d4.576c: supR3HardNtViCallWinVerifyTrustCatFile: hCatAdmin=000002075330f980
8d4.576c: supR3HardNtViCallWinVerifyTrustCatFile: cbHash=20 wszDigest=70DD304E91C0536606EA642E53488CE0117C7FF3
8d4.576c: supR3HardenedMonitor_LdrLoadDll: returns rcNt=0x0 hMod=00007ffcccc40000 'C:\Windows\system32\rsaenh.dll'
8d4.576c: supR3HardenedMonitor_LdrLoadDll: returns rcNt=0x0 hMod=00007ffcce4c0000 'C:\Windows\System32\crypt32.dll'
8d4.576c: supR3HardNtViCallWinVerifyTrustCatFile: WinVerifyTrust => 0x0; cat='C:\Windows\system32\CatRoot\{F750E6C3-38EE-11D1-85E5-00C04FC295EE}\Microsoft-Windows-Client-Desktop-Required-Package051020~31bf3856ad364e35~amd64~~10.0.22621.2428.cat'; file='\Device\HarddiskVolume3\Windows\System32\DataExchange.dll'
8d4.576c: supR3HardNtViCallWinVerifyTrustCatFile -> 0 (org 22900)
8d4.576c: supR3HardenedWinVerifyCacheScheduleImports: Import todo: #27 'msvcp_win.dll'.
8d4.576c: supHardenedWinVerifyImageByHandle: -> 0 (\Device\HarddiskVolume3\Windows\System32\DataExchange.dll) WinVerifyTrust
8d4.576c: supR3HardenedWinVerifyCacheInsert: \Device\HarddiskVolume3\Windows\System32\DataExchange.dll
8d4.576c: supR3HardenedWinVerifyCacheProcessImportTodos: Processing 'msvcp_win.dll'...
8d4.576c: supR3HardenedWinVerifyCacheProcessImportTodos: 'msvcp_win.dll' -> '\Device\HarddiskVolume3\Windows\System32\msvcp_win.dll' [rcNtRedir=0xc0150008]
8d4.576c: supR3HardenedMonitor_LdrLoadDll: pName=C:\Windows\system32\dataexchange.dll (rcNtResolve=0xc0150008) *pfFlags=0x0 pwszSearchPath=0000000000002009:<flags> [calling]
8d4.576c: supR3HardenedScreenImage/NtCreateSection: cache hit (VINF_SUCCESS) on \Device\HarddiskVolume3\Windows\System32\DataExchange.dll
8d4.576c: supR3HardenedDllNotificationCallback: load   00007ffcacc70000 LB 0x0005e000 C:\Windows\system32\dataexchange.dll [fFlags=0x0]
8d4.576c: supR3HardenedScreenImage/LdrLoadDll: cache hit (VINF_SUCCESS) on \Device\HarddiskVolume3\Windows\System32\DataExchange.dll
8d4.576c: supR3HardenedMonitor_LdrLoadDll: returns rcNt=0x0 hMod=00007ffcacc70000 'C:\Windows\system32\dataexchange.dll'
8d4.576c: supR3HardenedScreenImage/NtCreateSection: cache hit (VINF_SUCCESS) on \Device\HarddiskVolume3\Windows\System32\twinapi.appcore.dll
8d4.576c: supR3HardenedDllNotificationCallback: load   00007ffcc6180000 LB 0x00285000 C:\Windows\system32\twinapi.appcore.dll [fFlags=0x0]
8d4.576c: supR3HardenedScreenImage/LdrLoadDll: cache hit (VINF_SUCCESS) on \Device\HarddiskVolume3\Windows\System32\twinapi.appcore.dll
8d4.576c: supR3HardenedScreenImage/LdrLoadDll: cache hit (VINF_SUCCESS) on \Device\HarddiskVolume3\Windows\System32\SHCore.dll
8d4.576c: supR3HardenedMonitor_LdrLoadDll: pName=C:\Windows\system32\Shcore.dll (rcNtResolve=0xc0150008) *pfFlags=0x0 pwszSearchPath=0000000000000001:<flags> [calling]
8d4.576c: supR3HardenedMonitor_LdrLoadDll: returns rcNt=0x0 hMod=00007ffccf620000 'C:\Windows\system32\Shcore.dll'
8d4.576c: supR3HardenedWinVerifyCacheScheduleImports: Import todo: #0 'msvcrt.dll'.
8d4.576c: supR3HardenedWinVerifyCacheScheduleImports: Import todo: #16 'oleaut32.dll'.
8d4.576c: supR3HardenedWinVerifyCacheScheduleImports: Import todo: #17 'rpcrt4.dll'.
8d4.576c: supHardenedWinVerifyImageByHandle: -> 0 (\Device\HarddiskVolume3\Windows\System32\TextInputFramework.dll)
8d4.576c: supR3HardenedWinVerifyCacheInsert: \Device\HarddiskVolume3\Windows\System32\TextInputFramework.dll
8d4.576c: supR3HardenedDllNotificationCallback: load   00007ffcbde90000 LB 0x0014a000 C:\Windows\SYSTEM32\textinputframework.dll [fFlags=0x0]
8d4.576c: supR3HardenedScreenImage/LdrLoadDll: cache hit (VINF_SUCCESS) on \Device\HarddiskVolume3\Windows\System32\TextInputFramework.dll [avoiding WinVerifyTrust]
8d4.576c: supR3HardenedWinVerifyCacheProcessImportTodos: Processing 'rpcrt4.dll'...
8d4.576c: supR3HardenedWinVerifyCacheProcessImportTodos: 'rpcrt4.dll' -> '\Device\HarddiskVolume3\Windows\System32\rpcrt4.dll' [rcNtRedir=0xc0150008]
8d4.576c: supR3HardenedWinVerifyCacheProcessImportTodos: Processing 'oleaut32.dll'...
8d4.576c: supR3HardenedWinVerifyCacheProcessImportTodos: 'oleaut32.dll' -> '\Device\HarddiskVolume3\Windows\System32\oleaut32.dll' [rcNtRedir=0xc0150008]
8d4.576c: supR3HardenedScreenImage/Imports: cache hit (VINF_SUCCESS) on \Device\HarddiskVolume3\Windows\System32\oleaut32.dll
8d4.576c: supR3HardenedWinVerifyCacheProcessImportTodos: Processing 'msvcrt.dll'...
8d4.576c: supR3HardenedWinVerifyCacheProcessImportTodos: 'msvcrt.dll' -> '\Device\HarddiskVolume3\Windows\System32\msvcrt.dll' [rcNtRedir=0xc0150008]
8d4.576c: supR3HardenedMonitor_LdrLoadDll: returns rcNt=0x0 hMod=00007ffcccc40000 'C:\Windows\system32\rsaenh.dll'
8d4.576c: supR3HardenedMonitor_LdrLoadDll: returns rcNt=0x0 hMod=00007ffcce4c0000 'C:\Windows\System32\crypt32.dll'
8d4.576c: supR3HardenedWinVerifyCacheProcessWvtTodos: 0 (was 0) fWinVerifyTrust=1 for '\Device\HarddiskVolume3\Windows\System32\TextInputFramework.dll'
8d4.576c: supR3HardenedMonitor_LdrLoadDll: returns rcNt=0x0 hMod=00007ffcceb80000 'C:\Windows\System32\ole32.dll'
8d4.576c: supR3HardenedMonitor_LdrLoadDll: returns rcNt=0x0 hMod=00007ffcceaa0000 'C:\Windows\System32\OLEAUT32.dll'
8d4.576c: supR3HardNtViCallWinVerifyTrustCatFile: hFile=0000000000000b40 pwszName=\Device\HarddiskVolume3\Windows\System32\wbem\wbemprox.dll
8d4.576c: supR3HardNtViCallWinVerifyTrustCatFile: Cached context 000002075330f980
8d4.576c: supR3HardNtViCallWinVerifyTrustCatFile: hCatAdmin=000002075330f980
8d4.576c: supR3HardNtViCallWinVerifyTrustCatFile: cbHash=20 wszDigest=B8000896C12FE15A7E727CF00E6730B3BF796C0C
8d4.576c: supR3HardenedMonitor_LdrLoadDll: returns rcNt=0x0 hMod=00007ffcccc40000 'C:\Windows\system32\rsaenh.dll'
8d4.576c: supR3HardenedMonitor_LdrLoadDll: returns rcNt=0x0 hMod=00007ffcce4c0000 'C:\Windows\System32\crypt32.dll'
8d4.576c: supR3HardNtViCallWinVerifyTrustCatFile: WinVerifyTrust => 0x0; cat='C:\Windows\system32\CatRoot\{F750E6C3-38EE-11D1-85E5-00C04FC295EE}\Microsoft-Windows-Client-Desktop-Required-Package04~31bf3856ad364e35~amd64~~10.0.22621.2428.cat'; file='\Device\HarddiskVolume3\Windows\System32\wbem\wbemprox.dll'
8d4.576c: supR3HardNtViCallWinVerifyTrustCatFile -> 0 (org 22900)
8d4.576c: supR3HardenedWinVerifyCacheScheduleImports: Import todo: #0 'msvcrt.dll'.
8d4.576c: supR3HardenedWinVerifyCacheScheduleImports: Import todo: #16 'wbemcomn.dll'.
8d4.576c: supHardenedWinVerifyImageByHandle: -> 0 (\Device\HarddiskVolume3\Windows\System32\wbem\wbemprox.dll) WinVerifyTrust
8d4.576c: supR3HardenedWinVerifyCacheInsert: \Device\HarddiskVolume3\Windows\System32\wbem\wbemprox.dll
8d4.576c: supR3HardenedWinVerifyCacheProcessImportTodos: Processing 'wbemcomn.dll'...
8d4.576c: supR3HardenedWinVerifyCacheProcessImportTodos: 'wbemcomn.dll' -> '\Device\HarddiskVolume3\Windows\System32\wbemcomn.dll' [rcNtRedir=0xc0150008]
8d4.576c: supR3HardNtViCallWinVerifyTrustCatFile: hFile=0000000000000c18 pwszName=\Device\HarddiskVolume3\Windows\System32\wbemcomn.dll
8d4.576c: supR3HardNtViCallWinVerifyTrustCatFile: Cached context 000002075330f980
8d4.576c: supR3HardNtViCallWinVerifyTrustCatFile: hCatAdmin=000002075330f980
8d4.576c: supR3HardNtViCallWinVerifyTrustCatFile: cbHash=20 wszDigest=E3C24DA357936B83C408A2C99BB0510A23847A80
8d4.576c: supR3HardenedMonitor_LdrLoadDll: returns rcNt=0x0 hMod=00007ffcccc40000 'C:\Windows\system32\rsaenh.dll'
8d4.576c: supR3HardenedMonitor_LdrLoadDll: returns rcNt=0x0 hMod=00007ffcce4c0000 'C:\Windows\System32\crypt32.dll'
8d4.576c: supR3HardNtViCallWinVerifyTrustCatFile: WinVerifyTrust => 0x0; cat='C:\Windows\system32\CatRoot\{F750E6C3-38EE-11D1-85E5-00C04FC295EE}\Microsoft-Windows-Client-Desktop-Required-Package04~31bf3856ad364e35~amd64~~10.0.22621.2428.cat'; file='\Device\HarddiskVolume3\Windows\System32\wbemcomn.dll'
8d4.576c: supR3HardNtViCallWinVerifyTrustCatFile -> 0 (org 22900)
8d4.576c: supR3HardenedWinVerifyCacheScheduleImports: Import todo: #0 'msvcrt.dll'.
8d4.576c: supHardenedWinVerifyImageByHandle: -> 0 (\Device\HarddiskVolume3\Windows\System32\wbemcomn.dll) WinVerifyTrust
8d4.576c: supR3HardenedWinVerifyCacheInsert: \Device\HarddiskVolume3\Windows\System32\wbemcomn.dll
8d4.576c: supR3HardenedWinVerifyCacheProcessImportTodos: Processing 'msvcrt.dll'...
8d4.576c: supR3HardenedWinVerifyCacheProcessImportTodos: 'msvcrt.dll' -> '\Device\HarddiskVolume3\Windows\System32\msvcrt.dll' [rcNtRedir=0xc0150008]
8d4.576c: supR3HardenedWinVerifyCacheProcessImportTodos: Processing 'msvcrt.dll'...
8d4.576c: supR3HardenedWinVerifyCacheProcessImportTodos: 'msvcrt.dll' -> '\Device\HarddiskVolume3\Windows\System32\msvcrt.dll' [rcNtRedir=0xc0150008]
8d4.576c: supR3HardenedMonitor_LdrLoadDll: pName=C:\Windows\system32\wbem\wbemprox.dll (rcNtResolve=0xc0150008) *pfFlags=0x0 pwszSearchPath=0000000000002009:<flags> [calling]
8d4.576c: supR3HardenedScreenImage/NtCreateSection: cache hit (VINF_SUCCESS) on \Device\HarddiskVolume3\Windows\System32\wbem\wbemprox.dll
8d4.576c: supR3HardenedScreenImage/NtCreateSection: cache hit (VINF_SUCCESS) on \Device\HarddiskVolume3\Windows\System32\wbemcomn.dll
8d4.576c: supR3HardenedDllNotificationCallback: load   00007ffcb4330000 LB 0x00080000 C:\Windows\SYSTEM32\wbemcomn.dll [fFlags=0x0]
8d4.576c: supR3HardenedScreenImage/LdrLoadDll: cache hit (VINF_SUCCESS) on \Device\HarddiskVolume3\Windows\System32\wbemcomn.dll
8d4.576c: supR3HardenedDllNotificationCallback: load   00007ffcb43b0000 LB 0x00010000 C:\Windows\system32\wbem\wbemprox.dll [fFlags=0x0]
8d4.576c: supR3HardenedScreenImage/LdrLoadDll: cache hit (VINF_SUCCESS) on \Device\HarddiskVolume3\Windows\System32\wbem\wbemprox.dll
8d4.576c: supR3HardenedIsApiSetDll: ApiSetQueryApiSetPresence(API-MS-Win-Core-LocalRegistry-L1-1-0.dll) -> 0x0, fPresent=1
8d4.576c: supR3HardenedMonitor_LdrLoadDll: pName=API-MS-Win-Core-LocalRegistry-L1-1-0.dll (rcNtResolve=0x0) *pfFlags=0x0 pwszSearchPath=0000000000000009:<flags> [calling]
8d4.576c: supR3HardenedMonitor_LdrLoadDll: returns rcNt=0x0 hMod=00007ffccdde0000 'API-MS-Win-Core-LocalRegistry-L1-1-0.dll'
8d4.576c: supR3HardenedMonitor_LdrLoadDll: returns rcNt=0x0 hMod=00007ffcb43b0000 'C:\Windows\system32\wbem\wbemprox.dll'
8d4.576c: supR3HardNtViCallWinVerifyTrustCatFile: hFile=0000000000000ae8 pwszName=\Device\HarddiskVolume3\Windows\System32\wbem\wbemsvc.dll
8d4.576c: supR3HardNtViCallWinVerifyTrustCatFile: Cached context 000002075330f980
8d4.576c: supR3HardNtViCallWinVerifyTrustCatFile: hCatAdmin=000002075330f980
8d4.576c: supR3HardNtViCallWinVerifyTrustCatFile: cbHash=20 wszDigest=C6C68451C6DCC4CB6818E4D68C7BB502E43C2F14
8d4.576c: supR3HardenedMonitor_LdrLoadDll: returns rcNt=0x0 hMod=00007ffcccc40000 'C:\Windows\system32\rsaenh.dll'
8d4.576c: supR3HardenedMonitor_LdrLoadDll: returns rcNt=0x0 hMod=00007ffcce4c0000 'C:\Windows\System32\crypt32.dll'
8d4.576c: supR3HardNtViCallWinVerifyTrustCatFile: WinVerifyTrust => 0x0; cat='C:\Windows\system32\CatRoot\{F750E6C3-38EE-11D1-85E5-00C04FC295EE}\Microsoft-Windows-Client-Desktop-Required-Package04~31bf3856ad364e35~amd64~~10.0.22621.2428.cat'; file='\Device\HarddiskVolume3\Windows\System32\wbem\wbemsvc.dll'
8d4.576c: supR3HardNtViCallWinVerifyTrustCatFile -> 0 (org 22900)
8d4.576c: supR3HardenedWinVerifyCacheScheduleImports: Import todo: #0 'msvcrt.dll'.
8d4.576c: supR3HardenedWinVerifyCacheScheduleImports: Import todo: #1 'rpcrt4.dll'.
8d4.576c: supHardenedWinVerifyImageByHandle: -> 0 (\Device\HarddiskVolume3\Windows\System32\wbem\wbemsvc.dll) WinVerifyTrust
8d4.576c: supR3HardenedWinVerifyCacheInsert: \Device\HarddiskVolume3\Windows\System32\wbem\wbemsvc.dll
8d4.576c: supR3HardenedWinVerifyCacheProcessImportTodos: Processing 'rpcrt4.dll'...
8d4.576c: supR3HardenedWinVerifyCacheProcessImportTodos: 'rpcrt4.dll' -> '\Device\HarddiskVolume3\Windows\System32\rpcrt4.dll' [rcNtRedir=0xc0150008]
8d4.576c: supR3HardenedWinVerifyCacheProcessImportTodos: Processing 'msvcrt.dll'...
8d4.576c: supR3HardenedWinVerifyCacheProcessImportTodos: 'msvcrt.dll' -> '\Device\HarddiskVolume3\Windows\System32\msvcrt.dll' [rcNtRedir=0xc0150008]
8d4.576c: supR3HardenedMonitor_LdrLoadDll: pName=C:\Windows\system32\wbem\wbemsvc.dll (rcNtResolve=0xc0150008) *pfFlags=0x0 pwszSearchPath=0000000000002009:<flags> [calling]
8d4.576c: supR3HardenedScreenImage/NtCreateSection: cache hit (VINF_SUCCESS) on \Device\HarddiskVolume3\Windows\System32\wbem\wbemsvc.dll
8d4.576c: supR3HardenedDllNotificationCallback: load   00007ffcb37b0000 LB 0x00014000 C:\Windows\system32\wbem\wbemsvc.dll [fFlags=0x0]
8d4.576c: supR3HardenedScreenImage/LdrLoadDll: cache hit (VINF_SUCCESS) on \Device\HarddiskVolume3\Windows\System32\wbem\wbemsvc.dll
8d4.576c: supR3HardenedMonitor_LdrLoadDll: returns rcNt=0x0 hMod=00007ffcb37b0000 'C:\Windows\system32\wbem\wbemsvc.dll'
8d4.576c: supR3HardenedIsApiSetDll: ApiSetQueryApiSetPresence(api-ms-win-core-localization-l1-2-0.dll) -> 0x0, fPresent=1
8d4.576c: supR3HardenedMonitor_LdrLoadDll: pName=api-ms-win-core-localization-l1-2-0.dll (rcNtResolve=0x0) *pfFlags=0x0 pwszSearchPath=0000000000000009:<flags> [calling]
8d4.576c: supR3HardenedMonitor_LdrLoadDll: returns rcNt=0x0 hMod=00007ffccdde0000 'api-ms-win-core-localization-l1-2-0.dll'
8d4.576c: supR3HardenedIsApiSetDll: ApiSetQueryApiSetPresence(api-ms-win-core-localization-obsolete-l1-1-0.dll) -> 0x0, fPresent=1
8d4.576c: supR3HardenedMonitor_LdrLoadDll: pName=api-ms-win-core-localization-obsolete-l1-1-0.dll (rcNtResolve=0x0) *pfFlags=0x0 pwszSearchPath=0000000000000009:<flags> [calling]
8d4.576c: supR3HardenedMonitor_LdrLoadDll: returns rcNt=0x0 hMod=00007ffccdde0000 'api-ms-win-core-localization-obsolete-l1-1-0.dll'
8d4.576c: supR3HardNtViCallWinVerifyTrustCatFile: hFile=0000000000000cac pwszName=\Device\HarddiskVolume3\Windows\System32\wbem\fastprox.dll
8d4.576c: supR3HardNtViCallWinVerifyTrustCatFile: Cached context 000002075330f980
8d4.576c: supR3HardNtViCallWinVerifyTrustCatFile: hCatAdmin=000002075330f980
8d4.576c: supR3HardNtViCallWinVerifyTrustCatFile: cbHash=20 wszDigest=FC69080488818519621E3F65478526262791C1D2
8d4.576c: supR3HardenedMonitor_LdrLoadDll: returns rcNt=0x0 hMod=00007ffcccc40000 'C:\Windows\system32\rsaenh.dll'
8d4.576c: supR3HardenedMonitor_LdrLoadDll: returns rcNt=0x0 hMod=00007ffcce4c0000 'C:\Windows\System32\crypt32.dll'
8d4.576c: supR3HardNtViCallWinVerifyTrustCatFile: WinVerifyTrust => 0x0; cat='C:\Windows\system32\CatRoot\{F750E6C3-38EE-11D1-85E5-00C04FC295EE}\Microsoft-Windows-Client-Desktop-Required-Package04~31bf3856ad364e35~amd64~~10.0.22621.2428.cat'; file='\Device\HarddiskVolume3\Windows\System32\wbem\fastprox.dll'
8d4.576c: supR3HardNtViCallWinVerifyTrustCatFile -> 0 (org 22900)
8d4.576c: supR3HardenedWinVerifyCacheScheduleImports: Import todo: #0 'msvcrt.dll'.
8d4.576c: supR3HardenedWinVerifyCacheScheduleImports: Import todo: #20 'wbemcomn.dll'.
8d4.576c: supHardenedWinVerifyImageByHandle: -> 0 (\Device\HarddiskVolume3\Windows\System32\wbem\fastprox.dll) WinVerifyTrust
8d4.576c: supR3HardenedWinVerifyCacheInsert: \Device\HarddiskVolume3\Windows\System32\wbem\fastprox.dll
8d4.576c: supR3HardenedWinVerifyCacheProcessImportTodos: Processing 'wbemcomn.dll'...
8d4.576c: supR3HardenedWinVerifyCacheProcessImportTodos: 'wbemcomn.dll' -> '\Device\HarddiskVolume3\Windows\System32\wbemcomn.dll' [rcNtRedir=0xc0150008]
8d4.576c: supR3HardenedScreenImage/Imports: cache hit (VINF_SUCCESS) on \Device\HarddiskVolume3\Windows\System32\wbemcomn.dll
8d4.576c: supR3HardenedWinVerifyCacheProcessImportTodos: Processing 'msvcrt.dll'...
8d4.576c: supR3HardenedWinVerifyCacheProcessImportTodos: 'msvcrt.dll' -> '\Device\HarddiskVolume3\Windows\System32\msvcrt.dll' [rcNtRedir=0xc0150008]
8d4.576c: supR3HardenedMonitor_LdrLoadDll: pName=C:\Windows\system32\wbem\fastprox.dll (rcNtResolve=0xc0150008) *pfFlags=0x0 pwszSearchPath=0000000000002009:<flags> [calling]
8d4.576c: supR3HardenedScreenImage/NtCreateSection: cache hit (VINF_SUCCESS) on \Device\HarddiskVolume3\Windows\System32\wbem\fastprox.dll
8d4.576c: supR3HardenedDllNotificationCallback: load   00007ffcb37d0000 LB 0x000f8000 C:\Windows\system32\wbem\fastprox.dll [fFlags=0x0]
8d4.576c: supR3HardenedScreenImage/LdrLoadDll: cache hit (VINF_SUCCESS) on \Device\HarddiskVolume3\Windows\System32\wbem\fastprox.dll
8d4.576c: supR3HardenedMonitor_LdrLoadDll: returns rcNt=0x0 hMod=00007ffcb37d0000 'C:\Windows\system32\wbem\fastprox.dll'
8d4.576c: supR3HardNtViCallWinVerifyTrustCatFile: hFile=0000000000000d54 pwszName=\Device\HarddiskVolume3\Windows\System32\amsi.dll
8d4.576c: supR3HardNtViCallWinVerifyTrustCatFile: Cached context 000002075330f980
8d4.576c: supR3HardNtViCallWinVerifyTrustCatFile: hCatAdmin=000002075330f980
8d4.576c: supR3HardNtViCallWinVerifyTrustCatFile: cbHash=20 wszDigest=47FCE31AAF860A9E41EB3F3CBC4C21B1C3487C05
8d4.576c: supR3HardenedMonitor_LdrLoadDll: returns rcNt=0x0 hMod=00007ffcccc40000 'C:\Windows\system32\rsaenh.dll'
8d4.576c: supR3HardenedMonitor_LdrLoadDll: returns rcNt=0x0 hMod=00007ffcce4c0000 'C:\Windows\System32\crypt32.dll'
8d4.576c: supR3HardNtViCallWinVerifyTrustCatFile: WinVerifyTrust => 0x0; cat='C:\Windows\system32\CatRoot\{F750E6C3-38EE-11D1-85E5-00C04FC295EE}\Microsoft-Windows-Client-Desktop-Required-Package05~31bf3856ad364e35~amd64~~10.0.22621.2428.cat'; file='\Device\HarddiskVolume3\Windows\System32\amsi.dll'
8d4.576c: supR3HardNtViCallWinVerifyTrustCatFile -> 0 (org 22900)
8d4.576c: supR3HardenedWinVerifyCacheScheduleImports: Import todo: #0 'msvcrt.dll'.
8d4.576c: supR3HardenedWinVerifyCacheScheduleImports: Import todo: #14 'rpcrt4.dll'.
8d4.576c: supHardenedWinVerifyImageByHandle: -> 0 (\Device\HarddiskVolume3\Windows\System32\amsi.dll) WinVerifyTrust
8d4.576c: supR3HardenedWinVerifyCacheInsert: \Device\HarddiskVolume3\Windows\System32\amsi.dll
8d4.576c: supR3HardenedWinVerifyCacheProcessImportTodos: Processing 'rpcrt4.dll'...
8d4.576c: supR3HardenedWinVerifyCacheProcessImportTodos: 'rpcrt4.dll' -> '\Device\HarddiskVolume3\Windows\System32\rpcrt4.dll' [rcNtRedir=0xc0150008]
8d4.576c: supR3HardenedWinVerifyCacheProcessImportTodos: Processing 'msvcrt.dll'...
8d4.576c: supR3HardenedWinVerifyCacheProcessImportTodos: 'msvcrt.dll' -> '\Device\HarddiskVolume3\Windows\System32\msvcrt.dll' [rcNtRedir=0xc0150008]
8d4.576c: supR3HardenedMonitor_LdrLoadDll: pName=C:\Windows\System32\amsi.dll (Input=amsi.dll, rcNtResolve=0xc0150008) *pfFlags=0x0 pwszSearchPath=0000000000000801:<flags> [calling]
8d4.576c: supR3HardenedScreenImage/NtCreateSection: cache hit (VINF_SUCCESS) on \Device\HarddiskVolume3\Windows\System32\amsi.dll
8d4.576c: supR3HardenedDllNotificationCallback: load   00007ffcb2c40000 LB 0x0001d000 C:\Windows\System32\amsi.dll [fFlags=0x0]
8d4.576c: supR3HardenedScreenImage/LdrLoadDll: cache hit (VINF_SUCCESS) on \Device\HarddiskVolume3\Windows\System32\amsi.dll
8d4.576c: supR3HardenedMonitor_LdrLoadDll: returns rcNt=0x0 hMod=00007ffcb2c40000 'C:\Windows\System32\amsi.dll'
8d4.576c: \Device\HarddiskVolume3\Program Files (x86)\Kaspersky Lab\Kaspersky 21.24\x64\com_antivirus.dll: Signature #2/3: VERR_CR_X509_CPV_NO_TRUSTED_PATHS (-23021) w/ timestamp=0x69523ef3/link.
8d4.576c: supR3HardenedMonitor_LdrLoadDll: returns rcNt=0x0 hMod=00007ffcccc40000 'C:\Windows\system32\rsaenh.dll'
8d4.576c: supR3HardenedScreenImage/LdrLoadDll: cache hit (VINF_SUCCESS) on \Device\HarddiskVolume3\Windows\System32\crypt32.dll
8d4.576c: supR3HardenedMonitor_LdrLoadDll: pName=C:\Windows\System32\crypt32.dll (Input=crypt32.dll, rcNtResolve=0xc0150008) *pfFlags=0x0 pwszSearchPath=0000000000000001:<flags> [calling]
8d4.576c: supR3HardenedMonitor_LdrLoadDll: returns rcNt=0x0 hMod=00007ffcce4c0000 'C:\Windows\System32\crypt32.dll'
8d4.576c: supR3HardenedWinVerifyCacheScheduleImports: Import todo: #0 'crypt32.dll'.
8d4.576c: supR3HardenedWinVerifyCacheScheduleImports: Import todo: #2 'advapi32.dll'.
8d4.576c: supR3HardenedWinVerifyCacheScheduleImports: Import todo: #3 'ole32.dll'.
8d4.576c: supR3HardenedWinVerifyCacheScheduleImports: Import todo: #4 'oleaut32.dll'.
8d4.576c: supR3HardenedWinVerifyCacheScheduleImports: Import todo: #5 'ws2_32.dll'.
8d4.576c: supR3HardenedWinVerifyCacheScheduleImports: Import todo: #6 'rpcrt4.dll'.
8d4.576c: supR3HardenedWinVerifyCacheScheduleImports: Import todo: #7 'secur32.dll'.
8d4.576c: supR3HardenedWinVerifyCacheScheduleImports: Import todo: #8 'userenv.dll'.
8d4.576c: supR3HardenedWinVerifyCacheScheduleImports: Import todo: #9 'version.dll'.
8d4.576c: supHardenedWinVerifyImageByHandle: -> 0 (\Device\HarddiskVolume3\Program Files (x86)\Kaspersky Lab\Kaspersky 21.24\x64\com_antivirus.dll) WinVerifyTrust
8d4.576c: supR3HardenedWinVerifyCacheInsert: \Device\HarddiskVolume3\Program Files (x86)\Kaspersky Lab\Kaspersky 21.24\x64\com_antivirus.dll
8d4.576c: supR3HardenedWinVerifyCacheProcessImportTodos: Processing 'version.dll'...
8d4.576c: supR3HardenedWinVerifyCacheProcessImportTodos: 'version.dll' -> '\Device\HarddiskVolume3\Windows\System32\version.dll' [rcNtRedir=0xc0150008]
8d4.576c: supR3HardenedScreenImage/Imports: cache hit (VINF_SUCCESS) on \Device\HarddiskVolume3\Windows\System32\version.dll
8d4.576c: supR3HardenedWinVerifyCacheProcessImportTodos: Processing 'userenv.dll'...
8d4.576c: supR3HardenedWinVerifyCacheProcessImportTodos: 'userenv.dll' -> '\Device\HarddiskVolume3\Windows\System32\userenv.dll' [rcNtRedir=0xc0150008]
8d4.576c: supR3HardenedScreenImage/Imports: cache hit (VINF_SUCCESS) on \Device\HarddiskVolume3\Windows\System32\userenv.dll
8d4.576c: supR3HardenedWinVerifyCacheProcessImportTodos: Processing 'secur32.dll'...
8d4.576c: supR3HardenedWinVerifyCacheProcessImportTodos: 'secur32.dll' -> '\Device\HarddiskVolume3\Windows\System32\secur32.dll' [rcNtRedir=0xc0150008]
8d4.576c: supR3HardNtViCallWinVerifyTrustCatFile: hFile=0000000000000d48 pwszName=\Device\HarddiskVolume3\Windows\System32\secur32.dll
8d4.576c: supR3HardNtViCallWinVerifyTrustCatFile: Cached context 000002075330f980
8d4.576c: supR3HardNtViCallWinVerifyTrustCatFile: hCatAdmin=000002075330f980
8d4.576c: supR3HardNtViCallWinVerifyTrustCatFile: cbHash=20 wszDigest=25F16EFC63733B8610DB0A0655E1610D045490FF
8d4.576c: supR3HardenedMonitor_LdrLoadDll: returns rcNt=0x0 hMod=00007ffcccc40000 'C:\Windows\system32\rsaenh.dll'
8d4.576c: supR3HardenedMonitor_LdrLoadDll: returns rcNt=0x0 hMod=00007ffcce4c0000 'C:\Windows\System32\crypt32.dll'
8d4.576c: supR3HardNtViCallWinVerifyTrustCatFile: WinVerifyTrust => 0x0; cat='C:\Windows\system32\CatRoot\{F750E6C3-38EE-11D1-85E5-00C04FC295EE}\Microsoft-Windows-Client-Desktop-Required-Package05111~31bf3856ad364e35~amd64~~10.0.22621.2361.cat'; file='\Device\HarddiskVolume3\Windows\System32\secur32.dll'
8d4.576c: supR3HardNtViCallWinVerifyTrustCatFile -> 0 (org 22900)
8d4.576c: supHardenedWinVerifyImageByHandle: -> 0 (\Device\HarddiskVolume3\Windows\System32\secur32.dll) WinVerifyTrust
8d4.576c: supR3HardenedWinVerifyCacheInsert: \Device\HarddiskVolume3\Windows\System32\secur32.dll
8d4.576c: supR3HardenedWinVerifyCacheProcessImportTodos: Processing 'rpcrt4.dll'...
8d4.576c: supR3HardenedWinVerifyCacheProcessImportTodos: 'rpcrt4.dll' -> '\Device\HarddiskVolume3\Windows\System32\rpcrt4.dll' [rcNtRedir=0xc0150008]
8d4.576c: supR3HardenedWinVerifyCacheProcessImportTodos: Processing 'ws2_32.dll'...
8d4.576c: supR3HardenedWinVerifyCacheProcessImportTodos: 'ws2_32.dll' -> '\Device\HarddiskVolume3\Windows\System32\ws2_32.dll' [rcNtRedir=0xc0150008]
8d4.576c: supR3HardenedScreenImage/Imports: cache hit (VINF_SUCCESS) on \Device\HarddiskVolume3\Windows\System32\ws2_32.dll
8d4.576c: supR3HardenedWinVerifyCacheProcessImportTodos: Processing 'oleaut32.dll'...
8d4.576c: supR3HardenedWinVerifyCacheProcessImportTodos: 'oleaut32.dll' -> '\Device\HarddiskVolume3\Windows\System32\oleaut32.dll' [rcNtRedir=0xc0150008]
8d4.576c: supR3HardenedWinVerifyCacheProcessImportTodos: Processing 'ole32.dll'...
8d4.576c: supR3HardenedWinVerifyCacheProcessImportTodos: 'ole32.dll' -> '\Device\HarddiskVolume3\Windows\System32\ole32.dll' [rcNtRedir=0xc0150008]
8d4.576c: supR3HardenedWinVerifyCacheProcessImportTodos: Processing 'advapi32.dll'...
8d4.576c: supR3HardenedWinVerifyCacheProcessImportTodos: 'advapi32.dll' -> '\Device\HarddiskVolume3\Windows\System32\advapi32.dll' [rcNtRedir=0xc0150008]
8d4.576c: supR3HardenedWinVerifyCacheProcessImportTodos: Processing 'crypt32.dll'...
8d4.576c: supR3HardenedWinVerifyCacheProcessImportTodos: 'crypt32.dll' -> '\Device\HarddiskVolume3\Windows\System32\crypt32.dll' [rcNtRedir=0xc0150008]
8d4.576c: supR3HardenedMonitor_LdrLoadDll: pName=C:\Program Files (x86)\Kaspersky Lab\Kaspersky 21.24\x64\com_antivirus.dll (rcNtResolve=0xc0150008) *pfFlags=0x0 pwszSearchPath=0000000000000001:<flags> [calling]
8d4.576c: supR3HardenedScreenImage/NtCreateSection: cache hit (VINF_SUCCESS) on \Device\HarddiskVolume3\Program Files (x86)\Kaspersky Lab\Kaspersky 21.24\x64\com_antivirus.dll
8d4.576c: supR3HardenedScreenImage/NtCreateSection: cache hit (VINF_SUCCESS) on \Device\HarddiskVolume3\Windows\System32\secur32.dll
8d4.576c: supHardenedWinVerifyImageByHandle: -> 22900 (\Device\HarddiskVolume3\Windows\System32\dpapi.dll)
8d4.576c: supR3HardenedWinVerifyCacheInsert: \Device\HarddiskVolume3\Windows\System32\dpapi.dll
8d4.576c: supR3HardenedWinVerifyCacheScheduleImports: Import todo: #3 'rpcrt4.dll'.
8d4.576c: supHardenedWinVerifyImageByHandle: -> 0 (\Device\HarddiskVolume3\Windows\System32\sspicli.dll)
8d4.576c: supR3HardenedWinVerifyCacheInsert: \Device\HarddiskVolume3\Windows\System32\sspicli.dll
8d4.576c: supR3HardenedDllNotificationCallback: load   00007ffcccab0000 LB 0x0000c000 C:\Windows\SYSTEM32\Secur32.dll [fFlags=0x0]
8d4.576c: supR3HardenedScreenImage/LdrLoadDll: cache hit (VINF_SUCCESS) on \Device\HarddiskVolume3\Windows\System32\secur32.dll
8d4.576c: supR3HardenedDllNotificationCallback: load   00007ffccd9a0000 LB 0x0000a000 C:\Windows\SYSTEM32\DPAPI.DLL [fFlags=0x0]
8d4.576c: supR3HardenedScreenImage/LdrLoadDll: cache hit (22900) on \Device\HarddiskVolume3\Windows\System32\dpapi.dll [avoiding WinVerifyTrust]
8d4.576c: supR3HardenedDllNotificationCallback: load   00007ffcccf60000 LB 0x00042000 C:\Windows\SYSTEM32\SSPICLI.DLL [fFlags=0x0]
8d4.576c: supR3HardenedScreenImage/LdrLoadDll: cache hit (VINF_SUCCESS) on \Device\HarddiskVolume3\Windows\System32\sspicli.dll [avoiding WinVerifyTrust]
8d4.576c: supR3HardenedDllNotificationCallback: load   00007ffcb2a10000 LB 0x0022d000 C:\Program Files (x86)\Kaspersky Lab\Kaspersky 21.24\x64\com_antivirus.dll [fFlags=0x0]
8d4.576c: supR3HardenedScreenImage/LdrLoadDll: cache hit (VINF_SUCCESS) on \Device\HarddiskVolume3\Program Files (x86)\Kaspersky Lab\Kaspersky 21.24\x64\com_antivirus.dll
8d4.576c: Detected loader lock ownership: rc=VINF_SUCCESS '\Device\HarddiskVolume3\Windows\System32\sspicli.dll'.
8d4.576c: supR3HardenedWinVerifyCacheProcessWvtTodos: 0 (was 0) fWinVerifyTrust=0 for '\Device\HarddiskVolume3\Windows\System32\sspicli.dll' [rescheduled]
8d4.576c: Detected loader lock ownership: rc=22900 '\Device\HarddiskVolume3\Windows\System32\dpapi.dll'.
8d4.576c: supR3HardenedWinVerifyCacheProcessWvtTodos: 22900 (was 22900) fWinVerifyTrust=0 for '\Device\HarddiskVolume3\Windows\System32\dpapi.dll' [rescheduled]
8d4.576c: supR3HardenedIsApiSetDll: ApiSetQueryApiSetPresence(api-ms-win-core-synch-l1-2-0) -> 0x0, fPresent=1
8d4.576c: supR3HardenedMonitor_LdrLoadDll: pName=api-ms-win-core-synch-l1-2-0 (rcNtResolve=0x0) *pfFlags=0x0 pwszSearchPath=0000000000000801:<flags> [calling]
8d4.576c: supR3HardenedMonitor_LdrLoadDll: returns rcNt=0x0 hMod=00007ffccdde0000 'api-ms-win-core-synch-l1-2-0'
8d4.576c: Detected loader lock ownership: rc=VINF_SUCCESS '\Device\HarddiskVolume3\Windows\System32\sspicli.dll'.
8d4.576c: supR3HardenedWinVerifyCacheProcessWvtTodos: 0 (was 0) fWinVerifyTrust=0 for '\Device\HarddiskVolume3\Windows\System32\sspicli.dll' [rescheduled]
8d4.576c: Detected loader lock ownership: rc=22900 '\Device\HarddiskVolume3\Windows\System32\dpapi.dll'.
8d4.576c: supR3HardenedWinVerifyCacheProcessWvtTodos: 22900 (was 22900) fWinVerifyTrust=0 for '\Device\HarddiskVolume3\Windows\System32\dpapi.dll' [rescheduled]
8d4.576c: Detected loader lock ownership: rc=VINF_SUCCESS '\Device\HarddiskVolume3\Windows\System32\sspicli.dll'.
8d4.576c: supR3HardenedWinVerifyCacheProcessWvtTodos: 0 (was 0) fWinVerifyTrust=0 for '\Device\HarddiskVolume3\Windows\System32\sspicli.dll' [rescheduled]
8d4.576c: Detected loader lock ownership: rc=22900 '\Device\HarddiskVolume3\Windows\System32\dpapi.dll'.
8d4.576c: supR3HardenedWinVerifyCacheProcessWvtTodos: 22900 (was 22900) fWinVerifyTrust=0 for '\Device\HarddiskVolume3\Windows\System32\dpapi.dll' [rescheduled]
8d4.576c: supR3HardenedIsApiSetDll: ApiSetQueryApiSetPresence(api-ms-win-core-fibers-l1-1-1) -> 0x0, fPresent=1
8d4.576c: supR3HardenedMonitor_LdrLoadDll: pName=api-ms-win-core-fibers-l1-1-1 (rcNtResolve=0x0) *pfFlags=0x0 pwszSearchPath=0000000000000801:<flags> [calling]
8d4.576c: supR3HardenedMonitor_LdrLoadDll: returns rcNt=0x0 hMod=00007ffccdde0000 'api-ms-win-core-fibers-l1-1-1'
8d4.576c: Detected loader lock ownership: rc=VINF_SUCCESS '\Device\HarddiskVolume3\Windows\System32\sspicli.dll'.
8d4.576c: supR3HardenedWinVerifyCacheProcessWvtTodos: 0 (was 0) fWinVerifyTrust=0 for '\Device\HarddiskVolume3\Windows\System32\sspicli.dll' [rescheduled]
8d4.576c: Detected loader lock ownership: rc=22900 '\Device\HarddiskVolume3\Windows\System32\dpapi.dll'.
8d4.576c: supR3HardenedWinVerifyCacheProcessWvtTodos: 22900 (was 22900) fWinVerifyTrust=0 for '\Device\HarddiskVolume3\Windows\System32\dpapi.dll' [rescheduled]
8d4.576c: Detected loader lock ownership: rc=VINF_SUCCESS '\Device\HarddiskVolume3\Windows\System32\sspicli.dll'.
8d4.576c: supR3HardenedWinVerifyCacheProcessWvtTodos: 0 (was 0) fWinVerifyTrust=0 for '\Device\HarddiskVolume3\Windows\System32\sspicli.dll' [rescheduled]
8d4.576c: Detected loader lock ownership: rc=22900 '\Device\HarddiskVolume3\Windows\System32\dpapi.dll'.
8d4.576c: supR3HardenedWinVerifyCacheProcessWvtTodos: 22900 (was 22900) fWinVerifyTrust=0 for '\Device\HarddiskVolume3\Windows\System32\dpapi.dll' [rescheduled]
8d4.576c: supR3HardenedIsApiSetDll: ApiSetQueryApiSetPresence(api-ms-win-core-synch-l1-2-0) -> 0x0, fPresent=1
8d4.576c: supR3HardenedMonitor_LdrLoadDll: pName=api-ms-win-core-synch-l1-2-0 (rcNtResolve=0x0) *pfFlags=0x0 pwszSearchPath=0000000000000801:<flags> [calling]
8d4.576c: supR3HardenedMonitor_LdrLoadDll: returns rcNt=0x0 hMod=00007ffccdde0000 'api-ms-win-core-synch-l1-2-0'
8d4.576c: Detected loader lock ownership: rc=VINF_SUCCESS '\Device\HarddiskVolume3\Windows\System32\sspicli.dll'.
8d4.576c: supR3HardenedWinVerifyCacheProcessWvtTodos: 0 (was 0) fWinVerifyTrust=0 for '\Device\HarddiskVolume3\Windows\System32\sspicli.dll' [rescheduled]
8d4.576c: Detected loader lock ownership: rc=22900 '\Device\HarddiskVolume3\Windows\System32\dpapi.dll'.
8d4.576c: supR3HardenedWinVerifyCacheProcessWvtTodos: 22900 (was 22900) fWinVerifyTrust=0 for '\Device\HarddiskVolume3\Windows\System32\dpapi.dll' [rescheduled]
8d4.576c: Detected loader lock ownership: rc=VINF_SUCCESS '\Device\HarddiskVolume3\Windows\System32\sspicli.dll'.
8d4.576c: supR3HardenedWinVerifyCacheProcessWvtTodos: 0 (was 0) fWinVerifyTrust=0 for '\Device\HarddiskVolume3\Windows\System32\sspicli.dll' [rescheduled]
8d4.576c: Detected loader lock ownership: rc=22900 '\Device\HarddiskVolume3\Windows\System32\dpapi.dll'.
8d4.576c: supR3HardenedWinVerifyCacheProcessWvtTodos: 22900 (was 22900) fWinVerifyTrust=0 for '\Device\HarddiskVolume3\Windows\System32\dpapi.dll' [rescheduled]
8d4.576c: supR3HardenedWinVerifyCacheProcessImportTodos: Processing 'rpcrt4.dll'...
8d4.576c: supR3HardenedWinVerifyCacheProcessImportTodos: 'rpcrt4.dll' -> '\Device\HarddiskVolume3\Windows\System32\rpcrt4.dll' [rcNtRedir=0xc0150008]
8d4.576c: supR3HardenedMonitor_LdrLoadDll: returns rcNt=0x0 hMod=00007ffccf4a0000 'C:\Windows\System32\kernel32.dll'
8d4.576c: Detected loader lock ownership: rc=VINF_SUCCESS '\Device\HarddiskVolume3\Windows\System32\sspicli.dll'.
8d4.576c: supR3HardenedWinVerifyCacheProcessWvtTodos: 0 (was 0) fWinVerifyTrust=0 for '\Device\HarddiskVolume3\Windows\System32\sspicli.dll' [rescheduled]
8d4.576c: Detected loader lock ownership: rc=22900 '\Device\HarddiskVolume3\Windows\System32\dpapi.dll'.
8d4.576c: supR3HardenedWinVerifyCacheProcessWvtTodos: 22900 (was 22900) fWinVerifyTrust=0 for '\Device\HarddiskVolume3\Windows\System32\dpapi.dll' [rescheduled]
8d4.576c: Detected loader lock ownership: rc=VINF_SUCCESS '\Device\HarddiskVolume3\Windows\System32\sspicli.dll'.
8d4.576c: supR3HardenedWinVerifyCacheProcessWvtTodos: 0 (was 0) fWinVerifyTrust=0 for '\Device\HarddiskVolume3\Windows\System32\sspicli.dll' [rescheduled]
8d4.576c: Detected loader lock ownership: rc=22900 '\Device\HarddiskVolume3\Windows\System32\dpapi.dll'.
8d4.576c: supR3HardenedWinVerifyCacheProcessWvtTodos: 22900 (was 22900) fWinVerifyTrust=0 for '\Device\HarddiskVolume3\Windows\System32\dpapi.dll' [rescheduled]
8d4.576c: supR3HardenedIsApiSetDll: ApiSetQueryApiSetPresence(api-ms-win-core-string-l1-1-0) -> 0x0, fPresent=1
8d4.576c: supR3HardenedMonitor_LdrLoadDll: pName=api-ms-win-core-string-l1-1-0 (rcNtResolve=0x0) *pfFlags=0x0 pwszSearchPath=0000000000000801:<flags> [calling]
8d4.576c: supR3HardenedMonitor_LdrLoadDll: returns rcNt=0x0 hMod=00007ffccdde0000 'api-ms-win-core-string-l1-1-0'
8d4.576c: Detected loader lock ownership: rc=VINF_SUCCESS '\Device\HarddiskVolume3\Windows\System32\sspicli.dll'.
8d4.576c: supR3HardenedWinVerifyCacheProcessWvtTodos: 0 (was 0) fWinVerifyTrust=0 for '\Device\HarddiskVolume3\Windows\System32\sspicli.dll' [rescheduled]
8d4.576c: Detected loader lock ownership: rc=22900 '\Device\HarddiskVolume3\Windows\System32\dpapi.dll'.
8d4.576c: supR3HardenedWinVerifyCacheProcessWvtTodos: 22900 (was 22900) fWinVerifyTrust=0 for '\Device\HarddiskVolume3\Windows\System32\dpapi.dll' [rescheduled]
8d4.576c: Detected loader lock ownership: rc=VINF_SUCCESS '\Device\HarddiskVolume3\Windows\System32\sspicli.dll'.
8d4.576c: supR3HardenedWinVerifyCacheProcessWvtTodos: 0 (was 0) fWinVerifyTrust=0 for '\Device\HarddiskVolume3\Windows\System32\sspicli.dll' [rescheduled]
8d4.576c: Detected loader lock ownership: rc=22900 '\Device\HarddiskVolume3\Windows\System32\dpapi.dll'.
8d4.576c: supR3HardenedWinVerifyCacheProcessWvtTodos: 22900 (was 22900) fWinVerifyTrust=0 for '\Device\HarddiskVolume3\Windows\System32\dpapi.dll' [rescheduled]
8d4.576c: supR3HardenedIsApiSetDll: ApiSetQueryApiSetPresence(api-ms-win-core-localization-l1-2-1) -> 0x0, fPresent=1
8d4.576c: supR3HardenedMonitor_LdrLoadDll: pName=api-ms-win-core-localization-l1-2-1 (rcNtResolve=0x0) *pfFlags=0x0 pwszSearchPath=0000000000000801:<flags> [calling]
8d4.576c: supR3HardenedMonitor_LdrLoadDll: returns rcNt=0x0 hMod=00007ffccdde0000 'api-ms-win-core-localization-l1-2-1'
8d4.576c: Detected loader lock ownership: rc=VINF_SUCCESS '\Device\HarddiskVolume3\Windows\System32\sspicli.dll'.
8d4.576c: supR3HardenedWinVerifyCacheProcessWvtTodos: 0 (was 0) fWinVerifyTrust=0 for '\Device\HarddiskVolume3\Windows\System32\sspicli.dll' [rescheduled]
8d4.576c: Detected loader lock ownership: rc=22900 '\Device\HarddiskVolume3\Windows\System32\dpapi.dll'.
8d4.576c: supR3HardenedWinVerifyCacheProcessWvtTodos: 22900 (was 22900) fWinVerifyTrust=0 for '\Device\HarddiskVolume3\Windows\System32\dpapi.dll' [rescheduled]
8d4.576c: Detected loader lock ownership: rc=VINF_SUCCESS '\Device\HarddiskVolume3\Windows\System32\sspicli.dll'.
8d4.576c: supR3HardenedWinVerifyCacheProcessWvtTodos: 0 (was 0) fWinVerifyTrust=0 for '\Device\HarddiskVolume3\Windows\System32\sspicli.dll' [rescheduled]
8d4.576c: Detected loader lock ownership: rc=22900 '\Device\HarddiskVolume3\Windows\System32\dpapi.dll'.
8d4.576c: supR3HardenedWinVerifyCacheProcessWvtTodos: 22900 (was 22900) fWinVerifyTrust=0 for '\Device\HarddiskVolume3\Windows\System32\dpapi.dll' [rescheduled]
8d4.576c: supR3HardenedIsApiSetDll: ApiSetQueryApiSetPresence(api-ms-win-core-datetime-l1-1-1) -> 0x0, fPresent=1
8d4.576c: supR3HardenedMonitor_LdrLoadDll: pName=api-ms-win-core-datetime-l1-1-1 (rcNtResolve=0x0) *pfFlags=0x0 pwszSearchPath=0000000000000801:<flags> [calling]
8d4.576c: supR3HardenedMonitor_LdrLoadDll: returns rcNt=0x0 hMod=00007ffccdde0000 'api-ms-win-core-datetime-l1-1-1'
8d4.576c: Detected loader lock ownership: rc=VINF_SUCCESS '\Device\HarddiskVolume3\Windows\System32\sspicli.dll'.
8d4.576c: supR3HardenedWinVerifyCacheProcessWvtTodos: 0 (was 0) fWinVerifyTrust=0 for '\Device\HarddiskVolume3\Windows\System32\sspicli.dll' [rescheduled]
8d4.576c: Detected loader lock ownership: rc=22900 '\Device\HarddiskVolume3\Windows\System32\dpapi.dll'.
8d4.576c: supR3HardenedWinVerifyCacheProcessWvtTodos: 22900 (was 22900) fWinVerifyTrust=0 for '\Device\HarddiskVolume3\Windows\System32\dpapi.dll' [rescheduled]
8d4.576c: Detected loader lock ownership: rc=VINF_SUCCESS '\Device\HarddiskVolume3\Windows\System32\sspicli.dll'.
8d4.576c: supR3HardenedWinVerifyCacheProcessWvtTodos: 0 (was 0) fWinVerifyTrust=0 for '\Device\HarddiskVolume3\Windows\System32\sspicli.dll' [rescheduled]
8d4.576c: Detected loader lock ownership: rc=22900 '\Device\HarddiskVolume3\Windows\System32\dpapi.dll'.
8d4.576c: supR3HardenedWinVerifyCacheProcessWvtTodos: 22900 (was 22900) fWinVerifyTrust=0 for '\Device\HarddiskVolume3\Windows\System32\dpapi.dll' [rescheduled]
8d4.576c: supR3HardenedIsApiSetDll: ApiSetQueryApiSetPresence(api-ms-win-core-localization-obsolete-l1-2-0) -> 0x0, fPresent=1
8d4.576c: supR3HardenedMonitor_LdrLoadDll: pName=api-ms-win-core-localization-obsolete-l1-2-0 (rcNtResolve=0x0) *pfFlags=0x0 pwszSearchPath=0000000000000801:<flags> [calling]
8d4.576c: supR3HardenedMonitor_LdrLoadDll: returns rcNt=0x0 hMod=00007ffccdde0000 'api-ms-win-core-localization-obsolete-l1-2-0'
8d4.576c: Detected loader lock ownership: rc=VINF_SUCCESS '\Device\HarddiskVolume3\Windows\System32\sspicli.dll'.
8d4.576c: supR3HardenedWinVerifyCacheProcessWvtTodos: 0 (was 0) fWinVerifyTrust=0 for '\Device\HarddiskVolume3\Windows\System32\sspicli.dll' [rescheduled]
8d4.576c: Detected loader lock ownership: rc=22900 '\Device\HarddiskVolume3\Windows\System32\dpapi.dll'.
8d4.576c: supR3HardenedWinVerifyCacheProcessWvtTodos: 22900 (was 22900) fWinVerifyTrust=0 for '\Device\HarddiskVolume3\Windows\System32\dpapi.dll' [rescheduled]
8d4.576c: supR3HardenedMonitor_LdrLoadDll: returns rcNt=0x0 hMod=00007ffcb2a10000 'C:\Program Files (x86)\Kaspersky Lab\Kaspersky 21.24\x64\com_antivirus.dll'
8d4.576c: supR3HardenedMonitor_LdrLoadDll: returns rcNt=0x0 hMod=00007ffcccc40000 'C:\Windows\system32\rsaenh.dll'
8d4.576c: supR3HardenedMonitor_LdrLoadDll: returns rcNt=0x0 hMod=00007ffcce4c0000 'C:\Windows\System32\crypt32.dll'
8d4.576c: supR3HardenedWinVerifyCacheProcessWvtTodos: 0 (was 0) fWinVerifyTrust=1 for '\Device\HarddiskVolume3\Windows\System32\sspicli.dll'
8d4.576c: supR3HardNtViCallWinVerifyTrustCatFile: hFile=0000000000000d60 pwszName=\Device\HarddiskVolume3\Windows\System32\dpapi.dll
8d4.576c: supR3HardNtViCallWinVerifyTrustCatFile: Cached context 000002075330f980
8d4.576c: supR3HardNtViCallWinVerifyTrustCatFile: hCatAdmin=000002075330f980
8d4.576c: supR3HardNtViCallWinVerifyTrustCatFile: cbHash=20 wszDigest=2417F7C76C54AE551C335CF73C4BEC758FE4403F
8d4.576c: supR3HardenedMonitor_LdrLoadDll: returns rcNt=0x0 hMod=00007ffcccc40000 'C:\Windows\system32\rsaenh.dll'
8d4.576c: supR3HardenedMonitor_LdrLoadDll: returns rcNt=0x0 hMod=00007ffcce4c0000 'C:\Windows\System32\crypt32.dll'
8d4.576c: supR3HardNtViCallWinVerifyTrustCatFile: WinVerifyTrust => 0x0; cat='C:\Windows\system32\CatRoot\{F750E6C3-38EE-11D1-85E5-00C04FC295EE}\Microsoft-Windows-Client-Desktop-Required-Package05142030~31bf3856ad364e35~amd64~~10.0.22621.2428.cat'; file='\Device\HarddiskVolume3\Windows\System32\dpapi.dll'
8d4.576c: supR3HardNtViCallWinVerifyTrustCatFile -> 0 (org 22900)
8d4.576c: supR3HardenedWinVerifyCacheProcessWvtTodos: 0 (was 22900) fWinVerifyTrust=1 for '\Device\HarddiskVolume3\Windows\System32\dpapi.dll'
8d4.576c: supR3HardenedMonitor_LdrLoadDll: returns rcNt=0x0 hMod=00007ffcce8f0000 'C:\Windows\System32\ADVAPI32.dll'
8d4.33bc: supR3HardenedMonitor_LdrLoadDll: returns rcNt=0x0 hMod=00007ffcceb80000 'C:\Windows\system32\ole32.dll'
8d4.33bc: supR3HardenedScreenImage/LdrLoadDll: cache hit (VINF_SUCCESS) on \Device\HarddiskVolume3\Windows\System32\rsaenh.dll
8d4.33bc: supR3HardenedMonitor_LdrLoadDll: pName=C:\Windows\system32\rsaenh.dll (rcNtResolve=0xc0150008) *pfFlags=0x0 pwszSearchPath=0000000000000001:<flags> [calling]
8d4.33bc: supR3HardenedMonitor_LdrLoadDll: returns rcNt=0x0 hMod=00007ffcccc40000 'C:\Windows\system32\rsaenh.dll'
8d4.33bc: supR3HardenedMonitor_LdrLoadDll: returns rcNt=0x0 hMod=00007ffcce4c0000 'C:\Windows\System32\crypt32.dll'
8d4.576c: supR3HardNtViCallWinVerifyTrustCatFile: hFile=0000000000001108 pwszName=\Device\HarddiskVolume3\Windows\System32\ExplorerFrame.dll
8d4.576c: supR3HardNtViCallWinVerifyTrustCatFile: Cached context 000002075330f980
8d4.576c: supR3HardNtViCallWinVerifyTrustCatFile: hCatAdmin=000002075330f980
8d4.576c: supR3HardNtViCallWinVerifyTrustCatFile: cbHash=20 wszDigest=582BF6E1074B0FF18424512139CC245D9F617309
8d4.576c: supR3HardenedMonitor_LdrLoadDll: returns rcNt=0x0 hMod=00007ffcccc40000 'C:\Windows\system32\rsaenh.dll'
8d4.576c: supR3HardenedMonitor_LdrLoadDll: returns rcNt=0x0 hMod=00007ffcce4c0000 'C:\Windows\System32\crypt32.dll'
8d4.576c: supR3HardNtViCallWinVerifyTrustCatFile: WinVerifyTrust => 0x0; cat='C:\Windows\system32\CatRoot\{F750E6C3-38EE-11D1-85E5-00C04FC295EE}\Microsoft-Windows-Client-Desktop-Required-Package05112~31bf3856ad364e35~amd64~~10.0.22621.2428.cat'; file='\Device\HarddiskVolume3\Windows\System32\ExplorerFrame.dll'
8d4.576c: supR3HardNtViCallWinVerifyTrustCatFile -> 0 (org 22900)
8d4.576c: supR3HardenedWinVerifyCacheScheduleImports: Import todo: #0 'msvcp_win.dll'.
8d4.576c: supR3HardenedWinVerifyCacheScheduleImports: Import todo: #4 'shcore.dll'.
8d4.576c: supR3HardenedWinVerifyCacheScheduleImports: Import todo: #5 'shell32.dll'.
8d4.576c: supR3HardenedWinVerifyCacheScheduleImports: Import todo: #6 'shlwapi.dll'.
8d4.576c: supR3HardenedWinVerifyCacheScheduleImports: Import todo: #28 'rpcrt4.dll'.
8d4.576c: supR3HardenedWinVerifyCacheScheduleImports: Import todo: #45 'advapi32.dll'.
8d4.576c: supR3HardenedWinVerifyCacheScheduleImports: Import todo: #46 'imm32.dll'.
8d4.576c: supR3HardenedWinVerifyCacheScheduleImports: Import todo: #48 'user32.dll'.
8d4.576c: supR3HardenedWinVerifyCacheScheduleImports: Import todo: #49 'gdi32.dll'.
8d4.576c: supHardenedWinVerifyImageByHandle: -> 0 (\Device\HarddiskVolume3\Windows\System32\ExplorerFrame.dll) WinVerifyTrust
8d4.576c: supR3HardenedWinVerifyCacheInsert: \Device\HarddiskVolume3\Windows\System32\ExplorerFrame.dll
8d4.576c: supR3HardenedWinVerifyCacheProcessImportTodos: Processing 'gdi32.dll'...
8d4.576c: supR3HardenedWinVerifyCacheProcessImportTodos: 'gdi32.dll' -> '\Device\HarddiskVolume3\Windows\System32\gdi32.dll' [rcNtRedir=0xc0150008]
8d4.576c: supR3HardenedWinVerifyCacheProcessImportTodos: Processing 'user32.dll'...
8d4.576c: supR3HardenedWinVerifyCacheProcessImportTodos: 'user32.dll' -> '\Device\HarddiskVolume3\Windows\System32\user32.dll' [rcNtRedir=0xc0150008]
8d4.576c: supR3HardenedWinVerifyCacheProcessImportTodos: Processing 'imm32.dll'...
8d4.576c: supR3HardenedWinVerifyCacheProcessImportTodos: 'imm32.dll' -> '\Device\HarddiskVolume3\Windows\System32\imm32.dll' [rcNtRedir=0xc0150008]
8d4.576c: supR3HardenedScreenImage/Imports: cache hit (VINF_SUCCESS) on \Device\HarddiskVolume3\Windows\System32\imm32.dll
8d4.576c: supR3HardenedWinVerifyCacheProcessImportTodos: Processing 'advapi32.dll'...
8d4.576c: supR3HardenedWinVerifyCacheProcessImportTodos: 'advapi32.dll' -> '\Device\HarddiskVolume3\Windows\System32\advapi32.dll' [rcNtRedir=0xc0150008]
8d4.576c: supR3HardenedWinVerifyCacheProcessImportTodos: Processing 'rpcrt4.dll'...
8d4.576c: supR3HardenedWinVerifyCacheProcessImportTodos: 'rpcrt4.dll' -> '\Device\HarddiskVolume3\Windows\System32\rpcrt4.dll' [rcNtRedir=0xc0150008]
8d4.576c: supR3HardenedWinVerifyCacheProcessImportTodos: Processing 'shlwapi.dll'...
8d4.576c: supR3HardenedWinVerifyCacheProcessImportTodos: 'shlwapi.dll' -> '\Device\HarddiskVolume3\Windows\System32\shlwapi.dll' [rcNtRedir=0xc0150008]
8d4.576c: supR3HardenedScreenImage/Imports: cache hit (VINF_SUCCESS) on \Device\HarddiskVolume3\Windows\System32\shlwapi.dll
8d4.576c: supR3HardenedWinVerifyCacheProcessImportTodos: Processing 'shell32.dll'...
8d4.576c: supR3HardenedWinVerifyCacheProcessImportTodos: 'shell32.dll' -> '\Device\HarddiskVolume3\Windows\System32\shell32.dll' [rcNtRedir=0xc0150008]
8d4.576c: supR3HardenedScreenImage/Imports: cache hit (VINF_SUCCESS) on \Device\HarddiskVolume3\Windows\System32\shell32.dll
8d4.576c: supR3HardenedWinVerifyCacheProcessImportTodos: Processing 'shcore.dll'...
8d4.576c: supR3HardenedWinVerifyCacheProcessImportTodos: 'shcore.dll' -> '\Device\HarddiskVolume3\Windows\System32\shcore.dll' [rcNtRedir=0xc0150008]
8d4.576c: supR3HardenedScreenImage/Imports: cache hit (VINF_SUCCESS) on \Device\HarddiskVolume3\Windows\System32\SHCore.dll
8d4.576c: supR3HardenedWinVerifyCacheProcessImportTodos: Processing 'msvcp_win.dll'...
8d4.576c: supR3HardenedWinVerifyCacheProcessImportTodos: 'msvcp_win.dll' -> '\Device\HarddiskVolume3\Windows\System32\msvcp_win.dll' [rcNtRedir=0xc0150008]
8d4.576c: supR3HardenedMonitor_LdrLoadDll: pName=C:\Windows\system32\explorerframe.dll (rcNtResolve=0xc0150008) *pfFlags=0x0 pwszSearchPath=0000000000002009:<flags> [calling]
8d4.576c: supR3HardenedScreenImage/NtCreateSection: cache hit (VINF_SUCCESS) on \Device\HarddiskVolume3\Windows\System32\ExplorerFrame.dll
8d4.576c: supR3HardenedDllNotificationCallback: load   00007ffc843d0000 LB 0x002a9000 C:\Windows\system32\explorerframe.dll [fFlags=0x0]
8d4.576c: supR3HardenedScreenImage/LdrLoadDll: cache hit (VINF_SUCCESS) on \Device\HarddiskVolume3\Windows\System32\ExplorerFrame.dll
8d4.576c: supR3HardenedMonitor_LdrLoadDll: returns rcNt=0x0 hMod=00007ffc843d0000 'C:\Windows\system32\explorerframe.dll'
8d4.5b74: supR3HardenedMonitor_LdrLoadDll: returns rcNt=0x0 hMod=00007ffcccc40000 'C:\Windows\system32\rsaenh.dll'
8d4.5b74: supR3HardenedMonitor_LdrLoadDll: returns rcNt=0x0 hMod=00007ffcce4c0000 'C:\Windows\System32\crypt32.dll'
8d4.5b74: supR3HardenedWinVerifyCacheScheduleImports: Import todo: #0 'vcruntime140.dll'.
8d4.5b74: supR3HardenedWinVerifyCacheScheduleImports: Import todo: #1 'vcruntime140_1.dll'.
8d4.5b74: supR3HardenedWinVerifyCacheScheduleImports: Import todo: #2 'msvcp140.dll'.
8d4.5b74: supR3HardenedWinVerifyCacheScheduleImports: Import todo: #3 'vboxrt.dll'.
8d4.5b74: supR3HardenedWinVerifyCacheScheduleImports: Import todo: #7 'user32.dll'.
8d4.5b74: supR3HardenedWinVerifyCacheScheduleImports: Import todo: #8 'shell32.dll'.
8d4.5b74: supR3HardenedWinVerifyCacheScheduleImports: Import todo: #9 'ole32.dll'.
8d4.5b74: supHardenedWinVerifyImageByHandle: -> 0 (\Device\HarddiskVolume3\Program Files\Oracle\VirtualBox\VBoxSharedClipboard.dll) WinVerifyTrust
8d4.5b74: supR3HardenedWinVerifyCacheInsert: \Device\HarddiskVolume3\Program Files\Oracle\VirtualBox\VBoxSharedClipboard.dll
8d4.5b74: supR3HardenedWinVerifyCacheProcessImportTodos: Processing 'ole32.dll'...
8d4.5b74: supR3HardenedWinVerifyCacheProcessImportTodos: 'ole32.dll' -> '\Device\HarddiskVolume3\Windows\System32\ole32.dll' [rcNtRedir=0xc0150008]
8d4.5b74: supR3HardenedWinVerifyCacheProcessImportTodos: Processing 'shell32.dll'...
8d4.5b74: supR3HardenedWinVerifyCacheProcessImportTodos: 'shell32.dll' -> '\Device\HarddiskVolume3\Windows\System32\shell32.dll' [rcNtRedir=0xc0150008]
8d4.5b74: supR3HardenedWinVerifyCacheProcessImportTodos: Processing 'user32.dll'...
8d4.5b74: supR3HardenedWinVerifyCacheProcessImportTodos: 'user32.dll' -> '\Device\HarddiskVolume3\Windows\System32\user32.dll' [rcNtRedir=0xc0150008]
8d4.5b74: supR3HardenedWinVerifyCacheProcessImportTodos: Processing 'vboxrt.dll'...
8d4.5b74: supR3HardenedWinVerifyCacheProcessImportTodos: 'vboxrt.dll' -> '\Device\HarddiskVolume3\Program Files\Oracle\VirtualBox\vboxrt.dll' [rcNtRedir=0xc0150008]
8d4.5b74: supR3HardenedWinVerifyCacheProcessImportTodos: Processing 'msvcp140.dll'...
8d4.5b74: supR3HardenedWinVerifyCacheProcessImportTodos: 'msvcp140.dll' -> '\Device\HarddiskVolume3\Windows\System32\msvcp140.dll' [rcNtRedir=0xc0150008]
8d4.5b74: supR3HardenedWinVerifyCacheProcessImportTodos: Processing 'vcruntime140_1.dll'...
8d4.5b74: supR3HardenedWinVerifyCacheProcessImportTodos: 'vcruntime140_1.dll' -> '\Device\HarddiskVolume3\Windows\System32\vcruntime140_1.dll' [rcNtRedir=0xc0150008]
8d4.5b74: supR3HardenedScreenImage/Imports: cache hit (VINF_SUCCESS) on \Device\HarddiskVolume3\Windows\System32\vcruntime140_1.dll
8d4.5b74: supR3HardenedWinVerifyCacheProcessImportTodos: Processing 'vcruntime140.dll'...
8d4.5b74: supR3HardenedWinVerifyCacheProcessImportTodos: 'vcruntime140.dll' -> '\Device\HarddiskVolume3\Windows\System32\vcruntime140.dll' [rcNtRedir=0xc0150008]
8d4.5b74: supR3HardenedMonitor_LdrLoadDll: pName=C:\Program Files\Oracle\VirtualBox\VBoxSharedClipboard.DLL (rcNtResolve=0xc0150008) *pfFlags=0x0 pwszSearchPath=0000000000000001:<flags> [calling]
8d4.5b74: supR3HardenedScreenImage/NtCreateSection: cache hit (VINF_SUCCESS) on \Device\HarddiskVolume3\Program Files\Oracle\VirtualBox\VBoxSharedClipboard.dll
8d4.5b74: supR3HardenedDllNotificationCallback: load   00007ffcbf970000 LB 0x00021000 C:\Program Files\Oracle\VirtualBox\VBoxSharedClipboard.DLL [fFlags=0x0]
8d4.5b74: supR3HardenedScreenImage/LdrLoadDll: cache hit (VINF_SUCCESS) on \Device\HarddiskVolume3\Program Files\Oracle\VirtualBox\VBoxSharedClipboard.dll
8d4.5b74: supR3HardenedMonitor_LdrLoadDll: returns rcNt=0x0 hMod=00007ffcbf970000 'C:\Program Files\Oracle\VirtualBox\VBoxSharedClipboard.DLL'
8d4.49e4: supR3HardenedMonitor_LdrLoadDll: returns rcNt=0x0 hMod=00007ffcccc40000 'C:\Windows\system32\rsaenh.dll'
8d4.49e4: supR3HardenedMonitor_LdrLoadDll: returns rcNt=0x0 hMod=00007ffcce4c0000 'C:\Windows\System32\crypt32.dll'
8d4.49e4: supR3HardenedWinVerifyCacheScheduleImports: Import todo: #0 'vcruntime140.dll'.
8d4.49e4: supR3HardenedWinVerifyCacheScheduleImports: Import todo: #1 'vcruntime140_1.dll'.
8d4.49e4: supR3HardenedWinVerifyCacheScheduleImports: Import todo: #2 'msvcp140.dll'.
8d4.49e4: supR3HardenedWinVerifyCacheScheduleImports: Import todo: #3 'vboxrt.dll'.
8d4.49e4: supHardenedWinVerifyImageByHandle: -> 0 (\Device\HarddiskVolume3\Program Files\Oracle\VirtualBox\VBoxDragAndDropSvc.dll) WinVerifyTrust
8d4.49e4: supR3HardenedWinVerifyCacheInsert: \Device\HarddiskVolume3\Program Files\Oracle\VirtualBox\VBoxDragAndDropSvc.dll
8d4.49e4: supR3HardenedWinVerifyCacheProcessImportTodos: Processing 'vboxrt.dll'...
8d4.49e4: supR3HardenedWinVerifyCacheProcessImportTodos: 'vboxrt.dll' -> '\Device\HarddiskVolume3\Program Files\Oracle\VirtualBox\vboxrt.dll' [rcNtRedir=0xc0150008]
8d4.49e4: supR3HardenedWinVerifyCacheProcessImportTodos: Processing 'msvcp140.dll'...
8d4.49e4: supR3HardenedWinVerifyCacheProcessImportTodos: 'msvcp140.dll' -> '\Device\HarddiskVolume3\Windows\System32\msvcp140.dll' [rcNtRedir=0xc0150008]
8d4.49e4: supR3HardenedScreenImage/Imports: cache hit (VINF_SUCCESS) on \Device\HarddiskVolume3\Windows\System32\msvcp140.dll
8d4.49e4: supR3HardenedWinVerifyCacheProcessImportTodos: Processing 'vcruntime140_1.dll'...
8d4.49e4: supR3HardenedWinVerifyCacheProcessImportTodos: 'vcruntime140_1.dll' -> '\Device\HarddiskVolume3\Windows\System32\vcruntime140_1.dll' [rcNtRedir=0xc0150008]
8d4.49e4: supR3HardenedWinVerifyCacheProcessImportTodos: Processing 'vcruntime140.dll'...
8d4.49e4: supR3HardenedWinVerifyCacheProcessImportTodos: 'vcruntime140.dll' -> '\Device\HarddiskVolume3\Windows\System32\vcruntime140.dll' [rcNtRedir=0xc0150008]
8d4.49e4: supR3HardenedMonitor_LdrLoadDll: pName=C:\Program Files\Oracle\VirtualBox\VBoxDragAndDropSvc.DLL (rcNtResolve=0xc0150008) *pfFlags=0x0 pwszSearchPath=0000000000000001:<flags> [calling]
8d4.49e4: supR3HardenedScreenImage/NtCreateSection: cache hit (VINF_SUCCESS) on \Device\HarddiskVolume3\Program Files\Oracle\VirtualBox\VBoxDragAndDropSvc.dll
8d4.49e4: supR3HardenedDllNotificationCallback: load   00007ffcc14b0000 LB 0x0000d000 C:\Program Files\Oracle\VirtualBox\VBoxDragAndDropSvc.DLL [fFlags=0x0]
8d4.49e4: supR3HardenedScreenImage/LdrLoadDll: cache hit (VINF_SUCCESS) on \Device\HarddiskVolume3\Program Files\Oracle\VirtualBox\VBoxDragAndDropSvc.dll
8d4.49e4: supR3HardenedMonitor_LdrLoadDll: returns rcNt=0x0 hMod=00007ffcc14b0000 'C:\Program Files\Oracle\VirtualBox\VBoxDragAndDropSvc.DLL'
8d4.33bc: supR3HardenedMonitor_LdrLoadDll: returns rcNt=0x0 hMod=00007ffccfc50000 'C:\Windows\system32\Shell32.dll'
8d4.33bc: supR3HardNtViCallWinVerifyTrustCatFile: hFile=00000000000011dc pwszName=\Device\HarddiskVolume3\Windows\System32\WinHvPlatform.dll
8d4.33bc: supR3HardNtViCallWinVerifyTrustCatFile: Cached context 000002075330f980
8d4.33bc: supR3HardNtViCallWinVerifyTrustCatFile: hCatAdmin=000002075330f980
8d4.33bc: supR3HardNtViCallWinVerifyTrustCatFile: cbHash=20 wszDigest=39F3C82308DE1CB3DCE1A13914933B4AD68469D3
8d4.33bc: supR3HardenedMonitor_LdrLoadDll: returns rcNt=0x0 hMod=00007ffcccc40000 'C:\Windows\system32\rsaenh.dll'
8d4.33bc: supR3HardenedMonitor_LdrLoadDll: returns rcNt=0x0 hMod=00007ffcce4c0000 'C:\Windows\System32\crypt32.dll'
8d4.33bc: supR3HardNtViCallWinVerifyTrustCatFile: WinVerifyTrust => 0x0; cat='C:\Windows\system32\CatRoot\{F750E6C3-38EE-11D1-85E5-00C04FC295EE}\Microsoft-Windows-Client-Features-Package02~31bf3856ad364e35~amd64~~10.0.22621.2428.cat'; file='\Device\HarddiskVolume3\Windows\System32\WinHvPlatform.dll'
8d4.33bc: supR3HardNtViCallWinVerifyTrustCatFile -> 0 (org 22900)
8d4.33bc: supR3HardenedWinVerifyCacheScheduleImports: Import todo: #5 'vid.dll'.
8d4.33bc: supR3HardenedWinVerifyCacheScheduleImports: Import todo: #29 'devobj.dll'.
8d4.33bc: supHardenedWinVerifyImageByHandle: -> 0 (\Device\HarddiskVolume3\Windows\System32\WinHvPlatform.dll) WinVerifyTrust
8d4.33bc: supR3HardenedWinVerifyCacheInsert: \Device\HarddiskVolume3\Windows\System32\WinHvPlatform.dll
8d4.33bc: supR3HardenedWinVerifyCacheProcessImportTodos: Processing 'devobj.dll'...
8d4.33bc: supR3HardenedWinVerifyCacheProcessImportTodos: 'devobj.dll' -> '\Device\HarddiskVolume3\Windows\System32\devobj.dll' [rcNtRedir=0xc0150008]
8d4.33bc: supR3HardenedScreenImage/Imports: cache hit (VINF_SUCCESS) on \Device\HarddiskVolume3\Windows\System32\devobj.dll
8d4.33bc: supR3HardenedWinVerifyCacheProcessImportTodos: Processing 'vid.dll'...
8d4.33bc: supR3HardenedWinVerifyCacheProcessImportTodos: 'vid.dll' -> '\Device\HarddiskVolume3\Windows\System32\vid.dll' [rcNtRedir=0xc0150008]
8d4.33bc: supR3HardenedMonitor_LdrLoadDll: returns rcNt=0x0 hMod=00007ffcccc40000 'C:\Windows\system32\rsaenh.dll'
8d4.33bc: supR3HardenedMonitor_LdrLoadDll: returns rcNt=0x0 hMod=00007ffcce4c0000 'C:\Windows\System32\crypt32.dll'
8d4.33bc: supHardenedWinVerifyImageByHandle: -> 0 (\Device\HarddiskVolume3\Windows\System32\vid.dll) WinVerifyTrust
8d4.33bc: supR3HardenedWinVerifyCacheInsert: \Device\HarddiskVolume3\Windows\System32\vid.dll
8d4.33bc: supR3HardenedMonitor_LdrLoadDll: pName=C:\Windows\system32\WinHvPlatform.dll (rcNtResolve=0xc0150008) *pfFlags=0x0 pwszSearchPath=0000000000000001:<flags> [calling]
8d4.33bc: supR3HardenedScreenImage/NtCreateSection: cache hit (VINF_SUCCESS) on \Device\HarddiskVolume3\Windows\System32\WinHvPlatform.dll
8d4.33bc: supR3HardenedScreenImage/NtCreateSection: cache hit (VINF_SUCCESS) on \Device\HarddiskVolume3\Windows\System32\vid.dll
8d4.33bc: supR3HardenedDllNotificationCallback: load   00007ffc7f540000 LB 0x0003e000 C:\Windows\SYSTEM32\vid.dll [fFlags=0x0]
8d4.33bc: supR3HardenedScreenImage/LdrLoadDll: cache hit (VINF_SUCCESS) on \Device\HarddiskVolume3\Windows\System32\vid.dll
8d4.33bc: supR3HardenedDllNotificationCallback: load   00007ffc705a0000 LB 0x00047000 C:\Windows\system32\WinHvPlatform.dll [fFlags=0x0]
8d4.33bc: supR3HardenedScreenImage/LdrLoadDll: cache hit (VINF_SUCCESS) on \Device\HarddiskVolume3\Windows\System32\WinHvPlatform.dll
8d4.33bc: supR3HardenedMonitor_LdrLoadDll: returns rcNt=0x0 hMod=00007ffc705a0000 'C:\Windows\system32\WinHvPlatform.dll'
8d4.33bc: supR3HardenedScreenImage/LdrLoadDll: cache hit (VINF_SUCCESS) on \Device\HarddiskVolume3\Windows\System32\vid.dll
8d4.33bc: supR3HardenedMonitor_LdrLoadDll: pName=C:\Windows\system32\vid.dll (rcNtResolve=0xc0150008) *pfFlags=0x0 pwszSearchPath=0000000000000001:<flags> [calling]
8d4.33bc: supR3HardenedMonitor_LdrLoadDll: returns rcNt=0x0 hMod=00007ffc7f540000 'C:\Windows\system32\vid.dll'
8d4.33bc: supR3HardenedScreenImage/LdrLoadDll: cache hit (VINF_SUCCESS) on \Device\HarddiskVolume3\Windows\System32\ntdll.dll
8d4.33bc: supR3HardenedMonitor_LdrLoadDll: pName=C:\Windows\system32\NTDLL.DLL (rcNtResolve=0xc0150008) *pfFlags=0x0 pwszSearchPath=0000000000000001:<flags> [calling]
8d4.33bc: supR3HardenedMonitor_LdrLoadDll: returns rcNt=0x0 hMod=00007ffcd0970000 'C:\Windows\system32\NTDLL.DLL'
8d4.33bc: supR3HardenedMonitor_LdrLoadDll: returns rcNt=0x0 hMod=00007ffcccc40000 'C:\Windows\system32\rsaenh.dll'
8d4.33bc: supR3HardenedMonitor_LdrLoadDll: returns rcNt=0x0 hMod=00007ffcce4c0000 'C:\Windows\System32\crypt32.dll'
8d4.33bc: supR3HardenedMonitor_LdrLoadDll: returns rcNt=0x0 hMod=00007ffcccc40000 'C:\Windows\system32\rsaenh.dll'
8d4.33bc: supR3HardenedMonitor_LdrLoadDll: returns rcNt=0x0 hMod=00007ffcce4c0000 'C:\Windows\System32\crypt32.dll'
8d4.33bc: supR3HardenedWinVerifyCacheScheduleImports: Import todo: #0 'vcruntime140.dll'.
8d4.33bc: supR3HardenedWinVerifyCacheScheduleImports: Import todo: #1 'vcruntime140_1.dll'.
8d4.33bc: supR3HardenedWinVerifyCacheScheduleImports: Import todo: #2 'vboxrt.dll'.
8d4.33bc: supR3HardenedWinVerifyCacheScheduleImports: Import todo: #3 'vboxddu.dll'.
8d4.33bc: supR3HardenedWinVerifyCacheScheduleImports: Import todo: #4 'vboxdd2.dll'.
8d4.33bc: supR3HardenedWinVerifyCacheScheduleImports: Import todo: #6 'user32.dll'.
8d4.33bc: supR3HardenedWinVerifyCacheScheduleImports: Import todo: #7 'setupapi.dll'.
8d4.33bc: supR3HardenedWinVerifyCacheScheduleImports: Import todo: #8 'ws2_32.dll'.
8d4.33bc: supR3HardenedWinVerifyCacheScheduleImports: Import todo: #9 'ole32.dll'.
8d4.33bc: supR3HardenedWinVerifyCacheScheduleImports: Import todo: #10 'iphlpapi.dll'.
8d4.33bc: supHardenedWinVerifyImageByHandle: -> 0 (\Device\HarddiskVolume3\Program Files\Oracle\VirtualBox\VBoxDD.dll) WinVerifyTrust
8d4.33bc: supR3HardenedWinVerifyCacheInsert: \Device\HarddiskVolume3\Program Files\Oracle\VirtualBox\VBoxDD.dll
8d4.33bc: supR3HardenedWinVerifyCacheProcessImportTodos: Processing 'iphlpapi.dll'...
8d4.33bc: supR3HardenedWinVerifyCacheProcessImportTodos: 'iphlpapi.dll' -> '\Device\HarddiskVolume3\Windows\System32\iphlpapi.dll' [rcNtRedir=0xc0150008]
8d4.33bc: supR3HardenedMonitor_LdrLoadDll: returns rcNt=0x0 hMod=00007ffcccc40000 'C:\Windows\system32\rsaenh.dll'
8d4.33bc: supR3HardenedMonitor_LdrLoadDll: returns rcNt=0x0 hMod=00007ffcce4c0000 'C:\Windows\System32\crypt32.dll'
8d4.33bc: supHardenedWinVerifyImageByHandle: -> 0 (\Device\HarddiskVolume3\Windows\System32\IPHLPAPI.DLL) WinVerifyTrust
8d4.33bc: supR3HardenedWinVerifyCacheInsert: \Device\HarddiskVolume3\Windows\System32\IPHLPAPI.DLL
8d4.33bc: supR3HardenedWinVerifyCacheProcessImportTodos: Processing 'ole32.dll'...
8d4.33bc: supR3HardenedWinVerifyCacheProcessImportTodos: 'ole32.dll' -> '\Device\HarddiskVolume3\Windows\System32\ole32.dll' [rcNtRedir=0xc0150008]
8d4.33bc: supR3HardenedWinVerifyCacheProcessImportTodos: Processing 'ws2_32.dll'...
8d4.33bc: supR3HardenedWinVerifyCacheProcessImportTodos: 'ws2_32.dll' -> '\Device\HarddiskVolume3\Windows\System32\ws2_32.dll' [rcNtRedir=0xc0150008]
8d4.33bc: supR3HardenedScreenImage/Imports: cache hit (VINF_SUCCESS) on \Device\HarddiskVolume3\Windows\System32\ws2_32.dll
8d4.33bc: supR3HardenedWinVerifyCacheProcessImportTodos: Processing 'setupapi.dll'...
8d4.33bc: supR3HardenedWinVerifyCacheProcessImportTodos: 'setupapi.dll' -> '\Device\HarddiskVolume3\Windows\System32\setupapi.dll' [rcNtRedir=0xc0150008]
8d4.33bc: supR3HardenedScreenImage/Imports: cache hit (VINF_SUCCESS) on \Device\HarddiskVolume3\Windows\System32\setupapi.dll
8d4.33bc: supR3HardenedWinVerifyCacheProcessImportTodos: Processing 'user32.dll'...
8d4.33bc: supR3HardenedWinVerifyCacheProcessImportTodos: 'user32.dll' -> '\Device\HarddiskVolume3\Windows\System32\user32.dll' [rcNtRedir=0xc0150008]
8d4.33bc: supR3HardenedWinVerifyCacheProcessImportTodos: Processing 'vboxdd2.dll'...
8d4.33bc: supR3HardenedWinVerifyCacheProcessImportTodos: 'vboxdd2.dll' -> '\Device\HarddiskVolume3\Program Files\Oracle\VirtualBox\vboxdd2.dll' [rcNtRedir=0xc0150008]
8d4.33bc: supR3HardenedMonitor_LdrLoadDll: returns rcNt=0x0 hMod=00007ffcccc40000 'C:\Windows\system32\rsaenh.dll'
8d4.33bc: supR3HardenedMonitor_LdrLoadDll: returns rcNt=0x0 hMod=00007ffcce4c0000 'C:\Windows\System32\crypt32.dll'
8d4.33bc: supR3HardenedWinVerifyCacheScheduleImports: Import todo: #0 'vboxrt.dll'.
8d4.33bc: supR3HardenedWinVerifyCacheScheduleImports: Import todo: #3 'vcruntime140.dll'.
8d4.33bc: supHardenedWinVerifyImageByHandle: -> 0 (\Device\HarddiskVolume3\Program Files\Oracle\VirtualBox\VBoxDD2.dll) WinVerifyTrust
8d4.33bc: supR3HardenedWinVerifyCacheInsert: \Device\HarddiskVolume3\Program Files\Oracle\VirtualBox\VBoxDD2.dll
8d4.33bc: supR3HardenedWinVerifyCacheProcessImportTodos: Processing 'vboxddu.dll'...
8d4.33bc: supR3HardenedWinVerifyCacheProcessImportTodos: 'vboxddu.dll' -> '\Device\HarddiskVolume3\Program Files\Oracle\VirtualBox\vboxddu.dll' [rcNtRedir=0xc0150008]
8d4.33bc: supR3HardenedWinVerifyCacheProcessImportTodos: Processing 'vcruntime140.dll'...
8d4.33bc: supR3HardenedWinVerifyCacheProcessImportTodos: 'vcruntime140.dll' -> '\Device\HarddiskVolume3\Windows\System32\vcruntime140.dll' [rcNtRedir=0xc0150008]
8d4.33bc: supR3HardenedWinVerifyCacheProcessImportTodos: Processing 'vboxrt.dll'...
8d4.33bc: supR3HardenedWinVerifyCacheProcessImportTodos: 'vboxrt.dll' -> '\Device\HarddiskVolume3\Program Files\Oracle\VirtualBox\vboxrt.dll' [rcNtRedir=0xc0150008]
8d4.33bc: supR3HardenedMonitor_LdrLoadDll: returns rcNt=0x0 hMod=00007ffcccc40000 'C:\Windows\system32\rsaenh.dll'
8d4.33bc: supR3HardenedMonitor_LdrLoadDll: returns rcNt=0x0 hMod=00007ffcce4c0000 'C:\Windows\System32\crypt32.dll'
8d4.33bc: supR3HardenedWinVerifyCacheScheduleImports: Import todo: #0 'vcruntime140.dll'.
8d4.33bc: supR3HardenedWinVerifyCacheScheduleImports: Import todo: #1 'vboxrt.dll'.
8d4.33bc: supR3HardenedWinVerifyCacheScheduleImports: Import todo: #3 'user32.dll'.
8d4.33bc: supR3HardenedWinVerifyCacheScheduleImports: Import todo: #4 'setupapi.dll'.
8d4.33bc: supR3HardenedWinVerifyCacheScheduleImports: Import todo: #7 'advapi32.dll'.
8d4.33bc: supHardenedWinVerifyImageByHandle: -> 0 (\Device\HarddiskVolume3\Program Files\Oracle\VirtualBox\VBoxDDU.dll) WinVerifyTrust
8d4.33bc: supR3HardenedWinVerifyCacheInsert: \Device\HarddiskVolume3\Program Files\Oracle\VirtualBox\VBoxDDU.dll
8d4.33bc: supR3HardenedWinVerifyCacheProcessImportTodos: Processing 'vboxrt.dll'...
8d4.33bc: supR3HardenedWinVerifyCacheProcessImportTodos: 'vboxrt.dll' -> '\Device\HarddiskVolume3\Program Files\Oracle\VirtualBox\vboxrt.dll' [rcNtRedir=0xc0150008]
8d4.33bc: supR3HardenedWinVerifyCacheProcessImportTodos: Processing 'vcruntime140_1.dll'...
8d4.33bc: supR3HardenedWinVerifyCacheProcessImportTodos: 'vcruntime140_1.dll' -> '\Device\HarddiskVolume3\Windows\System32\vcruntime140_1.dll' [rcNtRedir=0xc0150008]
8d4.33bc: supR3HardenedWinVerifyCacheProcessImportTodos: Processing 'vcruntime140.dll'...
8d4.33bc: supR3HardenedWinVerifyCacheProcessImportTodos: 'vcruntime140.dll' -> '\Device\HarddiskVolume3\Windows\System32\vcruntime140.dll' [rcNtRedir=0xc0150008]
8d4.33bc: supR3HardenedWinVerifyCacheProcessImportTodos: Processing 'advapi32.dll'...
8d4.33bc: supR3HardenedWinVerifyCacheProcessImportTodos: 'advapi32.dll' -> '\Device\HarddiskVolume3\Windows\System32\advapi32.dll' [rcNtRedir=0xc0150008]
8d4.33bc: supR3HardenedWinVerifyCacheProcessImportTodos: Processing 'setupapi.dll'...
8d4.33bc: supR3HardenedWinVerifyCacheProcessImportTodos: 'setupapi.dll' -> '\Device\HarddiskVolume3\Windows\System32\setupapi.dll' [rcNtRedir=0xc0150008]
8d4.33bc: supR3HardenedScreenImage/Imports: cache hit (VINF_SUCCESS) on \Device\HarddiskVolume3\Windows\System32\setupapi.dll
8d4.33bc: supR3HardenedWinVerifyCacheProcessImportTodos: Processing 'user32.dll'...
8d4.33bc: supR3HardenedWinVerifyCacheProcessImportTodos: 'user32.dll' -> '\Device\HarddiskVolume3\Windows\System32\user32.dll' [rcNtRedir=0xc0150008]
8d4.33bc: supR3HardenedWinVerifyCacheProcessImportTodos: Processing 'vboxrt.dll'...
8d4.33bc: supR3HardenedWinVerifyCacheProcessImportTodos: 'vboxrt.dll' -> '\Device\HarddiskVolume3\Program Files\Oracle\VirtualBox\vboxrt.dll' [rcNtRedir=0xc0150008]
8d4.33bc: supR3HardenedWinVerifyCacheProcessImportTodos: Processing 'vcruntime140.dll'...
8d4.33bc: supR3HardenedWinVerifyCacheProcessImportTodos: 'vcruntime140.dll' -> '\Device\HarddiskVolume3\Windows\System32\vcruntime140.dll' [rcNtRedir=0xc0150008]
8d4.33bc: supR3HardenedMonitor_LdrLoadDll: pName=C:\Program Files\Oracle\VirtualBox\VBoxDD.DLL (rcNtResolve=0xc0150008) *pfFlags=0x0 pwszSearchPath=0000000000000001:<flags> [calling]
8d4.33bc: supR3HardenedScreenImage/NtCreateSection: cache hit (VINF_SUCCESS) on \Device\HarddiskVolume3\Program Files\Oracle\VirtualBox\VBoxDD.dll
8d4.33bc: supR3HardenedScreenImage/NtCreateSection: cache hit (VINF_SUCCESS) on \Device\HarddiskVolume3\Program Files\Oracle\VirtualBox\VBoxDDU.dll
8d4.33bc: supR3HardenedScreenImage/NtCreateSection: cache hit (VINF_SUCCESS) on \Device\HarddiskVolume3\Program Files\Oracle\VirtualBox\VBoxDD2.dll
8d4.33bc: supR3HardenedScreenImage/NtCreateSection: cache hit (VINF_SUCCESS) on \Device\HarddiskVolume3\Windows\System32\IPHLPAPI.DLL
8d4.33bc: supR3HardenedDllNotificationCallback: load   00007ffc69500000 LB 0x00071000 C:\Program Files\Oracle\VirtualBox\VBoxDDU.dll [fFlags=0x0]
8d4.33bc: supR3HardenedScreenImage/LdrLoadDll: cache hit (VINF_SUCCESS) on \Device\HarddiskVolume3\Program Files\Oracle\VirtualBox\VBoxDDU.dll
8d4.33bc: supR3HardenedDllNotificationCallback: load   00007ffc2bb20000 LB 0x0085d000 C:\Program Files\Oracle\VirtualBox\VBoxDD2.dll [fFlags=0x0]
8d4.33bc: supR3HardenedScreenImage/LdrLoadDll: cache hit (VINF_SUCCESS) on \Device\HarddiskVolume3\Program Files\Oracle\VirtualBox\VBoxDD2.dll
8d4.33bc: supR3HardenedDllNotificationCallback: load   00007ffccc770000 LB 0x0002d000 C:\Windows\SYSTEM32\IPHLPAPI.DLL [fFlags=0x0]
8d4.33bc: supR3HardenedScreenImage/LdrLoadDll: cache hit (VINF_SUCCESS) on \Device\HarddiskVolume3\Windows\System32\IPHLPAPI.DLL
8d4.33bc: supR3HardenedDllNotificationCallback: load   00007ffc2c380000 LB 0x00a2c000 C:\Program Files\Oracle\VirtualBox\VBoxDD.DLL [fFlags=0x0]
8d4.33bc: supR3HardenedScreenImage/LdrLoadDll: cache hit (VINF_SUCCESS) on \Device\HarddiskVolume3\Program Files\Oracle\VirtualBox\VBoxDD.dll
8d4.33bc: supR3HardenedMonitor_LdrLoadDll: returns rcNt=0x0 hMod=00007ffc2c380000 'C:\Program Files\Oracle\VirtualBox\VBoxDD.DLL'
8d4.33bc: supR3HardenedMonitor_LdrLoadDll: returns rcNt=0x0 hMod=00007ffcccc40000 'C:\Windows\system32\rsaenh.dll'
8d4.33bc: supR3HardenedMonitor_LdrLoadDll: returns rcNt=0x0 hMod=00007ffcce4c0000 'C:\Windows\System32\crypt32.dll'
8d4.33bc: supR3HardenedScreenImage/LdrLoadDll: cache hit (VINF_SUCCESS) on \Device\HarddiskVolume3\Program Files\Oracle\VirtualBox\VBoxC.dll
8d4.33bc: supR3HardenedMonitor_LdrLoadDll: pName=C:\Program Files\Oracle\VirtualBox\VBoxC.DLL (rcNtResolve=0xc0150008) *pfFlags=0x0 pwszSearchPath=0000000000000001:<flags> [calling]
8d4.33bc: supR3HardenedMonitor_LdrLoadDll: returns rcNt=0x0 hMod=00007ffc4a010000 'C:\Program Files\Oracle\VirtualBox\VBoxC.DLL'
8d4.33bc: supR3HardenedMonitor_LdrLoadDll: returns rcNt=0x0 hMod=00007ffcccc40000 'C:\Windows\system32\rsaenh.dll'
8d4.33bc: supR3HardenedMonitor_LdrLoadDll: returns rcNt=0x0 hMod=00007ffcce4c0000 'C:\Windows\System32\crypt32.dll'
8d4.33bc: supR3HardenedScreenImage/LdrLoadDll: cache hit (VINF_SUCCESS) on \Device\HarddiskVolume3\Program Files\Oracle\VirtualBox\VBoxDD2.dll
8d4.33bc: supR3HardenedMonitor_LdrLoadDll: pName=C:\Program Files\Oracle\VirtualBox\VBoxDD2.DLL (rcNtResolve=0xc0150008) *pfFlags=0x0 pwszSearchPath=0000000000000001:<flags> [calling]
8d4.33bc: supR3HardenedMonitor_LdrLoadDll: returns rcNt=0x0 hMod=00007ffc2bb20000 'C:\Program Files\Oracle\VirtualBox\VBoxDD2.DLL'
8d4.45dc: supR3HardenedMonitor_LdrLoadDll: returns rcNt=0x0 hMod=00007ffcccc40000 'C:\Windows\system32\rsaenh.dll'
8d4.45dc: supR3HardenedMonitor_LdrLoadDll: returns rcNt=0x0 hMod=00007ffcce4c0000 'C:\Windows\System32\crypt32.dll'
8d4.45dc: supR3HardenedWinVerifyCacheScheduleImports: Import todo: #0 'vcruntime140.dll'.
8d4.45dc: supR3HardenedWinVerifyCacheScheduleImports: Import todo: #1 'vboxrt.dll'.
8d4.45dc: supHardenedWinVerifyImageByHandle: -> 0 (\Device\HarddiskVolume3\Program Files\Oracle\VirtualBox\VBoxSharedFolders.dll) WinVerifyTrust
8d4.45dc: supR3HardenedWinVerifyCacheInsert: \Device\HarddiskVolume3\Program Files\Oracle\VirtualBox\VBoxSharedFolders.dll
8d4.45dc: supR3HardenedWinVerifyCacheProcessImportTodos: Processing 'vboxrt.dll'...
8d4.45dc: supR3HardenedWinVerifyCacheProcessImportTodos: 'vboxrt.dll' -> '\Device\HarddiskVolume3\Program Files\Oracle\VirtualBox\vboxrt.dll' [rcNtRedir=0xc0150008]
8d4.45dc: supR3HardenedWinVerifyCacheProcessImportTodos: Processing 'vcruntime140.dll'...
8d4.45dc: supR3HardenedWinVerifyCacheProcessImportTodos: 'vcruntime140.dll' -> '\Device\HarddiskVolume3\Windows\System32\vcruntime140.dll' [rcNtRedir=0xc0150008]
8d4.45dc: supR3HardenedMonitor_LdrLoadDll: pName=C:\Program Files\Oracle\VirtualBox\VBoxSharedFolders.DLL (rcNtResolve=0xc0150008) *pfFlags=0x0 pwszSearchPath=0000000000000001:<flags> [calling]
8d4.45dc: supR3HardenedScreenImage/NtCreateSection: cache hit (VINF_SUCCESS) on \Device\HarddiskVolume3\Program Files\Oracle\VirtualBox\VBoxSharedFolders.dll
8d4.45dc: supR3HardenedDllNotificationCallback: load   00007ffcc0590000 LB 0x00014000 C:\Program Files\Oracle\VirtualBox\VBoxSharedFolders.DLL [fFlags=0x0]
8d4.45dc: supR3HardenedScreenImage/LdrLoadDll: cache hit (VINF_SUCCESS) on \Device\HarddiskVolume3\Program Files\Oracle\VirtualBox\VBoxSharedFolders.dll
8d4.45dc: supR3HardenedMonitor_LdrLoadDll: returns rcNt=0x0 hMod=00007ffcc0590000 'C:\Program Files\Oracle\VirtualBox\VBoxSharedFolders.DLL'
8d4.69bc: supR3HardenedMonitor_LdrLoadDll: returns rcNt=0x0 hMod=00007ffcccc40000 'C:\Windows\system32\rsaenh.dll'
8d4.69bc: supR3HardenedMonitor_LdrLoadDll: returns rcNt=0x0 hMod=00007ffcce4c0000 'C:\Windows\System32\crypt32.dll'
8d4.69bc: supR3HardenedWinVerifyCacheScheduleImports: Import todo: #0 'vcruntime140.dll'.
8d4.69bc: supR3HardenedWinVerifyCacheScheduleImports: Import todo: #1 'vcruntime140_1.dll'.
8d4.69bc: supR3HardenedWinVerifyCacheScheduleImports: Import todo: #2 'msvcp140.dll'.
8d4.69bc: supR3HardenedWinVerifyCacheScheduleImports: Import todo: #3 'vboxrt.dll'.
8d4.69bc: supHardenedWinVerifyImageByHandle: -> 0 (\Device\HarddiskVolume3\Program Files\Oracle\VirtualBox\VBoxGuestControlSvc.dll) WinVerifyTrust
8d4.69bc: supR3HardenedWinVerifyCacheInsert: \Device\HarddiskVolume3\Program Files\Oracle\VirtualBox\VBoxGuestControlSvc.dll
8d4.69bc: supR3HardenedWinVerifyCacheProcessImportTodos: Processing 'vboxrt.dll'...
8d4.69bc: supR3HardenedWinVerifyCacheProcessImportTodos: 'vboxrt.dll' -> '\Device\HarddiskVolume3\Program Files\Oracle\VirtualBox\vboxrt.dll' [rcNtRedir=0xc0150008]
8d4.69bc: supR3HardenedWinVerifyCacheProcessImportTodos: Processing 'msvcp140.dll'...
8d4.69bc: supR3HardenedWinVerifyCacheProcessImportTodos: 'msvcp140.dll' -> '\Device\HarddiskVolume3\Windows\System32\msvcp140.dll' [rcNtRedir=0xc0150008]
8d4.69bc: supR3HardenedWinVerifyCacheProcessImportTodos: Processing 'vcruntime140_1.dll'...
8d4.69bc: supR3HardenedWinVerifyCacheProcessImportTodos: 'vcruntime140_1.dll' -> '\Device\HarddiskVolume3\Windows\System32\vcruntime140_1.dll' [rcNtRedir=0xc0150008]
8d4.69bc: supR3HardenedWinVerifyCacheProcessImportTodos: Processing 'vcruntime140.dll'...
8d4.69bc: supR3HardenedWinVerifyCacheProcessImportTodos: 'vcruntime140.dll' -> '\Device\HarddiskVolume3\Windows\System32\vcruntime140.dll' [rcNtRedir=0xc0150008]
8d4.69bc: supR3HardenedMonitor_LdrLoadDll: pName=C:\Program Files\Oracle\VirtualBox\VBoxGuestControlSvc.DLL (rcNtResolve=0xc0150008) *pfFlags=0x0 pwszSearchPath=0000000000000001:<flags> [calling]
8d4.69bc: supR3HardenedScreenImage/NtCreateSection: cache hit (VINF_SUCCESS) on \Device\HarddiskVolume3\Program Files\Oracle\VirtualBox\VBoxGuestControlSvc.dll
8d4.69bc: supR3HardenedDllNotificationCallback: load   00007ffcc1100000 LB 0x0000c000 C:\Program Files\Oracle\VirtualBox\VBoxGuestControlSvc.DLL [fFlags=0x0]
8d4.69bc: supR3HardenedScreenImage/LdrLoadDll: cache hit (VINF_SUCCESS) on \Device\HarddiskVolume3\Program Files\Oracle\VirtualBox\VBoxGuestControlSvc.dll
8d4.69bc: supR3HardenedMonitor_LdrLoadDll: returns rcNt=0x0 hMod=00007ffcc1100000 'C:\Program Files\Oracle\VirtualBox\VBoxGuestControlSvc.DLL'
8d4.63e4: supR3HardenedMonitor_LdrLoadDll: returns rcNt=0x0 hMod=00007ffcccc40000 'C:\Windows\system32\rsaenh.dll'
8d4.63e4: supR3HardenedMonitor_LdrLoadDll: returns rcNt=0x0 hMod=00007ffcce4c0000 'C:\Windows\System32\crypt32.dll'
8d4.63e4: supR3HardenedWinVerifyCacheScheduleImports: Import todo: #0 'vcruntime140.dll'.
8d4.63e4: supR3HardenedWinVerifyCacheScheduleImports: Import todo: #1 'vcruntime140_1.dll'.
8d4.63e4: supR3HardenedWinVerifyCacheScheduleImports: Import todo: #2 'msvcp140.dll'.
8d4.63e4: supR3HardenedWinVerifyCacheScheduleImports: Import todo: #3 'vboxrt.dll'.
8d4.63e4: supHardenedWinVerifyImageByHandle: -> 0 (\Device\HarddiskVolume3\Program Files\Oracle\VirtualBox\VBoxGuestPropSvc.dll) WinVerifyTrust
8d4.63e4: supR3HardenedWinVerifyCacheInsert: \Device\HarddiskVolume3\Program Files\Oracle\VirtualBox\VBoxGuestPropSvc.dll
8d4.63e4: supR3HardenedWinVerifyCacheProcessImportTodos: Processing 'vboxrt.dll'...
8d4.63e4: supR3HardenedWinVerifyCacheProcessImportTodos: 'vboxrt.dll' -> '\Device\HarddiskVolume3\Program Files\Oracle\VirtualBox\vboxrt.dll' [rcNtRedir=0xc0150008]
8d4.63e4: supR3HardenedWinVerifyCacheProcessImportTodos: Processing 'msvcp140.dll'...
8d4.63e4: supR3HardenedWinVerifyCacheProcessImportTodos: 'msvcp140.dll' -> '\Device\HarddiskVolume3\Windows\System32\msvcp140.dll' [rcNtRedir=0xc0150008]
8d4.63e4: supR3HardenedWinVerifyCacheProcessImportTodos: Processing 'vcruntime140_1.dll'...
8d4.63e4: supR3HardenedWinVerifyCacheProcessImportTodos: 'vcruntime140_1.dll' -> '\Device\HarddiskVolume3\Windows\System32\vcruntime140_1.dll' [rcNtRedir=0xc0150008]
8d4.63e4: supR3HardenedWinVerifyCacheProcessImportTodos: Processing 'vcruntime140.dll'...
8d4.63e4: supR3HardenedWinVerifyCacheProcessImportTodos: 'vcruntime140.dll' -> '\Device\HarddiskVolume3\Windows\System32\vcruntime140.dll' [rcNtRedir=0xc0150008]
8d4.63e4: supR3HardenedMonitor_LdrLoadDll: pName=C:\Program Files\Oracle\VirtualBox\VBoxGuestPropSvc.DLL (rcNtResolve=0xc0150008) *pfFlags=0x0 pwszSearchPath=0000000000000001:<flags> [calling]
8d4.63e4: supR3HardenedScreenImage/NtCreateSection: cache hit (VINF_SUCCESS) on \Device\HarddiskVolume3\Program Files\Oracle\VirtualBox\VBoxGuestPropSvc.dll
8d4.63e4: supR3HardenedDllNotificationCallback: load   00007ffcc0710000 LB 0x0000d000 C:\Program Files\Oracle\VirtualBox\VBoxGuestPropSvc.DLL [fFlags=0x0]
8d4.63e4: supR3HardenedScreenImage/LdrLoadDll: cache hit (VINF_SUCCESS) on \Device\HarddiskVolume3\Program Files\Oracle\VirtualBox\VBoxGuestPropSvc.dll
8d4.63e4: supR3HardenedMonitor_LdrLoadDll: returns rcNt=0x0 hMod=00007ffcc0710000 'C:\Program Files\Oracle\VirtualBox\VBoxGuestPropSvc.DLL'
8d4.33bc: supR3HardenedMonitor_LdrLoadDll: returns rcNt=0x0 hMod=00007ffcccc40000 'C:\Windows\system32\rsaenh.dll'
8d4.33bc: supR3HardenedMonitor_LdrLoadDll: returns rcNt=0x0 hMod=00007ffcce4c0000 'C:\Windows\System32\crypt32.dll'
8d4.33bc: supR3HardenedWinVerifyCacheScheduleImports: Import todo: #0 'msvcp_win.dll'.
8d4.33bc: supHardenedWinVerifyImageByHandle: -> 0 (\Device\HarddiskVolume3\Windows\System32\MMDevAPI.dll) WinVerifyTrust
8d4.33bc: supR3HardenedWinVerifyCacheInsert: \Device\HarddiskVolume3\Windows\System32\MMDevAPI.dll
8d4.33bc: supR3HardenedWinVerifyCacheProcessImportTodos: Processing 'msvcp_win.dll'...
8d4.33bc: supR3HardenedWinVerifyCacheProcessImportTodos: 'msvcp_win.dll' -> '\Device\HarddiskVolume3\Windows\System32\msvcp_win.dll' [rcNtRedir=0xc0150008]
8d4.33bc: supR3HardenedMonitor_LdrLoadDll: pName=C:\Windows\System32\MMDevApi.dll (rcNtResolve=0xc0150008) *pfFlags=0x0 pwszSearchPath=0000000000002009:<flags> [calling]
8d4.33bc: supR3HardenedScreenImage/NtCreateSection: cache hit (VINF_SUCCESS) on \Device\HarddiskVolume3\Windows\System32\MMDevAPI.dll
8d4.33bc: supR3HardenedDllNotificationCallback: load   00007ffcbfb70000 LB 0x0009d000 C:\Windows\System32\MMDevApi.dll [fFlags=0x0]
8d4.33bc: supR3HardenedScreenImage/LdrLoadDll: cache hit (VINF_SUCCESS) on \Device\HarddiskVolume3\Windows\System32\MMDevAPI.dll
8d4.33bc: supR3HardenedMonitor_LdrLoadDll: returns rcNt=0x0 hMod=00007ffcbfb70000 'C:\Windows\System32\MMDevApi.dll'
8d4.33bc: supR3HardenedScreenImage/LdrLoadDll: cache hit (VINF_SUCCESS) on \Device\HarddiskVolume3\Windows\System32\MMDevAPI.dll
8d4.33bc: supR3HardenedMonitor_LdrLoadDll: pName=C:\Windows\System32\MMDEVAPI.DLL (Input=MMDEVAPI.DLL, rcNtResolve=0xc0150008) *pfFlags=0x0 pwszSearchPath=0000000000000001:<flags> [calling]
8d4.33bc: supR3HardenedMonitor_LdrLoadDll: returns rcNt=0x0 hMod=00007ffcbfb70000 'C:\Windows\System32\MMDEVAPI.DLL'
8d4.576c: supR3HardenedScreenImage/LdrLoadDll: cache hit (VINF_SUCCESS) on \Device\HarddiskVolume3\Windows\System32\msctf.dll
8d4.576c: supR3HardenedMonitor_LdrLoadDll: pName=C:\Windows\System32\MSCTF.dll (rcNtResolve=0xc0150008) *pfFlags=0x0 pwszSearchPath=0000000000000009:<flags> [calling]
8d4.576c: supR3HardenedMonitor_LdrLoadDll: returns rcNt=0x0 hMod=00007ffccf110000 'C:\Windows\System32\MSCTF.dll'
8d4.1d28: supR3HardenedDllNotificationCallback: load   00007ffccf2c0000 LB 0x00009000 C:\Windows\System32\NSI.dll [fFlags=0x0]
8d4.1d28: supHardenedWinVerifyImageByHandle: -> 0 (\Device\HarddiskVolume3\Windows\System32\nsi.dll)
8d4.1d28: supR3HardenedWinVerifyCacheInsert: \Device\HarddiskVolume3\Windows\System32\nsi.dll
8d4.1d28: supR3HardenedWinVerifyCacheScheduleImports: Import todo: #3 'rpcrt4.dll'.
8d4.1d28: supHardenedWinVerifyImageByHandle: -> 0 (\Device\HarddiskVolume3\Windows\System32\dhcpcsvc6.dll)
8d4.1d28: supR3HardenedWinVerifyCacheInsert: \Device\HarddiskVolume3\Windows\System32\dhcpcsvc6.dll
8d4.1d28: supR3HardenedDllNotificationCallback: load   00007ffcc7dc0000 LB 0x00019000 C:\Windows\SYSTEM32\dhcpcsvc6.DLL [fFlags=0x0]
8d4.1d28: supR3HardenedScreenImage/LdrLoadDll: cache hit (VINF_SUCCESS) on \Device\HarddiskVolume3\Windows\System32\dhcpcsvc6.dll [avoiding WinVerifyTrust]
8d4.1d28: supR3HardenedWinVerifyCacheScheduleImports: Import todo: #3 'rpcrt4.dll'.
8d4.1d28: supHardenedWinVerifyImageByHandle: -> 0 (\Device\HarddiskVolume3\Windows\System32\dhcpcsvc.dll)
8d4.1d28: supR3HardenedWinVerifyCacheInsert: \Device\HarddiskVolume3\Windows\System32\dhcpcsvc.dll
8d4.1d28: supR3HardenedDllNotificationCallback: load   00007ffcc7da0000 LB 0x0001f000 C:\Windows\SYSTEM32\dhcpcsvc.DLL [fFlags=0x0]
8d4.1d28: supR3HardenedScreenImage/LdrLoadDll: cache hit (VINF_SUCCESS) on \Device\HarddiskVolume3\Windows\System32\dhcpcsvc.dll [avoiding WinVerifyTrust]
8d4.1d28: supHardenedWinVerifyImageByHandle: -> 0 (\Device\HarddiskVolume3\Windows\System32\dnsapi.dll)
8d4.1d28: supR3HardenedWinVerifyCacheInsert: \Device\HarddiskVolume3\Windows\System32\dnsapi.dll
8d4.1d28: supR3HardenedDllNotificationCallback: load   00007ffccc7a0000 LB 0x000f9000 C:\Windows\SYSTEM32\DNSAPI.dll [fFlags=0x0]
8d4.1d28: supR3HardenedScreenImage/LdrLoadDll: cache hit (VINF_SUCCESS) on \Device\HarddiskVolume3\Windows\System32\dnsapi.dll [avoiding WinVerifyTrust]
8d4.576c: supR3HardenedWinVerifyCacheScheduleImports: Import todo: #17 'msvcp_win.dll'.
8d4.576c: supHardenedWinVerifyImageByHandle: -> 0 (\Device\HarddiskVolume3\Windows\System32\CoreMessaging.dll)
8d4.576c: supR3HardenedWinVerifyCacheInsert: \Device\HarddiskVolume3\Windows\System32\CoreMessaging.dll
8d4.576c: supR3HardenedDllNotificationCallback: load   00007ffcca890000 LB 0x00133000 C:\Windows\SYSTEM32\CoreMessaging.dll [fFlags=0x0]
8d4.576c: supR3HardenedScreenImage/LdrLoadDll: cache hit (VINF_SUCCESS) on \Device\HarddiskVolume3\Windows\System32\CoreMessaging.dll [avoiding WinVerifyTrust]
8d4.576c: supR3HardenedWinVerifyCacheProcessImportTodos: Processing 'msvcp_win.dll'...
8d4.576c: supR3HardenedWinVerifyCacheProcessImportTodos: 'msvcp_win.dll' -> '\Device\HarddiskVolume3\Windows\System32\msvcp_win.dll' [rcNtRedir=0xc0150008]
8d4.576c: supR3HardenedWinVerifyCacheProcessImportTodos: Processing 'rpcrt4.dll'...
8d4.576c: supR3HardenedWinVerifyCacheProcessImportTodos: 'rpcrt4.dll' -> '\Device\HarddiskVolume3\Windows\System32\rpcrt4.dll' [rcNtRedir=0xc0150008]
8d4.576c: supR3HardenedWinVerifyCacheProcessImportTodos: Processing 'rpcrt4.dll'...
8d4.576c: supR3HardenedWinVerifyCacheProcessImportTodos: 'rpcrt4.dll' -> '\Device\HarddiskVolume3\Windows\System32\rpcrt4.dll' [rcNtRedir=0xc0150008]
8d4.576c: supR3HardenedMonitor_LdrLoadDll: returns rcNt=0x0 hMod=00007ffcccc40000 'C:\Windows\system32\rsaenh.dll'
8d4.576c: supR3HardenedScreenImage/LdrLoadDll: cache hit (VINF_SUCCESS) on \Device\HarddiskVolume3\Windows\System32\wintrust.dll
8d4.576c: supR3HardenedMonitor_LdrLoadDll: pName=C:\Windows\System32\WINTRUST.DLL (Input=WINTRUST.DLL, rcNtResolve=0xc0150008) *pfFlags=0x0 pwszSearchPath=0000000000000001:<flags> [calling]
8d4.576c: supR3HardenedMonitor_LdrLoadDll: returns rcNt=0x0 hMod=00007ffcce630000 'C:\Windows\System32\WINTRUST.DLL'
8d4.576c: supR3HardenedMonitor_LdrLoadDll: returns rcNt=0x0 hMod=00007ffcce4c0000 'C:\Windows\System32\CRYPT32.dll'
8d4.576c: supR3HardenedMonitor_LdrLoadDll: returns rcNt=0x0 hMod=00007ffcce4c0000 'C:\Windows\System32\crypt32.dll'
8d4.576c: supR3HardenedWinVerifyCacheProcessWvtTodos: 0 (was 0) fWinVerifyTrust=1 for '\Device\HarddiskVolume3\Windows\System32\CoreMessaging.dll'
8d4.576c: supR3HardenedMonitor_LdrLoadDll: returns rcNt=0x0 hMod=00007ffcccc40000 'C:\Windows\system32\rsaenh.dll'
8d4.576c: supR3HardenedMonitor_LdrLoadDll: returns rcNt=0x0 hMod=00007ffcce4c0000 'C:\Windows\System32\crypt32.dll'
8d4.576c: supR3HardenedWinVerifyCacheProcessWvtTodos: 0 (was 0) fWinVerifyTrust=1 for '\Device\HarddiskVolume3\Windows\System32\dnsapi.dll'
8d4.576c: supR3HardenedMonitor_LdrLoadDll: returns rcNt=0x0 hMod=00007ffcccc40000 'C:\Windows\system32\rsaenh.dll'
8d4.576c: supR3HardenedMonitor_LdrLoadDll: returns rcNt=0x0 hMod=00007ffcce4c0000 'C:\Windows\System32\crypt32.dll'
8d4.576c: supR3HardenedWinVerifyCacheProcessWvtTodos: 0 (was 0) fWinVerifyTrust=1 for '\Device\HarddiskVolume3\Windows\System32\dhcpcsvc.dll'
8d4.576c: supR3HardenedMonitor_LdrLoadDll: returns rcNt=0x0 hMod=00007ffcccc40000 'C:\Windows\system32\rsaenh.dll'
8d4.576c: supR3HardenedMonitor_LdrLoadDll: returns rcNt=0x0 hMod=00007ffcce4c0000 'C:\Windows\System32\crypt32.dll'
8d4.576c: supR3HardenedWinVerifyCacheProcessWvtTodos: 0 (was 0) fWinVerifyTrust=1 for '\Device\HarddiskVolume3\Windows\System32\dhcpcsvc6.dll'
8d4.576c: supR3HardenedMonitor_LdrLoadDll: returns rcNt=0x0 hMod=00007ffcccc40000 'C:\Windows\system32\rsaenh.dll'
8d4.576c: supR3HardenedMonitor_LdrLoadDll: returns rcNt=0x0 hMod=00007ffcce4c0000 'C:\Windows\System32\crypt32.dll'
8d4.576c: supR3HardenedWinVerifyCacheProcessWvtTodos: 0 (was 0) fWinVerifyTrust=1 for '\Device\HarddiskVolume3\Windows\System32\nsi.dll'
8d4.576c: supR3HardenedIsApiSetDll: ApiSetQueryApiSetPresence(api-ms-win-security-sddl-l1-1-0.dll) -> 0x0, fPresent=1
8d4.576c: supR3HardenedMonitor_LdrLoadDll: pName=api-ms-win-security-sddl-l1-1-0.dll (rcNtResolve=0x0) *pfFlags=0x0 pwszSearchPath=0000000000000001:<flags> [calling]
8d4.576c: supR3HardenedMonitor_LdrLoadDll: returns rcNt=0x0 hMod=00007ffccf720000 'api-ms-win-security-sddl-l1-1-0.dll'
8d4.576c: supR3HardenedIsApiSetDll: ApiSetQueryApiSetPresence(ext-ms-win-rtcore-ntuser-window-ext-l1-1-0.dll) -> 0x0, fPresent=1
8d4.576c: supR3HardenedMonitor_LdrLoadDll: pName=ext-ms-win-rtcore-ntuser-window-ext-l1-1-0.dll (rcNtResolve=0x0) *pfFlags=0x0 pwszSearchPath=0000000000000001:<flags> [calling]
8d4.576c: supR3HardenedMonitor_LdrLoadDll: returns rcNt=0x0 hMod=00007ffccf2f0000 'ext-ms-win-rtcore-ntuser-window-ext-l1-1-0.dll'
8d4.576c: supR3HardenedIsApiSetDll: ApiSetQueryApiSetPresence(ext-ms-win-rtcore-ntuser-integration-l1-1-0.dll) -> 0x0, fPresent=1
8d4.576c: supR3HardenedMonitor_LdrLoadDll: pName=ext-ms-win-rtcore-ntuser-integration-l1-1-0.dll (rcNtResolve=0x0) *pfFlags=0x0 pwszSearchPath=0000000000000001:<flags> [calling]
8d4.576c: supR3HardenedMonitor_LdrLoadDll: returns rcNt=0x0 hMod=00007ffccf2f0000 'ext-ms-win-rtcore-ntuser-integration-l1-1-0.dll'
8d4.576c: supR3HardenedWinVerifyCacheScheduleImports: Import todo: #0 'msvcrt.dll'.
8d4.576c: supR3HardenedWinVerifyCacheScheduleImports: Import todo: #33 'coremessaging.dll'.
8d4.576c: supHardenedWinVerifyImageByHandle: -> 0 (\Device\HarddiskVolume3\Windows\System32\CoreUIComponents.dll)
8d4.576c: supR3HardenedWinVerifyCacheInsert: \Device\HarddiskVolume3\Windows\System32\CoreUIComponents.dll
8d4.576c: supR3HardenedDllNotificationCallback: load   00007ffcc7a30000 LB 0x0036c000 C:\Windows\SYSTEM32\CoreUIComponents.dll [fFlags=0x0]
8d4.576c: supR3HardenedScreenImage/LdrLoadDll: cache hit (VINF_SUCCESS) on \Device\HarddiskVolume3\Windows\System32\CoreUIComponents.dll [avoiding WinVerifyTrust]
8d4.576c: supR3HardenedWinVerifyCacheProcessImportTodos: Processing 'coremessaging.dll'...
8d4.576c: supR3HardenedWinVerifyCacheProcessImportTodos: 'coremessaging.dll' -> '\Device\HarddiskVolume3\Windows\System32\coremessaging.dll' [rcNtRedir=0xc0150008]
8d4.576c: supR3HardenedScreenImage/Imports: cache hit (VINF_SUCCESS) on \Device\HarddiskVolume3\Windows\System32\CoreMessaging.dll
8d4.576c: supR3HardenedWinVerifyCacheProcessImportTodos: Processing 'msvcrt.dll'...
8d4.576c: supR3HardenedWinVerifyCacheProcessImportTodos: 'msvcrt.dll' -> '\Device\HarddiskVolume3\Windows\System32\msvcrt.dll' [rcNtRedir=0xc0150008]
8d4.576c: supR3HardenedMonitor_LdrLoadDll: returns rcNt=0x0 hMod=00007ffcccc40000 'C:\Windows\system32\rsaenh.dll'
8d4.576c: supR3HardenedMonitor_LdrLoadDll: returns rcNt=0x0 hMod=00007ffcce4c0000 'C:\Windows\System32\crypt32.dll'
8d4.576c: supR3HardenedWinVerifyCacheProcessWvtTodos: 0 (was 0) fWinVerifyTrust=1 for '\Device\HarddiskVolume3\Windows\System32\CoreUIComponents.dll'
8d4.576c: supR3HardenedMonitor_LdrLoadDll: returns rcNt=0x0 hMod=00007ffcce6a0000 'C:\Windows\System32\RPCRT4.dll'
8d4.576c: supR3HardenedIsApiSetDll: ApiSetQueryApiSetPresence(api-ms-win-security-systemfunctions-l1-1-0) -> 0x0, fPresent=1
8d4.576c: supR3HardenedMonitor_LdrLoadDll: pName=api-ms-win-security-systemfunctions-l1-1-0 (rcNtResolve=0x0) *pfFlags=0x0 pwszSearchPath=0000000000000801:<flags> [calling]
8d4.576c: supR3HardenedMonitor_LdrLoadDll: returns rcNt=0x0 hMod=00007ffcce8f0000 'api-ms-win-security-systemfunctions-l1-1-0'
8d4.33bc: supR3HardNtViCallWinVerifyTrustCatFile: hFile=000000000000119c pwszName=\Device\HarddiskVolume3\Windows\System32\NetSetupShim.dll
8d4.33bc: supR3HardNtViCallWinVerifyTrustCatFile: Cached context 000002075330f980
8d4.33bc: supR3HardNtViCallWinVerifyTrustCatFile: hCatAdmin=000002075330f980
8d4.33bc: supR3HardNtViCallWinVerifyTrustCatFile: cbHash=20 wszDigest=4CF82ECD7C87F0F8E71F7211EC6E96AEFF4D5638
8d4.33bc: supR3HardenedMonitor_LdrLoadDll: returns rcNt=0x0 hMod=00007ffcccc40000 'C:\Windows\system32\rsaenh.dll'
8d4.33bc: supR3HardenedMonitor_LdrLoadDll: returns rcNt=0x0 hMod=00007ffcce4c0000 'C:\Windows\System32\crypt32.dll'
8d4.33bc: supR3HardNtViCallWinVerifyTrustCatFile: WinVerifyTrust => 0x0; cat='C:\Windows\system32\CatRoot\{F750E6C3-38EE-11D1-85E5-00C04FC295EE}\Microsoft-Windows-Client-Desktop-Required-Package05111~31bf3856ad364e35~amd64~~10.0.22621.2361.cat'; file='\Device\HarddiskVolume3\Windows\System32\NetSetupShim.dll'
8d4.33bc: supR3HardNtViCallWinVerifyTrustCatFile -> 0 (org 22900)
8d4.33bc: supR3HardenedWinVerifyCacheScheduleImports: Import todo: #0 'msvcp_win.dll'.
8d4.33bc: supR3HardenedWinVerifyCacheScheduleImports: Import todo: #31 'rpcrt4.dll'.
8d4.33bc: supR3HardenedWinVerifyCacheScheduleImports: Import todo: #32 'oleaut32.dll'.
8d4.33bc: supR3HardenedWinVerifyCacheScheduleImports: Import todo: #34 'ws2_32.dll'.
8d4.33bc: supR3HardenedWinVerifyCacheScheduleImports: Import todo: #35 'netsetupapi.dll'.
8d4.33bc: supR3HardenedWinVerifyCacheScheduleImports: Import todo: #36 'setupapi.dll'.
8d4.33bc: supR3HardenedWinVerifyCacheScheduleImports: Import todo: #37 'devrtl.dll'.
8d4.33bc: supHardenedWinVerifyImageByHandle: -> 0 (\Device\HarddiskVolume3\Windows\System32\NetSetupShim.dll) WinVerifyTrust
8d4.33bc: supR3HardenedWinVerifyCacheInsert: \Device\HarddiskVolume3\Windows\System32\NetSetupShim.dll
8d4.33bc: supR3HardenedWinVerifyCacheProcessImportTodos: Processing 'devrtl.dll'...
8d4.33bc: supR3HardenedWinVerifyCacheProcessImportTodos: 'devrtl.dll' -> '\Device\HarddiskVolume3\Windows\System32\devrtl.dll' [rcNtRedir=0xc0150008]
8d4.33bc: supR3HardNtViCallWinVerifyTrustCatFile: hFile=00000000000013b0 pwszName=\Device\HarddiskVolume3\Windows\System32\devrtl.dll
8d4.33bc: supR3HardNtViCallWinVerifyTrustCatFile: Cached context 000002075330f980
8d4.33bc: supR3HardNtViCallWinVerifyTrustCatFile: hCatAdmin=000002075330f980
8d4.33bc: supR3HardNtViCallWinVerifyTrustCatFile: cbHash=20 wszDigest=2337E1E106C9DD265E7E574236C7277C6E078413
8d4.33bc: supR3HardenedMonitor_LdrLoadDll: returns rcNt=0x0 hMod=00007ffcccc40000 'C:\Windows\system32\rsaenh.dll'
8d4.33bc: supR3HardenedMonitor_LdrLoadDll: returns rcNt=0x0 hMod=00007ffcce4c0000 'C:\Windows\System32\crypt32.dll'
8d4.33bc: supR3HardNtViCallWinVerifyTrustCatFile: WinVerifyTrust => 0x0; cat='C:\Windows\system32\CatRoot\{F750E6C3-38EE-11D1-85E5-00C04FC295EE}\Microsoft-Windows-Client-Desktop-Required-Package05142030~31bf3856ad364e35~amd64~~10.0.22621.2428.cat'; file='\Device\HarddiskVolume3\Windows\System32\devrtl.dll'
8d4.33bc: supR3HardNtViCallWinVerifyTrustCatFile -> 0 (org 22900)
8d4.33bc: supHardenedWinVerifyImageByHandle: -> 0 (\Device\HarddiskVolume3\Windows\System32\devrtl.dll) WinVerifyTrust
8d4.33bc: supR3HardenedWinVerifyCacheInsert: \Device\HarddiskVolume3\Windows\System32\devrtl.dll
8d4.33bc: supR3HardenedWinVerifyCacheProcessImportTodos: Processing 'setupapi.dll'...
8d4.33bc: supR3HardenedWinVerifyCacheProcessImportTodos: 'setupapi.dll' -> '\Device\HarddiskVolume3\Windows\System32\setupapi.dll' [rcNtRedir=0xc0150008]
8d4.33bc: supR3HardenedScreenImage/Imports: cache hit (VINF_SUCCESS) on \Device\HarddiskVolume3\Windows\System32\setupapi.dll
8d4.33bc: supR3HardenedWinVerifyCacheProcessImportTodos: Processing 'netsetupapi.dll'...
8d4.33bc: supR3HardenedWinVerifyCacheProcessImportTodos: 'netsetupapi.dll' -> '\Device\HarddiskVolume3\Windows\System32\netsetupapi.dll' [rcNtRedir=0xc0150008]
8d4.33bc: supR3HardenedMonitor_LdrLoadDll: returns rcNt=0x0 hMod=00007ffcccc40000 'C:\Windows\system32\rsaenh.dll'
8d4.33bc: supR3HardenedMonitor_LdrLoadDll: returns rcNt=0x0 hMod=00007ffcce4c0000 'C:\Windows\System32\crypt32.dll'
8d4.33bc: supR3HardenedWinVerifyCacheScheduleImports: Import todo: #0 'msvcrt.dll'.
8d4.33bc: supR3HardenedWinVerifyCacheScheduleImports: Import todo: #17 'rpcrt4.dll'.
8d4.33bc: supHardenedWinVerifyImageByHandle: -> 0 (\Device\HarddiskVolume3\Windows\System32\NetSetupApi.dll) WinVerifyTrust
8d4.33bc: supR3HardenedWinVerifyCacheInsert: \Device\HarddiskVolume3\Windows\System32\NetSetupApi.dll
8d4.33bc: supR3HardenedWinVerifyCacheProcessImportTodos: Processing 'ws2_32.dll'...
8d4.33bc: supR3HardenedWinVerifyCacheProcessImportTodos: 'ws2_32.dll' -> '\Device\HarddiskVolume3\Windows\System32\ws2_32.dll' [rcNtRedir=0xc0150008]
8d4.33bc: supR3HardenedScreenImage/Imports: cache hit (VINF_SUCCESS) on \Device\HarddiskVolume3\Windows\System32\ws2_32.dll
8d4.33bc: supR3HardenedWinVerifyCacheProcessImportTodos: Processing 'oleaut32.dll'...
8d4.33bc: supR3HardenedWinVerifyCacheProcessImportTodos: 'oleaut32.dll' -> '\Device\HarddiskVolume3\Windows\System32\oleaut32.dll' [rcNtRedir=0xc0150008]
8d4.33bc: supR3HardenedWinVerifyCacheProcessImportTodos: Processing 'rpcrt4.dll'...
8d4.33bc: supR3HardenedWinVerifyCacheProcessImportTodos: 'rpcrt4.dll' -> '\Device\HarddiskVolume3\Windows\System32\rpcrt4.dll' [rcNtRedir=0xc0150008]
8d4.33bc: supR3HardenedWinVerifyCacheProcessImportTodos: Processing 'msvcp_win.dll'...
8d4.33bc: supR3HardenedWinVerifyCacheProcessImportTodos: 'msvcp_win.dll' -> '\Device\HarddiskVolume3\Windows\System32\msvcp_win.dll' [rcNtRedir=0xc0150008]
8d4.33bc: supR3HardenedWinVerifyCacheProcessImportTodos: Processing 'rpcrt4.dll'...
8d4.33bc: supR3HardenedWinVerifyCacheProcessImportTodos: 'rpcrt4.dll' -> '\Device\HarddiskVolume3\Windows\System32\rpcrt4.dll' [rcNtRedir=0xc0150008]
8d4.33bc: supR3HardenedWinVerifyCacheProcessImportTodos: Processing 'msvcrt.dll'...
8d4.33bc: supR3HardenedWinVerifyCacheProcessImportTodos: 'msvcrt.dll' -> '\Device\HarddiskVolume3\Windows\System32\msvcrt.dll' [rcNtRedir=0xc0150008]
8d4.33bc: supR3HardenedMonitor_LdrLoadDll: pName=C:\Windows\System32\NetSetupShim.dll (rcNtResolve=0xc0150008) *pfFlags=0x0 pwszSearchPath=0000000000002009:<flags> [calling]
8d4.33bc: supR3HardenedScreenImage/NtCreateSection: cache hit (VINF_SUCCESS) on \Device\HarddiskVolume3\Windows\System32\NetSetupShim.dll
8d4.33bc: supR3HardenedScreenImage/NtCreateSection: cache hit (VINF_SUCCESS) on \Device\HarddiskVolume3\Windows\System32\NetSetupApi.dll
8d4.33bc: supR3HardenedScreenImage/NtCreateSection: cache hit (VINF_SUCCESS) on \Device\HarddiskVolume3\Windows\System32\devrtl.dll
8d4.33bc: supR3HardenedDllNotificationCallback: load   00007ffcbe240000 LB 0x00029000 C:\Windows\System32\NetSetupApi.dll [fFlags=0x0]
8d4.33bc: supR3HardenedScreenImage/LdrLoadDll: cache hit (VINF_SUCCESS) on \Device\HarddiskVolume3\Windows\System32\NetSetupApi.dll
8d4.33bc: supR3HardenedDllNotificationCallback: load   00007ffcc2ba0000 LB 0x00014000 C:\Windows\System32\DEVRTL.dll [fFlags=0x0]
8d4.33bc: supR3HardenedScreenImage/LdrLoadDll: cache hit (VINF_SUCCESS) on \Device\HarddiskVolume3\Windows\System32\devrtl.dll
8d4.33bc: supR3HardenedDllNotificationCallback: load   00007ffcb4c90000 LB 0x0007b000 C:\Windows\System32\NetSetupShim.dll [fFlags=0x0]
8d4.33bc: supR3HardenedScreenImage/LdrLoadDll: cache hit (VINF_SUCCESS) on \Device\HarddiskVolume3\Windows\System32\NetSetupShim.dll
8d4.33bc: supR3HardenedMonitor_LdrLoadDll: returns rcNt=0x0 hMod=00007ffcb4c90000 'C:\Windows\System32\NetSetupShim.dll'
8d4.33bc: supR3HardenedMonitor_LdrLoadDll: returns rcNt=0x0 hMod=00007ffcccc40000 'C:\Windows\system32\rsaenh.dll'
8d4.33bc: supR3HardenedMonitor_LdrLoadDll: returns rcNt=0x0 hMod=00007ffcce4c0000 'C:\Windows\System32\crypt32.dll'
8d4.33bc: supR3HardenedWinVerifyCacheScheduleImports: Import todo: #0 'msvcrt.dll'.
8d4.33bc: supR3HardenedWinVerifyCacheScheduleImports: Import todo: #23 'rpcrt4.dll'.
8d4.33bc: supR3HardenedWinVerifyCacheScheduleImports: Import todo: #24 'nsi.dll'.
8d4.33bc: supR3HardenedWinVerifyCacheScheduleImports: Import todo: #25 'winnsi.dll'.
8d4.33bc: supHardenedWinVerifyImageByHandle: -> 0 (\Device\HarddiskVolume3\Windows\System32\NetSetupEngine.dll) WinVerifyTrust
8d4.33bc: supR3HardenedWinVerifyCacheInsert: \Device\HarddiskVolume3\Windows\System32\NetSetupEngine.dll
8d4.33bc: supR3HardenedWinVerifyCacheProcessImportTodos: Processing 'winnsi.dll'...
8d4.33bc: supR3HardenedWinVerifyCacheProcessImportTodos: 'winnsi.dll' -> '\Device\HarddiskVolume3\Windows\System32\winnsi.dll' [rcNtRedir=0xc0150008]
8d4.33bc: supR3HardenedMonitor_LdrLoadDll: returns rcNt=0x0 hMod=00007ffcccc40000 'C:\Windows\system32\rsaenh.dll'
8d4.33bc: supR3HardenedMonitor_LdrLoadDll: returns rcNt=0x0 hMod=00007ffcce4c0000 'C:\Windows\System32\crypt32.dll'
8d4.33bc: supHardenedWinVerifyImageByHandle: -> 0 (\Device\HarddiskVolume3\Windows\System32\winnsi.dll) WinVerifyTrust
8d4.33bc: supR3HardenedWinVerifyCacheInsert: \Device\HarddiskVolume3\Windows\System32\winnsi.dll
8d4.33bc: supR3HardenedWinVerifyCacheProcessImportTodos: Processing 'nsi.dll'...
8d4.33bc: supR3HardenedWinVerifyCacheProcessImportTodos: 'nsi.dll' -> '\Device\HarddiskVolume3\Windows\System32\nsi.dll' [rcNtRedir=0xc0150008]
8d4.33bc: supR3HardenedScreenImage/Imports: cache hit (VINF_SUCCESS) on \Device\HarddiskVolume3\Windows\System32\nsi.dll
8d4.33bc: supR3HardenedWinVerifyCacheProcessImportTodos: Processing 'rpcrt4.dll'...
8d4.33bc: supR3HardenedWinVerifyCacheProcessImportTodos: 'rpcrt4.dll' -> '\Device\HarddiskVolume3\Windows\System32\rpcrt4.dll' [rcNtRedir=0xc0150008]
8d4.33bc: supR3HardenedWinVerifyCacheProcessImportTodos: Processing 'msvcrt.dll'...
8d4.33bc: supR3HardenedWinVerifyCacheProcessImportTodos: 'msvcrt.dll' -> '\Device\HarddiskVolume3\Windows\System32\msvcrt.dll' [rcNtRedir=0xc0150008]
8d4.33bc: supR3HardenedMonitor_LdrLoadDll: pName=C:\Windows\System32\NetSetupEngine.dll (rcNtResolve=0xc0150008) *pfFlags=0x0 pwszSearchPath=0000000000000001:<flags> [calling]
8d4.33bc: supR3HardenedScreenImage/NtCreateSection: cache hit (VINF_SUCCESS) on \Device\HarddiskVolume3\Windows\System32\NetSetupEngine.dll
8d4.33bc: supR3HardenedScreenImage/NtCreateSection: cache hit (VINF_SUCCESS) on \Device\HarddiskVolume3\Windows\System32\winnsi.dll
8d4.33bc: supR3HardenedDllNotificationCallback: load   00007ffccae00000 LB 0x0000d000 C:\Windows\SYSTEM32\WINNSI.DLL [fFlags=0x0]
8d4.33bc: supR3HardenedScreenImage/LdrLoadDll: cache hit (VINF_SUCCESS) on \Device\HarddiskVolume3\Windows\System32\winnsi.dll
8d4.33bc: supR3HardenedDllNotificationCallback: load   00007ffc695c0000 LB 0x000df000 C:\Windows\System32\NetSetupEngine.dll [fFlags=0x0]
8d4.33bc: supR3HardenedScreenImage/LdrLoadDll: cache hit (VINF_SUCCESS) on \Device\HarddiskVolume3\Windows\System32\NetSetupEngine.dll
8d4.33bc: supR3HardenedMonitor_LdrLoadDll: returns rcNt=0x0 hMod=00007ffc695c0000 'C:\Windows\System32\NetSetupEngine.dll'
8d4.33bc: supR3HardenedDllNotificationCallback: Unload 00007ffc695c0000 LB 0x000df000 C:\Windows\System32\NetSetupEngine.dll [flags=0x0]
8d4.33bc: supR3HardenedDllNotificationCallback: Unload 00007ffccae00000 LB 0x0000d000 C:\Windows\SYSTEM32\WINNSI.DLL [flags=0x0]
8d4.2a74: supR3HardenedDllNotificationCallback: Unload 00007ffcb4c90000 LB 0x0007b000 C:\Windows\System32\NetSetupShim.dll [flags=0x0]
8d4.2a74: supR3HardenedDllNotificationCallback: Unload 00007ffcbe240000 LB 0x00029000 C:\Windows\System32\NetSetupApi.dll [flags=0x0]
8d4.2a74: supR3HardenedDllNotificationCallback: Unload 00007ffcc2ba0000 LB 0x00014000 C:\Windows\System32\DEVRTL.dll [flags=0x0]
8d4.576c: supR3HardNtViCallWinVerifyTrustCatFile: hFile=0000000000001248 pwszName=\Device\HarddiskVolume3\Windows\System32\ninput.dll
8d4.576c: supR3HardNtViCallWinVerifyTrustCatFile: Cached context 000002075330f980
8d4.576c: supR3HardNtViCallWinVerifyTrustCatFile: hCatAdmin=000002075330f980
8d4.576c: supR3HardenedScreenImage/LdrLoadDll: cache hit (VINF_SUCCESS) on \Device\HarddiskVolume3\Windows\System32\wintrust.dll
8d4.576c: supR3HardenedMonitor_LdrLoadDll: pName=C:\Windows\System32\WINTRUST.DLL (Input=WINTRUST.DLL, rcNtResolve=0xc0150008) *pfFlags=0x0 pwszSearchPath=0000000000000001:<flags> [calling]
8d4.576c: supR3HardenedMonitor_LdrLoadDll: returns rcNt=0x0 hMod=00007ffcce630000 'C:\Windows\System32\WINTRUST.DLL'
8d4.576c: supR3HardenedMonitor_LdrLoadDll: returns rcNt=0x0 hMod=00007ffcce4c0000 'C:\Windows\System32\CRYPT32.dll'
8d4.576c: supR3HardNtViCallWinVerifyTrustCatFile: cbHash=20 wszDigest=E689FE1698A0B9C425EEA580656BB6CB60314F59
8d4.576c: supR3HardenedMonitor_LdrLoadDll: returns rcNt=0x0 hMod=00007ffcccc40000 'C:\Windows\system32\rsaenh.dll'
8d4.576c: supR3HardenedMonitor_LdrLoadDll: returns rcNt=0x0 hMod=00007ffcce4c0000 'C:\Windows\System32\crypt32.dll'
8d4.576c: supR3HardNtViCallWinVerifyTrustCatFile: WinVerifyTrust => 0x0; cat='C:\Windows\system32\CatRoot\{F750E6C3-38EE-11D1-85E5-00C04FC295EE}\Microsoft-Windows-Client-Desktop-Required-Package05~31bf3856ad364e35~amd64~~10.0.22621.2428.cat'; file='\Device\HarddiskVolume3\Windows\System32\ninput.dll'
8d4.576c: supR3HardNtViCallWinVerifyTrustCatFile -> 0 (org 22900)
8d4.576c: supR3HardenedWinVerifyCacheScheduleImports: Import todo: #24 'oleaut32.dll'.
8d4.576c: supHardenedWinVerifyImageByHandle: -> 0 (\Device\HarddiskVolume3\Windows\System32\ninput.dll) WinVerifyTrust
8d4.576c: supR3HardenedWinVerifyCacheInsert: \Device\HarddiskVolume3\Windows\System32\ninput.dll
8d4.576c: supR3HardenedWinVerifyCacheProcessImportTodos: Processing 'oleaut32.dll'...
8d4.576c: supR3HardenedWinVerifyCacheProcessImportTodos: 'oleaut32.dll' -> '\Device\HarddiskVolume3\Windows\System32\oleaut32.dll' [rcNtRedir=0xc0150008]
8d4.576c: supR3HardenedMonitor_LdrLoadDll: pName=C:\Windows\system32\Ninput.dll (rcNtResolve=0xc0150008) *pfFlags=0x0 pwszSearchPath=0000000000000001:<flags> [calling]
8d4.576c: supR3HardenedScreenImage/NtCreateSection: cache hit (VINF_SUCCESS) on \Device\HarddiskVolume3\Windows\System32\ninput.dll
8d4.576c: supR3HardenedDllNotificationCallback: load   00007ffcab6a0000 LB 0x0006b000 C:\Windows\system32\Ninput.dll [fFlags=0x0]
8d4.576c: supR3HardenedScreenImage/LdrLoadDll: cache hit (VINF_SUCCESS) on \Device\HarddiskVolume3\Windows\System32\ninput.dll
8d4.576c: supR3HardenedMonitor_LdrLoadDll: returns rcNt=0x0 hMod=00007ffcab6a0000 'C:\Windows\system32\Ninput.dll'
8d4.583c: supR3HardenedMonitor_LdrLoadDll: returns rcNt=0x0 hMod=00007ffcccc40000 'C:\Windows\system32\rsaenh.dll'
8d4.583c: supR3HardenedScreenImage/LdrLoadDll: cache hit (VINF_SUCCESS) on \Device\HarddiskVolume3\Windows\System32\wintrust.dll
8d4.583c: supR3HardenedMonitor_LdrLoadDll: pName=C:\Windows\System32\WINTRUST.DLL (Input=WINTRUST.DLL, rcNtResolve=0xc0150008) *pfFlags=0x0 pwszSearchPath=0000000000000001:<flags> [calling]
8d4.583c: supR3HardenedMonitor_LdrLoadDll: returns rcNt=0x0 hMod=00007ffcce630000 'C:\Windows\System32\WINTRUST.DLL'
8d4.583c: supR3HardenedMonitor_LdrLoadDll: returns rcNt=0x0 hMod=00007ffcce4c0000 'C:\Windows\System32\CRYPT32.dll'
8d4.583c: supR3HardenedMonitor_LdrLoadDll: returns rcNt=0x0 hMod=00007ffcce4c0000 'C:\Windows\System32\crypt32.dll'
8d4.583c: supR3HardenedWinVerifyCacheScheduleImports: Import todo: #14 'ws2_32.dll'.
8d4.583c: supR3HardenedWinVerifyCacheScheduleImports: Import todo: #22 'rpcrt4.dll'.
8d4.583c: supHardenedWinVerifyImageByHandle: -> 0 (\Device\HarddiskVolume3\Windows\System32\mswsock.dll) WinVerifyTrust
8d4.583c: supR3HardenedWinVerifyCacheInsert: \Device\HarddiskVolume3\Windows\System32\mswsock.dll
8d4.583c: supR3HardenedWinVerifyCacheProcessImportTodos: Processing 'rpcrt4.dll'...
8d4.583c: supR3HardenedWinVerifyCacheProcessImportTodos: 'rpcrt4.dll' -> '\Device\HarddiskVolume3\Windows\System32\rpcrt4.dll' [rcNtRedir=0xc0150008]
8d4.583c: supR3HardenedWinVerifyCacheProcessImportTodos: Processing 'ws2_32.dll'...
8d4.583c: supR3HardenedWinVerifyCacheProcessImportTodos: 'ws2_32.dll' -> '\Device\HarddiskVolume3\Windows\System32\ws2_32.dll' [rcNtRedir=0xc0150008]
8d4.583c: supR3HardenedScreenImage/Imports: cache hit (VINF_SUCCESS) on \Device\HarddiskVolume3\Windows\System32\ws2_32.dll
8d4.583c: supR3HardenedMonitor_LdrLoadDll: pName=C:\Windows\system32\mswsock.dll (rcNtResolve=0xc0150008) *pfFlags=0x0 pwszSearchPath=0000000000000001:<flags> [calling]
8d4.583c: supR3HardenedScreenImage/NtCreateSection: cache hit (VINF_SUCCESS) on \Device\HarddiskVolume3\Windows\System32\mswsock.dll
8d4.583c: supR3HardenedDllNotificationCallback: load   00007ffccd180000 LB 0x00069000 C:\Windows\system32\mswsock.dll [fFlags=0x0]
8d4.583c: supR3HardenedScreenImage/LdrLoadDll: cache hit (VINF_SUCCESS) on \Device\HarddiskVolume3\Windows\System32\mswsock.dll
8d4.583c: supR3HardenedMonitor_LdrLoadDll: returns rcNt=0x0 hMod=00007ffccd180000 'C:\Windows\system32\mswsock.dll'
8d4.583c: supR3HardenedScreenImage/LdrLoadDll: cache hit (VINF_SUCCESS) on \Device\HarddiskVolume3\Windows\System32\mswsock.dll
8d4.583c: supR3HardenedMonitor_LdrLoadDll: pName=C:\Windows\system32\mswsock.dll (rcNtResolve=0xc0150008) *pfFlags=0x0 pwszSearchPath=0000000000000001:<flags> [calling]
8d4.583c: supR3HardenedMonitor_LdrLoadDll: returns rcNt=0x0 hMod=00007ffccd180000 'C:\Windows\system32\mswsock.dll'
8d4.33bc: supR3HardenedScreenImage/LdrLoadDll: cache hit (VINF_SUCCESS) on \Device\HarddiskVolume3\Windows\System32\NetSetupShim.dll
8d4.33bc: supR3HardenedMonitor_LdrLoadDll: pName=C:\Windows\System32\NetSetupShim.dll (rcNtResolve=0xc0150008) *pfFlags=0x0 pwszSearchPath=0000000000002009:<flags> [calling]
8d4.33bc: supR3HardenedScreenImage/NtCreateSection: cache hit (VINF_SUCCESS) on \Device\HarddiskVolume3\Windows\System32\NetSetupShim.dll
8d4.33bc: supR3HardenedScreenImage/NtCreateSection: cache hit (VINF_SUCCESS) on \Device\HarddiskVolume3\Windows\System32\NetSetupApi.dll
8d4.33bc: supR3HardenedScreenImage/NtCreateSection: cache hit (VINF_SUCCESS) on \Device\HarddiskVolume3\Windows\System32\devrtl.dll
8d4.33bc: supR3HardenedDllNotificationCallback: load   00007ffcbe240000 LB 0x00029000 C:\Windows\System32\NetSetupApi.dll [fFlags=0x0]
8d4.33bc: supR3HardenedScreenImage/LdrLoadDll: cache hit (VINF_SUCCESS) on \Device\HarddiskVolume3\Windows\System32\NetSetupApi.dll
8d4.33bc: supR3HardenedDllNotificationCallback: load   00007ffcc2ba0000 LB 0x00014000 C:\Windows\System32\DEVRTL.dll [fFlags=0x0]
8d4.33bc: supR3HardenedScreenImage/LdrLoadDll: cache hit (VINF_SUCCESS) on \Device\HarddiskVolume3\Windows\System32\devrtl.dll
8d4.33bc: supR3HardenedDllNotificationCallback: load   00007ffcb4c90000 LB 0x0007b000 C:\Windows\System32\NetSetupShim.dll [fFlags=0x0]
8d4.33bc: supR3HardenedScreenImage/LdrLoadDll: cache hit (VINF_SUCCESS) on \Device\HarddiskVolume3\Windows\System32\NetSetupShim.dll
8d4.33bc: supR3HardenedMonitor_LdrLoadDll: returns rcNt=0x0 hMod=00007ffcb4c90000 'C:\Windows\System32\NetSetupShim.dll'
8d4.33bc: supR3HardenedScreenImage/LdrLoadDll: cache hit (VINF_SUCCESS) on \Device\HarddiskVolume3\Windows\System32\NetSetupEngine.dll
8d4.33bc: supR3HardenedMonitor_LdrLoadDll: pName=C:\Windows\System32\NetSetupEngine.dll (rcNtResolve=0xc0150008) *pfFlags=0x0 pwszSearchPath=0000000000000001:<flags> [calling]
8d4.33bc: supR3HardenedScreenImage/NtCreateSection: cache hit (VINF_SUCCESS) on \Device\HarddiskVolume3\Windows\System32\NetSetupEngine.dll
8d4.33bc: supR3HardenedScreenImage/NtCreateSection: cache hit (VINF_SUCCESS) on \Device\HarddiskVolume3\Windows\System32\winnsi.dll
8d4.33bc: supR3HardenedDllNotificationCallback: load   00007ffccae00000 LB 0x0000d000 C:\Windows\SYSTEM32\WINNSI.DLL [fFlags=0x0]
8d4.33bc: supR3HardenedScreenImage/LdrLoadDll: cache hit (VINF_SUCCESS) on \Device\HarddiskVolume3\Windows\System32\winnsi.dll
8d4.33bc: supR3HardenedDllNotificationCallback: load   00007ffc695c0000 LB 0x000df000 C:\Windows\System32\NetSetupEngine.dll [fFlags=0x0]
8d4.33bc: supR3HardenedScreenImage/LdrLoadDll: cache hit (VINF_SUCCESS) on \Device\HarddiskVolume3\Windows\System32\NetSetupEngine.dll
8d4.33bc: supR3HardenedMonitor_LdrLoadDll: returns rcNt=0x0 hMod=00007ffc695c0000 'C:\Windows\System32\NetSetupEngine.dll'
8d4.33bc: supR3HardenedDllNotificationCallback: Unload 00007ffc695c0000 LB 0x000df000 C:\Windows\System32\NetSetupEngine.dll [flags=0x0]
8d4.33bc: supR3HardenedDllNotificationCallback: Unload 00007ffccae00000 LB 0x0000d000 C:\Windows\SYSTEM32\WINNSI.DLL [flags=0x0]
8d4.63e4: supR3HardenedDllNotificationCallback: Unload 00007ffcc0710000 LB 0x0000d000 C:\Program Files\Oracle\VirtualBox\VBoxGuestPropSvc.DLL [flags=0x0]
8d4.69bc: supR3HardenedDllNotificationCallback: Unload 00007ffcc1100000 LB 0x0000c000 C:\Program Files\Oracle\VirtualBox\VBoxGuestControlSvc.DLL [flags=0x0]
8d4.45dc: supR3HardenedDllNotificationCallback: Unload 00007ffcc0590000 LB 0x00014000 C:\Program Files\Oracle\VirtualBox\VBoxSharedFolders.DLL [flags=0x0]
8d4.49e4: supR3HardenedDllNotificationCallback: Unload 00007ffcc14b0000 LB 0x0000d000 C:\Program Files\Oracle\VirtualBox\VBoxDragAndDropSvc.DLL [flags=0x0]
8d4.5b74: supR3HardenedWinVerifyCacheScheduleImports: Import todo: #0 'msvcrt.dll'.
8d4.5b74: supHardenedWinVerifyImageByHandle: -> 22900 (\Device\HarddiskVolume3\Windows\System32\edputil.dll)
8d4.5b74: supR3HardenedWinVerifyCacheInsert: \Device\HarddiskVolume3\Windows\System32\edputil.dll
8d4.5b74: supR3HardenedDllNotificationCallback: load   00007ffcacc40000 LB 0x00028000 C:\Windows\SYSTEM32\edputil.dll [fFlags=0x0]
8d4.5b74: supR3HardenedScreenImage/LdrLoadDll: cache hit (22900) on \Device\HarddiskVolume3\Windows\System32\edputil.dll [avoiding WinVerifyTrust]
8d4.5b74: supR3HardenedDllNotificationCallback: Unload 00007ffcbf970000 LB 0x00021000 C:\Program Files\Oracle\VirtualBox\VBoxSharedClipboard.DLL [flags=0x0]
8d4.33bc: supR3HardenedDllNotificationCallback: Unload 00007ffc2c380000 LB 0x00a2c000 C:\Program Files\Oracle\VirtualBox\VBoxDD.DLL [flags=0x0]
8d4.33bc: supR3HardenedDllNotificationCallback: Unload 00007ffc69500000 LB 0x00071000 C:\Program Files\Oracle\VirtualBox\VBoxDDU.dll [flags=0x0]
8d4.33bc: supR3HardenedDllNotificationCallback: Unload 00007ffc2bb20000 LB 0x0085d000 C:\Program Files\Oracle\VirtualBox\VBoxDD2.dll [flags=0x0]
8d4.576c: supR3HardenedDllNotificationCallback: Unload 00007ffc55920000 LB 0x0057c000 C:\Program Files\Oracle\VirtualBox\VBoxVMM.DLL [flags=0x0]
8d4.576c: supR3HardenedDllNotificationCallback: Unload 00007ffc843d0000 LB 0x002a9000 C:\Windows\system32\explorerframe.dll [flags=0x0]
8d4.576c: supR3HardenedDllNotificationCallback: Unload 00007ffcb37b0000 LB 0x00014000 C:\Windows\system32\wbem\wbemsvc.dll [flags=0x0]
8d4.576c: supR3HardenedDllNotificationCallback: Unload 00007ffcb43b0000 LB 0x00010000 C:\Windows\system32\wbem\wbemprox.dll [flags=0x0]
8d4.576c: supR3HardenedDllNotificationCallback: Unload 00007ffcb37d0000 LB 0x000f8000 C:\Windows\system32\wbem\fastprox.dll [flags=0x0]
8d4.576c: supR3HardenedDllNotificationCallback: Unload 00007ffcb4330000 LB 0x00080000 C:\Windows\SYSTEM32\wbemcomn.dll [flags=0x0]
8d4.576c: supR3HardenedDllNotificationCallback: Unload 00007ffcae2b0000 LB 0x0006b000 C:\Windows\System32\thumbcache.dll [flags=0x0]
8d4.576c: supR3HardenedDllNotificationCallback: Unload 00007ffc63450000 LB 0x000e5000 C:\Program Files\Oracle\VirtualBox\VBoxProxyStub.dll [flags=0x0]
8d4.576c: supR3HardenedDllNotificationCallback: Unload 00007ffcacc70000 LB 0x0005e000 C:\Windows\system32\dataexchange.dll [flags=0x0]
8d4.576c: supR3HardenedDllNotificationCallback: Unload 00007ffcc6180000 LB 0x00285000 C:\Windows\system32\twinapi.appcore.dll [flags=0x0]
8d4.576c: supR3HardenedDllNotificationCallback: Unload 00007ffc4a010000 LB 0x003f5000 C:\Program Files\Oracle\VirtualBox\VBoxC.dll [flags=0x0]
8d4.576c: supR3HardenedDllNotificationCallback: Unload 00007ffcb4c90000 LB 0x0007b000 C:\Windows\System32\NetSetupShim.dll [flags=0x0]
8d4.576c: supR3HardenedDllNotificationCallback: Unload 00007ffcbe240000 LB 0x00029000 C:\Windows\System32\NetSetupApi.dll [flags=0x0]
8d4.576c: supR3HardenedDllNotificationCallback: Unload 00007ffcc2ba0000 LB 0x00014000 C:\Windows\System32\DEVRTL.dll [flags=0x0]
8d4.576c: Terminating the normal way: rcExit=0
643c.4764: supR3HardNtChildWaitFor[2]: Quitting: ExitCode=0x0 (rcNtWait=0x0, rcNt1=0x0, rcNt2=0x103, rcNt3=0x103, 1891064 ms, the end);
3430.dd4: supR3HardNtChildWaitFor[1]: Quitting: ExitCode=0x0 (rcNtWait=0x0, rcNt1=0x0, rcNt2=0x103, rcNt3=0x103, 1892309 ms, the end);
