00:00:10.313962 VirtualBox VM 7.1.4 r165100 win.amd64 (Oct 10 2024 18:57:17) release log
00:00:10.313964 Log opened 2026-04-30T19:16:03.113070800Z
00:00:10.313965 Build Type: release
00:00:10.313968 OS Product: Windows 11
00:00:10.313968 OS Release: 10.0.22621
00:00:10.313969 OS Service Pack: 
00:00:10.537631 DMI Product Name: MCLG-XX
00:00:10.541603 DMI Product Version: M1010
00:00:10.541618 Firmware type: UEFI
00:00:10.542143 Secure Boot: Enabled
00:00:10.542153 Host RAM: 16105MB (15.7GB) total, 3858MB (3.7GB) available
00:00:10.542155 Executable: C:\Program Files\Oracle\VirtualBox\VirtualBoxVM.exe
00:00:10.542156 Process ID: 2260
00:00:10.542156 Package type: WINDOWS_64BITS_GENERIC
00:00:10.542157 Windows Features:
00:00:10.542157   Core Isolation (Memory Integrity): ENABLED
00:00:10.542917 Installed Extension Packs:
00:00:10.542937   None installed!
00:00:10.543414 Console: Machine state changed to 'Starting'
00:00:10.543770 GUI: Qt version: 6.5.3
00:00:10.543784 GUI: HID LEDs sync is enabled
00:00:10.553264 GUI: UIMediumEnumerator: Medium-enumeration finished!
00:00:10.620098 GUI: Cannot notify guest about VM window out-of-focus event
00:00:10.632727 SUP: Opened VMMR0.r0 (C:\Program Files\Oracle\VirtualBox/VMMR0.r0) at 0xXXXXXXXXXXXXXXXX loaded by the native ring-0 loader.
00:00:10.632727 SUP: windbg> .reload /f C:\Program Files\Oracle\VirtualBox/VMMR0.r0=0xXXXXXXXXXXXXXXXX
00:00:10.670877 Guest architecture: x86
00:00:10.671022 Guest OS type: 'Ubuntu_64'
00:00:10.673323 fHMForced=true - No raw-mode support in this build!
00:00:10.673380 Using execution engine 1
00:00:10.684419 File system of 'C:\Program Files\Oracle\VirtualBox/VBoxGuestAdditions.iso' (DVD) is ntfs
00:00:10.689029 File system of 'D:\Учеба\АСУЭП\ПР10\VM2-App-Web-Analytics\VM2-App-Web-Analytics.vdi' is ntfs
00:00:10.714325 Shared Clipboard: Initialized OLE
00:00:10.714562 Shared Clipboard: Service loaded
00:00:10.714599 Shared Clipboard: Mode: Bidirectional
00:00:10.714866 Shared Clipboard: Service running in normal mode
00:00:10.728130 Drag and drop service loaded
00:00:10.728167 Drag and drop mode: Bidirectional
00:00:10.730589 Audio: Detected default audio driver type is 'HostAudioWas'
00:00:10.739020 ERROR [COM]: aRC=VBOX_E_IPRT_ERROR (0x80bb0005) aIID={6ac83d89-6ee7-4e33-8ae6-b257b2e81be8} aComponent={ConsoleWrap} aText={The VBoxGuestPropSvc service call failed with the error VERR_HGCM_SERVICE_NOT_FOUND}, preserve=false aResultDetail=-2900
00:00:10.739721 ************************* CFGM dump *************************
00:00:10.739729 [/] (level 0)
00:00:10.739734   CpuExecutionCap   <integer> = 0x0000000000000064 (100)
00:00:10.739738   EnablePAE         <integer> = 0x0000000000000001 (1)
00:00:10.739740   HMEnabled         <integer> = 0x0000000000000001 (1)
00:00:10.739742   MemBalloonSize    <integer> = 0x0000000000000000 (0, 0 B)
00:00:10.739751   Name              <string>  = "VM2-App-Web-Analytics" (cb=22)
00:00:10.739753   NumCPUs           <integer> = 0x0000000000000002 (2)
00:00:10.739755   PageFusionAllowed <integer> = 0x0000000000000000 (0)
00:00:10.739756   RamHoleSize       <integer> = 0x0000000020000000 (536 870 912, 512.0 MiB)
00:00:10.739759   RamSize           <integer> = 0x0000000080000000 (2 147 483 648, 2.0 GiB)
00:00:10.739762   TimerMillies      <integer> = 0x000000000000000a (10)
00:00:10.739764   UUID              <bytes>   = "c2 69 c0 90 c8 80 c2 44 b1 00 a9 32 63 77 0c 05" (cb=16)
00:00:10.739769 
00:00:10.739770 [/CPUM/] (level 1)
00:00:10.739772   Enable64bit        <integer> = 0x0000000000000001 (1)
00:00:10.739773   GuestCpuName       <string>  = "host" (cb=5)
00:00:10.739775   NestedHWVirt       <integer> = 0x0000000000000000 (0)
00:00:10.739776   PortableCpuIdLevel <integer> = 0x0000000000000000 (0)
00:00:10.739778   SpecCtrl           <integer> = 0x0000000000000000 (0)
00:00:10.739779 
00:00:10.739780 [/CPUM/IsaExts/] (level 2)
00:00:10.739782 
00:00:10.739782 [/DBGC/] (level 1)
00:00:10.739784   GlobalInitScript <string>  = "C:\Users\nikni\.VirtualBox/dbgc-init" (cb=37)
00:00:10.739786   HistoryFile      <string>  = "C:\Users\nikni\.VirtualBox/dbgc-history" (cb=40)
00:00:10.739788   LocalInitScript  <string>  = "D:\Учеба\АСУЭП\ПР10\VM2-App-Web-Analytics/dbgc-init" (cb=64)
00:00:10.739789 
00:00:10.739789 [/DBGF/] (level 1)
00:00:10.739791   Path <string>  = "D:\Учеба\АСУЭП\ПР10\VM2-App-Web-Analytics/debug/;D:\Учеба\АСУЭП\ПР10\VM2-App-Web-Analytics/;cache*D:\Учеба\АСУЭП\ПР10\VM2-App-Web-Analytics/dbgcache/;C:\Users\nikni\" (cb=202)
00:00:10.739793 
00:00:10.739793 [/Devices/] (level 1)
00:00:10.739795 
00:00:10.739795 [/Devices/3c501/] (level 2)
00:00:10.739797 
00:00:10.739798 [/Devices/8237A/] (level 2)
00:00:10.739800 
00:00:10.739800 [/Devices/8237A/0/] (level 3)
00:00:10.739803   Trusted <integer> = 0x0000000000000001 (1)
00:00:10.739804 
00:00:10.739804 [/Devices/GIMDev/] (level 2)
00:00:10.739806 
00:00:10.739807 [/Devices/GIMDev/0/] (level 3)
00:00:10.739809   Trusted <integer> = 0x0000000000000001 (1)
00:00:10.739810 
00:00:10.739810 [/Devices/VMMDev/] (level 2)
00:00:10.739812 
00:00:10.739812 [/Devices/VMMDev/0/] (level 3)
00:00:10.739815   PCIBusNo      <integer> = 0x0000000000000000 (0)
00:00:10.739816   PCIDeviceNo   <integer> = 0x0000000000000004 (4)
00:00:10.739818   PCIFunctionNo <integer> = 0x0000000000000000 (0)
00:00:10.739819   Trusted       <integer> = 0x0000000000000001 (1)
00:00:10.739820 
00:00:10.739821 [/Devices/VMMDev/0/Config/] (level 4)
00:00:10.739823   GuestCoreDumpDir <string>  = "D:\Учеба\АСУЭП\ПР10\VM2-App-Web-Analytics\Snapshots" (cb=64)
00:00:10.739824 
00:00:10.739825 [/Devices/VMMDev/0/LUN#0/] (level 4)
00:00:10.739827   Driver <string>  = "HGCM" (cb=5)
00:00:10.739828 
00:00:10.739828 [/Devices/VMMDev/0/LUN#0/Config/] (level 5)
00:00:10.739831 
00:00:10.739831 [/Devices/VMMDev/0/LUN#999/] (level 4)
00:00:10.739833   Driver <string>  = "MainStatus" (cb=11)
00:00:10.739834 
00:00:10.739835 [/Devices/VMMDev/0/LUN#999/Config/] (level 5)
00:00:10.739837   First                <integer> = 0x0000000000000000 (0)
00:00:10.739839   HasMediumAttachments <integer> = 0x0000000000000000 (0)
00:00:10.739840   Last                 <integer> = 0x0000000000000000 (0)
00:00:10.739842   iLedSet              <integer> = 0x0000000000000006 (6)
00:00:10.739843 
00:00:10.739844 [/Devices/acpi/] (level 2)
00:00:10.739845 
00:00:10.739846 [/Devices/acpi/0/] (level 3)
00:00:10.739848   PCIBusNo      <integer> = 0x0000000000000000 (0)
00:00:10.739849   PCIDeviceNo   <integer> = 0x0000000000000007 (7)
00:00:10.739850   PCIFunctionNo <integer> = 0x0000000000000000 (0)
00:00:10.739852   Trusted       <integer> = 0x0000000000000001 (1)
00:00:10.739853 
00:00:10.739853 [/Devices/acpi/0/Config/] (level 4)
00:00:10.739857   CpuHotPlug          <integer> = 0x0000000000000000 (0)
00:00:10.739858   FdcEnabled          <integer> = 0x0000000000000000 (0)
00:00:10.739860   HostBusPciAddress   <integer> = 0x0000000000000000 (0)
00:00:10.739861   HpetEnabled         <integer> = 0x0000000000000000 (0)
00:00:10.739862   IOAPIC              <integer> = 0x0000000000000001 (1)
00:00:10.739864   IocPciAddress       <integer> = 0x0000000000010000 (65 536)
00:00:10.739866   NumCPUs             <integer> = 0x0000000000000002 (2)
00:00:10.739867   Parallel0IoPortBase <integer> = 0x0000000000000000 (0)
00:00:10.739868   Parallel0Irq        <integer> = 0x0000000000000000 (0)
00:00:10.739870   Parallel1IoPortBase <integer> = 0x0000000000000000 (0)
00:00:10.739871   Parallel1Irq        <integer> = 0x0000000000000000 (0)
00:00:10.739872   Serial0IoPortBase   <integer> = 0x0000000000000000 (0)
00:00:10.739874   Serial0Irq          <integer> = 0x0000000000000000 (0)
00:00:10.739875   Serial1IoPortBase   <integer> = 0x0000000000000000 (0)
00:00:10.739876   Serial1Irq          <integer> = 0x0000000000000000 (0)
00:00:10.739878   ShowCpu             <integer> = 0x0000000000000001 (1)
00:00:10.739879   ShowRtc             <integer> = 0x0000000000000000 (0)
00:00:10.739881   SmcEnabled          <integer> = 0x0000000000000000 (0)
00:00:10.739882 
00:00:10.739883 [/Devices/acpi/0/LUN#0/] (level 4)
00:00:10.739885   Driver <string>  = "ACPIHost" (cb=9)
00:00:10.739886 
00:00:10.739886 [/Devices/acpi/0/LUN#0/Config/] (level 5)
00:00:10.739889 
00:00:10.739889 [/Devices/acpi/0/LUN#1/] (level 4)
00:00:10.739891   Driver <string>  = "ACPICpu" (cb=8)
00:00:10.739892 
00:00:10.739893 [/Devices/acpi/0/LUN#1/Config/] (level 5)
00:00:10.739895 
00:00:10.739896 [/Devices/ahci/] (level 2)
00:00:10.739897 
00:00:10.739898 [/Devices/ahci/0/] (level 3)
00:00:10.739900   PCIBusNo      <integer> = 0x0000000000000000 (0)
00:00:10.739902   PCIDeviceNo   <integer> = 0x000000000000000d (13)
00:00:10.739903   PCIFunctionNo <integer> = 0x0000000000000000 (0)
00:00:10.739904   Trusted       <integer> = 0x0000000000000001 (1)
00:00:10.739906 
00:00:10.739906 [/Devices/ahci/0/Config/] (level 4)
00:00:10.739908   Bootable  <integer> = 0x0000000000000001 (1)
00:00:10.739909   PortCount <integer> = 0x0000000000000001 (1)
00:00:10.739911 
00:00:10.739911 [/Devices/ahci/0/Config/Port0/] (level 5)
00:00:10.739913   Hotpluggable <integer> = 0x0000000000000000 (0)
00:00:10.739914 
00:00:10.739915 [/Devices/ahci/0/LUN#0/] (level 4)
00:00:10.739917   Driver <string>  = "VD" (cb=3)
00:00:10.739918 
00:00:10.739919 [/Devices/ahci/0/LUN#0/Config/] (level 5)
00:00:10.739922   BlockCache <integer> = 0x0000000000000001 (1)
00:00:10.739923   Format     <string>  = "VDI" (cb=4)
00:00:10.739924   Mountable  <integer> = 0x0000000000000000 (0)
00:00:10.739925   Path       <string>  = "D:\Учеба\АСУЭП\ПР10\VM2-App-Web-Analytics\VM2-App-Web-Analytics.vdi" (cb=80)
00:00:10.739927   Type       <string>  = "HardDisk" (cb=9)
00:00:10.739928   UseNewIo   <integer> = 0x0000000000000001 (1)
00:00:10.739930 
00:00:10.739930 [/Devices/ahci/0/LUN#0/Config/VDConfig/] (level 6)
00:00:10.739933   AllocationBlockSize <string>  = "1048576" (cb=8)
00:00:10.739934 
00:00:10.739934 [/Devices/ahci/0/LUN#999/] (level 4)
00:00:10.739936   Driver <string>  = "MainStatus" (cb=11)
00:00:10.739937 
00:00:10.739938 [/Devices/ahci/0/LUN#999/Config/] (level 5)
00:00:10.739940   DeviceInstance       <string>  = "ahci/0" (cb=7)
00:00:10.739942   First                <integer> = 0x0000000000000000 (0)
00:00:10.739944   HasMediumAttachments <integer> = 0x0000000000000001 (1)
00:00:10.739945   Last                 <integer> = 0x0000000000000000 (0)
00:00:10.739946   iLedSet              <integer> = 0x0000000000000004 (4)
00:00:10.739948 
00:00:10.739948 [/Devices/apic/] (level 2)
00:00:10.739950 
00:00:10.739951 [/Devices/apic/0/] (level 3)
00:00:10.739952   Trusted <integer> = 0x0000000000000001 (1)
00:00:10.739954 
00:00:10.739954 [/Devices/apic/0/Config/] (level 4)
00:00:10.739956   IOAPIC  <integer> = 0x0000000000000001 (1)
00:00:10.739957   Mode    <integer> = 0x0000000000000003 (3)
00:00:10.739959   NumCPUs <integer> = 0x0000000000000002 (2)
00:00:10.739960 
00:00:10.739960 [/Devices/dp8390/] (level 2)
00:00:10.739962 
00:00:10.739962 [/Devices/e1000/] (level 2)
00:00:10.739964 
00:00:10.739964 [/Devices/e1000/0/] (level 3)
00:00:10.739966   PCIBusNo      <integer> = 0x0000000000000000 (0)
00:00:10.739968   PCIDeviceNo   <integer> = 0x0000000000000003 (3)
00:00:10.739969   PCIFunctionNo <integer> = 0x0000000000000000 (0)
00:00:10.739970   Trusted       <integer> = 0x0000000000000001 (1)
00:00:10.739972 
00:00:10.739972 [/Devices/e1000/0/Config/] (level 4)
00:00:10.739974   AdapterType    <integer> = 0x0000000000000000 (0)
00:00:10.739975   CableConnected <integer> = 0x0000000000000001 (1)
00:00:10.739977   LineSpeed      <integer> = 0x0000000000000000 (0)
00:00:10.739978   MAC            <bytes>   = "08 00 27 14 be 9d" (cb=6)
00:00:10.739981 
00:00:10.739981 [/Devices/e1000/0/LUN#0/] (level 4)
00:00:10.739983   Driver <string>  = "NAT" (cb=4)
00:00:10.739984 
00:00:10.739985 [/Devices/e1000/0/LUN#0/Config/] (level 5)
00:00:10.739989   AliasMode          <integer> = 0x0000000000000000 (0)
00:00:10.739990   BootFile           <string>  = "VM2-App-Web-Analytics.pxe" (cb=26)
00:00:10.739992   DNSProxy           <integer> = 0x0000000000000000 (0)
00:00:10.739994   LocalhostReachable <integer> = 0x0000000000000000 (0)
00:00:10.739995   Network            <string>  = "10.0.2.0/24" (cb=12)
00:00:10.739996   PassDomain         <integer> = 0x0000000000000001 (1)
00:00:10.739998   TFTPPrefix         <string>  = "C:\Users\nikni\.VirtualBox\TFTP" (cb=32)
00:00:10.739999   UseHostResolver    <integer> = 0x0000000000000000 (0)
00:00:10.740000 
00:00:10.740001 [/Devices/e1000/0/LUN#999/] (level 4)
00:00:10.740004   Driver <string>  = "MainStatus" (cb=11)
00:00:10.740005 
00:00:10.740005 [/Devices/e1000/0/LUN#999/Config/] (level 5)
00:00:10.740007   First                <integer> = 0x0000000000000000 (0)
00:00:10.740009   HasMediumAttachments <integer> = 0x0000000000000000 (0)
00:00:10.740010   Last                 <integer> = 0x0000000000000000 (0)
00:00:10.740012   iLedSet              <integer> = 0x0000000000000005 (5)
00:00:10.740013 
00:00:10.740014 [/Devices/i8254/] (level 2)
00:00:10.740015 
00:00:10.740016 [/Devices/i8254/0/] (level 3)
00:00:10.740017 
00:00:10.740018 [/Devices/i8254/0/Config/] (level 4)
00:00:10.740020 
00:00:10.740020 [/Devices/i8259/] (level 2)
00:00:10.740022 
00:00:10.740022 [/Devices/i8259/0/] (level 3)
00:00:10.740024   Trusted <integer> = 0x0000000000000001 (1)
00:00:10.740025 
00:00:10.740025 [/Devices/i8259/0/Config/] (level 4)
00:00:10.740027 
00:00:10.740028 [/Devices/ichac97/] (level 2)
00:00:10.740029 
00:00:10.740030 [/Devices/ichac97/0/] (level 3)
00:00:10.740032   PCIBusNo      <integer> = 0x0000000000000000 (0)
00:00:10.740033   PCIDeviceNo   <integer> = 0x0000000000000005 (5)
00:00:10.740034   PCIFunctionNo <integer> = 0x0000000000000000 (0)
00:00:10.740035   Trusted       <integer> = 0x0000000000000001 (1)
00:00:10.740036 
00:00:10.740037 [/Devices/ichac97/0/AudioConfig/] (level 4)
00:00:10.740039 
00:00:10.740040 [/Devices/ichac97/0/Config/] (level 4)
00:00:10.740041   Codec        <string>  = "AD1980" (cb=7)
00:00:10.740043   DebugEnabled <integer> = 0x0000000000000000 (0)
00:00:10.740044 
00:00:10.740044 [/Devices/ichac97/0/LUN#0/] (level 4)
00:00:10.740046   Driver <string>  = "AUDIO" (cb=6)
00:00:10.740047 
00:00:10.740048 [/Devices/ichac97/0/LUN#0/AttachedDriver/] (level 5)
00:00:10.740050   Driver <string>  = "HostAudioWas" (cb=13)
00:00:10.740051 
00:00:10.740052 [/Devices/ichac97/0/LUN#0/AttachedDriver/Config/] (level 6)
00:00:10.740054   VmName <string>  = "VM2-App-Web-Analytics" (cb=22)
00:00:10.740056   VmUuid <string>  = "90c069c2-80c8-44c2-b100-a93263770c05" (cb=37)
00:00:10.740057 
00:00:10.740057 [/Devices/ichac97/0/LUN#0/Config/] (level 5)
00:00:10.740059   DriverName    <string>  = "HostAudioWas" (cb=13)
00:00:10.740061   InputEnabled  <integer> = 0x0000000000000000 (0)
00:00:10.740062   OutputEnabled <integer> = 0x0000000000000001 (1)
00:00:10.740063 
00:00:10.740064 [/Devices/ichac97/0/LUN#1/] (level 4)
00:00:10.740066   Driver <string>  = "AUDIO" (cb=6)
00:00:10.740067 
00:00:10.740067 [/Devices/ichac97/0/LUN#2/] (level 4)
00:00:10.740069   Driver <string>  = "AUDIO" (cb=6)
00:00:10.740070 
00:00:10.740070 [/Devices/ioapic/] (level 2)
00:00:10.740072 
00:00:10.740072 [/Devices/ioapic/0/] (level 3)
00:00:10.740074   Trusted <integer> = 0x0000000000000001 (1)
00:00:10.740075 
00:00:10.740076 [/Devices/ioapic/0/Config/] (level 4)
00:00:10.740078   NumCPUs <integer> = 0x0000000000000002 (2)
00:00:10.740079 
00:00:10.740080 [/Devices/mc146818/] (level 2)
00:00:10.740081 
00:00:10.740082 [/Devices/mc146818/0/] (level 3)
00:00:10.740084 
00:00:10.740084 [/Devices/mc146818/0/Config/] (level 4)
00:00:10.740086   UseUTC <integer> = 0x0000000000000001 (1)
00:00:10.740087 
00:00:10.740088 [/Devices/parallel/] (level 2)
00:00:10.740089 
00:00:10.740090 [/Devices/pcarch/] (level 2)
00:00:10.740091 
00:00:10.740091 [/Devices/pcarch/0/] (level 3)
00:00:10.740093   Trusted <integer> = 0x0000000000000001 (1)
00:00:10.740094 
00:00:10.740095 [/Devices/pcarch/0/Config/] (level 4)
00:00:10.740096 
00:00:10.740097 [/Devices/pcbios/] (level 2)
00:00:10.740099 
00:00:10.740099 [/Devices/pcbios/0/] (level 3)
00:00:10.740101   Trusted <integer> = 0x0000000000000001 (1)
00:00:10.740102 
00:00:10.740103 [/Devices/pcbios/0/Config/] (level 4)
00:00:10.740106   APIC               <integer> = 0x0000000000000001 (1)
00:00:10.740107   BootDevice0        <string>  = "IDE" (cb=4)
00:00:10.740109   BootDevice1        <string>  = "DVD" (cb=4)
00:00:10.740110   BootDevice2        <string>  = "FLOPPY" (cb=7)
00:00:10.740112   BootDevice3        <string>  = "NONE" (cb=5)
00:00:10.740113   DmiSystemSerial    <string>  = "VirtualBox-<DmiSystemUuid>" (cb=27)
00:00:10.740114   FloppyDevice       <string>  = "i82078" (cb=7)
00:00:10.740116   HardDiskDevice     <string>  = "piix3ide" (cb=9)
00:00:10.740117   IOAPIC             <integer> = 0x0000000000000001 (1)
00:00:10.740119   McfgBase           <integer> = 0x0000000000000000 (0)
00:00:10.740120   McfgLength         <integer> = 0x0000000000000000 (0)
00:00:10.740122   NumCPUs            <integer> = 0x0000000000000002 (2)
00:00:10.740123   PXEDebug           <integer> = 0x0000000000000000 (0)
00:00:10.740125   SataHardDiskDevice <string>  = "ahci" (cb=5)
00:00:10.740126   SataLUN1           <integer> = 0x0000000000000000 (0)
00:00:10.740128   UUID               <bytes>   = "c2 69 c0 90 c8 80 c2 44 b1 00 a9 32 63 77 0c 05" (cb=16)
00:00:10.740132   UuidLe             <integer> = 0x0000000000000001 (1)
00:00:10.740133 
00:00:10.740134 [/Devices/pcbios/0/Config/NetBoot/] (level 5)
00:00:10.740136 
00:00:10.740137 [/Devices/pcbios/0/Config/NetBoot/0/] (level 6)
00:00:10.740139   NIC           <integer> = 0x0000000000000000 (0)
00:00:10.740141   PCIBusNo      <integer> = 0x0000000000000000 (0)
00:00:10.740142   PCIDeviceNo   <integer> = 0x0000000000000003 (3)
00:00:10.740143   PCIFunctionNo <integer> = 0x0000000000000000 (0)
00:00:10.740145 
00:00:10.740145 [/Devices/pci/] (level 2)
00:00:10.740147 
00:00:10.740148 [/Devices/pci/0/] (level 3)
00:00:10.740149   Trusted <integer> = 0x0000000000000001 (1)
00:00:10.740151 
00:00:10.740151 [/Devices/pci/0/Config/] (level 4)
00:00:10.740153   IOAPIC <integer> = 0x0000000000000001 (1)
00:00:10.740154 
00:00:10.740155 [/Devices/pcibridge/] (level 2)
00:00:10.740157 
00:00:10.740158 [/Devices/pckbd/] (level 2)
00:00:10.740159 
00:00:10.740160 [/Devices/pckbd/0/] (level 3)
00:00:10.740161   Trusted <integer> = 0x0000000000000001 (1)
00:00:10.740163 
00:00:10.740163 [/Devices/pckbd/0/Config/] (level 4)
00:00:10.740165 
00:00:10.740166 [/Devices/pckbd/0/LUN#0/] (level 4)
00:00:10.740168   Driver <string>  = "KeyboardQueue" (cb=14)
00:00:10.740169 
00:00:10.740180 [/Devices/pckbd/0/LUN#0/AttachedDriver/] (level 5)
00:00:10.740183   Driver <string>  = "MainKeyboard" (cb=13)
00:00:10.740184 
00:00:10.740184 [/Devices/pckbd/0/LUN#0/Config/] (level 5)
00:00:10.740187   QueueSize <integer> = 0x0000000000000040 (64, 64 B)
00:00:10.740189 
00:00:10.740189 [/Devices/pckbd/0/LUN#1/] (level 4)
00:00:10.740191   Driver <string>  = "MouseQueue" (cb=11)
00:00:10.740192 
00:00:10.740193 [/Devices/pckbd/0/LUN#1/AttachedDriver/] (level 5)
00:00:10.740195   Driver <string>  = "MainMouse" (cb=10)
00:00:10.740196 
00:00:10.740197 [/Devices/pckbd/0/LUN#1/Config/] (level 5)
00:00:10.740199   QueueSize <integer> = 0x0000000000000080 (128, 128 B)
00:00:10.740201 
00:00:10.740201 [/Devices/pcnet/] (level 2)
00:00:10.740203 
00:00:10.740203 [/Devices/piix3ide/] (level 2)
00:00:10.740205 
00:00:10.740205 [/Devices/piix3ide/0/] (level 3)
00:00:10.740207   PCIBusNo      <integer> = 0x0000000000000000 (0)
00:00:10.740209   PCIDeviceNo   <integer> = 0x0000000000000001 (1)
00:00:10.740210   PCIFunctionNo <integer> = 0x0000000000000001 (1)
00:00:10.740212   Trusted       <integer> = 0x0000000000000001 (1)
00:00:10.740213 
00:00:10.740214 [/Devices/piix3ide/0/Config/] (level 4)
00:00:10.740216   Type <string>  = "PIIX4" (cb=6)
00:00:10.740217 
00:00:10.740217 [/Devices/piix3ide/0/LUN#2/] (level 4)
00:00:10.740219   Driver <string>  = "VD" (cb=3)
00:00:10.740221 
00:00:10.740221 [/Devices/piix3ide/0/LUN#2/Config/] (level 5)
00:00:10.740224   Format    <string>  = "RAW" (cb=4)
00:00:10.740225   Mountable <integer> = 0x0000000000000001 (1)
00:00:10.740226   Path      <string>  = "C:\Program Files\Oracle\VirtualBox/VBoxGuestAdditions.iso" (cb=58)
00:00:10.740228   ReadOnly  <integer> = 0x0000000000000001 (1)
00:00:10.740229   Type      <string>  = "DVD" (cb=4)
00:00:10.740230 
00:00:10.740231 [/Devices/piix3ide/0/LUN#999/] (level 4)
00:00:10.740233   Driver <string>  = "MainStatus" (cb=11)
00:00:10.740234 
00:00:10.740235 [/Devices/piix3ide/0/LUN#999/Config/] (level 5)
00:00:10.740237   DeviceInstance       <string>  = "piix3ide/0" (cb=11)
00:00:10.740238   First                <integer> = 0x0000000000000000 (0)
00:00:10.740240   HasMediumAttachments <integer> = 0x0000000000000001 (1)
00:00:10.740241   Last                 <integer> = 0x0000000000000003 (3)
00:00:10.740243   iLedSet              <integer> = 0x0000000000000003 (3)
00:00:10.740245 
00:00:10.740245 [/Devices/serial/] (level 2)
00:00:10.740247 
00:00:10.740247 [/Devices/usb-ehci/] (level 2)
00:00:10.740249 
00:00:10.740249 [/Devices/usb-ehci/0/] (level 3)
00:00:10.740251   PCIBusNo      <integer> = 0x0000000000000000 (0)
00:00:10.740253   PCIDeviceNo   <integer> = 0x000000000000000b (11)
00:00:10.740254   PCIFunctionNo <integer> = 0x0000000000000000 (0)
00:00:10.740255   Trusted       <integer> = 0x0000000000000001 (1)
00:00:10.740257 
00:00:10.740257 [/Devices/usb-ehci/0/Config/] (level 4)
00:00:10.740259 
00:00:10.740260 [/Devices/usb-ehci/0/LUN#0/] (level 4)
00:00:10.740262   Driver <string>  = "VUSBRootHub" (cb=12)
00:00:10.740263 
00:00:10.740264 [/Devices/usb-ehci/0/LUN#0/Config/] (level 5)
00:00:10.740266 
00:00:10.740266 [/Devices/usb-ehci/0/LUN#999/] (level 4)
00:00:10.740268   Driver <string>  = "MainStatus" (cb=11)
00:00:10.740270 
00:00:10.740270 [/Devices/usb-ehci/0/LUN#999/Config/] (level 5)
00:00:10.740273   First                <integer> = 0x0000000000000000 (0)
00:00:10.740274   HasMediumAttachments <integer> = 0x0000000000000000 (0)
00:00:10.740275   Last                 <integer> = 0x0000000000000000 (0)
00:00:10.740277   iLedSet              <integer> = 0x0000000000000002 (2)
00:00:10.740279 
00:00:10.740279 [/Devices/usb-ohci/] (level 2)
00:00:10.740281 
00:00:10.740282 [/Devices/usb-ohci/0/] (level 3)
00:00:10.740284   PCIBusNo      <integer> = 0x0000000000000000 (0)
00:00:10.740285   PCIDeviceNo   <integer> = 0x0000000000000006 (6)
00:00:10.740286   PCIFunctionNo <integer> = 0x0000000000000000 (0)
00:00:10.740288   Trusted       <integer> = 0x0000000000000001 (1)
00:00:10.740289 
00:00:10.740289 [/Devices/usb-ohci/0/Config/] (level 4)
00:00:10.740291 
00:00:10.740292 [/Devices/usb-ohci/0/LUN#0/] (level 4)
00:00:10.740294   Driver <string>  = "VUSBRootHub" (cb=12)
00:00:10.740295 
00:00:10.740296 [/Devices/usb-ohci/0/LUN#0/Config/] (level 5)
00:00:10.740298 
00:00:10.740298 [/Devices/usb-ohci/0/LUN#999/] (level 4)
00:00:10.740300   Driver <string>  = "MainStatus" (cb=11)
00:00:10.740302 
00:00:10.740302 [/Devices/usb-ohci/0/LUN#999/Config/] (level 5)
00:00:10.740304   First                <integer> = 0x0000000000000000 (0)
00:00:10.740306   HasMediumAttachments <integer> = 0x0000000000000000 (0)
00:00:10.740307   Last                 <integer> = 0x0000000000000000 (0)
00:00:10.740309   iLedSet              <integer> = 0x0000000000000001 (1)
00:00:10.740310 
00:00:10.740311 [/Devices/vga/] (level 2)
00:00:10.740313 
00:00:10.740313 [/Devices/vga/0/] (level 3)
00:00:10.740315   PCIBusNo      <integer> = 0x0000000000000000 (0)
00:00:10.740317   PCIDeviceNo   <integer> = 0x0000000000000002 (2)
00:00:10.740318   PCIFunctionNo <integer> = 0x0000000000000000 (0)
00:00:10.740319   Trusted       <integer> = 0x0000000000000001 (1)
00:00:10.740321 
00:00:10.740321 [/Devices/vga/0/Config/] (level 4)
00:00:10.740324   3DEnabled             <integer> = 0x0000000000000000 (0)
00:00:10.740326   CustomVideoModes      <integer> = 0x0000000000000000 (0)
00:00:10.740327   FadeIn                <integer> = 0x0000000000000001 (1)
00:00:10.740329   FadeOut               <integer> = 0x0000000000000001 (1)
00:00:10.740330   HeightReduction       <integer> = 0x0000000000000000 (0)
00:00:10.740332   LogoFile              <string>  = "" (cb=1)
00:00:10.740333   LogoTime              <integer> = 0x0000000000000000 (0)
00:00:10.740335   MonitorCount          <integer> = 0x0000000000000001 (1)
00:00:10.740337   ShowBootMenu          <integer> = 0x0000000000000002 (2)
00:00:10.740338   VMSVGA3dEnabled       <integer> = 0x0000000000000000 (0)
00:00:10.740340   VMSVGAEnabled         <integer> = 0x0000000000000001 (1)
00:00:10.740341   VMSVGAPciBarLayout    <integer> = 0x0000000000000001 (1)
00:00:10.740343   VMSVGAPciId           <integer> = 0x0000000000000001 (1)
00:00:10.740344   VRamSize              <integer> = 0x0000000001000000 (16 777 216, 16.0 MiB)
00:00:10.740347   VmSvga3               <integer> = 0x0000000000000000 (0)
00:00:10.740349   VmSvgaExposeLegacyVga <integer> = 0x0000000000000001 (1)
00:00:10.740350 
00:00:10.740351 [/Devices/vga/0/LUN#0/] (level 4)
00:00:10.740353   Driver <string>  = "MainDisplay" (cb=12)
00:00:10.740354 
00:00:10.740354 [/Devices/vga/0/LUN#0/Config/] (level 5)
00:00:10.740356 
00:00:10.740357 [/Devices/vga/0/LUN#999/] (level 4)
00:00:10.740359   Driver <string>  = "MainStatus" (cb=11)
00:00:10.740360 
00:00:10.740361 [/Devices/vga/0/LUN#999/Config/] (level 5)
00:00:10.740363   First                <integer> = 0x0000000000000000 (0)
00:00:10.740365   HasMediumAttachments <integer> = 0x0000000000000000 (0)
00:00:10.740366   Last                 <integer> = 0x0000000000000000 (0)
00:00:10.740367   iLedSet              <integer> = 0x0000000000000000 (0)
00:00:10.740369 
00:00:10.740370 [/Devices/virtio-net/] (level 2)
00:00:10.740371 
00:00:10.740372 [/EM/] (level 1)
00:00:10.740373   TripleFaultReset <integer> = 0x0000000000000000 (0)
00:00:10.740375 
00:00:10.740375 [/GCM/] (level 1)
00:00:10.740376   MesaVmsvgaDrv <integer> = 0x0000000000000001 (1)
00:00:10.740378 
00:00:10.740378 [/GIM/] (level 1)
00:00:10.740380   Provider <string>  = "KVM" (cb=4)
00:00:10.740381 
00:00:10.740381 [/HM/] (level 1)
00:00:10.740384   64bitEnabled            <integer> = 0x0000000000000001 (1)
00:00:10.740385   EnableLargePages        <integer> = 0x0000000000000001 (1)
00:00:10.740387   EnableNestedPaging      <integer> = 0x0000000000000001 (1)
00:00:10.740388   EnableUX                <integer> = 0x0000000000000001 (1)
00:00:10.740390   EnableVPID              <integer> = 0x0000000000000001 (1)
00:00:10.740392   Exclusive               <integer> = 0x0000000000000000 (0)
00:00:10.740393   HMForced                <integer> = 0x0000000000000001 (1)
00:00:10.740395   IBPBOnVMEntry           <integer> = 0x0000000000000000 (0)
00:00:10.740396   IBPBOnVMExit            <integer> = 0x0000000000000000 (0)
00:00:10.740398   L1DFlushOnSched         <integer> = 0x0000000000000001 (1)
00:00:10.740399   L1DFlushOnVMEntry       <integer> = 0x0000000000000000 (0)
00:00:10.740401   LovelyMesaDrvWorkaround <integer> = 0x0000000000000001 (1)
00:00:10.740402   MDSClearOnSched         <integer> = 0x0000000000000001 (1)
00:00:10.740404   MDSClearOnVMEntry       <integer> = 0x0000000000000000 (0)
00:00:10.740405   SpecCtrlByHost          <integer> = 0x0000000000000000 (0)
00:00:10.740407   SvmVirtVmsaveVmload     <integer> = 0x0000000000000000 (0)
00:00:10.740408   UseNEMInstead           <integer> = 0x0000000000000000 (0)
00:00:10.740410 
00:00:10.740410 [/MM/] (level 1)
00:00:10.740411   CanUseLargerHeap <integer> = 0x0000000000000000 (0)
00:00:10.740413 
00:00:10.740413 [/NEM/] (level 1)
00:00:10.740415   Allow64BitGuests        <integer> = 0x0000000000000001 (1)
00:00:10.740416   LovelyMesaDrvWorkaround <integer> = 0x0000000000000001 (1)
00:00:10.740417 
00:00:10.740418 [/PDM/] (level 1)
00:00:10.740419 
00:00:10.740420 [/PDM/AsyncCompletion/] (level 2)
00:00:10.740422 
00:00:10.740422 [/PDM/AsyncCompletion/File/] (level 3)
00:00:10.740424 
00:00:10.740425 [/PDM/AsyncCompletion/File/BwGroups/] (level 4)
00:00:10.740427 
00:00:10.740427 [/PDM/BlkCache/] (level 2)
00:00:10.740429   CacheSize <integer> = 0x0000000000500000 (5 242 880, 5.0 MiB)
00:00:10.740431 
00:00:10.740432 [/PDM/Devices/] (level 2)
00:00:10.740433 
00:00:10.740434 [/PDM/Drivers/] (level 2)
00:00:10.740435 
00:00:10.740436 [/PDM/Drivers/VBoxC/] (level 3)
00:00:10.740438   Path <string>  = "VBoxC" (cb=6)
00:00:10.740439 
00:00:10.740439 [/PDM/NetworkShaper/] (level 2)
00:00:10.740441 
00:00:10.740442 [/PDM/NetworkShaper/BwGroups/] (level 3)
00:00:10.740443 
00:00:10.740444 [/TM/] (level 1)
00:00:10.740445   UTCOffset <integer> = 0x0000000000000000 (0)
00:00:10.740447 
00:00:10.740447 [/USB/] (level 1)
00:00:10.740448 
00:00:10.740449 [/USB/HidMouse/] (level 2)
00:00:10.740450 
00:00:10.740451 [/USB/HidMouse/0/] (level 3)
00:00:10.740453 
00:00:10.740453 [/USB/HidMouse/0/Config/] (level 4)
00:00:10.740455   Mode <string>  = "absolute" (cb=9)
00:00:10.740456 
00:00:10.740457 [/USB/HidMouse/0/LUN#0/] (level 4)
00:00:10.740459   Driver <string>  = "MouseQueue" (cb=11)
00:00:10.740460 
00:00:10.740461 [/USB/HidMouse/0/LUN#0/AttachedDriver/] (level 5)
00:00:10.740463   Driver <string>  = "MainMouse" (cb=10)
00:00:10.740464 
00:00:10.740465 [/USB/HidMouse/0/LUN#0/Config/] (level 5)
00:00:10.740467   QueueSize <integer> = 0x0000000000000080 (128, 128 B)
00:00:10.740468 
00:00:10.740469 [/USB/USBProxy/] (level 2)
00:00:10.740470 
00:00:10.740471 [/USB/USBProxy/GlobalConfig/] (level 3)
00:00:10.740473 
00:00:10.740474 ********************* End of CFGM dump **********************
00:00:10.740707 HM: HMR3Init: Attempting fall back to NEM: VT-x is not available
00:00:10.776580 GUI: UIMediumEnumerator: Medium-enumeration finished!
00:00:10.778697 NEM:  info: Found optional import WinHvPlatform.dll!WHvQueryGpaRangeDirtyBitmap.
00:00:10.778755 NEM:  info: Found optional import vid.dll!VidGetHvPartitionId.
00:00:10.778790 NEM:  info: Found optional import vid.dll!VidGetPartitionProperty.
00:00:10.778888 NEM: WHvCapabilityCodeHypervisorPresent is TRUE, so this might work...
00:00:10.778900 NEM: WHvCapabilityCodeExtendedVmExits      = 0x0000000000007fff
00:00:10.778910 NEM:                       fExtendedMsrExit: 1
00:00:10.778916 NEM:                     fExtendedCpuIdExit: 1
00:00:10.779009 NEM:                      fExtendedXcptExit: 1
00:00:10.779013 NEM: Warning! Unknown VM exit definitions: 0x7fff
00:00:10.779018 NEM: Warning! Unknown feature definitions: 0x2ff
00:00:10.779021 NEM: Supported exception exit bitmap: 0xf7dfb
00:00:10.779031 NEM: WHvCapabilityCodeProcessorVendor      = 1 - Intel
00:00:10.779045 NEM: WHvCapabilityCodeProcessorFeatures    = 0x2e1b7bcfe7f7859f
00:00:10.779050 NEM:                            Sse3Support: 1
00:00:10.779053 NEM:                        LahfSahfSupport: 1
00:00:10.779057 NEM:                           Ssse3Support: 1
00:00:10.779060 NEM:                          Sse4_1Support: 1
00:00:10.779063 NEM:                          Sse4_2Support: 1
00:00:10.779066 NEM:                           Sse4aSupport: 0
00:00:10.779094 NEM:                             XopSupport: 0
00:00:10.779099 NEM:                          PopCntSupport: 1
00:00:10.779103 NEM:                      Cmpxchg16bSupport: 1
00:00:10.779106 NEM:                       Altmovcr8Support: 0
00:00:10.779110 NEM:                           LzcntSupport: 1
00:00:10.779113 NEM:                     MisAlignSseSupport: 0
00:00:10.779116 NEM:                          MmxExtSupport: 0
00:00:10.779120 NEM:                        Amd3DNowSupport: 0
00:00:10.779123 NEM:                ExtendedAmd3DNowSupport: 0
00:00:10.779126 NEM:                         Page1GbSupport: 1
00:00:10.779130 NEM:                             AesSupport: 1
00:00:10.779136 NEM:                       PclmulqdqSupport: 1
00:00:10.779141 NEM:                            PcidSupport: 1
00:00:10.779145 NEM:                            Fma4Support: 0
00:00:10.779148 NEM:                            F16CSupport: 1
00:00:10.779152 NEM:                          RdRandSupport: 1
00:00:10.779155 NEM:                        RdWrFsGsSupport: 1
00:00:10.779159 NEM:                            SmepSupport: 1
00:00:10.779163 NEM:              EnhancedFastStringSupport: 1
00:00:10.779166 NEM:                            Bmi1Support: 1
00:00:10.779169 NEM:                            Bmi2Support: 1
00:00:10.779172 NEM:                           MovbeSupport: 1
00:00:10.779176 NEM:                          Npiep1Support: 1
00:00:10.779179 NEM:                   DepX87FPUSaveSupport: 1
00:00:10.779183 NEM:                          RdSeedSupport: 1
00:00:10.779187 NEM:                             AdxSupport: 1
00:00:10.779190 NEM:                   IntelPrefetchSupport: 1
00:00:10.779194 NEM:                            SmapSupport: 1
00:00:10.779198 NEM:                             HleSupport: 0
00:00:10.779201 NEM:                             RtmSupport: 0
00:00:10.779204 NEM:                          RdtscpSupport: 1
00:00:10.779207 NEM:                      ClflushoptSupport: 1
00:00:10.779211 NEM:                            ClwbSupport: 1
00:00:10.779215 NEM:                             ShaSupport: 1
00:00:10.779219 NEM:                X87PointersSavedSupport: 0
00:00:10.779222 NEM: Warning! Unknown CPU features: 0x2e1b7bcfe7f7859f
00:00:10.779235 NEM: WHvCapabilityCodeProcessorClFlushSize = 2^8
00:00:10.779240 NEM: Warning! Unknown capability 0x4 returning: 3f 00 00 00 00 00 00 00 00 00 00 00 00 00 00 00 00 00 00 00 00 00 00 00
00:00:10.779245 NEM: Warning! Unknown capability 0x5 returning: 03 00 00 00 00 00 00 00 00 00 00 00 00 00 00 00 00 00 00 00 00 00 00 00
00:00:10.779271 NEM: Warning! Unknown capability 0x6 returning: 00 00 00 00 00 00 00 00 00 00 00 00 00 00 00 00 00 00 00 00 00 00 00 00
00:00:10.780233 NEM: Warning! Unknown capability 0x1003 returning: 1f 38 58 40 00 00 00 00 00 00 00 00 00 00 00 00 00 00 00 00 00 00 00 00
00:00:10.780259 NEM: Warning! Unknown capability 0x1004 returning: 81 e6 a3 9b 00 00 00 00 00 00 00 00 00 00 00 00 00 00 00 00 00 00 00 00
00:00:10.780265 NEM: Warning! Unknown capability 0x1005 returning: 00 c2 eb 0b 00 00 00 00 00 00 00 00 00 00 00 00 00 00 00 00 00 00 00 00
00:00:10.780269 NEM: Warning! Unknown capability 0x1006 returning: 02 00 00 00 00 00 00 00 9f 85 f7 e7 cf 7b 1b 2e 43 77 17 00 00 00 00 00
00:00:10.780274 NEM: Warning! Unknown capability 0x1007 returning: 00 00 00 00 00 00 00 00 00 00 00 00 00 00 00 00 00 00 00 00 00 00 00 00
00:00:10.780282 NEM: Warning! Unknown capability 0x1008 returning: 01 00 00 00 00 00 00 00 ff 8f 44 7f 00 00 00 00 00 00 00 00 00 00 00 00
00:00:10.780290 NEM: Warning! Unknown capability 0x1009 returning: 00 00 00 00 00 00 00 00 00 00 00 00 00 00 00 00 00 00 00 00 00 00 00 00
00:00:10.781368 NEM: Created partition 000002075717dfe0.
00:00:10.781413 NEM: Adjusting APIC configuration from X2APIC to APIC max mode.  X2APIC is not supported by the WinHvPlatform API!
00:00:10.781421 NEM: Disable Hyper-V if you need X2APIC for your guests!
00:00:10.781444 PGM: Enabling NEM mode
00:00:10.781581 NEM:
00:00:10.781582 NEM: NEMR3Init: Snail execution mode is active!
00:00:10.781582 NEM: Note! VirtualBox is not able to run at its full potential in this execution mode.
00:00:10.781582 NEM:       To see VirtualBox run at max speed you need to disable all Windows features
00:00:10.781582 NEM:       making use of Hyper-V.  That is a moving target, so google how and carefully
00:00:10.781582 NEM:       consider the consequences of disabling these features.
00:00:10.781582 NEM:
00:00:10.781638 CPUM: No hardware-virtualization capability detected
00:00:10.781646 CPUM: fXStateHostMask=0x7; initial: 0x7; host XCR0=0x7
00:00:10.786531 CPUM: Matched host CPU INTEL 0x6/0xba/0x2 Intel_Atom_Unknown with CPU DB entry 'Intel Pentium N3530 2.16GHz' (INTEL 0x6/0x37/0x8 Intel_Atom_Silvermont)
00:00:10.786604 CPUM: MXCSR_MASK=0xffff (host: 0xffff)
00:00:10.786630 CPUM: Microcode revision 0x00004112
00:00:10.786649 CPUM: MSR/CPUID reconciliation insert: 0x0000010b IA32_FLUSH_CMD
00:00:10.786654 CPUM: MSR/CPUID reconciliation insert: 0x0000010a IA32_ARCH_CAPABILITIES
00:00:10.786659 CPUM: MSR fudge: 0x00000001 IA32_P5_MC_TYPE
00:00:10.786662 CPUM: MSR fudge: 0x00000017 IA32_PLATFORM_ID
00:00:10.786666 CPUM: MSR fudge: 0x0000001b IA32_APIC_BASE
00:00:10.786669 CPUM: MSR fudge: 0x0000008b BIOS_SIGN
00:00:10.786672 CPUM: MSR fudge: 0x000000fe IA32_MTRRCAP
00:00:10.786675 CPUM: MSR fudge: 0x00000179 IA32_MCG_CAP
00:00:10.786679 CPUM: MSR fudge: 0x0000017a IA32_MCG_STATUS
00:00:10.786682 CPUM: MSR fudge: 0x000001a0 IA32_MISC_ENABLE
00:00:10.786685 CPUM: MSR fudge: 0x000001d9 IA32_DEBUGCTL
00:00:10.786688 CPUM: MSR fudge: 0x000001db P6_LAST_BRANCH_FROM_IP
00:00:10.786691 CPUM: MSR fudge: 0x000001dc P6_LAST_BRANCH_TO_IP
00:00:10.786694 CPUM: MSR fudge: 0x000001dd P6_LAST_INT_FROM_IP
00:00:10.786697 CPUM: MSR fudge: 0x000001de P6_LAST_INT_TO_IP
00:00:10.786700 CPUM: MSR fudge: 0x00000277 IA32_PAT
00:00:10.786704 CPUM: MSR fudge: 0x000002ff IA32_MTRR_DEF_TYPE
00:00:10.786707 CPUM: MSR fudge: 0x00000400 IA32_MCi_CTL_STATUS_ADDR_MISC
00:00:10.786710 CPUM: MSR fudge: 0xc0000103 AMD64_TSC_AUX
00:00:10.786714 CPUM: MSR fudge: 0x00000122 IA32_TSX_CTRL
00:00:10.786723 CPUM: SetGuestCpuIdFeature: Enabled SYSENTER/EXIT
00:00:10.786726 CPUM: SetGuestCpuIdFeature: Enabled SYSCALL/RET
00:00:10.786729 CPUM: SetGuestCpuIdFeature: Enabled PAE
00:00:10.786733 CPUM: SetGuestCpuIdFeature: Enabled LAHF/SAHF
00:00:10.786736 CPUM: SetGuestCpuIdFeature: Enabled NX
00:00:10.786739 CPUM: SetGuestCpuIdFeature: Enabled LONG MODE
00:00:10.786743 CPUM: Enabled MTRR read-write support
00:00:10.786749 CPUM: Enabled fixed-range MTRRs and 16 (virtualized) variable-range MTRRs
00:00:10.793082 NEM: HvPartitionPropertyProcessorVendor=0x1 (1)
00:00:10.793781 NEM: Successfully set up partition (device handle 0000000000001191, partition ID 0x0)
00:00:10.793980 PGM: Host paging mode: AMD64+PGE+NX
00:00:10.793996 PGM: PGMPool: cMaxPages=1280 (u64MaxPages=1058)
00:00:10.794000 PGM: pgmR3PoolInit: cMaxPages=0x500 cMaxUsers=0xa00 cMaxPhysExts=0xa00 fCacheEnable=true
00:00:10.847442 SUPLib: MEM_LARGE_PAGES privilege not held.
00:00:10.931939 TM: GIP - u32Mode=3 (Invariant) u32UpdateHz=93 u32UpdateIntervalNS=10741500 enmUseTscDelta=2 (Practically Zero) fGetGipCpu=0x1b cCpus=12
00:00:10.931974 TM: GIP - u64CpuHz=2 611 209 785 (0x9ba3e639)  SUPGetCpuHzFromGip => 2 611 209 785
00:00:10.931981 TM: GIP - CPU: iCpuSet=0x0 idCpu=0x0 idApic=0x0 iGipCpu=0x0 i64TSCDelta=0 enmState=3 u64CpuHz=2611209785(*) cErrors=0
00:00:10.931986 TM: GIP - CPU: iCpuSet=0x1 idCpu=0x1 idApic=0x1 iGipCpu=0x3 i64TSCDelta=0 enmState=3 u64CpuHz=2611209270(*) cErrors=0
00:00:10.931990 TM: GIP - CPU: iCpuSet=0x2 idCpu=0x2 idApic=0x8 iGipCpu=0x5 i64TSCDelta=0 enmState=3 u64CpuHz=2611209541(*) cErrors=0
00:00:10.931992 TM: GIP - CPU: iCpuSet=0x3 idCpu=0x3 idApic=0x9 iGipCpu=0x2 i64TSCDelta=0 enmState=3 u64CpuHz=2611204237(*) cErrors=0
00:00:10.931995 TM: GIP - CPU: iCpuSet=0x4 idCpu=0x4 idApic=0x10 iGipCpu=0x7 i64TSCDelta=0 enmState=3 u64CpuHz=2611209730(*) cErrors=0
00:00:10.931998 TM: GIP - CPU: iCpuSet=0x5 idCpu=0x5 idApic=0x11 iGipCpu=0x6 i64TSCDelta=0 enmState=3 u64CpuHz=2611209594(*) cErrors=0
00:00:10.932000 TM: GIP - CPU: iCpuSet=0x6 idCpu=0x6 idApic=0x18 iGipCpu=0xb i64TSCDelta=0 enmState=3 u64CpuHz=2611209769(*) cErrors=0
00:00:10.932003 TM: GIP - CPU: iCpuSet=0x7 idCpu=0x7 idApic=0x19 iGipCpu=0xa i64TSCDelta=0 enmState=3 u64CpuHz=2611209757(*) cErrors=0
00:00:10.932005 TM: GIP - CPU: iCpuSet=0x8 idCpu=0x8 idApic=0x28 iGipCpu=0x8 i64TSCDelta=0 enmState=3 u64CpuHz=2611209763(*) cErrors=0
00:00:10.932008 TM: GIP - CPU: iCpuSet=0x9 idCpu=0x9 idApic=0x2a iGipCpu=0x9 i64TSCDelta=0 enmState=3 u64CpuHz=2611209400(*) cErrors=0
00:00:10.932010 TM: GIP - CPU: iCpuSet=0xa idCpu=0xa idApic=0x2c iGipCpu=0x1 i64TSCDelta=0 enmState=3 u64CpuHz=2611212557(*) cErrors=0
00:00:10.932016 TM: GIP - CPU: iCpuSet=0xb idCpu=0xb idApic=0x2e iGipCpu=0x4 i64TSCDelta=0 enmState=3 u64CpuHz=2611209565(*) cErrors=0
00:00:10.932025 TM: NEM overrides the /TM/TSCModeSwitchAllowed setting.
00:00:10.932035 TM:     cTSCTicksPerSecond=2 611 209 785 (0x9ba3e639) enmTSCMode=4 (NativeApi) TSCMultiplier=1
00:00:10.932040 TM: cTSCTicksPerSecondHost=2 611 209 785 (0x9ba3e639)
00:00:10.932040 TM: TSCTiedToExecution=false TSCNotTiedToHalt=false
00:00:10.933438 EMR3Init: fIemExecutesAll=false fGuruOnTripleFault=true
00:00:10.933438 IEM: TargetCpu=CURRENT, Microarch=Intel_Atom_Unknown aidxTargetCpuEflFlavour={1,0}
00:00:10.935500 GIM: Using provider 'KVM' (Implementation version: 0)
00:00:10.935518 CPUM: SetGuestCpuIdFeature: Enabled Hypervisor Present bit
00:00:10.935544 GCM: Initialized - Fixer bits: 0x8 (MesaVmsvgaDrv)
00:00:10.935599 AIOMgr: Default manager type is 'Async'
00:00:10.935603 AIOMgr: Default file backend is 'NonBuffered'
00:00:10.935664 BlkCache: Cache successfully initialized. Cache size is 5242880 bytes
00:00:10.935673 BlkCache: Cache commit interval is 10000 ms
00:00:10.935680 BlkCache: Cache commit threshold is 2621440 bytes
00:00:11.309157 PcBios: [SMP] BIOS with 2 CPUs
00:00:11.309258 PcBios: Using the 386+ BIOS image.
00:00:11.309321 PcBios: MPS table at 000e1300
00:00:11.309358 PcBios: fCheckShutdownStatusForSoftReset=true  fClearShutdownStatusOnHardReset=true
00:00:11.310114 CPUM: SetGuestCpuIdFeature: Enabled xAPIC
00:00:11.311210 IOAPIC: Version=2.0 ChipType=ICH9
00:00:11.311285 PIT: mode=3 count=0x10000 (65536) - 18.20 Hz (ch=0)
00:00:11.312064 VMMDev: cbDefaultBudget: 703 670 613 (29f12955)
00:00:11.357475 Shared Folders service loaded
00:00:11.370009 Guest Control service loaded
00:00:11.410214 VGA: Using the 386+ BIOS image.
00:00:11.412288 DrvVD: Flushes will be ignored
00:00:11.412320 DrvVD: Async flushes will be passed to the disk
00:00:11.415161 VD: VDInit finished with VINF_SUCCESS
00:00:11.415960 AIOMgr: Endpoint for file 'D:\Учеба\АСУЭП\ПР10\VM2-App-Web-Analytics\VM2-App-Web-Analytics.vdi' (flags 000c0723) created successfully
00:00:11.422887 VD: Opening the disk took 8328090 ns
00:00:11.423016 AHCI: LUN#0: disk, PCHS=16383/16/63, total number of sectors 41943040
00:00:11.423372 AHCI#0: Reset the HBA
00:00:11.423383 VD#0: Cancelling all active requests
00:00:11.424553 PIIX3 ATA: LUN#0: no unit
00:00:11.424568 PIIX3 ATA: LUN#1: no unit
00:00:11.424666 DrvVD: Flushes will be ignored
00:00:11.424676 DrvVD: Async flushes will be passed to the disk
00:00:11.424875 VD: Opening the disk took 184036 ns
00:00:11.424940 PIIX3 ATA: LUN#2: CD/DVD, total number of sectors 29150, passthrough disabled
00:00:11.425025 PIIX3 ATA: LUN#3: no unit
00:00:11.425075 PIIX3 ATA: Ctl#0: finished processing RESET
00:00:11.425117 PIIX3 ATA: Ctl#1: finished processing RESET
00:00:11.425218 E1000#0: Chip=82540EM LinkUpDelay=5000ms EthernetCRC=on GSO=enabled Itr=disabled ItrRx=enabled TID=disabled R0=disabled RC=disabled
00:00:11.427123 AC97: Using codec 'AD1980'
00:00:11.475498 Audio: Found 4 devices for driver 'WasAPI'
00:00:11.475535 Audio: Device 'Onboard Speaker (Audio Device)':
00:00:11.475537 Audio:   ID              = {0.0.0.00000000}.{484de619-a4d3-4183-bfdc-9776927ba45c}
00:00:11.475537 Audio:   Usage           = output
00:00:11.475538 Audio:   Flags           = DEFAULT_OUT
00:00:11.475538 Audio:   Input channels  = 0
00:00:11.475539 Audio:   Output channels = 2
00:00:11.475547 Audio: Device 'Onboard Speaker (Audio Device)':
00:00:11.475548 Audio:   ID              = {0.0.0.00000000}.{484de619-a4d3-4183-bfdc-9776927ba45c}
00:00:11.475548 Audio:   Usage           = output
00:00:11.475549 Audio:   Flags           = NONE
00:00:11.475549 Audio:   Input channels  = 0
00:00:11.475550 Audio:   Output channels = 2
00:00:11.475556 Audio: Device 'Onboard MIC (Технология Intel® Smart Sound для цифровых микрофонов)':
00:00:11.475557 Audio:   ID              = {0.0.1.00000000}.{a4cb1f18-5eb4-4396-9ccf-54765b4632af}
00:00:11.475558 Audio:   Usage           = input
00:00:11.475558 Audio:   Flags           = DEFAULT_IN
00:00:11.475559 Audio:   Input channels  = 2
00:00:11.475559 Audio:   Output channels = 0
00:00:11.475570 Audio: Device 'Onboard MIC (Технология Intel® Smart Sound для цифровых микрофонов)':
00:00:11.475571 Audio:   ID              = {0.0.1.00000000}.{a4cb1f18-5eb4-4396-9ccf-54765b4632af}
00:00:11.475572 Audio:   Usage           = input
00:00:11.475572 Audio:   Flags           = NONE
00:00:11.475573 Audio:   Input channels  = 2
00:00:11.475573 Audio:   Output channels = 0
00:00:11.475869 AC97: Reset
00:00:11.475883 AC97: Mixer reset (EAID=0x809, EACS=0x9)
00:00:11.475892 AC97: Record select to left=mic, right=mic
00:00:11.475899 Audio Mixer: MUTING master volume of 'AC'97 Mixer' -- channel volumes: ff ff ff ff ff ff ff ff ff ff ff ff
00:00:11.475914 Audio Mixer: MUTING sink 'AC'97 Mixer/Line In' -- channel volumes: 00 00 00 00 00 00 00 00 00 00 00 00
00:00:11.475926 Audio Mixer: MUTING sink 'AC'97 Mixer/Microphone In' -- channel volumes: 00 00 00 00 00 00 00 00 00 00 00 00
00:00:11.475934 Audio Mixer: MUTING sink 'AC'97 Mixer/PCM Output' -- channel volumes: 00 00 00 00 00 00 00 00 00 00 00 00
00:00:11.475942 Audio Mixer: MUTING sink 'AC'97 Mixer/PCM Output' -- channel volumes: 00 00 00 00 00 00 00 00 00 00 00 00
00:00:11.475950 Audio Mixer: MUTING sink 'AC'97 Mixer/Line In' -- channel volumes: 00 00 00 00 00 00 00 00 00 00 00 00
00:00:11.475957 Audio Mixer: MUTING sink 'AC'97 Mixer/Line In' -- channel volumes: 00 00 00 00 00 00 00 00 00 00 00 00
00:00:11.475965 Audio Mixer: MUTING sink 'AC'97 Mixer/Microphone In' -- channel volumes: 00 00 00 00 00 00 00 00 00 00 00 00
00:00:11.477422 VUSB: Attached 'HidMouse' to port 1 on RootHub#1 (FullSpeed)
00:00:11.477466 PGM: The CPU physical address width is 39 bits
00:00:11.477476 PGM: PGMR3InitFinalize: 4 MB PSE mask 0000007fffffffff -> VINF_SUCCESS
00:00:11.477490 TM: TMR3InitFinalize: fTSCModeSwitchAllowed=false
00:00:11.478019 CPUM: Mapped 2.0 TiB (1048576 bytes) of RAM using fixed-range MTRRs
00:00:11.478031 CPUM: Mapped 2.0 GiB (2147483648 bytes) of RAM using 1 variable-range MTRRs
00:00:11.478370 VMM: Thread-context hooks unavailable
00:00:11.478374 VMM: RTThreadPreemptIsPending() can be trusted
00:00:11.478377 VMM: Kernel preemption is possible
00:00:11.478416 EM: Exit history optimizations: enabled=true enabled-r0=true enabled-r0-no-preemption=false
00:00:11.478442 PcBios: SATA LUN#0 LCHS=1024/255/63
00:00:11.478458 APIC: fPostedIntrsEnabled=false fVirtApicRegsEnabled=false fSupportsTscDeadline=false
00:00:11.478468 TMR3UtcNow: nsNow=1 777 576 564 277 432 600 nsPrev=0 -> cNsDelta=1 777 576 564 277 432 600 (offLag=0 offVirtualSync=0 offVirtualSyncGivenUp=0, NowAgain=1 777 576 564 277 432 600)
00:00:11.478482 VMM: fUsePeriodicPreemptionTimers=true
00:00:11.478494 CPUM: Logical host processors: 12 present, 12 max, 12 online, online mask: 0000000000000fff
00:00:11.478496 CPUM: Physical host cores: 8
00:00:11.478497 ************************* CPUID dump ************************
00:00:11.478507          Raw Standard CPUID Leaves
00:00:11.478507      Leaf/sub-leaf  eax      ebx      ecx      edx
00:00:11.478509 Gst: 00000000/0000  00000016 756e6547 6c65746e 49656e69
00:00:11.478512 Hst:                00000020 756e6547 6c65746e 49656e69
00:00:11.478514 Gst: 00000001/0000  000b06a2 00020800 c2da2203 178bfbff
00:00:11.478516 Hst:                000b06a2 10400800 fffaf38b bfcbfbff
00:00:11.478518 Gst: 00000002/0000  00feff01 000000f0 00000000 00000000
00:00:11.478520 Hst:                00feff01 000000f0 00000000 00000000
00:00:11.478523 Gst: 00000003/0000  00000000 00000000 00000000 00000000
00:00:11.478524 Hst:                00000000 00000000 00000000 00000000
00:00:11.478527 Gst: 00000004/0000  04000121 02c0003f 0000003f 00000000
00:00:11.478530 Hst:                7c004121 02c0003f 0000003f 00000000
00:00:11.478534 Gst: 00000004/0001  04000122 01c0003f 0000003f 00000000
00:00:11.478536 Hst:                7c004122 01c0003f 0000003f 00000000
00:00:11.478540 Gst: 00000004/0002  04000143 0240003f 000007ff 00000000
00:00:11.478542 Hst:                7c01c143 0240003f 000007ff 00000000
00:00:11.478547 Gst: 00000004/0003  04000163 01c0003f 00005fff 00000004
00:00:11.478549 Hst:                7c0fc163 01c0003f 00005fff 00000004
00:00:11.478553 Gst: 00000004/0004  04000000 00000000 00000000 00000000
00:00:11.478554 Hst:                00000000 00000000 00000000 00000000
00:00:11.478558 Gst: 00000005/0000  00000000 00000000 00000000 00000000
00:00:11.478560 Hst:                00000040 00000040 00000003 00002020
00:00:11.478568 Gst: 00000006/0000  00000004 00000000 00000000 00000000
00:00:11.478569 Hst:                009f8ff3 00000002 00000409 00020003
00:00:11.478572 Gst: 00000007/0000  00000000 208c2509 00000000 30000400
00:00:11.478573 Hst:                00000001 239c27a9 184007a4 bc18c410
00:00:11.478576 Gst: 00000007/0001  00000000 00000000 00000000 00000000
00:00:11.478577 Hst:                00400810 00000000 00000000 00000000
00:00:11.478582 Gst: 00000007/0002  00000000 00000000 00000000 00000000
00:00:11.478583 Hst:                00000000 00000000 00000000 00000000
00:00:11.478583 Gst: 00000008/0000  00000000 00000000 00000000 00000000
00:00:11.478584 Hst:                00000000 00000000 00000000 00000000
00:00:11.478585 Gst: 00000009/0000  00000000 00000000 00000000 00000000
00:00:11.478585 Hst:                00000000 00000000 00000000 00000000
00:00:11.478586 Gst: 0000000a/0000  00000000 00000000 00000000 00000000
00:00:11.478586 Hst:                07300605 00000000 00000007 00008603
00:00:11.478587 Gst: 0000000b/0000  00000000 00000001 00000100 00000000
00:00:11.478588 Hst:                00000001 00000002 00000100 00000010
00:00:11.478589 Gst: 0000000b/0001  00000001 00000002 00000201 00000000
00:00:11.478589 Hst:                00000006 0000000c 00000201 00000010
00:00:11.478590 Gst: 0000000b/0002  00000000 00000000 00000002 00000000
00:00:11.478590 Hst:                00000000 00000000 00000002 00000010
00:00:11.478591 Gst: 0000000c/0000  00000000 00000000 00000000 00000000
00:00:11.478592 Hst:                00000000 00000000 00000000 00000000
00:00:11.478592 Gst: 0000000d/0000  00000000 00000000 00000000 00000000
00:00:11.478593 Hst:                00000007 00000340 00000340 00000000
00:00:11.478594 Gst: 0000000d/0001  00000000 00000000 00000000 00000000
00:00:11.478594 Hst:                0000000f 00000350 00001800 00000000
00:00:11.478595 Gst: 0000000d/0002  00000000 00000000 00000000 00000000
00:00:11.478596 Hst:                00000100 00000240 00000000 00000000
00:00:11.478597 Gst: 0000000d/0003  00000000 00000000 00000000 00000000
00:00:11.478597 Hst:                00000000 00000000 00000000 00000000
00:00:11.478598 Gst: 0000000d/0004  00000000 00000000 00000000 00000000
00:00:11.478599 Hst:                00000000 00000000 00000000 00000000
00:00:11.478599 Gst: 0000000d/0005  00000000 00000000 00000000 00000000
00:00:11.478600 Hst:                00000000 00000000 00000000 00000000
00:00:11.478601 Gst: 0000000d/0006  00000000 00000000 00000000 00000000
00:00:11.478601 Hst:                00000000 00000000 00000000 00000000
00:00:11.478609 Gst: 0000000d/0007  00000000 00000000 00000000 00000000
00:00:11.478609 Hst:                00000000 00000000 00000000 00000000
00:00:11.478612 Gst: 0000000d/0008  00000000 00000000 00000000 00000000
00:00:11.478613 Hst:                00000000 00000000 00000000 00000000
00:00:11.478614 Gst: 0000000d/0009  00000000 00000000 00000000 00000000
00:00:11.478614 Hst:                00000000 00000000 00000000 00000000
00:00:11.478615 Gst: 0000000d/000a  00000000 00000000 00000000 00000000
00:00:11.478615 Hst:                00000000 00000000 00000000 00000000
00:00:11.478618 Gst: 0000000d/000b  00000000 00000000 00000000 00000000
00:00:11.478619 Hst:                00000010 00000000 00000001 00000000
00:00:11.478622 Gst: 0000000d/000c  00000000 00000000 00000000 00000000
00:00:11.478623 Hst:                00000018 00000000 00000001 00000000
00:00:11.478625 Gst: 0000000d/000d  00000000 00000000 00000000 00000000
00:00:11.478626 Hst:                00000000 00000000 00000000 00000000
00:00:11.478748 Gst: 0000000e/0000  00000000 00000000 00000000 00000000
00:00:11.478750 Hst:                00000000 00000000 00000000 00000000
00:00:11.478752 Gst: 0000000f/0000  00000000 00000000 00000000 00000000
00:00:11.478753 Hst:                00000000 00000000 00000000 00000000
00:00:11.478755 Gst: 00000010/0000  00000000 00000000 00000000 00000000
00:00:11.478756 Hst:                00000000 00000000 00000000 00000000
00:00:11.478758 Gst: 00000011/0000  00000000 00000000 00000000 00000000
00:00:11.478760 Hst:                00000000 00000000 00000000 00000000
00:00:11.478762 Gst: 00000012/0000  00000000 00000000 00000000 00000000
00:00:11.478763 Hst:                00000000 00000000 00000000 00000000
00:00:11.478765 Gst: 00000013/0000  00000000 00000000 00000000 00000000
00:00:11.478766 Hst:                00000000 00000000 00000000 00000000
00:00:11.478769 Gst: 00000014/0000  00000000 00000000 00000000 00000000
00:00:11.478770 Hst:                00000001 0000005f 00000007 00000000
00:00:11.478772 Hst: 00000015/0000  00000002 00000088 0249f000 00000000
00:00:11.478775 Hst: 00000016/0000  00000000 00000000 00000000 00000000
00:00:11.478778 Hst: 00000017/0000  00000000 00000000 00000000 00000000
00:00:11.478780 Hst: 00000018/0000  00000000 00000000 00000000 00000000
00:00:11.478783 Hst: 00000019/0000  00000000 00000000 00000000 00000000
00:00:11.478786 Hst: 0000001a/0000  40000001 00000000 00000000 00000000
00:00:11.478789 Hst: 0000001b/0000  00000000 00000000 00000000 00000000
00:00:11.478791 Hst: 0000001c/0000  4000000b 00000007 00000007 00000000
00:00:11.478794 Hst: 0000001d/0000  00000000 00000000 00000000 00000000
00:00:11.478796 Hst: 0000001e/0000  00000000 00000000 00000000 00000000
00:00:11.478799 Hst: 0000001f/0000  00000001 00000002 00000100 00000010
00:00:11.478802 Hst: 00000020/0000  00000000 00000001 00000000 00000000
00:00:11.478803                                Name: GenuineIntel
00:00:11.478805                            Supports: 0x00000000-0x00000016
00:00:11.478810                              Family:  6 	Extended: 0 	Effective: 6
00:00:11.478812                               Model: 10 	Extended: 11 	Effective: 186
00:00:11.478814                            Stepping: 2
00:00:11.478816                                Type: 0 (primary)
00:00:11.478817                             APIC ID: 0x00
00:00:11.478819                        Logical CPUs: 2
00:00:11.478820                        CLFLUSH Size: 8
00:00:11.478821                            Brand ID: 0x00
00:00:11.478824 Features
00:00:11.478827   Mnemonic - Description                                  = guest (host)
00:00:11.478827   FPU - x87 FPU on Chip                                   = 1 (1)
00:00:11.478830   VME - Virtual 8086 Mode Enhancements                    = 1 (1)
00:00:11.478832   DE - Debugging extensions                               = 1 (1)
00:00:11.478834   PSE - Page Size Extension                               = 1 (1)
00:00:11.478835   TSC - Time Stamp Counter                                = 1 (1)
00:00:11.478837   MSR - Model Specific Registers                          = 1 (1)
00:00:11.478838   PAE - Physical Address Extension                        = 1 (1)
00:00:11.478840   MCE - Machine Check Exception                           = 1 (1)
00:00:11.478841   CX8 - CMPXCHG8B instruction                             = 1 (1)
00:00:11.478843   APIC - APIC On-Chip                                     = 1 (1)
00:00:11.478844   SEP - SYSENTER and SYSEXIT Present                      = 1 (1)
00:00:11.478846   MTRR - Memory Type Range Registers                      = 1 (1)
00:00:11.478847   PGE - PTE Global Bit                                    = 1 (1)
00:00:11.478849   MCA - Machine Check Architecture                        = 1 (1)
00:00:11.478850   CMOV - Conditional Move instructions                    = 1 (1)
00:00:11.478852   PAT - Page Attribute Table                              = 1 (1)
00:00:11.478853   PSE-36 - 36-bit Page Size Extension                     = 1 (1)
00:00:11.478855   PSN - Processor Serial Number                           = 0 (0)
00:00:11.478856   CLFSH - CLFLUSH instruction                             = 1 (1)
00:00:11.478858   DS - Debug Store                                        = 0 (0)
00:00:11.478860   ACPI - Thermal Mon. & Soft. Clock Ctrl.                 = 0 (1)
00:00:11.478861   MMX - Intel MMX Technology                              = 1 (1)
00:00:11.478863   FXSR - FXSAVE and FXRSTOR instructions                  = 1 (1)
00:00:11.478864   SSE - SSE support                                       = 1 (1)
00:00:11.478866   SSE2 - SSE2 support                                     = 1 (1)
00:00:11.478867   SS - Self Snoop                                         = 0 (1)
00:00:11.478869   HTT - Hyper-Threading Technology                        = 1 (1)
00:00:11.478871   TM - Therm. Monitor                                     = 0 (1)
00:00:11.478872   PBE - Pending Break Enabled                             = 0 (1)
00:00:11.478876   SSE3 - SSE3 support                                     = 1 (1)
00:00:11.478878   PCLMUL - PCLMULQDQ support (for AES-GCM)                = 1 (1)
00:00:11.478880   DTES64 - DS Area 64-bit Layout                          = 0 (0)
00:00:11.478881   MONITOR - MONITOR/MWAIT instructions                    = 0 (1)
00:00:11.478883   CPL-DS - CPL Qualified Debug Store                      = 0 (0)
00:00:11.478884   VMX - Virtual Machine Extensions                        = 0 (0)
00:00:11.478885   SMX - Safer Mode Extensions                             = 0 (0)
00:00:11.478887   EST - Enhanced SpeedStep Technology                     = 0 (1)
00:00:11.478888   TM2 - Terminal Monitor 2                                = 0 (1)
00:00:11.478890   SSSE3 - Supplemental Streaming SIMD Extensions 3        = 1 (1)
00:00:11.478891   CNTX-ID - L1 Context ID                                 = 0 (0)
00:00:11.478893   SDBG - Silicon Debug interface                          = 0 (0)
00:00:11.478894   FMA - Fused Multiply Add extensions                     = 0 (1)
00:00:11.478896   CX16 - CMPXCHG16B instruction                           = 1 (1)
00:00:11.478897   TPRUPDATE - xTPR Update Control                         = 0 (1)
00:00:11.478899   PDCM - Perf/Debug Capability MSR                        = 0 (1)
00:00:11.478900   PCID - Process Context Identifiers                      = 1 (1)
00:00:11.478901   DCA - Direct Cache Access                               = 0 (0)
00:00:11.478903   SSE4_1 - SSE4_1 support                                 = 1 (1)
00:00:11.478904   SSE4_2 - SSE4_2 support                                 = 1 (1)
00:00:11.478906   X2APIC - x2APIC support                                 = 0 (1)
00:00:11.478907   MOVBE - MOVBE instruction                               = 1 (1)
00:00:11.478909   POPCNT - POPCNT instruction                             = 1 (1)
00:00:11.478910   TSCDEADL - Time Stamp Counter Deadline                  = 0 (1)
00:00:11.478912   AES - AES instructions                                  = 1 (1)
00:00:11.478913   XSAVE - XSAVE instruction                               = 0 (1)
00:00:11.478915   OSXSAVE - OSXSAVE instruction                           = 0 (1)
00:00:11.478916   AVX - AVX support                                       = 0 (1)
00:00:11.478918   F16C - 16-bit floating point conversion instructions    = 0 (1)
00:00:11.478919   RDRAND - RDRAND instruction                             = 1 (1)
00:00:11.478921   HVP - Hypervisor Present (we're a guest)                = 1 (1)
00:00:11.478922 Structured Extended Feature Flags Enumeration (leaf 7):
00:00:11.478925   Mnemonic - Description                                  = guest (host)
00:00:11.478926   FSGSBASE - RDFSBASE/RDGSBASE/WRFSBASE/WRGSBASE instr.   = 1 (1)
00:00:11.478927   TSCADJUST - Supports MSR_IA32_TSC_ADJUST                = 0 (0)
00:00:11.478928   SGX - Supports Software Guard Extensions                = 0 (0)
00:00:11.478930   BMI1 - Advanced Bit Manipulation extension 1            = 1 (1)
00:00:11.478931   HLE - Hardware Lock Elision                             = 0 (0)
00:00:11.478932   AVX2 - Advanced Vector Extensions 2                     = 0 (1)
00:00:11.478934   FDP_EXCPTN_ONLY - FPU DP only updated on exceptions     = 0 (0)
00:00:11.478935   SMEP - Supervisor Mode Execution Prevention             = 0 (1)
00:00:11.478936   BMI2 - Advanced Bit Manipulation extension 2            = 1 (1)
00:00:11.478937   ERMS - Enhanced REP MOVSB/STOSB instructions            = 0 (1)
00:00:11.478939   INVPCID - INVPCID instruction                           = 1 (1)
00:00:11.478940   RTM - Restricted Transactional Memory                   = 0 (0)
00:00:11.478941   PQM - Platform Quality of Service Monitoring            = 0 (0)
00:00:11.478943   DEPFPU_CS_DS - Deprecates FPU CS, FPU DS values if set  = 1 (1)
00:00:11.478944   MPE - Intel Memory Protection Extensions                = 0 (0)
00:00:11.478945   PQE - Platform Quality of Service Enforcement           = 0 (0)
00:00:11.478946   AVX512F - AVX512 Foundation instructions                = 0 (0)
00:00:11.478948   RDSEED - RDSEED instruction                             = 1 (1)
00:00:11.478949   ADX - ADCX/ADOX instructions                            = 1 (1)
00:00:11.478951   SMAP - Supervisor Mode Access Prevention                = 0 (1)
00:00:11.478952   CLFLUSHOPT - CLFLUSHOPT (Cache Line Flush) instruction  = 1 (1)
00:00:11.478953   CLWB - CLWB instruction                                 = 0 (1)
00:00:11.478955   INTEL_PT - Intel Processor Trace                        = 0 (1)
00:00:11.478956   AVX512PF - AVX512 Prefetch instructions                 = 0 (0)
00:00:11.478957   AVX512ER - AVX512 Exponential & Reciprocal instructions = 0 (0)
00:00:11.478959   AVX512CD - AVX512 Conflict Detection instructions       = 0 (0)
00:00:11.478960   SHA - Secure Hash Algorithm extensions                  = 1 (1)
00:00:11.478962   PREFETCHWT1 - PREFETCHWT1 instruction                   = 0 (0)
00:00:11.478963   UMIP - User mode insturction prevention                 = 0 (1)
00:00:11.478964   PKU - Protection Key for Usermode pages                 = 0 (0)
00:00:11.478966   OSPKE - CR4.PKU mirror                                  = 0 (0)
00:00:11.478967    5 - Reserved                                           = 0 (1)
00:00:11.478969    7 - Reserved                                           = 0 (1)
00:00:11.478971    8 - Reserved                                           = 0 (1)
00:00:11.478973    9 - Reserved                                           = 0 (1)
00:00:11.478975   10 - Reserved                                           = 0 (1)
00:00:11.478976   MAWAU - Value used by BNDLDX & BNDSTX                   = 0x0 (0x0)
00:00:11.478978   RDPID - Read processor ID support                       = 0 (1)
00:00:11.478980   27 - Reserved                                           = 0 (1)
00:00:11.478982   28 - Reserved                                           = 0 (1)
00:00:11.478983   SGX_LC - Supports SGX Launch Configuration              = 0 (0)
00:00:11.478985    4 - Reserved                                           = 0 (1)
00:00:11.478989   MD_CLEAR - Supports MDS related buffer clearing         = 1 (1)
00:00:11.478991   14 - Reserved                                           = 0 (1)
00:00:11.478992   15 - Reserved                                           = 0 (1)
00:00:11.478994   19 - Reserved                                           = 0 (1)
00:00:11.478996   20 - Reserved                                           = 0 (1)
00:00:11.478997   IBRS_IBPB - IA32_SPEC_CTRL.IBRS and IA32_PRED_CMD.IBPB  = 0 (1)
00:00:11.478999   STIBP - Supports IA32_SPEC_CTRL.STIBP                   = 0 (1)
00:00:11.479000   FLUSH_CMD - Supports IA32_FLUSH_CMD                     = 1 (1)
00:00:11.479001   ARCHCAP - Supports IA32_ARCH_CAP                        = 1 (1)
00:00:11.479003   CORECAP - Supports IA32_CORE_CAP                        = 0 (0)
00:00:11.479004   SSBD - Supports IA32_SPEC_CTRL.SSBD                     = 0 (1)
00:00:11.479008 Processor Extended State Enumeration (leaf 0xd):
00:00:11.479011    XSAVE area cur/max size by XCR0, guest: 0x0/0x0
00:00:11.479012     XSAVE area cur/max size by XCR0, host: 0x340/0x340
00:00:11.479014                    Valid XCR0 bits, guest: 0x00000000`00000000
00:00:11.479016                     Valid XCR0 bits, host: 0x00000000`00000007 ( x87 SSE YMM_Hi128 )
00:00:11.479020                     XSAVE features, guest:
00:00:11.479022                      XSAVE features, host: XSAVEOPT XSAVEC XGETBC1 XSAVES
00:00:11.479024       XSAVE area cur size XCR0|XSS, guest: 0x0
00:00:11.479025        XSAVE area cur size XCR0|XSS, host: 0x350
00:00:11.479026                Valid IA32_XSS bits, guest: 0x00000000`00000000
00:00:11.479027                 Valid IA32_XSS bits, host: 0x00001800`00000000 ( 43 44 )
00:00:11.479032   State #2, host:  off=0x0240, cb=0x0100 IA32_XSS-bit -- YMM_Hi128
00:00:11.479045   State #11, host:  off=0x0000, cb=0x0010 XCR0-bit -- 11
00:00:11.479048   State #12, host:  off=0x0000, cb=0x0018 XCR0-bit -- 12
00:00:11.479104          Unknown CPUID Leaves
00:00:11.479105      Leaf/sub-leaf  eax      ebx      ecx      edx
00:00:11.479107 Gst: 00000014/0001  00000000 00000000 00000000 00000000
00:00:11.479109 Hst:                02490002 003f003f 00000000 00000000
00:00:11.479112 Gst: 00000014/0002  00000000 00000000 00000000 00000000
00:00:11.479113 Hst:                00000000 00000000 00000000 00000000
00:00:11.479115 Gst: 00000015/0000  00000000 00000000 00000000 00000000
00:00:11.479116 Hst:                00000002 00000088 0249f000 00000000
00:00:11.479118 Gst: 00000016/0000  00000000 00000000 00000000 00000000
00:00:11.479120 Hst:                00000000 00000000 00000000 00000000
00:00:11.479122          Raw Hypervisor CPUID Leaves
00:00:11.479123      Leaf/sub-leaf  eax      ebx      ecx      edx
00:00:11.479124 Gst: 40000000/0000  40000001 4b4d564b 564b4d56 0000004d
00:00:11.479126 Hst:                4000000c 7263694d 666f736f 76482074
00:00:11.479128 Gst: 40000001/0000  01000089 00000000 00000000 00000000
00:00:11.479130 Hst:                31237648 00000000 00000000 00000000
00:00:11.479132          Raw Extended CPUID Leaves
00:00:11.479133      Leaf/sub-leaf  eax      ebx      ecx      edx
00:00:11.479134 Gst: 80000000/0000  80000008 00000000 00000000 00000000
00:00:11.479136 Hst:                80000008 00000000 00000000 00000000
00:00:11.479138 Gst: 80000001/0000  00000000 00000000 00000121 28100800
00:00:11.479139 Hst:                00000000 00000000 00000121 2c100800
00:00:11.479142 Gst: 80000002/0000  68743331 6e654720 746e4920 52286c65
00:00:11.479143 Hst:                68743331 6e654720 746e4920 52286c65
00:00:11.479145 Gst: 80000003/0000  6f432029 54286572 6920294d 33312d35
00:00:11.479146 Hst:                6f432029 54286572 6920294d 33312d35
00:00:11.479149 Gst: 80000004/0000  48303234 00000000 00000000 00000000
00:00:11.479150 Hst:                48303234 00000000 00000000 00000000
00:00:11.479152 Gst: 80000005/0000  00000000 00000000 00000000 00000000
00:00:11.479153 Hst:                00000000 00000000 00000000 00000000
00:00:11.479155 Gst: 80000006/0000  00000000 00000000 05007040 00000000
00:00:11.479157 Hst:                00000000 00000000 05007040 00000000
00:00:11.479159 Gst: 80000007/0000  00000000 00000000 00000000 00000100
00:00:11.479161 Hst:                00000000 00000000 00000000 00000100
00:00:11.479163 Gst: 80000008/0000  00003027 00000000 00000000 00000000
00:00:11.479164 Hst:                00003027 00000000 00000000 00000000
00:00:11.479165 Ext Name:                        
00:00:11.479166 Ext Supports:                    0x80000000-0x80000008
00:00:11.479168 Family:                          0  	Extended: 0 	Effective: 0
00:00:11.479168 Model:                           0  	Extended: 0 	Effective: 0
00:00:11.479169 Stepping:                        0
00:00:11.479170 Brand ID:                        0x000
00:00:11.479175 Ext Features
00:00:11.479175   Mnemonic - Description                                  = guest (host)
00:00:11.479176   FPU - x87 FPU on Chip                                   = 0 (0)
00:00:11.479178   VME - Virtual 8086 Mode Enhancements                    = 0 (0)
00:00:11.479180   DE - Debugging extensions                               = 0 (0)
00:00:11.479181   PSE - Page Size Extension                               = 0 (0)
00:00:11.479183   TSC - Time Stamp Counter                                = 0 (0)
00:00:11.479184   MSR - K86 Model Specific Registers                      = 0 (0)
00:00:11.479186   PAE - Physical Address Extension                        = 0 (0)
00:00:11.479187   MCE - Machine Check Exception                           = 0 (0)
00:00:11.479188   CX8 - CMPXCHG8B instruction                             = 0 (0)
00:00:11.479190   APIC - APIC On-Chip                                     = 0 (0)
00:00:11.479192   SEP - SYSCALL/SYSRET                                    = 1 (1)
00:00:11.479193   MTRR - Memory Type Range Registers                      = 0 (0)
00:00:11.479195   PGE - PTE Global Bit                                    = 0 (0)
00:00:11.479196   MCA - Machine Check Architecture                        = 0 (0)
00:00:11.479198   CMOV - Conditional Move instructions                    = 0 (0)
00:00:11.479199   PAT - Page Attribute Table                              = 0 (0)
00:00:11.479200   PSE-36 - 36-bit Page Size Extension                     = 0 (0)
00:00:11.479202   NX - No-Execute/Execute-Disable                         = 1 (1)
00:00:11.479203   AXMMX - AMD Extensions to MMX instructions              = 0 (0)
00:00:11.479205   MMX - Intel MMX Technology                              = 0 (0)
00:00:11.479206   FXSR - FXSAVE and FXRSTOR Instructions                  = 0 (0)
00:00:11.479208   FFXSR - AMD fast FXSAVE and FXRSTOR instructions        = 0 (0)
00:00:11.479209   Page1GB - 1 GB large page                               = 0 (1)
00:00:11.479210   RDTSCP - RDTSCP instruction                             = 1 (1)
00:00:11.479212   LM - AMD64 Long Mode                                    = 1 (1)
00:00:11.479214   3DNOWEXT - AMD Extensions to 3DNow                      = 0 (0)
00:00:11.479215   3DNOW - AMD 3DNow                                       = 0 (0)
00:00:11.479217   LahfSahf - LAHF/SAHF support in 64-bit mode             = 1 (1)
00:00:11.479218   CmpLegacy - Core multi-processing legacy mode           = 0 (0)
00:00:11.479220   SVM - AMD Secure Virtual Machine extensions             = 0 (0)
00:00:11.479221   EXTAPIC - AMD Extended APIC registers                   = 0 (0)
00:00:11.479222   CR8L - AMD LOCK MOV CR0 means MOV CR8                   = 0 (0)
00:00:11.479224   ABM - AMD Advanced Bit Manipulation                     = 1 (1)
00:00:11.479225   SSE4A - SSE4A instructions                              = 0 (0)
00:00:11.479227   MISALIGNSSE - AMD Misaligned SSE mode                   = 0 (0)
00:00:11.479228   3DNOWPRF - AMD PREFETCH and PREFETCHW instructions      = 1 (1)
00:00:11.479229   OSVW - AMD OS Visible Workaround                        = 0 (0)
00:00:11.479231   IBS - Instruct Based Sampling                           = 0 (0)
00:00:11.479232   XOP - Extended Operation support                        = 0 (0)
00:00:11.479233   SKINIT - SKINIT, STGI, and DEV support                  = 0 (0)
00:00:11.479235   WDT - AMD Watchdog Timer support                        = 0 (0)
00:00:11.479238   LWP - Lightweight Profiling support                     = 0 (0)
00:00:11.479240   FMA4 - Four operand FMA instruction support             = 0 (0)
00:00:11.479241   TCE - Translation Cache Extension support               = 0 (0)
00:00:11.479242   NodeId - NodeId in MSR C001_100C                        = 0 (0)
00:00:11.479244   TBM - Trailing Bit Manipulation instructions            = 0 (0)
00:00:11.479245   TOPOEXT - Topology Extensions                           = 0 (0)
00:00:11.479247   PRFEXTCORE - Performance Counter Extensions support     = 0 (0)
00:00:11.479248   PRFEXTNB - NB Performance Counter Extensions support    = 0 (0)
00:00:11.479249   DATABPEXT - Data-access Breakpoint Extension            = 0 (0)
00:00:11.479250   PERFTSC - Performance Time Stamp Counter                = 0 (0)
00:00:11.479251   PCX_L2I - L2I/L3 Performance Counter Extensions         = 0 (0)
00:00:11.479253   MONITORX - MWAITX and MONITORX instructions             = 0 (0)
00:00:11.479254   AddrMaskExt - BP Addressing masking extended to bit 31  = 0 (0)
00:00:11.479256 Full Name:                       "13th Gen Intel(R) Core(TM) i5-13420H"
00:00:11.479256 TLB 2/4M Instr/Uni:              res0     0 entries
00:00:11.479257 TLB 2/4M Data:                   res0     0 entries
00:00:11.479258 TLB 4K Instr/Uni:                res0     0 entries
00:00:11.479259 TLB 4K Data:                     res0     0 entries
00:00:11.479260 L1 Instr Cache Line Size:        0 bytes
00:00:11.479260 L1 Instr Cache Lines Per Tag:    0
00:00:11.479261 L1 Instr Cache Associativity:    res0  
00:00:11.479261 L1 Instr Cache Size:             0 KB
00:00:11.479262 L1 Data Cache Line Size:         0 bytes
00:00:11.479262 L1 Data Cache Lines Per Tag:     0
00:00:11.479263 L1 Data Cache Associativity:     res0  
00:00:11.479263 L1 Data Cache Size:              0 KB
00:00:11.479264 L2 TLB 2/4M Instr/Uni:           off       0 entries
00:00:11.479265 L2 TLB 2/4M Data:                off       0 entries
00:00:11.479266 L2 TLB 4K Instr/Uni:             off       0 entries
00:00:11.479266 L2 TLB 4K Data:                  off       0 entries
00:00:11.479267 L2 Cache Line Size:              64 bytes
00:00:11.479267 L2 Cache Lines Per Tag:          0
00:00:11.479268 L2 Cache Associativity:          res7  
00:00:11.479268 L2 Cache Size:                   1280 KB
00:00:11.479269 L3 Cache Line Size:              0 bytes
00:00:11.479269 L3 Cache Lines Per Tag:          0
00:00:11.479270 L3 Cache Associativity:          off   
00:00:11.479270 L3 Cache Size:                   0 KB
00:00:11.479273   TS - Temperature Sensor                                 = 0 (0)
00:00:11.479275   FID - Frequency ID control                              = 0 (0)
00:00:11.479277   VID - Voltage ID control                                = 0 (0)
00:00:11.479278   TTP - Thermal Trip                                      = 0 (0)
00:00:11.479280   TM - Hardware Thermal Control (HTC)                     = 0 (0)
00:00:11.479282   100MHzSteps - 100 MHz Multiplier control                = 0 (0)
00:00:11.479283   HwPstate - Hardware P-state control                     = 0 (0)
00:00:11.479284   TscInvariant - Invariant Time Stamp Counter             = 1 (1)
00:00:11.479285   CPB - Core Performance Boost                            = 0 (0)
00:00:11.479287   EffFreqRO - Read-only Effective Frequency Interface     = 0 (0)
00:00:11.479288   ProcFdbkIf - Processor Feedback Interface               = 0 (0)
00:00:11.479289   ProcPwrRep - Core power reporting interface support     = 0 (0)
00:00:11.479290   ConnectedStandby - Connected Standby                    = 0 (0)
00:00:11.479292   RAPL - Running average power limit                      = 0 (0)
00:00:11.479295 Physical Address Width:          39 bits
00:00:11.479296 Virtual Address Width:           48 bits
00:00:11.479296 Guest Physical Address Width:    0 bits
00:00:11.479297 Physical Core Count:             1
00:00:11.479300 
00:00:11.479301 ******************** End of CPUID dump **********************
00:00:11.479412 VMEmt: Halt method global1 (5)
00:00:11.479668 VMEmt: HaltedGlobal1 config: cNsSpinBlockThresholdCfg=50000
00:00:11.479841 Changing the VM state from 'CREATING' to 'CREATED'
00:00:11.481418 NAT: DNS settings changed, triggering update
00:00:11.482129 SharedFolders host service: Adding host mapping
00:00:11.482159     Host path 'D:\Учеба\АСУЭП\ПР10\public_files', map name 'public_files', writable, automount=true, automntpnt=, create_symlinks=false, missing=false
00:00:11.483006 Changing the VM state from 'CREATED' to 'POWERING_ON'
00:00:11.483260 AIOMgr: Endpoints without assigned bandwidth groups:
00:00:11.483288 AIOMgr:     D:\Учеба\АСУЭП\ПР10\VM2-App-Web-Analytics\VM2-App-Web-Analytics.vdi
00:00:11.483482 Changing the VM state from 'POWERING_ON' to 'RUNNING'
00:00:11.483490 Console: Machine state changed to 'Running'
00:00:11.487550 VMMDev: Guest Log: BIOS: VirtualBox 7.1.4
00:00:11.488186 PCI: Setting up resources and interrupts
00:00:11.489025 PIT: mode=2 count=0x10000 (65536) - 18.20 Hz (ch=0)
00:00:11.508197 Display::i_handleDisplayResize: uScreenId=0 pvVRAM=0000000000000000 w=720 h=400 bpp=0 cbLine=0x0 flags=0x0 origin=0,0
00:00:11.537303 VMMDev: Guest Log: CPUID EDX: 0x178bfbff
00:00:11.537528 PIIX3 ATA: Ctl#1: RESET, DevSel=0 AIOIf=0 CmdIf0=0x00 (-1 usec ago) CmdIf1=0x00 (-1 usec ago)
00:00:11.537609 PIIX3 ATA: Ctl#1: finished processing RESET
00:00:11.541861 AHCI#0: Reset the HBA
00:00:11.541904 VD#0: Cancelling all active requests
00:00:11.542054 AHCI#0: Port 0 reset
00:00:11.542111 VD#0: Cancelling all active requests
00:00:11.542448 GUI: UIMachineViewNormal::resendSizeHint: Restoring guest size-hint for screen 0 to 800x600
00:00:11.544586 VMMDev: Guest Log: BIOS: AHCI 0-P#0: PCHS=16383/16/63 LCHS=1024/255/63 0x0000000002800000 sectors
00:00:11.546784 GUI: UIMachineLogicNormal::sltCheckForRequestedVisualStateType: Requested-state=1, Machine-state=6
00:00:11.607015 PIT: mode=2 count=0x48d3 (18643) - 64.00 Hz (ch=0)
00:00:11.627013 Display::i_handleDisplayResize: uScreenId=0 pvVRAM=00000207dea60000 w=640 h=480 bpp=32 cbLine=0xA00 flags=0x0 origin=0,0
00:00:14.085663 PIT: mode=2 count=0x10000 (65536) - 18.20 Hz (ch=0)
00:00:14.085943 VMMDev: Guest Log: BIOS: Boot : bseqnr=1, bootseq=0132
00:00:14.089228 Display::i_handleDisplayResize: uScreenId=0 pvVRAM=0000000000000000 w=720 h=400 bpp=0 cbLine=0x0 flags=0x0 origin=0,0
00:00:14.093180 VMMDev: Guest Log: BIOS: Booting from Hard Disk...
00:00:14.434377 GUI: UIMediumEnumerator: Medium-enumeration finished!
00:00:15.008220 Display::i_handleDisplayResize: uScreenId=0 pvVRAM=00000207dea60000 w=640 h=480 bpp=32 cbLine=0xA00 flags=0x0 origin=0,0
00:00:15.355992 GUI: UIMediumEnumerator: Medium-enumeration finished!
00:00:19.837019 Display::i_handleDisplayResize: uScreenId=0 pvVRAM=00000207dea60000 w=640 h=480 bpp=0 cbLine=0x280 flags=0x0 origin=0,0
00:00:19.857737 Display::i_handleDisplayResize: uScreenId=0 pvVRAM=0000000000000000 w=720 h=400 bpp=0 cbLine=0x0 flags=0x0 origin=0,0
00:00:20.192962 GUI: UIMediumEnumerator: Medium-enumeration finished!
00:00:20.488410 GIM: KVM: VCPU  0: Enabled system-time struct. at 0x000000004ba01000 - u32TscScale=0xc413e3ee i8TscShift=-1 uVersion=2 fFlags=0x1 uTsc=0x579718096 uVirtNanoTS=0x218b3e4cf TscKHz=2611208
00:00:20.488451 TM: Host/VM is not suitable for using TSC mode 'RealTSCOffset', request to change TSC mode ignored
00:00:20.547946 GIM: KVM: Enabled wall-clock struct. at 0x000000004ba00000 - u32Sec=1777576573 u32Nano=346728152 uVersion=2
00:00:20.584508 PIT: mode=2 count=0x12a5 (4773) - 249.98 Hz (ch=0)
00:00:20.599153 MsrExit/0: 0010:ffffffffb9e9cd58/LM: RDMSR 00000140 -> 00000000 / VERR_CPUM_RAISE_GP_0
00:00:20.734151 PIT: mode=0 count=0x10000 (65536) - 18.20 Hz (ch=0)
00:00:20.735931 GIM: KVM: VCPU  1: Enabled system-time struct. at 0x000000004ba01040 - u32TscScale=0xc413e3ee i8TscShift=-1 uVersion=2 fFlags=0x1 uTsc=0x59ff919b0 uVirtNanoTS=0x227754c9a TscKHz=2611208
00:00:20.735951 TM: Host/VM is not suitable for using TSC mode 'RealTSCOffset', request to change TSC mode ignored
00:00:20.737661 MsrExit/1: 0010:ffffffffb9e9cd58/LM: RDMSR 00000140 -> 00000000 / VERR_CPUM_RAISE_GP_0
00:00:20.984865 OHCI: Software reset
00:00:21.248138 PIIX3 ATA: Ctl#1: RESET, DevSel=0 AIOIf=0 CmdIf0=0xa1 (-1 usec ago) CmdIf1=0x00 (-1 usec ago)
00:00:21.248469 PIIX3 ATA: Ctl#1: finished processing RESET
00:00:21.250207 EHCI: Hardware reset
00:00:21.250683 EHCI: USB Operational
00:00:21.270565 OHCI: USB Reset
00:00:21.332509 OHCI: Software reset
00:00:21.332895 OHCI: USB Operational
00:00:21.378113 EHCI: USB Suspended
00:00:22.257420 MsrExit/1: 0010:ffffffffb9e9cd58/LM: RDMSR c0011029 -> 00000000 / VERR_CPUM_RAISE_GP_0
00:00:22.515041 AHCI#0: Reset the HBA
00:00:22.515077 VD#0: Cancelling all active requests
00:00:22.520972 AHCI#0: Port 0 reset
00:00:22.523434 VD#0: Cancelling all active requests
00:00:22.936814 Enabling different vbva mode
00:00:22.985072 Display::i_handleDisplayResize: uScreenId=0 pvVRAM=00000207dea60000 w=800 h=600 bpp=32 cbLine=0xC80 flags=0x1 origin=0,0
00:00:23.332377 GUI: UIMediumEnumerator: Medium-enumeration finished!
00:00:24.014165 AIOMgr: Async flushes not supported
00:00:25.178884 NAT: Link up
00:00:25.507532 VMMDev: Guest Log: vboxguest: host-version: 7.1.4r165100 0x8000000f
00:00:25.508961 VMMDev: Guest Additions information report: Version 6.0.0 r127566 '6.0.0'
00:00:25.509021 VMMDev: Guest Additions information report: Interface = 0x00010004 osType = 0x00053100 (Linux >= 2.6, 64-bit)
00:00:25.509124 VMMDev: Guest Additions capability report: (0x0 -> 0x0) seamless: no, hostWindowMapping: no, graphics: no
00:00:25.509284 GUI: UISession::sltAdditionsChange: GA state doesn't really changed, still notifying listeners.
00:00:25.509301 GUI: UIMachineLogicNormal::sltCheckForRequestedVisualStateType: Requested-state=1, Machine-state=6
00:00:25.509308 GUI: UISession::sltAdditionsChange: GA state doesn't really changed, still notifying listeners.
00:00:25.509310 GUI: UIMachineLogicNormal::sltCheckForRequestedVisualStateType: Requested-state=1, Machine-state=6
00:00:25.509466 VMMDev: vmmDevReqHandler_HeartbeatConfigure: No change (fHeartbeatActive=false)
00:00:25.509487 VMMDev: Heartbeat flatline timer set to trigger after 4 000 000 000 ns
00:00:25.510314 VMMDev: Guest Log: vbg_heartbeat_init: Setting up heartbeat to trigger every 2000 milliseconds
00:00:25.519905 GUI: UISession::sltAdditionsChange: GA state really changed, notifying listeners.
00:00:25.519956 GUI: UIMachineViewNormal::adjustGuestScreenSize: Adjust guest-screen size if necessary
00:00:25.519973 GUI: UIMachineLogicNormal::sltCheckForRequestedVisualStateType: Requested-state=1, Machine-state=6
00:00:25.522172 VMMDev: Guest Log: vboxguest: misc device minor 123, IRQ 20, I/O port d040, MMIO at 0x00000000f0400000 (size 0x0000000000400000)
00:00:26.138584 MsrExit/0: 0010:ffffffffb9e9cd58/LM: RDMSR 00000641 -> 00000000 / VERR_CPUM_RAISE_GP_0
00:00:26.138671 MsrExit/0: 0010:ffffffffb9e9cd58/LM: RDMSR 00000619 -> 00000000 / VERR_CPUM_RAISE_GP_0
00:00:26.138728 MsrExit/0: 0010:ffffffffb9e9cd58/LM: RDMSR 0000064d -> 00000000 / VERR_CPUM_RAISE_GP_0
00:00:26.432159 AC97: Reset
00:00:26.432192 AC97: Mixer reset (EAID=0x809, EACS=0x9)
00:00:26.432196 AC97: Record select to left=mic, right=mic
00:00:26.432199 Audio Mixer: MUTING master volume of 'AC'97 Mixer' -- channel volumes: ff ff ff ff ff ff ff ff ff ff ff ff
00:00:26.432204 Audio Mixer: MUTING sink 'AC'97 Mixer/Line In' -- channel volumes: 00 00 00 00 00 00 00 00 00 00 00 00
00:00:26.432207 Audio Mixer: MUTING sink 'AC'97 Mixer/Microphone In' -- channel volumes: 00 00 00 00 00 00 00 00 00 00 00 00
00:00:26.432210 Audio Mixer: MUTING sink 'AC'97 Mixer/PCM Output' -- channel volumes: 00 00 00 00 00 00 00 00 00 00 00 00
00:00:26.432213 Audio Mixer: MUTING sink 'AC'97 Mixer/PCM Output' -- channel volumes: 00 00 00 00 00 00 00 00 00 00 00 00
00:00:26.432216 Audio Mixer: MUTING sink 'AC'97 Mixer/Line In' -- channel volumes: 00 00 00 00 00 00 00 00 00 00 00 00
00:00:26.432219 Audio Mixer: MUTING sink 'AC'97 Mixer/Line In' -- channel volumes: 00 00 00 00 00 00 00 00 00 00 00 00
00:00:26.432222 Audio Mixer: MUTING sink 'AC'97 Mixer/Microphone In' -- channel volumes: 00 00 00 00 00 00 00 00 00 00 00 00
00:00:26.432579 Audio Mixer: MUTING sink 'AC'97 Mixer/Line In' -- channel volumes: 00 00 00 00 00 00 00 00 00 00 00 00
00:00:26.432587 Audio Mixer: MUTING sink 'AC'97 Mixer/Line In' -- channel volumes: 00 00 00 00 00 00 00 00 00 00 00 00
00:00:26.432866 Audio Mixer: MUTING sink 'AC'97 Mixer/Line In' -- channel volumes: 00 00 00 00 00 00 00 00 00 00 00 00
00:00:26.432884 Audio Mixer: MUTING sink 'AC'97 Mixer/Line In' -- channel volumes: 00 00 00 00 00 00 00 00 00 00 00 00
00:00:26.433329 AC97: Reset
00:00:26.433353 AC97: Mixer reset (EAID=0x809, EACS=0x9)
00:00:26.433358 AC97: Record select to left=mic, right=mic
00:00:26.433361 Audio Mixer: MUTING master volume of 'AC'97 Mixer' -- channel volumes: ff ff ff ff ff ff ff ff ff ff ff ff
00:00:26.433366 Audio Mixer: MUTING sink 'AC'97 Mixer/Line In' -- channel volumes: 00 00 00 00 00 00 00 00 00 00 00 00
00:00:26.433371 Audio Mixer: MUTING sink 'AC'97 Mixer/Microphone In' -- channel volumes: 00 00 00 00 00 00 00 00 00 00 00 00
00:00:26.433374 Audio Mixer: MUTING sink 'AC'97 Mixer/PCM Output' -- channel volumes: 00 00 00 00 00 00 00 00 00 00 00 00
00:00:26.433378 Audio Mixer: MUTING sink 'AC'97 Mixer/PCM Output' -- channel volumes: 00 00 00 00 00 00 00 00 00 00 00 00
00:00:26.433382 Audio Mixer: MUTING sink 'AC'97 Mixer/Line In' -- channel volumes: 00 00 00 00 00 00 00 00 00 00 00 00
00:00:26.433385 Audio Mixer: MUTING sink 'AC'97 Mixer/Line In' -- channel volumes: 00 00 00 00 00 00 00 00 00 00 00 00
00:00:26.433389 Audio Mixer: MUTING sink 'AC'97 Mixer/Microphone In' -- channel volumes: 00 00 00 00 00 00 00 00 00 00 00 00
00:00:26.439343 Audio Mixer: Setting master volume of 'AC'97 Mixer' -- channel volumes: ff ff ff ff ff ff ff ff ff ff ff ff
00:00:26.439379 Audio Mixer: MUTING sink 'AC'97 Mixer/Line In' -- channel volumes: 00 00 00 00 00 00 00 00 00 00 00 00
00:00:26.439384 Audio Mixer: MUTING sink 'AC'97 Mixer/Microphone In' -- channel volumes: 00 00 00 00 00 00 00 00 00 00 00 00
00:00:26.439388 Audio Mixer: MUTING sink 'AC'97 Mixer/PCM Output' -- channel volumes: 00 00 00 00 00 00 00 00 00 00 00 00
00:00:26.439475 Audio Mixer: MUTING master volume of 'AC'97 Mixer' -- channel volumes: ff ff ff ff ff ff ff ff ff ff ff ff
00:00:26.439480 Audio Mixer: MUTING sink 'AC'97 Mixer/Line In' -- channel volumes: 00 00 00 00 00 00 00 00 00 00 00 00
00:00:26.439484 Audio Mixer: MUTING sink 'AC'97 Mixer/Microphone In' -- channel volumes: 00 00 00 00 00 00 00 00 00 00 00 00
00:00:26.439488 Audio Mixer: MUTING sink 'AC'97 Mixer/PCM Output' -- channel volumes: 00 00 00 00 00 00 00 00 00 00 00 00
00:00:26.439574 Audio Mixer: MUTING master volume of 'AC'97 Mixer' -- channel volumes: ff ff ff ff ff ff ff ff ff ff ff ff
00:00:26.439580 Audio Mixer: MUTING sink 'AC'97 Mixer/Line In' -- channel volumes: 00 00 00 00 00 00 00 00 00 00 00 00
00:00:26.439585 Audio Mixer: MUTING sink 'AC'97 Mixer/Microphone In' -- channel volumes: 00 00 00 00 00 00 00 00 00 00 00 00
00:00:26.439589 Audio Mixer: MUTING sink 'AC'97 Mixer/PCM Output' -- channel volumes: 00 00 00 00 00 00 00 00 00 00 00 00
00:00:26.439675 Audio Mixer: MUTING master volume of 'AC'97 Mixer' -- channel volumes: ff ff ff ff ff ff ff ff ff ff ff ff
00:00:26.439682 Audio Mixer: MUTING sink 'AC'97 Mixer/Line In' -- channel volumes: 00 00 00 00 00 00 00 00 00 00 00 00
00:00:26.439687 Audio Mixer: MUTING sink 'AC'97 Mixer/Microphone In' -- channel volumes: 00 00 00 00 00 00 00 00 00 00 00 00
00:00:26.439691 Audio Mixer: MUTING sink 'AC'97 Mixer/PCM Output' -- channel volumes: 00 00 00 00 00 00 00 00 00 00 00 00
00:00:26.439733 Audio Mixer: MUTING master volume of 'AC'97 Mixer' -- channel volumes: 83 83 83 83 83 83 83 83 83 83 83 83
00:00:26.439739 Audio Mixer: MUTING sink 'AC'97 Mixer/Line In' -- channel volumes: 00 00 00 00 00 00 00 00 00 00 00 00
00:00:26.439745 Audio Mixer: MUTING sink 'AC'97 Mixer/Microphone In' -- channel volumes: 00 00 00 00 00 00 00 00 00 00 00 00
00:00:26.439749 Audio Mixer: MUTING sink 'AC'97 Mixer/PCM Output' -- channel volumes: 00 00 00 00 00 00 00 00 00 00 00 00
00:00:26.439884 Audio Mixer: MUTING master volume of 'AC'97 Mixer' -- channel volumes: bf bf bf bf bf bf bf bf bf bf bf bf
00:00:26.439893 Audio Mixer: MUTING sink 'AC'97 Mixer/Line In' -- channel volumes: 00 00 00 00 00 00 00 00 00 00 00 00
00:00:26.439902 Audio Mixer: MUTING sink 'AC'97 Mixer/Microphone In' -- channel volumes: 00 00 00 00 00 00 00 00 00 00 00 00
00:00:26.439909 Audio Mixer: MUTING sink 'AC'97 Mixer/PCM Output' -- channel volumes: 00 00 00 00 00 00 00 00 00 00 00 00
00:00:26.440160 Audio Mixer: MUTING master volume of 'AC'97 Mixer' -- channel volumes: 83 83 83 83 83 83 83 83 83 83 83 83
00:00:26.440172 Audio Mixer: MUTING sink 'AC'97 Mixer/Line In' -- channel volumes: 00 00 00 00 00 00 00 00 00 00 00 00
00:00:26.440176 Audio Mixer: MUTING sink 'AC'97 Mixer/Microphone In' -- channel volumes: 00 00 00 00 00 00 00 00 00 00 00 00
00:00:26.440180 Audio Mixer: MUTING sink 'AC'97 Mixer/PCM Output' -- channel volumes: 00 00 00 00 00 00 00 00 00 00 00 00
00:00:26.445607 Audio Mixer: MUTING sink 'AC'97 Mixer/PCM Output' -- channel volumes: 00 00 00 00 00 00 00 00 00 00 00 00
00:00:26.445705 Audio Mixer: MUTING sink 'AC'97 Mixer/Line In' -- channel volumes: 00 00 00 00 00 00 00 00 00 00 00 00
00:00:26.445714 Audio Mixer: MUTING sink 'AC'97 Mixer/Line In' -- channel volumes: 00 00 00 00 00 00 00 00 00 00 00 00
00:00:26.445784 Audio Mixer: MUTING sink 'AC'97 Mixer/Line In' -- channel volumes: 00 00 00 00 00 00 00 00 00 00 00 00
00:00:26.445789 Audio Mixer: MUTING sink 'AC'97 Mixer/Line In' -- channel volumes: 00 00 00 00 00 00 00 00 00 00 00 00
00:00:26.445861 Audio Mixer: MUTING sink 'AC'97 Mixer/Line In' -- channel volumes: 00 00 00 00 00 00 00 00 00 00 00 00
00:00:26.445865 Audio Mixer: MUTING sink 'AC'97 Mixer/Line In' -- channel volumes: 00 00 00 00 00 00 00 00 00 00 00 00
00:00:26.445941 Audio Mixer: MUTING sink 'AC'97 Mixer/Line In' -- channel volumes: 00 00 00 00 00 00 00 00 00 00 00 00
00:00:26.445946 Audio Mixer: MUTING sink 'AC'97 Mixer/Line In' -- channel volumes: 00 00 00 00 00 00 00 00 00 00 00 00
00:00:26.445986 AC97: Record select to left=mic, right=mic
00:00:26.446026 Audio Mixer: MUTING sink 'AC'97 Mixer/Line In' -- channel volumes: 00 00 00 00 00 00 00 00 00 00 00 00
00:00:26.446031 Audio Mixer: MUTING sink 'AC'97 Mixer/Line In' -- channel volumes: 00 00 00 00 00 00 00 00 00 00 00 00
00:00:29.756189 GUI: UIMediumEnumerator: Medium-enumeration finished!
00:00:35.061675 GUI: UIMediumEnumerator: Medium-enumeration finished!
00:01:21.053661 VMMDev: Heartbeat checking timer has been stopped (rc=VINF_SUCCESS)
00:01:21.053729 VMMDev: Guest Additions capability report: (0x0 -> 0x0) seamless: no, hostWindowMapping: no, graphics: no
00:01:21.053855 GUI: UISession::sltAdditionsChange: GA state doesn't really changed, still notifying listeners.
00:01:21.053872 GUI: UIMachineLogicNormal::sltCheckForRequestedVisualStateType: Requested-state=1, Machine-state=6
00:01:21.136424 VMMDev: Guest Additions information report: Version 7.1.4 r165100 '7.1.4'
00:01:21.136648 VMMDev: Guest Additions capability report: (0x0 -> 0x0) seamless: no, hostWindowMapping: no, graphics: no
00:01:21.137362 VMMDev: vmmDevReqHandler_HeartbeatConfigure: No change (fHeartbeatActive=false)
00:01:21.137394 VMMDev: Heartbeat flatline timer set to trigger after 4 000 000 000 ns
00:01:21.137467 VMMDev: Guest Log: vgdrvHeartbeatInit: Setting up heartbeat to trigger every 2000 milliseconds
00:01:21.137720 GUI: UISession::sltAdditionsChange: GA state doesn't really changed, still notifying listeners.
00:01:21.137732 GUI: UIMachineLogicNormal::sltCheckForRequestedVisualStateType: Requested-state=1, Machine-state=6
00:01:21.137740 GUI: UISession::sltAdditionsChange: GA state doesn't really changed, still notifying listeners.
00:01:21.137744 GUI: UIMachineLogicNormal::sltCheckForRequestedVisualStateType: Requested-state=1, Machine-state=6
00:01:21.137827 VMMDev: Guest Log: Host supports full mouse state reporting, switching to extended mouse integration protocol
00:01:21.140969 VMMDev: Guest Additions capability report: (0x0 -> 0x0) seamless: no, hostWindowMapping: no, graphics: no
00:01:21.141142 VMMDev: Guest Log: vboxguest: Successfully loaded version 7.1.4 r165100
00:01:21.141195 VMMDev: Guest Log: vboxguest: misc device minor 123, IRQ 20, I/O port d040, MMIO at 00000000f0400000 (size 0x400000)
00:01:21.146908 GUI: UISession::sltAdditionsChange: GA state doesn't really changed, still notifying listeners.
00:01:21.146943 GUI: UIMachineLogicNormal::sltCheckForRequestedVisualStateType: Requested-state=1, Machine-state=6
00:01:21.150207 VMMDev: Guest Log: vboxsf: g_fHostFeatures=0x8000000f g_fSfFeatures=0x1 g_uSfLastFunction=29
00:01:21.150918 VMMDev: Guest Log: vboxsf: Successfully loaded version 7.1.4 r165100 on 5.15.0-177-generic (LINUX_VERSION_CODE=0x50fc7)
00:01:21.177419 VMMDev: Guest Log: 19:17:12.335936 main     VBoxService 7.1.4 r165100 (verbosity: 0) linux.amd64 (Oct 10 2024 19:26:29) release log
00:01:21.177447 VMMDev: Guest Log: 19:17:12.335938 main     Log opened 2026-04-30T19:17:12.335933000Z
00:01:21.177491 VMMDev: Guest Log: 19:17:12.336021 main     OS Product: Linux
00:01:21.177520 VMMDev: Guest Log: 19:17:12.336052 main     OS Release: 5.15.0-177-generic
00:01:21.177545 VMMDev: Guest Log: 19:17:12.336078 main     OS Version: #187-Ubuntu SMP Sat Apr 11 22:54:33 UTC 2026
00:01:21.177571 VMMDev: Guest Log: 19:17:12.336103 main     Executable: /opt/VBoxGuestAdditions-7.1.4/sbin/VBoxService
00:01:21.177575 VMMDev: Guest Log: 19:17:12.336104 main     Process ID: 13824
00:01:21.177578 VMMDev: Guest Log: 19:17:12.336104 main     Package type: LINUX_64BITS_GENERIC
00:01:21.180158 VMMDev: Guest Log: 19:17:12.338653 main     7.1.4 r165100 started. Verbose level = 0
00:01:21.181703 GUI: UISession::sltAdditionsChange: GA state doesn't really changed, still notifying listeners.
00:01:21.181760 GUI: UIMachineLogicNormal::sltCheckForRequestedVisualStateType: Requested-state=1, Machine-state=6
00:01:21.182226 VMMDev: Guest Log: 19:17:12.340719 main     vbglR3GuestCtrlDetectPeekGetCancelSupport: Supported (#1)
00:01:21.182435 Guest Control: GUEST_MSG_REPORT_FEATURES: 0x7f, 0x8000000000000000
00:01:21.186650 VMMDev: Guest Additions capability report: (0x0 -> 0x4) seamless: no, hostWindowMapping: no, graphics: yes
00:01:21.192388 GUI: UISession::sltAdditionsChange: GA state really changed, notifying listeners.
00:01:21.192432 GUI: UIMachineViewNormal::adjustGuestScreenSize: Adjust guest-screen size if necessary
00:01:21.192446 GUI: UIMachineLogicNormal::sltCheckForRequestedVisualStateType: Requested-state=1, Machine-state=6
00:01:21.197948 GUI: UISession::sltAdditionsChange: GA state really changed, notifying listeners.
00:01:21.197996 GUI: UIMachineViewNormal::adjustGuestScreenSize: Adjust guest-screen size if necessary
00:01:21.198076 GUI: UIMachineLogicNormal::sltCheckForRequestedVisualStateType: Requested-state=1, Machine-state=6
00:01:21.199691 VMMDev: Guest Log: 19:17:12.358198 automount vbsvcAutomounterMountIt: Successfully mounted 'public_files' on '/media/sf_public_files'
00:02:45.048823 GUI: UIMediumEnumerator: Medium-enumeration finished!
00:02:46.026854 GUI: UIMediumEnumerator: Medium-enumeration finished!
00:02:46.355748 GUI: UIMediumEnumerator: Medium-enumeration finished!
00:06:01.843584 GUI: UIMediumEnumerator: Medium-enumeration finished!
00:06:32.905325 GUI: UIMediumEnumerator: Medium-enumeration finished!
00:06:35.441413 GUI: UIMediumEnumerator: Medium-enumeration started...
00:06:36.206586 GUI: UIMediumEnumerator: Medium-enumeration finished!
00:06:36.875294 GUI: UIMediumEnumerator: Medium-enumeration finished!
00:06:37.949892 GUI: UIMediumEnumerator: Medium-enumeration finished!
00:06:41.773186 Changing the VM state from 'RUNNING' to 'SUSPENDING'
00:06:41.780713 AIOMgr: Endpoint for file 'D:\Учеба\АСУЭП\ПР10\VM2-App-Web-Analytics\VM2-App-Web-Analytics.vdi' (flags 000c0781) created successfully
00:06:41.781919 PDMR3Suspend: 8 694 918 ns run time
00:06:41.781935 Changing the VM state from 'SUSPENDING' to 'SUSPENDED'
00:06:41.862262 IntNet#0: szNetwork={HostInterfaceNetworking-VirtualBox Host-Only Ethernet Adapter #2} enmTrunkType=4 szTrunk={VirtualBox Host-Only Ethernet Adapter #2} fFlags=0x8000 cbRecv=325632 cbSend=196608 fIgnoreConnectFailure=false
00:06:41.863311 Changing the VM state from 'SUSPENDED' to 'RESUMING'
00:06:41.863632 AIOMgr: Endpoint for file 'D:\Учеба\АСУЭП\ПР10\VM2-App-Web-Analytics\VM2-App-Web-Analytics.vdi' (flags 000c0723) created successfully
00:06:41.864425 Changing the VM state from 'RESUMING' to 'RUNNING'
00:06:41.909727 GUI: UIMediumEnumerator: Medium-enumeration finished!
00:06:43.059096 GUI: UIMediumEnumerator: Medium-enumeration finished!
00:06:47.597553 AIOMgr: Async flushes not supported
00:06:55.017529 GUI: UIMediumEnumerator: Medium-enumeration finished!
00:07:17.779339 GUI: UIMediumEnumerator: Medium-enumeration finished!
00:09:01.366239 GUI: UIMediumEnumerator: Medium-enumeration finished!
00:10:46.021078 GUI: UIMediumEnumerator: Medium-enumeration finished!
00:10:47.061812 GUI: UIMediumEnumerator: Medium-enumeration finished!
00:10:53.924833 GUI: UIMediumEnumerator: Medium-enumeration finished!
00:18:57.398652 GUI: UIMediumEnumerator: Medium-enumeration finished!
00:21:08.003139 GUI: UIMachineView::sltPerformGuestResize: Sending guest size-hint to screen 0 as 1920x1057
00:21:08.003170 VMMDev: SetVideoModeHint: Got a video mode hint (1920x1057x32)@(0x0),(1;0) at 0
00:21:08.021728 GUI: UIMediumEnumerator: Medium-enumeration finished!
00:21:08.026526 GUI: UIMediumEnumerator: Medium-enumeration finished!
00:21:10.495161 GUI: UIMachineView::sltPerformGuestResize: Omitting to send size-hint 800x600 to guest-screen 0 because frame-buffer is already of the same size.
00:21:10.523053 GUI: UIMediumEnumerator: Medium-enumeration finished!
00:26:06.609110 Changing the VM state from 'RUNNING' to 'SUSPENDING'
00:26:06.609957 AIOMgr: Endpoint for file 'D:\Учеба\АСУЭП\ПР10\VM2-App-Web-Analytics\VM2-App-Web-Analytics.vdi' (flags 000c0781) created successfully
00:26:06.611226 PDMR3Suspend: 2 070 468 ns run time
00:26:06.611246 Changing the VM state from 'SUSPENDING' to 'SUSPENDED'
00:26:06.618089 Changing the VM state from 'SUSPENDED' to 'RESUMING'
00:26:06.618400 AIOMgr: Endpoint for file 'D:\Учеба\АСУЭП\ПР10\VM2-App-Web-Analytics\VM2-App-Web-Analytics.vdi' (flags 000c0723) created successfully
00:26:06.619063 NAT: Link down
00:26:06.619085 Changing the VM state from 'RESUMING' to 'RUNNING'
00:26:06.667909 GUI: UIMediumEnumerator: Medium-enumeration finished!
00:26:09.596785 NAT: Link up
00:26:12.840515 AIOMgr: Async flushes not supported
00:27:00.037713 Changing the VM state from 'RUNNING' to 'SUSPENDING'
00:27:00.039102 AIOMgr: Endpoint for file 'D:\Учеба\АСУЭП\ПР10\VM2-App-Web-Analytics\VM2-App-Web-Analytics.vdi' (flags 000c0781) created successfully
00:27:00.039980 PDMR3Suspend: 2 216 313 ns run time
00:27:00.039995 Changing the VM state from 'SUSPENDING' to 'SUSPENDED'
00:27:00.076531 IntNet#1: szNetwork={HostInterfaceNetworking-VirtualBox Host-Only Ethernet Adapter #2} enmTrunkType=4 szTrunk={VirtualBox Host-Only Ethernet Adapter #2} fFlags=0x8000 cbRecv=325632 cbSend=196608 fIgnoreConnectFailure=false
00:27:00.077382 Changing the VM state from 'SUSPENDED' to 'RESUMING'
00:27:00.077783 AIOMgr: Endpoint for file 'D:\Учеба\АСУЭП\ПР10\VM2-App-Web-Analytics\VM2-App-Web-Analytics.vdi' (flags 000c0723) created successfully
00:27:00.086131 Changing the VM state from 'RESUMING' to 'RUNNING'
00:27:00.163466 GUI: UIMediumEnumerator: Medium-enumeration finished!
00:27:05.852242 AIOMgr: Async flushes not supported
00:27:52.830863 Changing the VM state from 'RUNNING' to 'SUSPENDING'
00:27:52.833160 AIOMgr: Endpoint for file 'D:\Учеба\АСУЭП\ПР10\VM2-App-Web-Analytics\VM2-App-Web-Analytics.vdi' (flags 000c0781) created successfully
00:27:52.834929 PDMR3Suspend: 4 024 270 ns run time
00:27:52.835370 Changing the VM state from 'SUSPENDING' to 'SUSPENDED'
00:27:52.843270 Changing the VM state from 'SUSPENDED' to 'RESUMING'
00:27:52.843533 AIOMgr: Endpoint for file 'D:\Учеба\АСУЭП\ПР10\VM2-App-Web-Analytics\VM2-App-Web-Analytics.vdi' (flags 000c0723) created successfully
00:27:52.844254 NAT: Link down
00:27:52.844271 Changing the VM state from 'RESUMING' to 'RUNNING'
00:27:52.899767 GUI: UIMediumEnumerator: Medium-enumeration finished!
00:27:57.846116 NAT: Link up
00:27:59.854526 AIOMgr: Async flushes not supported
00:31:19.259182 Changing the VM state from 'RUNNING' to 'SUSPENDING'
00:31:19.269231 AIOMgr: Endpoint for file 'D:\Учеба\АСУЭП\ПР10\VM2-App-Web-Analytics\VM2-App-Web-Analytics.vdi' (flags 000c0781) created successfully
00:31:19.272184 PDMR3Suspend: 12 878 151 ns run time
00:31:19.272206 Changing the VM state from 'SUSPENDING' to 'SUSPENDED'
00:31:19.272219 Console: Machine state changed to 'Paused'
00:31:23.224403 VMMDevNotifyGuest: fAddEvents=0x80 ignored because enmVMState=15
00:31:25.424651 Changing the VM state from 'SUSPENDED' to 'RESUMING'
00:31:25.424988 AIOMgr: Endpoint for file 'D:\Учеба\АСУЭП\ПР10\VM2-App-Web-Analytics\VM2-App-Web-Analytics.vdi' (flags 000c0723) created successfully
00:31:25.431315 Changing the VM state from 'RESUMING' to 'RUNNING'
00:31:25.431343 Console: Machine state changed to 'Running'
00:31:25.432589 GUI: Request for close-action to shutdown VM.
00:31:25.432589 GUI: Sending ACPI shutdown signal..
00:31:25.483049 AIOMgr: Async flushes not supported
00:31:25.651880 GUI: UISession::sltAdditionsChange: GA state really changed, notifying listeners.
00:31:25.651940 GUI: UIMachineViewNormal::adjustGuestScreenSize: Adjust guest-screen size if necessary
00:31:25.651958 GUI: UIMachineView::sltPerformGuestResize: Omitting to send size-hint 800x600 to guest-screen 0 because frame-buffer is already of the same size.
00:31:25.651963 GUI: UIMachineLogicNormal::sltCheckForRequestedVisualStateType: Requested-state=1, Machine-state=6
00:31:25.652945 VMMDev: Guest Log: 19:47:11.383752 control  Guest control service stopped
00:31:25.653002 VMMDev: Guest Log: 19:47:11.383824 control  Guest control worker returned with rc=VINF_TRY_AGAIN
00:31:25.653991 VMMDev: Guest Log: 19:47:11.384800 main     Session 0 is about to close ...
00:31:25.654101 VMMDev: Guest Log: 19:47:11.384899 main     Stopping all guest processes ...
00:31:25.654162 VMMDev: Guest Log: 19:47:11.384971 main     Closing all guest files ...
00:31:25.656879 VMMDev: Guest Log: 19:47:11.387684 main     Ended.
00:31:25.656903 GUI: UISession::sltAdditionsChange: GA state doesn't really changed, still notifying listeners.
00:31:25.656911 GUI: UIMachineLogicNormal::sltCheckForRequestedVisualStateType: Requested-state=1, Machine-state=6
00:31:25.656969 GUI: UISession::sltAdditionsChange: GA state doesn't really changed, still notifying listeners.
00:31:25.656974 GUI: UIMachineLogicNormal::sltCheckForRequestedVisualStateType: Requested-state=1, Machine-state=6
00:31:28.864204 VMMDev: Guest Additions capability report: (0x4 -> 0x0) seamless: no, hostWindowMapping: no, graphics: no
00:31:28.864652 GUI: UISession::sltAdditionsChange: GA state really changed, notifying listeners.
00:31:28.864684 GUI: UIMachineViewNormal::adjustGuestScreenSize: Adjust guest-screen size if necessary
00:31:28.864706 GUI: UIMachineView::sltPerformGuestResize: Omitting to send size-hint 800x600 to guest-screen 0 because frame-buffer is already of the same size.
00:31:28.864712 GUI: UIMachineLogicNormal::sltCheckForRequestedVisualStateType: Requested-state=1, Machine-state=6
00:31:29.094231 OHCI: Software reset
00:31:29.248449 ACPI: Entering S5 power state (power down)
00:31:29.251748 Changing the VM state from 'RUNNING' to 'POWERING_OFF'
00:31:29.251781 ****************** Guest state at power off for VCpu 1 ******************
00:31:29.251788 Guest CPUM (VCPU 1) state: 
00:31:29.251798 rax=0000000030000400 rbx=0000000000000000 rcx=0000000000000179 rdx=0000000000000000
00:31:29.251801 rsi=00000000000000ff rdi=0000000000000030 r8 =ffffcfb4800d8fc0 r9 =ffffcfb4800d8fcc
00:31:29.251802 r10=0000000000000000 r11=ffffcfb4800d8ff8 r12=ffffcfb48009bdc8 r13=0000000000000001
00:31:29.251803 r14=0000000000000000 r15=0000000000000000
00:31:29.251803 rip=ffffffffb9e509df rsp=ffffcfb4800d8fd8 rbp=ffffcfb4800d8fd8 iopl=0         nv up di nt zr na po nc
00:31:29.251804 cs={0010 base=0000000000000000 limit=ffffffff flags=0000a09b}
00:31:29.251805 ds={0000 base=0000000000000000 limit=000fffff flags=00000000}
00:31:29.251806 es={0000 base=0000000000000000 limit=000fffff flags=00000000}
00:31:29.251806 fs={0000 base=0000000000000000 limit=000fffff flags=00000000}
00:31:29.251807 gs={0000 base=ffff8c423dd00000 limit=000fffff flags=00000000}
00:31:29.251807 ss={0018 base=0000000000000000 limit=ffffffff flags=0000c093}
00:31:29.251808 cr0=0000000080050033 cr2=00007fbe575d3680 cr3=000000004a210006 cr4=00000000000306e0
00:31:29.251809 dr0=0000000000000000 dr1=0000000000000000 dr2=0000000000000000 dr3=0000000000000000
00:31:29.251809 dr4=0000000000000000 dr5=0000000000000000 dr6=00000000ffff0ff0 dr7=0000000000000400
00:31:29.251810 gdtr=fffffe24df98d000:007f  idtr=fffffe0000000000:0fff  eflags=00000086
00:31:29.251811 ldtr={0000 base=00000000 limit=000fffff flags=00000000}
00:31:29.251812 tr  ={0040 base=fffffe24df98f000 limit=00004087 flags=0000008b}
00:31:29.251812 SysEnter={cs=0010 eip=ffffffffbac01930 esp=fffffe24df98f000}
00:31:29.251815 xcr=0000000000000001 xcr1=0000000000000000 xss=0000000000000000 (fXStateMask=0000000000000000)
00:31:29.251816 FCW=037f FSW=0000 FTW=0000 FOP=0000 MXCSR=00001f80 MXCSR_MASK=0000ffff
00:31:29.251817 FPUIP=00000000 CS=0000 Rsrvd1=0000  FPUDP=00000000 DS=0000 Rsvrd2=0000
00:31:29.251818 ST(0)=FPR0={0000'00000000'00000000} t0 +0.0000000000000000000000 * 2 ^ -16383 (*)
00:31:29.251820 ST(1)=FPR1={0000'00000000'00000000} t0 +0.0000000000000000000000 * 2 ^ -16383 (*)
00:31:29.251821 ST(2)=FPR2={0000'00000000'00000000} t0 +0.0000000000000000000000 * 2 ^ -16383 (*)
00:31:29.251821 ST(3)=FPR3={0000'00000000'00000000} t0 +0.0000000000000000000000 * 2 ^ -16383 (*)
00:31:29.251822 ST(4)=FPR4={0000'00000000'00000000} t0 +0.0000000000000000000000 * 2 ^ -16383 (*)
00:31:29.251823 ST(5)=FPR5={0000'00000000'00000000} t0 +0.0000000000000000000000 * 2 ^ -16383 (*)
00:31:29.251824 ST(6)=FPR6={0000'00000000'00000000} t0 +0.0000000000000000000000 * 2 ^ -16383 (*)
00:31:29.251825 ST(7)=FPR7={0000'00000000'00000000} t0 +0.0000000000000000000000 * 2 ^ -16383 (*)
00:31:29.251826 XMM0 =00000000'00000000'00000000'00000000  XMM1 =00000101'01010101'000000ff'ffffffff
00:31:29.251832 XMM2 =000055cc'c6dbe748'0000006d'6461646d  XMM3 =00000000'00000000'00000000'00000000
00:31:29.251834 XMM4 =ffff0000'00000000'ffffff00'00000000  XMM5 =00000000'0000000b'00000000'00000002
00:31:29.251835 XMM6 =00000000'00000000'00000000'000041c0  XMM7 =00000000'0000017c'00000000'00000000
00:31:29.251836 XMM8 =00000000'00000000'00000000'00000000  XMM9 =00000000'00000000'00000000'00000000
00:31:29.251837 XMM10=00000000'00000000'00000000'00000000  XMM11=00000000'00000000'00000000'00000000
00:31:29.251839 XMM12=00000000'00000000'00000000'00000000  XMM13=00000000'00000000'00000000'00000000
00:31:29.251840 XMM14=00000000'00000000'00000000'00000000  XMM15=00000000'00000000'00000000'00000000
00:31:29.251841 EFER         =0000000000000d01
00:31:29.251842 PAT          =0407050600070106
00:31:29.251842 STAR         =0023001000000000
00:31:29.251842 CSTAR        =ffffffffbac019f0
00:31:29.251843 LSTAR        =ffffffffbac00080
00:31:29.251843 SFMASK       =0000000000257fd5
00:31:29.251844 KERNELGSBASE =0000000000000000
00:31:29.251844 MTRR_CAP          =0000000000000510
00:31:29.251845 MTRR_DEF_TYPE     =0000000000000c00
00:31:29.251845 MTRR_FIX64K_00000 =0606060606060606
00:31:29.251845 MTRR_FIX16K_80000 =0606060606060606
00:31:29.251846 MTRR_FIX16K_A0000 =0000000000000000
00:31:29.251846 MTRR_FIX4K_C0000  =0505050505050505
00:31:29.251846 MTRR_FIX4K_C8000  =0505050505050505
00:31:29.251847 MTRR_FIX4K_D0000  =0505050505050505
00:31:29.251847 MTRR_FIX4K_D8000  =0505050505050505
00:31:29.251848 MTRR_FIX4K_E0000  =0505050505050505
00:31:29.251848 MTRR_FIX4K_E8000  =0505050505050505
00:31:29.251848 MTRR_FIX4K_F0000  =0505050505050505
00:31:29.251849 MTRR_FIX4K_F8000  =0505050505050505
00:31:29.251849 MTRR_PHYSBASE[ 0] =0000000000000006 First=0000000000000000      0 MB [WB]
00:31:29.251850 MTRR_PHYSMASK[ 0] =0000007f80000800 Last =000000007fffffff   2047 MB [2048 MB]
00:31:29.251852 MTRR_PHYSBASE[ 1] =0000000000000000
00:31:29.251852 MTRR_PHYSMASK[ 1] =0000000000000000
00:31:29.251852 MTRR_PHYSBASE[ 2] =0000000000000000
00:31:29.251853 MTRR_PHYSMASK[ 2] =0000000000000000
00:31:29.251853 MTRR_PHYSBASE[ 3] =0000000000000000
00:31:29.251854 MTRR_PHYSMASK[ 3] =0000000000000000
00:31:29.251854 MTRR_PHYSBASE[ 4] =0000000000000000
00:31:29.251854 MTRR_PHYSMASK[ 4] =0000000000000000
00:31:29.251855 MTRR_PHYSBASE[ 5] =0000000000000000
00:31:29.251855 MTRR_PHYSMASK[ 5] =0000000000000000
00:31:29.251855 MTRR_PHYSBASE[ 6] =0000000000000000
00:31:29.251856 MTRR_PHYSMASK[ 6] =0000000000000000
00:31:29.251856 MTRR_PHYSBASE[ 7] =0000000000000000
00:31:29.251856 MTRR_PHYSMASK[ 7] =0000000000000000
00:31:29.251857 MTRR_PHYSBASE[ 8] =0000000000000000
00:31:29.251857 MTRR_PHYSMASK[ 8] =0000000000000000
00:31:29.251858 MTRR_PHYSBASE[ 9] =0000000000000000
00:31:29.251858 MTRR_PHYSMASK[ 9] =0000000000000000
00:31:29.251858 MTRR_PHYSBASE[10] =0000000000000000
00:31:29.251859 MTRR_PHYSMASK[10] =0000000000000000
00:31:29.251859 MTRR_PHYSBASE[11] =0000000000000000
00:31:29.251859 MTRR_PHYSMASK[11] =0000000000000000
00:31:29.251860 MTRR_PHYSBASE[12] =0000000000000000
00:31:29.251860 MTRR_PHYSMASK[12] =0000000000000000
00:31:29.251860 MTRR_PHYSBASE[13] =0000000000000000
00:31:29.251861 MTRR_PHYSMASK[13] =0000000000000000
00:31:29.251861 MTRR_PHYSBASE[14] =0000000000000000
00:31:29.251861 MTRR_PHYSMASK[14] =0000000000000000
00:31:29.251862 MTRR_PHYSBASE[15] =0000000000000000
00:31:29.251862 MTRR_PHYSMASK[15] =0000000000000000
00:31:29.251865 ***
00:31:29.251869 VCPU[1] hardware virtualization state:
00:31:29.251869 fSavedInhibit                = 0x0
00:31:29.251870 In nested-guest hwvirt mode  = false
00:31:29.251871 Hwvirt state disabled.
00:31:29.251872 ***
00:31:29.251876 Guest paging mode (VCPU #1):  AMD64+NX (changed 2 times), A20 enabled (changed 0 times)
00:31:29.251878 Guest SLAT mode (VCPU #1): Direct
00:31:29.251879 Shadow paging mode (VCPU #1): None
00:31:29.251880 Host paging mode:             AMD64+G+NX
00:31:29.251880 ***
00:31:29.251881 ************** End of Guest state at power off for VCpu 1 ***************
00:31:29.252140 ****************** Guest state at power off for VCpu 0 ******************
00:31:29.252144 Guest CPUM (VCPU 0) state: 
00:31:29.252146 rax=0000000000001401 rbx=0000000000000010 rcx=0000000000000002 rdx=0000000000004004
00:31:29.252148 rsi=0000000000001401 rdi=0000000000004004 r8 =0000000000000000 r9 =0000000000000000
00:31:29.252148 r10=0000000000000061 r11=0000000000000000 r12=0000000000004004 r13=0000000000000010
00:31:29.252149 r14=0000000000001401 r15=0000000000000010
00:31:29.252150 rip=ffffffffba546f38 rsp=ffffcfb480013bc8 rbp=ffffcfb480013bc8 iopl=0         nv up di pl nz na po nc
00:31:29.252151 cs={0010 base=0000000000000000 limit=ffffffff flags=0000a09b}
00:31:29.252152 ds={0000 base=0000000000000000 limit=000fffff flags=00000000}
00:31:29.252153 es={0000 base=0000000000000000 limit=000fffff flags=00000000}
00:31:29.252153 fs={0000 base=00007f34d19a4900 limit=000fffff flags=00000000}
00:31:29.252154 gs={0000 base=ffff8c423dc00000 limit=000fffff flags=00000000}
00:31:29.252155 ss={0018 base=0000000000000000 limit=ffffffff flags=0000c093}
00:31:29.252155 cr0=0000000080050033 cr2=00007f34d19a52a8 cr3=000000000f8a6003 cr4=00000000000306f0
00:31:29.252156 dr0=0000000000000000 dr1=0000000000000000 dr2=0000000000000000 dr3=0000000000000000
00:31:29.252157 dr4=0000000000000000 dr5=0000000000000000 dr6=00000000ffff0ff0 dr7=0000000000000400
00:31:29.252158 gdtr=fffffe39268ba000:007f  idtr=fffffe0000000000:0fff  eflags=00000046
00:31:29.252159 ldtr={0000 base=00000000 limit=000fffff flags=00000000}
00:31:29.252159 tr  ={0040 base=fffffe39268bc000 limit=00004087 flags=0000008b}
00:31:29.252160 SysEnter={cs=0010 eip=ffffffffbac01930 esp=fffffe39268bc000}
00:31:29.252161 xcr=0000000000000001 xcr1=0000000000000000 xss=0000000000000000 (fXStateMask=0000000000000000)
00:31:29.252162 FCW=037f FSW=0000 FTW=0000 FOP=0000 MXCSR=00001f80 MXCSR_MASK=0000ffff
00:31:29.252163 FPUIP=00000000 CS=0000 Rsrvd1=0000  FPUDP=00000000 DS=0000 Rsvrd2=0000
00:31:29.252164 ST(0)=FPR0={0000'00000000'00000000} t0 +0.0000000000000000000000 * 2 ^ -16383 (*)
00:31:29.252166 ST(1)=FPR1={0000'00000000'00000000} t0 +0.0000000000000000000000 * 2 ^ -16383 (*)
00:31:29.252167 ST(2)=FPR2={0000'00000000'00000000} t0 +0.0000000000000000000000 * 2 ^ -16383 (*)
00:31:29.252168 ST(3)=FPR3={0000'00000000'00000000} t0 +0.0000000000000000000000 * 2 ^ -16383 (*)
00:31:29.252169 ST(4)=FPR4={0000'00000000'00000000} t0 +0.0000000000000000000000 * 2 ^ -16383 (*)
00:31:29.252170 ST(5)=FPR5={0000'00000000'00000000} t0 +0.0000000000000000000000 * 2 ^ -16383 (*)
00:31:29.252171 ST(6)=FPR6={0000'00000000'00000000} t0 +0.0000000000000000000000 * 2 ^ -16383 (*)
00:31:29.252172 ST(7)=FPR7={0000'00000000'00000000} t0 +0.0000000000000000000000 * 2 ^ -16383 (*)
00:31:29.252173 XMM0 =00000000'00000000'00000000'00000000  XMM1 =00000000'00000000'00000000'00000000
00:31:29.252174 XMM2 =00000000'00000000'00000000'00000000  XMM3 =00000000'00000000'00000000'00000000
00:31:29.252175 XMM4 =0000ff00'00000000'00000000'00000000  XMM5 =00000000'00000000'00ff0000'00000000
00:31:29.252177 XMM6 =00000000'00000000'00000000'00000000  XMM7 =00005555'a5840260'00000008'00000005
00:31:29.252178 XMM8 =00007f34'd203b9a0'00007f34'd203b480  XMM9 =00000000'00000000'00000000'00000000
00:31:29.252180 XMM10=00000000'00000000'00000000'00000000  XMM11=00000000'00000000'00000000'00000000
00:31:29.252181 XMM12=00000000'00000000'00000000'00000000  XMM13=00000000'00000000'00000000'00000000
00:31:29.252182 XMM14=00000000'00000000'00000000'00000000  XMM15=00000000'00000000'00000000'00000000
00:31:29.252183 EFER         =0000000000000d01
00:31:29.252184 PAT          =0407050600070106
00:31:29.252184 STAR         =0023001000000000
00:31:29.252184 CSTAR        =ffffffffbac019f0
00:31:29.252185 LSTAR        =ffffffffbac00080
00:31:29.252185 SFMASK       =0000000000257fd5
00:31:29.252186 KERNELGSBASE =0000000000000000
00:31:29.252186 MTRR_CAP          =0000000000000510
00:31:29.252187 MTRR_DEF_TYPE     =0000000000000c00
00:31:29.252187 MTRR_FIX64K_00000 =0606060606060606
00:31:29.252187 MTRR_FIX16K_80000 =0606060606060606
00:31:29.252188 MTRR_FIX16K_A0000 =0000000000000000
00:31:29.252188 MTRR_FIX4K_C0000  =0505050505050505
00:31:29.252189 MTRR_FIX4K_C8000  =0505050505050505
00:31:29.252189 MTRR_FIX4K_D0000  =0505050505050505
00:31:29.252189 MTRR_FIX4K_D8000  =0505050505050505
00:31:29.252190 MTRR_FIX4K_E0000  =0505050505050505
00:31:29.252190 MTRR_FIX4K_E8000  =0505050505050505
00:31:29.252190 MTRR_FIX4K_F0000  =0505050505050505
00:31:29.252191 MTRR_FIX4K_F8000  =0505050505050505
00:31:29.252191 MTRR_PHYSBASE[ 0] =0000000000000006 First=0000000000000000      0 MB [WB]
00:31:29.252192 MTRR_PHYSMASK[ 0] =0000007f80000800 Last =000000007fffffff   2047 MB [2048 MB]
00:31:29.252193 MTRR_PHYSBASE[ 1] =0000000000000000
00:31:29.252194 MTRR_PHYSMASK[ 1] =0000000000000000
00:31:29.252194 MTRR_PHYSBASE[ 2] =0000000000000000
00:31:29.252194 MTRR_PHYSMASK[ 2] =0000000000000000
00:31:29.252195 MTRR_PHYSBASE[ 3] =0000000000000000
00:31:29.252195 MTRR_PHYSMASK[ 3] =0000000000000000
00:31:29.252195 MTRR_PHYSBASE[ 4] =0000000000000000
00:31:29.252196 MTRR_PHYSMASK[ 4] =0000000000000000
00:31:29.252196 MTRR_PHYSBASE[ 5] =0000000000000000
00:31:29.252196 MTRR_PHYSMASK[ 5] =0000000000000000
00:31:29.252197 MTRR_PHYSBASE[ 6] =0000000000000000
00:31:29.252197 MTRR_PHYSMASK[ 6] =0000000000000000
00:31:29.252198 MTRR_PHYSBASE[ 7] =0000000000000000
00:31:29.252198 MTRR_PHYSMASK[ 7] =0000000000000000
00:31:29.252198 MTRR_PHYSBASE[ 8] =0000000000000000
00:31:29.252199 MTRR_PHYSMASK[ 8] =0000000000000000
00:31:29.252199 MTRR_PHYSBASE[ 9] =0000000000000000
00:31:29.252199 MTRR_PHYSMASK[ 9] =0000000000000000
00:31:29.252200 MTRR_PHYSBASE[10] =0000000000000000
00:31:29.252200 MTRR_PHYSMASK[10] =0000000000000000
00:31:29.252200 MTRR_PHYSBASE[11] =0000000000000000
00:31:29.252201 MTRR_PHYSMASK[11] =0000000000000000
00:31:29.252201 MTRR_PHYSBASE[12] =0000000000000000
00:31:29.252202 MTRR_PHYSMASK[12] =0000000000000000
00:31:29.252202 MTRR_PHYSBASE[13] =0000000000000000
00:31:29.252202 MTRR_PHYSMASK[13] =0000000000000000
00:31:29.252203 MTRR_PHYSBASE[14] =0000000000000000
00:31:29.252203 MTRR_PHYSMASK[14] =0000000000000000
00:31:29.252204 MTRR_PHYSBASE[15] =0000000000000000
00:31:29.252204 MTRR_PHYSMASK[15] =0000000000000000
00:31:29.252205 ***
00:31:29.252206 VCPU[0] hardware virtualization state:
00:31:29.252207 fSavedInhibit                = 0x0
00:31:29.252207 In nested-guest hwvirt mode  = false
00:31:29.252208 Hwvirt state disabled.
00:31:29.252208 ***
00:31:29.252210 Guest paging mode (VCPU #0):  AMD64+NX (changed 145 times), A20 enabled (changed 2 times)
00:31:29.252212 Guest SLAT mode (VCPU #0): Direct
00:31:29.252212 Shadow paging mode (VCPU #0): None
00:31:29.252213 Host paging mode:             AMD64+G+NX
00:31:29.252213 ***
00:31:29.252215 Active Timers (pVM=000002075d6f0000)
00:31:29.252216 pTimerR3         offNext  offPrev  offSched Clock               Time             Expire HzHint State                     Description
00:31:29.252218 00000207de290180 00000007 ffffffff ffffffff Real           826435115          826435128      0 2-ACTIVE                  VGA Refresh
00:31:29.252223 00000207de290380 ffffffff 00000003 ffffffff Real           826435115          826435321      0 2-ACTIVE                  CPU Load Timer
00:31:29.252225 00000207e0250400 00000005 ffffffff ffffffff Virt       1871441752387      1873363213091      0 2-ACTIVE                  E1000 Link Up
00:31:29.252227 00000207e0250280 ffffffff 00000008 ffffffff Virt       1871441754553      1874773797804      0 2-ACTIVE                  Heartbeat flatlined
00:31:29.252229 00000207de3f0100 00000005 ffffffff ffffffff VrSy       1871361656771      1871415820551     14 2-ACTIVE                  APIC Timer 1
00:31:29.252231 00000207de3f0280 0000000a 00000002 ffffffff VrSy       1871415820551      1871990000000      0 2-ACTIVE                  MC146818 RTC Second
00:31:29.252233 00000207de3f0500 ffffffff 00000005 ffffffff VrSy       1871415820551      2399728063764      0 2-ACTIVE                  ACPI PM
00:31:29.252235 ***
00:31:29.252237 Guest GDT (GCAddr=fffffe39268ba000 limit=7f):
00:31:29.252245 0008 - 0000ffff 00cf9b00 - base=00000000 limit=ffffffff dpl=0 CodeER Accessed Present Page 32-bit 
00:31:29.252246 0010 - 0000ffff 00af9b00 - base=00000000 limit=ffffffff dpl=0 CodeER Accessed Present Page 16-bit 
00:31:29.252247 0018 - 0000ffff 00cf9300 - base=00000000 limit=ffffffff dpl=0 DataRW Accessed Present Page 32-bit 
00:31:29.252248 0020 - 0000ffff 00cffb00 - base=00000000 limit=ffffffff dpl=3 CodeER Accessed Present Page 32-bit 
00:31:29.252249 0028 - 0000ffff 00cff300 - base=00000000 limit=ffffffff dpl=3 DataRW Accessed Present Page 32-bit 
00:31:29.252250 0030 - 0000ffff 00affb00 - base=00000000 limit=ffffffff dpl=3 CodeER Accessed Present Page 16-bit 
00:31:29.252252 0040 - c0004087 26008b8b - base=268bc000 limit=00004087 dpl=0 TSS32Busy Present 16-bit 
00:31:29.252255 0078 - 00000000 0040f500 - base=00000000 limit=00000000 dpl=3 DataDownRO Accessed Present 32-bit 
00:31:29.252255 ************** End of Guest state at power off ***************
00:31:29.252327 Display::i_handleDisplayResize: uScreenId=0 pvVRAM=0000000000000000 w=800 h=600 bpp=0 cbLine=0x0 flags=0x2 origin=0,0
00:31:29.263868 PDMR3PowerOff: 11 591 926 ns run time
00:31:29.263890 Changing the VM state from 'POWERING_OFF' to 'OFF'
00:31:29.264235 Console: Machine state changed to 'Stopping'
00:31:29.265299 Console::powerDown(): A request to power off the VM has been issued (mMachineState=Stopping, InUninit=0)
00:31:29.288536 Changing the VM state from 'OFF' to 'DESTROYING'
00:31:29.288837 ************************* Statistics *************************
00:31:29.289088 /CPUM/MSR-Totals/Reads                 29 times
00:31:29.289254 /CPUM/MSR-Totals/ReadsRaisingGP         0 times
00:31:29.289328 /CPUM/MSR-Totals/ReadsUnknown           6 times
00:31:29.289365 /CPUM/MSR-Totals/Writes                 3 times
00:31:29.289369 /CPUM/MSR-Totals/WritesRaisingGP        0 times
00:31:29.289373 /CPUM/MSR-Totals/WritesToIgnoredBits        0 times
00:31:29.289376 /CPUM/MSR-Totals/WritesUnknown          0 times
00:31:29.289379 /Devices/8237A/DmaRun                   0 ticks/call (           0 ticks,       0 calls, max         0, min      -1)
00:31:29.289384 /Devices/IDE0/ATA0/Unit0/AtapiDMA        0 times
00:31:29.289387 /Devices/IDE0/ATA0/Unit0/AtapiPIO        0 times
00:31:29.289464 /Devices/IDE0/ATA0/Unit0/DMA            0 times
00:31:29.289469 /Devices/IDE0/ATA0/Unit0/PIO            0 times
00:31:29.289474 /Devices/IDE0/ATA0/Unit0/ReadBytes        0 bytes
00:31:29.289477 /Devices/IDE0/ATA0/Unit0/StatusYields        0 ticks/call (           0 ticks,       0 calls, max         0, min      -1)
00:31:29.289481 /Devices/IDE0/ATA0/Unit0/WrittenBytes        0 bytes
00:31:29.289484 /Devices/IDE0/ATA0/Unit1/AtapiDMA        0 times
00:31:29.289504 /Devices/IDE0/ATA0/Unit1/AtapiPIO        0 times
00:31:29.289509 /Devices/IDE0/ATA0/Unit1/DMA            0 times
00:31:29.289515 /Devices/IDE0/ATA0/Unit1/PIO            0 times
00:31:29.289518 /Devices/IDE0/ATA0/Unit1/ReadBytes        0 bytes
00:31:29.289522 /Devices/IDE0/ATA0/Unit1/StatusYields        0 ticks/call (           0 ticks,       0 calls, max         0, min      -1)
00:31:29.289526 /Devices/IDE0/ATA0/Unit1/WrittenBytes        0 bytes
00:31:29.289529 /Devices/IDE0/ATA1/Unit0/AtapiDMA      126 times
00:31:29.289532 /Devices/IDE0/ATA1/Unit0/AtapiPIO      987 times
00:31:29.289535 /Devices/IDE0/ATA1/Unit0/DMA            0 times
00:31:29.289538 /Devices/IDE0/ATA1/Unit0/PIO            0 times
00:31:29.289541 /Devices/IDE0/ATA1/Unit0/ReadBytes   460800 bytes
00:31:29.289544 /Devices/IDE0/ATA1/Unit0/StatusYields     5726 ticks/call (      555490 ticks,      97 calls, max    240834, min     310)
00:31:29.289549 /Devices/IDE0/ATA1/Unit0/WrittenBytes        0 bytes
00:31:29.289552 /Devices/IDE0/ATA1/Unit1/AtapiDMA        0 times
00:31:29.289555 /Devices/IDE0/ATA1/Unit1/AtapiPIO        0 times
00:31:29.289559 /Devices/IDE0/ATA1/Unit1/DMA            0 times
00:31:29.289562 /Devices/IDE0/ATA1/Unit1/PIO            0 times
00:31:29.289566 /Devices/IDE0/ATA1/Unit1/ReadBytes        0 bytes
00:31:29.289569 /Devices/IDE0/ATA1/Unit1/StatusYields        0 ticks/call (           0 ticks,       0 calls, max         0, min      -1)
00:31:29.289573 /Devices/IDE0/ATA1/Unit1/WrittenBytes        0 bytes
00:31:29.289577 /Devices/VMMDev/BalloonChunks           0 count
00:31:29.289580 /Devices/VMMDev/FastIrqAckR3          757 count
00:31:29.289584 /Devices/VMMDev/FastIrqAckRZ            0 count
00:31:29.289588 /Devices/VMMDev/HGCM-Kernel/BudgetAvailable 703670613 bytes
00:31:29.289591 /Devices/VMMDev/HGCM-Kernel/BudgetConfig 703670613 bytes
00:31:29.289595 /Devices/VMMDev/HGCM-Kernel/BudgetOverruns        0 bytes
00:31:29.289598 /Devices/VMMDev/HGCM-Kernel/MessageHeapUsage     3370 bytes/call (      505608 bytes,     150 calls, max     66168, min     504)
00:31:29.289602 /Devices/VMMDev/HGCM-Root/BudgetAvailable 703670613 bytes
00:31:29.289606 /Devices/VMMDev/HGCM-Root/BudgetConfig 703670613 bytes
00:31:29.289609 /Devices/VMMDev/HGCM-Root/BudgetOverruns        0 bytes
00:31:29.289613 /Devices/VMMDev/HGCM-Root/MessageHeapUsage      675 bytes/call (     2909206 bytes,    4309 calls, max      4629, min     504)
00:31:29.289617 /Devices/VMMDev/HGCM-User/BudgetAvailable 703670613 bytes
00:31:29.289620 /Devices/VMMDev/HGCM-User/BudgetConfig 703670613 bytes
00:31:29.289623 /Devices/VMMDev/HGCM-User/BudgetOverruns        0 bytes
00:31:29.289627 /Devices/VMMDev/HGCM-User/MessageHeapUsage        0 bytes/call (           0 bytes,       0 calls, max         0, min      -1)
00:31:29.289631 /Devices/VMMDev/LargeReqBufAllocs        0 count
00:31:29.289634 /Devices/VMMDev/SlowIrqAck              0 count
00:31:29.289638 /Devices/apic/0                    116951 times
00:31:29.289648 /Devices/apic/0/Vectors/20             19 times
00:31:29.289653 /Devices/apic/0/Vectors/22           3558 times
00:31:29.289657 /Devices/apic/0/Vectors/23            161 times
00:31:29.289660 /Devices/apic/0/Vectors/25            901 times
00:31:29.289664 /Devices/apic/0/Vectors/26              5 times
00:31:29.289668 /Devices/apic/0/Vectors/30             39 times
00:31:29.289684 /Devices/apic/0/Vectors/ec          65043 times
00:31:29.289688 /Devices/apic/0/Vectors/fb          39736 times
00:31:29.289692 /Devices/apic/0/Vectors/fd           7489 times
00:31:29.289696 /Devices/apic/1                    173019 times
00:31:29.289702 /Devices/apic/1/Vectors/20             19 times
00:31:29.289705 /Devices/apic/1/Vectors/21              1 times
00:31:29.289708 /Devices/apic/1/Vectors/22           2146 times
00:31:29.289711 /Devices/apic/1/Vectors/23             24 times
00:31:29.289715 /Devices/apic/1/Vectors/24           1146 times
00:31:29.289718 /Devices/apic/1/Vectors/25          28169 times
00:31:29.289721 /Devices/apic/1/Vectors/26            757 times
00:31:29.289724 /Devices/apic/1/Vectors/27            809 times
00:31:29.289727 /Devices/apic/1/Vectors/28             25 times
00:31:29.289749 /Devices/apic/1/Vectors/ec         106698 times
00:31:29.289753 /Devices/apic/1/Vectors/f8              1 times
00:31:29.289757 /Devices/apic/1/Vectors/fb          27990 times
00:31:29.289760 /Devices/apic/1/Vectors/fd           5234 times
00:31:29.289764 /Devices/e1000#0/ReceiveBytes       56273 bytes
00:31:29.289767 /Devices/e1000#0/TransmitBytes      21256 bytes
00:31:29.289771 /Devices/e1000#0/iStatIntLost           0 ns
00:31:29.289774 /Devices/e1000#0/iStatIntLostOne        0 ns
00:31:29.289777 /Devices/e1000#0/u64ArmedAt             0 ns
00:31:29.289781 /Devices/e1000#0/uStatDescCtx          58 ns
00:31:29.289784 /Devices/e1000#0/uStatDescDat          64 ns
00:31:29.289787 /Devices/e1000#0/uStatDescLeg         150 ns
00:31:29.289790 /Devices/e1000#0/uStatInt            1214 ns
00:31:29.289793 /Devices/e1000#0/uStatIntEarly          0 ns
00:31:29.289796 /Devices/e1000#0/uStatIntICS          922 ns
00:31:29.289800 /Devices/e1000#0/uStatIntIMS           50 ns
00:31:29.289803 /Devices/e1000#0/uStatIntLate          43 ns
00:31:29.289806 /Devices/e1000#0/uStatIntLower          0 ns
00:31:29.289809 /Devices/e1000#0/uStatIntMasked       126 ns
00:31:29.289812 /Devices/e1000#0/uStatIntRDTR           0 ns
00:31:29.289815 /Devices/e1000#0/uStatIntRXDMT0         0 ns
00:31:29.289818 /Devices/e1000#0/uStatIntRx           139 ns
00:31:29.289821 /Devices/e1000#0/uStatIntSkip         194 ns
00:31:29.289824 /Devices/e1000#0/uStatIntTXQE           0 ns
00:31:29.289827 /Devices/e1000#0/uStatIntTry         1534 ns
00:31:29.289830 /Devices/e1000#0/uStatIntTx           208 ns
00:31:29.289833 /Devices/e1000#0/uStatMaxTxDelay        0 ns
00:31:29.289836 /Devices/e1000#0/uStatNoIntICR          0 ns
00:31:29.289839 /Devices/e1000#0/uStatRAD               0 ns
00:31:29.289841 /Devices/e1000#0/uStatRID               0 ns
00:31:29.289844 /Devices/e1000#0/uStatRxFrm           139 ns
00:31:29.289847 /Devices/e1000#0/uStatTAD               0 ns
00:31:29.289850 /Devices/e1000#0/uStatTID               0 ns
00:31:29.289853 /Devices/e1000#0/uStatTx1514          208 ns
00:31:29.289856 /Devices/e1000#0/uStatTx16384           0 ns
00:31:29.289859 /Devices/e1000#0/uStatTx2962            0 ns
00:31:29.289862 /Devices/e1000#0/uStatTx32768           0 ns
00:31:29.289865 /Devices/e1000#0/uStatTx4410            0 ns
00:31:29.289868 /Devices/e1000#0/uStatTx5858            0 ns
00:31:29.289871 /Devices/e1000#0/uStatTx7306            0 ns
00:31:29.289874 /Devices/e1000#0/uStatTx8754            0 ns
00:31:29.289877 /Devices/e1000#0/uStatTxDelayExp        0 ns
00:31:29.289880 /Devices/e1000#0/uStatTxDelayed         0 ns
00:31:29.289884 /Devices/e1000#0/uStatTxFrm           208 ns
00:31:29.289887 /Devices/e1000#0/uStatTxIDE             0 ns
00:31:29.289890 /Devices/e1000#0/uStatTxLarge           0 ns
00:31:29.289896 /Devices/e1000#0/uStatTxNoRS           64 ns
00:31:29.289902 /Devices/ichac97/Stream0/ReSetUp-Change      300 ns/call (        2706 ns,       9 calls, max       566, min     221)
00:31:29.289907 /Devices/ichac97/Stream0/Reset       6137 ns/call (        6137 ns,       1 calls, max      6137, min    6137)
00:31:29.289911 /Devices/ichac97/Stream0/WriteBdBar        1 times
00:31:29.289914 /Devices/ichac97/Stream0/WriteCr        2 times
00:31:29.289919 /Devices/ichac97/Stream0/reg-CR         0 
00:31:29.289923 /Devices/ichac97/Stream0/reg-SR         1 
00:31:29.289928 /Devices/ichac97/Stream1/ReSetUp-Change      571 ns/call (        5139 ns,       9 calls, max      1420, min     305)
00:31:29.289932 /Devices/ichac97/Stream1/Reset        147 ns/call (         147 ns,       1 calls, max       147, min     147)
00:31:29.289935 /Devices/ichac97/Stream1/WriteBdBar        1 times
00:31:29.289938 /Devices/ichac97/Stream1/WriteCr        2 times
00:31:29.289942 /Devices/ichac97/Stream1/reg-CR         0 
00:31:29.289945 /Devices/ichac97/Stream1/reg-SR         1 
00:31:29.289949 /Devices/ichac97/Stream2/ReSetUp-Change      445 ns/call (        4005 ns,       9 calls, max       688, min     321)
00:31:29.289952 /Devices/ichac97/Stream2/Reset        131 ns/call (         131 ns,       1 calls, max       131, min     131)
00:31:29.289956 /Devices/ichac97/Stream2/WriteBdBar        1 times
00:31:29.289959 /Devices/ichac97/Stream2/WriteCr        2 times
00:31:29.289963 /Devices/ichac97/Stream2/reg-CR         0 
00:31:29.289965 /Devices/ichac97/Stream2/reg-SR         1 
00:31:29.289968 /Devices/ichac97/UnimplementedNabmReads        0 times
00:31:29.289971 /Devices/ichac97/UnimplementedNabmWrites        0 times
00:31:29.289975 /Devices/ichac97/UnimplementedNamReads        0 times
00:31:29.289978 /Devices/ichac97/UnimplementedNamWrites       57 times
00:31:29.289999 /Devices/mc146818/Irq                   0 times
00:31:29.290003 /Devices/mc146818/IrqClear              0 times
00:31:29.290006 /Devices/mc146818/PiActive              0 ticks/call (           0 ticks,       0 calls, max         0, min      -1)
00:31:29.290011 /Devices/mc146818/PieFlip               0 times
00:31:29.290014 /Devices/mc146818/TimerCB               0 times
00:31:29.290017 /Devices/vga/HgmsiMdaCgaAccesses        0 times
00:31:29.290020 /Devices/vga/VMSVGA/Cmd/3dActivateSurface        0 times
00:31:29.290023 /Devices/vga/VMSVGA/Cmd/3dBeginQuery        0 times
00:31:29.290027 /Devices/vga/VMSVGA/Cmd/3dBlitSurfaceToScreenProf        0 ticks/call (           0 ticks,       0 calls, max         0, min      -1)
00:31:29.290031 /Devices/vga/VMSVGA/Cmd/3dClear         0 times
00:31:29.290034 /Devices/vga/VMSVGA/Cmd/3dContextDefine        0 times
00:31:29.290037 /Devices/vga/VMSVGA/Cmd/3dContextDestroy        0 times
00:31:29.290040 /Devices/vga/VMSVGA/Cmd/3dDeactivateSurface        0 times
00:31:29.290043 /Devices/vga/VMSVGA/Cmd/3dDrawPrimitives        0 times
00:31:29.290047 /Devices/vga/VMSVGA/Cmd/3dEndQuery        0 times
00:31:29.290050 /Devices/vga/VMSVGA/Cmd/3dGenerateMipmaps        0 times
00:31:29.290053 /Devices/vga/VMSVGA/Cmd/3dPresent        0 times
00:31:29.290056 /Devices/vga/VMSVGA/Cmd/3dPresentReadBack        0 times
00:31:29.290060 /Devices/vga/VMSVGA/Cmd/3dSetClipPlane        0 times
00:31:29.290063 /Devices/vga/VMSVGA/Cmd/3dSetLightData        0 times
00:31:29.290066 /Devices/vga/VMSVGA/Cmd/3dSetLightEnable        0 times
00:31:29.290069 /Devices/vga/VMSVGA/Cmd/3dSetMaterial        0 times
00:31:29.290072 /Devices/vga/VMSVGA/Cmd/3dSetRenderState        0 times
00:31:29.290075 /Devices/vga/VMSVGA/Cmd/3dSetRenderTarget        0 times
00:31:29.290079 /Devices/vga/VMSVGA/Cmd/3dSetScissorRect        0 times
00:31:29.290082 /Devices/vga/VMSVGA/Cmd/3dSetShader        0 times
00:31:29.290085 /Devices/vga/VMSVGA/Cmd/3dSetShaderConst        0 times
00:31:29.290089 /Devices/vga/VMSVGA/Cmd/3dSetTextureState        0 times
00:31:29.290092 /Devices/vga/VMSVGA/Cmd/3dSetTransform        0 times
00:31:29.290097 /Devices/vga/VMSVGA/Cmd/3dSetViewPort        0 times
00:31:29.290102 /Devices/vga/VMSVGA/Cmd/3dSetZRange        0 times
00:31:29.290105 /Devices/vga/VMSVGA/Cmd/3dShaderDefine        0 times
00:31:29.290108 /Devices/vga/VMSVGA/Cmd/3dShaderDestroy        0 times
00:31:29.290111 /Devices/vga/VMSVGA/Cmd/3dSurfaceCopy        0 times
00:31:29.290114 /Devices/vga/VMSVGA/Cmd/3dSurfaceDefine        0 times
00:31:29.290117 /Devices/vga/VMSVGA/Cmd/3dSurfaceDefineV2        0 times
00:31:29.290120 /Devices/vga/VMSVGA/Cmd/3dSurfaceDestroy        0 times
00:31:29.290123 /Devices/vga/VMSVGA/Cmd/3dSurfaceDma        0 times
00:31:29.290126 /Devices/vga/VMSVGA/Cmd/3dSurfaceScreen        0 times
00:31:29.290129 /Devices/vga/VMSVGA/Cmd/3dSurfaceStretchBlt        0 times
00:31:29.290132 /Devices/vga/VMSVGA/Cmd/3dWaitForQuery        0 times
00:31:29.290135 /Devices/vga/VMSVGA/Cmd/AnnotationCopy        0 times
00:31:29.290139 /Devices/vga/VMSVGA/Cmd/AnnotationFill        0 times
00:31:29.290142 /Devices/vga/VMSVGA/Cmd/BlitGmrFbToScreen     9258 times
00:31:29.290145 /Devices/vga/VMSVGA/Cmd/BlitScreentoGmrFb        0 times
00:31:29.290148 /Devices/vga/VMSVGA/Cmd/DefineAlphaCursor        0 times
00:31:29.290151 /Devices/vga/VMSVGA/Cmd/DefineCursor        0 times
00:31:29.290154 /Devices/vga/VMSVGA/Cmd/DefineGmr2        0 times
00:31:29.290157 /Devices/vga/VMSVGA/Cmd/DefineGmr2/Free        0 times
00:31:29.290160 /Devices/vga/VMSVGA/Cmd/DefineGmr2/Modify        0 times
00:31:29.290163 /Devices/vga/VMSVGA/Cmd/DefineGmrFb     9258 times
00:31:29.290166 /Devices/vga/VMSVGA/Cmd/DefineScreen        1 times
00:31:29.290169 /Devices/vga/VMSVGA/Cmd/DestroyScreen        0 times
00:31:29.290172 /Devices/vga/VMSVGA/Cmd/DisplayCursor        0 times
00:31:29.290175 /Devices/vga/VMSVGA/Cmd/Escape          0 times
00:31:29.290178 /Devices/vga/VMSVGA/Cmd/Fence        9258 times
00:31:29.290181 /Devices/vga/VMSVGA/Cmd/InvalidCmd        0 times
00:31:29.290185 /Devices/vga/VMSVGA/Cmd/MoveCursor        0 times
00:31:29.290188 /Devices/vga/VMSVGA/Cmd/RectCopy        0 times
00:31:29.290191 /Devices/vga/VMSVGA/Cmd/RectFill        0 times
00:31:29.290194 /Devices/vga/VMSVGA/Cmd/RectRopCopy        0 times
00:31:29.290196 /Devices/vga/VMSVGA/Cmd/RemapGmr2        0 times
00:31:29.290200 /Devices/vga/VMSVGA/Cmd/RemapGmr2/Modify        0 times
00:31:29.290203 /Devices/vga/VMSVGA/Cmd/Update          0 times
00:31:29.290206 /Devices/vga/VMSVGA/Cmd/UpdateVerbose        0 times
00:31:29.290209 /Devices/vga/VMSVGA/EmtDelayOnBusyFifo        0 ticks/call (           0 ticks,       0 calls, max         0, min      -1)
00:31:29.290213 /Devices/vga/VMSVGA/FifoCommands        0 times
00:31:29.290216 /Devices/vga/VMSVGA/FifoCursorFetchAgain        0 times
00:31:29.290219 /Devices/vga/VMSVGA/FifoCursorNoChange        0 times
00:31:29.290222 /Devices/vga/VMSVGA/FifoCursorPosition        0 times
00:31:29.290226 /Devices/vga/VMSVGA/FifoCursorVisiblity        0 times
00:31:29.290229 /Devices/vga/VMSVGA/FifoErrors          0 times
00:31:29.290232 /Devices/vga/VMSVGA/FifoExtendedSleep 435680085 ticks/call (4034397595638 ticks,    9260 calls, max 30033210729, min    2932)
00:31:29.290237 /Devices/vga/VMSVGA/FifoStalls          0 ticks/call (           0 ticks,       0 calls, max         0, min      -1)
00:31:29.290240 /Devices/vga/VMSVGA/FifoTodoTimeout        1 times
00:31:29.290243 /Devices/vga/VMSVGA/FifoTodoWoken     9257 times
00:31:29.290246 /Devices/vga/VMSVGA/FifoUnknownCommands        0 times
00:31:29.290249 /Devices/vga/VMSVGA/FifoWatchdogWakeUps        2 times
00:31:29.290252 /Devices/vga/VMSVGA/Reg/BitsPerPixelRead        0 times
00:31:29.290256 /Devices/vga/VMSVGA/Reg/BitsPerPixelWrite        0 times
00:31:29.290259 /Devices/vga/VMSVGA/Reg/BlueMaskRead        0 times
00:31:29.290262 /Devices/vga/VMSVGA/Reg/BusyRead        0 times
00:31:29.290265 /Devices/vga/VMSVGA/Reg/BusyWrite        0 times
00:31:29.290268 /Devices/vga/VMSVGA/Reg/BytesPerLineRead        0 times
00:31:29.290270 /Devices/vga/VMSVGA/Reg/CapabilitesRead        1 times
00:31:29.290276 /Devices/vga/VMSVGA/Reg/CmdPrependHighRead        0 times
00:31:29.290280 /Devices/vga/VMSVGA/Reg/CmdPrependHighWrite        0 times
00:31:29.290283 /Devices/vga/VMSVGA/Reg/CmdPrependLowRead        0 times
00:31:29.290287 /Devices/vga/VMSVGA/Reg/CmdPrependLowWrite        0 times
00:31:29.290290 /Devices/vga/VMSVGA/Reg/CommandHighRead        0 times
00:31:29.290293 /Devices/vga/VMSVGA/Reg/CommandHighWrite     9259 times
00:31:29.290296 /Devices/vga/VMSVGA/Reg/CommandLowRead        0 times
00:31:29.290299 /Devices/vga/VMSVGA/Reg/CommandLowWrite     9259 times
00:31:29.290302 /Devices/vga/VMSVGA/Reg/ConfigDoneRead        1 times
00:31:29.290305 /Devices/vga/VMSVGA/Reg/ConfigDoneWrite        1 times
00:31:29.290309 /Devices/vga/VMSVGA/Reg/CursorIdRead        0 times
00:31:29.290312 /Devices/vga/VMSVGA/Reg/CursorIdWrite        0 times
00:31:29.290315 /Devices/vga/VMSVGA/Reg/CursorOnRead        0 times
00:31:29.290319 /Devices/vga/VMSVGA/Reg/CursorOnWrite        0 times
00:31:29.290322 /Devices/vga/VMSVGA/Reg/CursorXRead        0 times
00:31:29.290325 /Devices/vga/VMSVGA/Reg/CursorXWrite        0 times
00:31:29.290345 /Devices/vga/VMSVGA/Reg/CursorYRead        0 times
00:31:29.290349 /Devices/vga/VMSVGA/Reg/CursorYWrite        0 times
00:31:29.290352 /Devices/vga/VMSVGA/Reg/DepthRead        0 times
00:31:29.290355 /Devices/vga/VMSVGA/Reg/DepthWrite        0 times
00:31:29.290368 /Devices/vga/VMSVGA/Reg/DevCapRead        0 times
00:31:29.290372 /Devices/vga/VMSVGA/Reg/DevCapWrite        0 times
00:31:29.290376 /Devices/vga/VMSVGA/Reg/DisplayHeightRead        0 times
00:31:29.290382 /Devices/vga/VMSVGA/Reg/DisplayHeightWrite        0 times
00:31:29.290386 /Devices/vga/VMSVGA/Reg/DisplayIdRead        0 times
00:31:29.290390 /Devices/vga/VMSVGA/Reg/DisplayIdWrite        0 times
00:31:29.290394 /Devices/vga/VMSVGA/Reg/DisplayIsPrimaryRead        0 times
00:31:29.290398 /Devices/vga/VMSVGA/Reg/DisplayIsPrimaryWrite        0 times
00:31:29.290401 /Devices/vga/VMSVGA/Reg/DisplayPositionXRead        0 times
00:31:29.290403 /Devices/vga/VMSVGA/Reg/DisplayPositionXWrite        0 times
00:31:29.290406 /Devices/vga/VMSVGA/Reg/DisplayPositionYRead        0 times
00:31:29.290409 /Devices/vga/VMSVGA/Reg/DisplayPositionYWrite        0 times
00:31:29.290412 /Devices/vga/VMSVGA/Reg/DisplayWidthRead        0 times
00:31:29.290415 /Devices/vga/VMSVGA/Reg/DisplayWidthWrite        0 times
00:31:29.290418 /Devices/vga/VMSVGA/Reg/EnableRead        1 times
00:31:29.290421 /Devices/vga/VMSVGA/Reg/EnableWrite        2 times
00:31:29.290424 /Devices/vga/VMSVGA/Reg/FbOffsetRead        0 times
00:31:29.290427 /Devices/vga/VMSVGA/Reg/FbSizeRead        0 times
00:31:29.290625 /Devices/vga/VMSVGA/Reg/FbStartRead        0 times
00:31:29.290634 /Devices/vga/VMSVGA/Reg/GBMemSizeRead        0 times
00:31:29.290637 /Devices/vga/VMSVGA/Reg/GmrDescriptorWrite        0 times
00:31:29.290641 /Devices/vga/VMSVGA/Reg/GmrDescriptorWrite/Errors        0 times
00:31:29.290647 /Devices/vga/VMSVGA/Reg/GmrDescriptorWrite/Free        0 times
00:31:29.290650 /Devices/vga/VMSVGA/Reg/GmrIdRead        0 times
00:31:29.290653 /Devices/vga/VMSVGA/Reg/GmrIdWrite        0 times
00:31:29.290655 /Devices/vga/VMSVGA/Reg/GmrMaxDescriptorLengthRead        0 times
00:31:29.290658 /Devices/vga/VMSVGA/Reg/GmrMaxIdsRead        1 times
00:31:29.290661 /Devices/vga/VMSVGA/Reg/GmrsMaxPagesRead        1 times
00:31:29.290664 /Devices/vga/VMSVGA/Reg/GreenMaskRead        0 times
00:31:29.290667 /Devices/vga/VMSVGA/Reg/GuestIdRead        0 times
00:31:29.290670 /Devices/vga/VMSVGA/Reg/GuestIdWrite        0 times
00:31:29.290673 /Devices/vga/VMSVGA/Reg/HeightRead        1 times
00:31:29.290676 /Devices/vga/VMSVGA/Reg/HeightWrite        0 times
00:31:29.290679 /Devices/vga/VMSVGA/Reg/HostBitsPerPixelRead        0 times
00:31:29.290681 /Devices/vga/VMSVGA/Reg/IdRead          1 times
00:31:29.290684 /Devices/vga/VMSVGA/Reg/IdWrite         1 times
00:31:29.290687 /Devices/vga/VMSVGA/Reg/IrqMaskRead        0 times
00:31:29.290693 /Devices/vga/VMSVGA/Reg/IrqMaskWrite    18517 times
00:31:29.290721 /Devices/vga/VMSVGA/Reg/MaxHeightRead        1 times
00:31:29.290724 /Devices/vga/VMSVGA/Reg/MaxPrimBBMemRead        0 times
00:31:29.290727 /Devices/vga/VMSVGA/Reg/MaxWidthRead        1 times
00:31:29.290731 /Devices/vga/VMSVGA/Reg/MemRegsRead        1 times
00:31:29.290734 /Devices/vga/VMSVGA/Reg/MemSizeRead        1 times
00:31:29.290737 /Devices/vga/VMSVGA/Reg/MemStartRead        0 times
00:31:29.290740 /Devices/vga/VMSVGA/Reg/MemorySizeRead        1 times
00:31:29.290743 /Devices/vga/VMSVGA/Reg/MobMaxSizeRead        0 times
00:31:29.290746 /Devices/vga/VMSVGA/Reg/NumDisplaysRead       24 times
00:31:29.290749 /Devices/vga/VMSVGA/Reg/NumDisplaysWrite        0 times
00:31:29.290752 /Devices/vga/VMSVGA/Reg/NumGuestDisplaysRead        0 times
00:31:29.290755 /Devices/vga/VMSVGA/Reg/NumGuestDisplaysWrite        0 times
00:31:29.290758 /Devices/vga/VMSVGA/Reg/PaletteRead        0 times
00:31:29.290761 /Devices/vga/VMSVGA/Reg/PaletteWrite        0 times
00:31:29.290764 /Devices/vga/VMSVGA/Reg/PitchLockRead        0 times
00:31:29.290767 /Devices/vga/VMSVGA/Reg/PitchLockWrite        0 times
00:31:29.290770 /Devices/vga/VMSVGA/Reg/PseudoColorWrite        0 times
00:31:29.290773 /Devices/vga/VMSVGA/Reg/PsuedoColorRead        0 times
00:31:29.290776 /Devices/vga/VMSVGA/Reg/ReadOnlyWrite        0 times
00:31:29.290779 /Devices/vga/VMSVGA/Reg/RedMaskRead        0 times
00:31:29.290782 /Devices/vga/VMSVGA/Reg/ScratchRead        0 times
00:31:29.290785 /Devices/vga/VMSVGA/Reg/ScratchSizeRead        0 times
00:31:29.290788 /Devices/vga/VMSVGA/Reg/ScratchWrite        0 times
00:31:29.290791 /Devices/vga/VMSVGA/Reg/ScrnTgtMaxHeightRead        0 times
00:31:29.290794 /Devices/vga/VMSVGA/Reg/ScrnTgtMaxWidthRead        0 times
00:31:29.290797 /Devices/vga/VMSVGA/Reg/SyncRead        0 times
00:31:29.290801 /Devices/vga/VMSVGA/Reg/SyncWrite        0 times
00:31:29.290804 /Devices/vga/VMSVGA/Reg/TopRead         0 times
00:31:29.290807 /Devices/vga/VMSVGA/Reg/TopWrite        0 times
00:31:29.290809 /Devices/vga/VMSVGA/Reg/TracesRead        1 times
00:31:29.290812 /Devices/vga/VMSVGA/Reg/TracesWrite        1 times
00:31:29.290815 /Devices/vga/VMSVGA/Reg/UnknownRead        0 times
00:31:29.290818 /Devices/vga/VMSVGA/Reg/UnknownWrite        0 times
00:31:29.290820 /Devices/vga/VMSVGA/Reg/VramSizeRead        1 times
00:31:29.290823 /Devices/vga/VMSVGA/Reg/WidthRead        1 times
00:31:29.290826 /Devices/vga/VMSVGA/Reg/WidthWrite        0 times
00:31:29.290829 /Devices/vga/VMSVGA/Reg/WriteOnlyRead        0 times
00:31:29.290832 /Drivers/AUDIO-0/TotalStreamsCreated        0 count
00:31:29.290836 /Drivers/AUDIO-1/TotalStreamsCreated        0 count
00:31:29.290839 /Drivers/AUDIO-2/TotalStreamsCreated        0 count
00:31:29.290843 /EM/CPU0/ExitHashing/Step00-Hits   400351 times
00:31:29.290847 /EM/CPU0/ExitHashing/Step00-NewInserts      351 times
00:31:29.290858 /EM/CPU0/ExitHashing/Step01-Hits    71870 times
00:31:29.290863 /EM/CPU0/ExitHashing/Step01-NewInserts      243 times
00:31:29.290866 /EM/CPU0/ExitHashing/Step02-Hits    35916 times
00:31:29.290869 /EM/CPU0/ExitHashing/Step02-NewInserts      141 times
00:31:29.290872 /EM/CPU0/ExitHashing/Step03-Hits    82957 times
00:31:29.290876 /EM/CPU0/ExitHashing/Step03-NewInserts       92 times
00:31:29.290878 /EM/CPU0/ExitHashing/Step04-Hits    43469 times
00:31:29.290881 /EM/CPU0/ExitHashing/Step04-NewInserts       47 times
00:31:29.290884 /EM/CPU0/ExitHashing/Step05-Hits    66821 times
00:31:29.290887 /EM/CPU0/ExitHashing/Step05-NewInserts       51 times
00:31:29.290890 /EM/CPU0/ExitHashing/Step06-Hits    37741 times
00:31:29.290893 /EM/CPU0/ExitHashing/Step06-NewInserts       39 times
00:31:29.290897 /EM/CPU0/ExitHashing/Step07-Hits    71571 times
00:31:29.290908 /EM/CPU0/ExitHashing/Step07-NewInserts       37 times
00:31:29.290911 /EM/CPU0/ExitHashing/Step08-Hits    37968 times
00:31:29.290914 /EM/CPU0/ExitHashing/Step08-NewInserts       23 times
00:31:29.290921 /EM/CPU0/ExitHashing/Used            1024 times
00:31:29.290925 /EM/CPU0/ExitOpt/Exec              112699 ticks/call (  8644172831 ticks,   76701 calls, max  30958847, min    5158)
00:31:29.290929 /EM/CPU0/ExitOpt/ExecInstructions 14898979 times
00:31:29.290932 /EM/CPU0/ExitOpt/ExecSavedExit    1433349 times
00:31:29.290935 /EM/CPU0/ExitOpt/Probe             384270 ticks/call (    33815823 ticks,      88 calls, max  10094356, min   15000)
00:31:29.290940 /EM/CPU0/ExitOpt/ProbeInstructions    43270 times
00:31:29.290943 /EM/CPU0/ExitOpt/ProbedExecWithMax       26 times
00:31:29.290946 /EM/CPU0/ExitOpt/ProbedNormal          62 times
00:31:29.290949 /EM/CPU0/ExitOpt/ProbedToRing3          0 times
00:31:29.290952 /EM/CPU1/ExitHashing/Step00-Hits   500658 times
00:31:29.290956 /EM/CPU1/ExitHashing/Step00-NewInserts      233 times
00:31:29.290959 /EM/CPU1/ExitHashing/Step01-Hits   115914 times
00:31:29.290962 /EM/CPU1/ExitHashing/Step01-NewInserts      310 times
00:31:29.290965 /EM/CPU1/ExitHashing/Step02-Hits    17254 times
00:31:29.290968 /EM/CPU1/ExitHashing/Step02-NewInserts      137 times
00:31:29.290971 /EM/CPU1/ExitHashing/Step03-Hits    69070 times
00:31:29.290974 /EM/CPU1/ExitHashing/Step03-NewInserts       90 times
00:31:29.290977 /EM/CPU1/ExitHashing/Step04-Hits    51946 times
00:31:29.290980 /EM/CPU1/ExitHashing/Step04-NewInserts       83 times
00:31:29.290983 /EM/CPU1/ExitHashing/Step05-Hits    75820 times
00:31:29.291009 /EM/CPU1/ExitHashing/Step05-NewInserts       54 times
00:31:29.291013 /EM/CPU1/ExitHashing/Step06-Hits    36348 times
00:31:29.291017 /EM/CPU1/ExitHashing/Step06-NewInserts       34 times
00:31:29.291020 /EM/CPU1/ExitHashing/Step07-Hits    78598 times
00:31:29.291022 /EM/CPU1/ExitHashing/Step07-NewInserts       47 times
00:31:29.291026 /EM/CPU1/ExitHashing/Step08-Hits    36571 times
00:31:29.291028 /EM/CPU1/ExitHashing/Step08-NewInserts       36 times
00:31:29.291033 /EM/CPU1/ExitHashing/Used            1024 times
00:31:29.291036 /EM/CPU1/ExitOpt/Exec               74358 ticks/call (  5567464863 ticks,   74873 calls, max  86498750, min    4382)
00:31:29.291040 /EM/CPU1/ExitOpt/ExecInstructions  1997764 times
00:31:29.291043 /EM/CPU1/ExitOpt/ExecSavedExit      55376 times
00:31:29.291046 /EM/CPU1/ExitOpt/Probe              73475 ticks/call (     5290232 ticks,      72 calls, max    417480, min   20664)
00:31:29.291049 /EM/CPU1/ExitOpt/ProbeInstructions     2695 times
00:31:29.291052 /EM/CPU1/ExitOpt/ProbedExecWithMax        5 times
00:31:29.291055 /EM/CPU1/ExitOpt/ProbedNormal          67 times
00:31:29.291058 /EM/CPU1/ExitOpt/ProbedToRing3          0 times
00:31:29.291063 /GIM/Hypercalls                       111 times
00:31:29.291066 /GMM/ChunkTlbHits                       0 times
00:31:29.291070 /GMM/ChunkTlbMisses                     0 times
00:31:29.291080 /GMM/VM/Allocated/cBasePages            0 pages
00:31:29.291084 /GMM/VM/Allocated/cFixedPages           0 pages
00:31:29.291087 /GMM/VM/Allocated/cShadowPages          0 pages
00:31:29.291090 /GMM/VM/Reserved/cBasePages        524391 pages
00:31:29.291093 /GMM/VM/Reserved/cFixedPages         5636 pages
00:31:29.291096 /GMM/VM/Reserved/cShadowPages           1 pages
00:31:29.291100 /GMM/VM/cBalloonedPages                 0 pages
00:31:29.291103 /GMM/VM/cMaxBalloonedPages              0 pages
00:31:29.291107 /GMM/VM/cPrivatePages                   0 pages
00:31:29.291110 /GMM/VM/cReqActuallyBalloonedPages        0 pages
00:31:29.291113 /GMM/VM/cReqBalloonedPages              0 pages
00:31:29.291117 /GMM/VM/cReqDeflatePages                0 pages
00:31:29.291120 /GMM/VM/cShareableModules               0 count
00:31:29.291123 /GMM/VM/cSharedPages                    0 pages
00:31:29.291127 /GMM/VM/enmPolicy                       1 
00:31:29.291130 /GMM/VM/enmPriority                     2 
00:31:29.291133 /GMM/VM/fBallooningEnabled       false    
00:31:29.291137 /GMM/VM/fMayAllocate             true     
00:31:29.291140 /GMM/VM/fSharedPagingEnabled     false    
00:31:29.291146 /GMM/cAllocatedPages                    0 pages
00:31:29.291150 /GMM/cBalloonedPages                    0 pages
00:31:29.291153 /GMM/cChunks                            0 count
00:31:29.291156 /GMM/cDuplicatePages                    0 pages
00:31:29.291159 /GMM/cFreedChunks                       0 count
00:31:29.291162 /GMM/cLeftBehindSharedPages             0 pages
00:31:29.291166 /GMM/cMaxPages                   4294967295 pages
00:31:29.291169 /GMM/cOverCommittedPages                0 pages
00:31:29.291172 /GMM/cReservedPages               1584344 pages
00:31:29.291175 /GMM/cShareableModules                  0 count
00:31:29.291178 /GMM/cSharedPages                       0 pages
00:31:29.291181 /GMM/idFreeGeneration            4611686018427387775 
00:31:29.291335 /GVMM/EMTs                              4 count
00:31:29.291348 /GVMM/HostCPUs                         12 count
00:31:29.291352 /GVMM/HostCpus/0                        0 
00:31:29.291356 /GVMM/HostCpus/0/CurTimerHz             0 Hz
00:31:29.291360 /GVMM/HostCpus/0/DesiredHz              0 Hz
00:31:29.291363 /GVMM/HostCpus/0/PPTChanges             0 times
00:31:29.291366 /GVMM/HostCpus/0/PPTStarts              0 times
00:31:29.291369 /GVMM/HostCpus/0/idxCpuSet              0 
00:31:29.291372 /GVMM/HostCpus/1                        1 
00:31:29.291376 /GVMM/HostCpus/1/CurTimerHz             0 Hz
00:31:29.291379 /GVMM/HostCpus/1/DesiredHz              0 Hz
00:31:29.291382 /GVMM/HostCpus/1/PPTChanges             0 times
00:31:29.291385 /GVMM/HostCpus/1/PPTStarts              0 times
00:31:29.291388 /GVMM/HostCpus/1/idxCpuSet              1 
00:31:29.291392 /GVMM/HostCpus/10                      10 
00:31:29.291395 /GVMM/HostCpus/10/CurTimerHz            0 Hz
00:31:29.291398 /GVMM/HostCpus/10/DesiredHz             0 Hz
00:31:29.291402 /GVMM/HostCpus/10/PPTChanges            0 times
00:31:29.291405 /GVMM/HostCpus/10/PPTStarts             0 times
00:31:29.291408 /GVMM/HostCpus/10/idxCpuSet            10 
00:31:29.291411 /GVMM/HostCpus/11                      11 
00:31:29.291414 /GVMM/HostCpus/11/CurTimerHz            0 Hz
00:31:29.291417 /GVMM/HostCpus/11/DesiredHz             0 Hz
00:31:29.291420 /GVMM/HostCpus/11/PPTChanges            0 times
00:31:29.291423 /GVMM/HostCpus/11/PPTStarts             0 times
00:31:29.291427 /GVMM/HostCpus/11/idxCpuSet            11 
00:31:29.291430 /GVMM/HostCpus/2                        2 
00:31:29.291433 /GVMM/HostCpus/2/CurTimerHz             0 Hz
00:31:29.291436 /GVMM/HostCpus/2/DesiredHz              0 Hz
00:31:29.291440 /GVMM/HostCpus/2/PPTChanges             0 times
00:31:29.291443 /GVMM/HostCpus/2/PPTStarts              0 times
00:31:29.291446 /GVMM/HostCpus/2/idxCpuSet              2 
00:31:29.291450 /GVMM/HostCpus/3                        3 
00:31:29.291453 /GVMM/HostCpus/3/CurTimerHz             0 Hz
00:31:29.291457 /GVMM/HostCpus/3/DesiredHz              0 Hz
00:31:29.291460 /GVMM/HostCpus/3/PPTChanges             0 times
00:31:29.291463 /GVMM/HostCpus/3/PPTStarts              0 times
00:31:29.291466 /GVMM/HostCpus/3/idxCpuSet              3 
00:31:29.291469 /GVMM/HostCpus/4                        4 
00:31:29.291472 /GVMM/HostCpus/4/CurTimerHz             0 Hz
00:31:29.291475 /GVMM/HostCpus/4/DesiredHz              0 Hz
00:31:29.291479 /GVMM/HostCpus/4/PPTChanges             0 times
00:31:29.291482 /GVMM/HostCpus/4/PPTStarts              0 times
00:31:29.291485 /GVMM/HostCpus/4/idxCpuSet              4 
00:31:29.291488 /GVMM/HostCpus/5                        5 
00:31:29.291492 /GVMM/HostCpus/5/CurTimerHz             0 Hz
00:31:29.291495 /GVMM/HostCpus/5/DesiredHz              0 Hz
00:31:29.291499 /GVMM/HostCpus/5/PPTChanges             0 times
00:31:29.291502 /GVMM/HostCpus/5/PPTStarts              0 times
00:31:29.291505 /GVMM/HostCpus/5/idxCpuSet              5 
00:31:29.291508 /GVMM/HostCpus/6                        6 
00:31:29.291512 /GVMM/HostCpus/6/CurTimerHz             0 Hz
00:31:29.291515 /GVMM/HostCpus/6/DesiredHz              0 Hz
00:31:29.291521 /GVMM/HostCpus/6/PPTChanges             0 times
00:31:29.291525 /GVMM/HostCpus/6/PPTStarts              0 times
00:31:29.291529 /GVMM/HostCpus/6/idxCpuSet              6 
00:31:29.291532 /GVMM/HostCpus/7                        7 
00:31:29.291535 /GVMM/HostCpus/7/CurTimerHz             0 Hz
00:31:29.291538 /GVMM/HostCpus/7/DesiredHz              0 Hz
00:31:29.291542 /GVMM/HostCpus/7/PPTChanges             0 times
00:31:29.291546 /GVMM/HostCpus/7/PPTStarts              0 times
00:31:29.291549 /GVMM/HostCpus/7/idxCpuSet              7 
00:31:29.291551 /GVMM/HostCpus/8                        8 
00:31:29.291554 /GVMM/HostCpus/8/CurTimerHz             0 Hz
00:31:29.291557 /GVMM/HostCpus/8/DesiredHz              0 Hz
00:31:29.291560 /GVMM/HostCpus/8/PPTChanges             0 times
00:31:29.291563 /GVMM/HostCpus/8/PPTStarts              0 times
00:31:29.291566 /GVMM/HostCpus/8/idxCpuSet              8 
00:31:29.291569 /GVMM/HostCpus/9                        9 
00:31:29.291572 /GVMM/HostCpus/9/CurTimerHz             0 Hz
00:31:29.291574 /GVMM/HostCpus/9/DesiredHz              0 Hz
00:31:29.291577 /GVMM/HostCpus/9/PPTChanges             0 times
00:31:29.291580 /GVMM/HostCpus/9/PPTStarts              0 times
00:31:29.291583 /GVMM/HostCpus/9/idxCpuSet              9 
00:31:29.291586 /GVMM/Sum/HaltBlocking             577898 calls
00:31:29.291589 /GVMM/Sum/HaltCalls                577738 calls
00:31:29.291593 /GVMM/Sum/HaltNotBlocking              76 calls
00:31:29.291596 /GVMM/Sum/HaltTimeouts             184537 calls
00:31:29.291600 /GVMM/Sum/HaltWakeUps                   0 calls
00:31:29.291603 /GVMM/Sum/PokeCalls                     0 calls
00:31:29.291606 /GVMM/Sum/PokeNotBusy                   0 calls
00:31:29.291609 /GVMM/Sum/PollCalls                   760 calls
00:31:29.291612 /GVMM/Sum/PollHalts                     0 calls
00:31:29.291615 /GVMM/Sum/PollWakeUps                   0 calls
00:31:29.291618 /GVMM/Sum/WakeUpCalls              402065 calls
00:31:29.291621 /GVMM/Sum/WakeUpNotHalted           11537 calls
00:31:29.291634 /GVMM/Sum/WakeUpWakeUps                 0 calls
00:31:29.291638 /GVMM/VCpus/0/Start                     0 ticks/call (           0 ticks,       0 calls, max         0, min       0)
00:31:29.291642 /GVMM/VCpus/0/Stop                      0 ticks/call (           0 ticks,       0 calls, max         0, min       0)
00:31:29.291646 /GVMM/VCpus/0/cWakeUpTimerCanceled        0 times
00:31:29.291650 /GVMM/VCpus/0/cWakeUpTimerHits          0 times
00:31:29.291653 /GVMM/VCpus/0/cWakeUpTimerMisses        0 times
00:31:29.291656 /GVMM/VCpus/0/cWakeUpTimerSameCpu        0 times
00:31:29.291659 /GVMM/VCpus/1/Start                     0 ticks/call (           0 ticks,       0 calls, max         0, min       0)
00:31:29.291663 /GVMM/VCpus/1/Stop                      0 ticks/call (           0 ticks,       0 calls, max         0, min       0)
00:31:29.291667 /GVMM/VCpus/1/cWakeUpTimerCanceled        0 times
00:31:29.291669 /GVMM/VCpus/1/cWakeUpTimerHits          0 times
00:31:29.291672 /GVMM/VCpus/1/cWakeUpTimerMisses        0 times
00:31:29.291674 /GVMM/VCpus/1/cWakeUpTimerSameCpu        0 times
00:31:29.291677 /GVMM/VM/HaltBlocking              332382 calls
00:31:29.291680 /GVMM/VM/HaltCalls                 332315 calls
00:31:29.291683 /GVMM/VM/HaltNotBlocking               38 calls
00:31:29.291686 /GVMM/VM/HaltTimeouts              114602 calls
00:31:29.291690 /GVMM/VM/HaltWakeUps                    0 calls
00:31:29.291693 /GVMM/VM/PokeCalls                      0 calls
00:31:29.291696 /GVMM/VM/PokeNotBusy                    0 calls
00:31:29.291699 /GVMM/VM/PollCalls                    427 calls
00:31:29.291702 /GVMM/VM/PollHalts                      0 calls
00:31:29.291705 /GVMM/VM/PollWakeUps                    0 calls
00:31:29.291708 /GVMM/VM/WakeUpCalls               221063 calls
00:31:29.291712 /GVMM/VM/WakeUpNotHalted             4757 calls
00:31:29.291715 /GVMM/VM/WakeUpWakeUps                  0 calls
00:31:29.291718 /GVMM/VMs                               2 count
00:31:29.291723 /HGCM/FailedPageListLocking             0 count
00:31:29.291727 /HGCM/LargeCmdAllocs                    7 count
00:31:29.291731 /HGCM/MsgArrival                   164638 ticks/call (   730667061 ticks,    4438 calls, max   8811754, min    7366)
00:31:29.291736 /HGCM/MsgCompletion                 82866 ticks/call (   369502349 ticks,    4459 calls, max   6485784, min     786)
00:31:29.291740 /HGCM/MsgTotal                   3186653187 ticks/call (14142366844694 ticks,    4438 calls, max 4711846604475, min   17955)
00:31:29.291745 /IEM/CPU0/Exceptions/0d                 4 times
00:31:29.291751 /IEM/CPU0/Interrupts/03                 5 times
00:31:29.291755 /IEM/CPU0/Interrupts/08               256 times
00:31:29.291759 /IEM/CPU0/Interrupts/10               240 times
00:31:29.291761 /IEM/CPU0/Interrupts/13                 5 times
00:31:29.291764 /IEM/CPU0/Interrupts/15                 1 times
00:31:29.291767 /IEM/CPU0/Interrupts/16               159 times
00:31:29.291770 /IEM/CPU0/Interrupts/19                 1 times
00:31:29.291773 /IEM/CPU0/Interrupts/1a                14 times
00:31:29.291776 /IEM/CPU0/Interrupts/1c               160 times
00:31:29.291779 /IEM/CPU0/Interrupts/20                19 times
00:31:29.291782 /IEM/CPU0/Interrupts/22              3558 times
00:31:29.291785 /IEM/CPU0/Interrupts/23               161 times
00:31:29.291788 /IEM/CPU0/Interrupts/25               899 times
00:31:29.291791 /IEM/CPU0/Interrupts/26                 5 times
00:31:29.291794 /IEM/CPU0/Interrupts/30                36 times
00:31:29.291800 /IEM/CPU0/Interrupts/6d                 1 times
00:31:29.291809 /IEM/CPU0/Interrupts/ec             64998 times
00:31:29.291813 /IEM/CPU0/Interrupts/fb             39727 times
00:31:29.291817 /IEM/CPU0/Interrupts/fd              7489 times
00:31:29.291820 /IEM/CPU0/Tlb/Code/InvlPg               0 
00:31:29.291824 /IEM/CPU0/Tlb/Code/InvlPg/LargeGlobal        0 
00:31:29.291827 /IEM/CPU0/Tlb/Code/InvlPg/LargeNonGlobal        0 
00:31:29.291831 /IEM/CPU0/Tlb/Code/LargePageGlobalCurLoads        0 count
00:31:29.291834 /IEM/CPU0/Tlb/Code/LargePageGlobalFirstTag ffffffffffffffff count
00:31:29.291838 /IEM/CPU0/Tlb/Code/LargePageGlobalLastTag        0 count
00:31:29.291841 /IEM/CPU0/Tlb/Code/LargePageNonGlobalCurLoads        0 count
00:31:29.291844 /IEM/CPU0/Tlb/Code/LargePageNonGlobalFirstTag ffffffffffffffff count
00:31:29.291848 /IEM/CPU0/Tlb/Code/LargePageNonGlobalLastTag        0 count
00:31:29.291851 /IEM/CPU0/Tlb/Code/Misses               0 count
00:31:29.291855 /IEM/CPU0/Tlb/Code/Misses/GlobalLoads        0 count
00:31:29.291858 /IEM/CPU0/Tlb/Code/PhysicalRevision fffffffffffce000 
00:31:29.291861 /IEM/CPU0/Tlb/Code/PhysicalRevisionFlushes        0 
00:31:29.291865 /IEM/CPU0/Tlb/Code/PhysicalRevisionRollovers        0 
00:31:29.291869 /IEM/CPU0/Tlb/Code/RevisionGlobal fffff38000000000 
00:31:29.291873 /IEM/CPU0/Tlb/Code/RevisionGlobalFlushes        0 
00:31:29.291876 /IEM/CPU0/Tlb/Code/RevisionNonGlobal fffff38000000000 
00:31:29.291879 /IEM/CPU0/Tlb/Code/RevisionNonGlobalFlushes        0 
00:31:29.291882 /IEM/CPU0/Tlb/Code/RevisionRollovers        0 
00:31:29.291886 /IEM/CPU0/Tlb/Code/SlowReads            0 count
00:31:29.291889 /IEM/CPU0/Tlb/Data/InvlPg               0 
00:31:29.291893 /IEM/CPU0/Tlb/Data/InvlPg/LargeGlobal        0 
00:31:29.291896 /IEM/CPU0/Tlb/Data/InvlPg/LargeNonGlobal        0 
00:31:29.291899 /IEM/CPU0/Tlb/Data/LargePageGlobalCurLoads        0 count
00:31:29.291903 /IEM/CPU0/Tlb/Data/LargePageGlobalFirstTag ffffffffffffffff count
00:31:29.291906 /IEM/CPU0/Tlb/Data/LargePageGlobalLastTag        0 count
00:31:29.291909 /IEM/CPU0/Tlb/Data/LargePageNonGlobalCurLoads        0 count
00:31:29.291913 /IEM/CPU0/Tlb/Data/LargePageNonGlobalFirstTag ffffffffffffffff count
00:31:29.291916 /IEM/CPU0/Tlb/Data/LargePageNonGlobalLastTag        0 count
00:31:29.291920 /IEM/CPU0/Tlb/Data/Misses               0 count
00:31:29.291923 /IEM/CPU0/Tlb/Data/Misses/Core          0 count
00:31:29.291928 /IEM/CPU0/Tlb/Data/Misses/Core/GlobalLoads        0 count
00:31:29.291932 /IEM/CPU0/Tlb/Data/Misses/Safe          0 count
00:31:29.291936 /IEM/CPU0/Tlb/Data/Misses/Safe/Reads        0 count
00:31:29.291939 /IEM/CPU0/Tlb/Data/Misses/Safe/SubPartHits        0 count
00:31:29.291942 /IEM/CPU0/Tlb/Data/Misses/Safe/SubPartMisses        0 count
00:31:29.291945 /IEM/CPU0/Tlb/Data/Misses/Safe/SubPartMisses/GlobalLoads        0 count
00:31:29.291949 /IEM/CPU0/Tlb/Data/Misses/Safe/Writes        0 count
00:31:29.291952 /IEM/CPU0/Tlb/Data/PhysicalRevision fffffffffffce000 
00:31:29.291955 /IEM/CPU0/Tlb/Data/PhysicalRevisionFlushes        0 
00:31:29.291959 /IEM/CPU0/Tlb/Data/PhysicalRevisionRollovers        0 
00:31:29.291962 /IEM/CPU0/Tlb/Data/RevisionGlobal fffff38000000000 
00:31:29.291965 /IEM/CPU0/Tlb/Data/RevisionGlobalFlushes        0 
00:31:29.291968 /IEM/CPU0/Tlb/Data/RevisionNonGlobal fffff38000000000 
00:31:29.291971 /IEM/CPU0/Tlb/Data/RevisionNonGlobalFlushes        0 
00:31:29.291974 /IEM/CPU0/Tlb/Data/RevisionRollovers        0 
00:31:29.291977 /IEM/CPU0/cInstructions          15699998 count
00:31:29.291981 /IEM/CPU0/cLongJumps                    0 bytes
00:31:29.291984 /IEM/CPU0/cMisalignedAtomics            0 bytes
00:31:29.291987 /IEM/CPU0/cPendingCommit                0 bytes
00:31:29.291991 /IEM/CPU0/cPotentialExits         2462800 count
00:31:29.291994 /IEM/CPU0/cRetAspectNotImplemented        0 count
00:31:29.291997 /IEM/CPU0/cRetErrStatuses               0 count
00:31:29.292001 /IEM/CPU0/cRetInfStatuses             158 count
00:31:29.292004 /IEM/CPU0/cRetInstrNotImplemented        0 count
00:31:29.292007 /IEM/CPU0/cbWritten               2316356 bytes
00:31:29.292011 /IEM/CPU1/Exceptions/0d                 2 times
00:31:29.292015 /IEM/CPU1/Interrupts/03                 1 times
00:31:29.292021 /IEM/CPU1/Interrupts/20                19 times
00:31:29.292025 /IEM/CPU1/Interrupts/21                 1 times
00:31:29.292028 /IEM/CPU1/Interrupts/22              2146 times
00:31:29.292032 /IEM/CPU1/Interrupts/23                24 times
00:31:29.292035 /IEM/CPU1/Interrupts/24              1146 times
00:31:29.292039 /IEM/CPU1/Interrupts/25             28163 times
00:31:29.292042 /IEM/CPU1/Interrupts/26               757 times
00:31:29.292045 /IEM/CPU1/Interrupts/27               809 times
00:31:29.292048 /IEM/CPU1/Interrupts/28                25 times
00:31:29.292058 /IEM/CPU1/Interrupts/ec            106677 times
00:31:29.292062 /IEM/CPU1/Interrupts/f8                 1 times
00:31:29.292065 /IEM/CPU1/Interrupts/fb             27983 times
00:31:29.292069 /IEM/CPU1/Interrupts/fd              5234 times
00:31:29.292073 /IEM/CPU1/Tlb/Code/InvlPg               0 
00:31:29.292076 /IEM/CPU1/Tlb/Code/InvlPg/LargeGlobal        0 
00:31:29.292079 /IEM/CPU1/Tlb/Code/InvlPg/LargeNonGlobal        0 
00:31:29.292082 /IEM/CPU1/Tlb/Code/LargePageGlobalCurLoads        0 count
00:31:29.292085 /IEM/CPU1/Tlb/Code/LargePageGlobalFirstTag ffffffffffffffff count
00:31:29.292089 /IEM/CPU1/Tlb/Code/LargePageGlobalLastTag        0 count
00:31:29.292092 /IEM/CPU1/Tlb/Code/LargePageNonGlobalCurLoads        0 count
00:31:29.292095 /IEM/CPU1/Tlb/Code/LargePageNonGlobalFirstTag ffffffffffffffff count
00:31:29.292099 /IEM/CPU1/Tlb/Code/LargePageNonGlobalLastTag        0 count
00:31:29.292102 /IEM/CPU1/Tlb/Code/Misses               0 count
00:31:29.292106 /IEM/CPU1/Tlb/Code/Misses/GlobalLoads        0 count
00:31:29.292109 /IEM/CPU1/Tlb/Code/PhysicalRevision fffffffffffce000 
00:31:29.292112 /IEM/CPU1/Tlb/Code/PhysicalRevisionFlushes        0 
00:31:29.292116 /IEM/CPU1/Tlb/Code/PhysicalRevisionRollovers        0 
00:31:29.292118 /IEM/CPU1/Tlb/Code/RevisionGlobal fffff38000000000 
00:31:29.292122 /IEM/CPU1/Tlb/Code/RevisionGlobalFlushes        0 
00:31:29.292125 /IEM/CPU1/Tlb/Code/RevisionNonGlobal fffff38000000000 
00:31:29.292128 /IEM/CPU1/Tlb/Code/RevisionNonGlobalFlushes        0 
00:31:29.292131 /IEM/CPU1/Tlb/Code/RevisionRollovers        0 
00:31:29.292134 /IEM/CPU1/Tlb/Code/SlowReads            0 count
00:31:29.292138 /IEM/CPU1/Tlb/Data/InvlPg               0 
00:31:29.292142 /IEM/CPU1/Tlb/Data/InvlPg/LargeGlobal        0 
00:31:29.292145 /IEM/CPU1/Tlb/Data/InvlPg/LargeNonGlobal        0 
00:31:29.292148 /IEM/CPU1/Tlb/Data/LargePageGlobalCurLoads        0 count
00:31:29.292151 /IEM/CPU1/Tlb/Data/LargePageGlobalFirstTag ffffffffffffffff count
00:31:29.292154 /IEM/CPU1/Tlb/Data/LargePageGlobalLastTag        0 count
00:31:29.292157 /IEM/CPU1/Tlb/Data/LargePageNonGlobalCurLoads        0 count
00:31:29.292160 /IEM/CPU1/Tlb/Data/LargePageNonGlobalFirstTag ffffffffffffffff count
00:31:29.292163 /IEM/CPU1/Tlb/Data/LargePageNonGlobalLastTag        0 count
00:31:29.292166 /IEM/CPU1/Tlb/Data/Misses               0 count
00:31:29.292169 /IEM/CPU1/Tlb/Data/Misses/Core          0 count
00:31:29.292172 /IEM/CPU1/Tlb/Data/Misses/Core/GlobalLoads        0 count
00:31:29.292176 /IEM/CPU1/Tlb/Data/Misses/Safe          0 count
00:31:29.292179 /IEM/CPU1/Tlb/Data/Misses/Safe/Reads        0 count
00:31:29.292182 /IEM/CPU1/Tlb/Data/Misses/Safe/SubPartHits        0 count
00:31:29.292185 /IEM/CPU1/Tlb/Data/Misses/Safe/SubPartMisses        0 count
00:31:29.292188 /IEM/CPU1/Tlb/Data/Misses/Safe/SubPartMisses/GlobalLoads        0 count
00:31:29.292191 /IEM/CPU1/Tlb/Data/Misses/Safe/Writes        0 count
00:31:29.292194 /IEM/CPU1/Tlb/Data/PhysicalRevision fffffffffffce000 
00:31:29.292197 /IEM/CPU1/Tlb/Data/PhysicalRevisionFlushes        0 
00:31:29.292200 /IEM/CPU1/Tlb/Data/PhysicalRevisionRollovers        0 
00:31:29.292204 /IEM/CPU1/Tlb/Data/RevisionGlobal fffff38000000000 
00:31:29.292207 /IEM/CPU1/Tlb/Data/RevisionGlobalFlushes        0 
00:31:29.292210 /IEM/CPU1/Tlb/Data/RevisionNonGlobal fffff38000000000 
00:31:29.292213 /IEM/CPU1/Tlb/Data/RevisionNonGlobalFlushes        0 
00:31:29.292216 /IEM/CPU1/Tlb/Data/RevisionRollovers        0 
00:31:29.292219 /IEM/CPU1/cInstructions           2573340 count
00:31:29.292222 /IEM/CPU1/cLongJumps                    0 bytes
00:31:29.292226 /IEM/CPU1/cMisalignedAtomics            0 bytes
00:31:29.292228 /IEM/CPU1/cPendingCommit                0 bytes
00:31:29.292231 /IEM/CPU1/cPotentialExits         1088063 count
00:31:29.292234 /IEM/CPU1/cRetAspectNotImplemented        0 count
00:31:29.292237 /IEM/CPU1/cRetErrStatuses               0 count
00:31:29.292241 /IEM/CPU1/cRetInfStatuses               0 count
00:31:29.292244 /IEM/CPU1/cRetInstrNotImplemented        0 count
00:31:29.292247 /IEM/CPU1/cbWritten               2829178 bytes
00:31:29.292251 /IOM/MmioMappingsStale                  0 ticks/call
00:31:29.292254 /IOM/MmioTooDeepRecursion               0 times
00:31:29.292257 /NEM/CPU0/BreakOnCancel                 0 times
00:31:29.292261 /NEM/CPU0/BreakOnFFPost              7145 times
00:31:29.292264 /NEM/CPU0/BreakOnFFPre                176 times
00:31:29.292269 /NEM/CPU0/BreakOnStatus             85338 times
00:31:29.292272 /NEM/CPU0/CancelAlertedEMT              0 times
00:31:29.292276 /NEM/CPU0/CancelChangedState            0 times
00:31:29.292279 /NEM/CPU0/ExitCpuId                451584 times
00:31:29.292283 /NEM/CPU0/ExitException                33 times
00:31:29.292286 /NEM/CPU0/ExitExceptionBp               5 times
00:31:29.292289 /NEM/CPU0/ExitExceptionDb               0 times
00:31:29.292292 /NEM/CPU0/ExitExceptionGp               0 times
00:31:29.292296 /NEM/CPU0/ExitExceptionGpMesa           0 times
00:31:29.292299 /NEM/CPU0/ExitExceptionUd              28 times
00:31:29.292302 /NEM/CPU0/ExitExceptionUdHandled       28 times
00:31:29.292306 /NEM/CPU0/ExitHalt                  85337 times
00:31:29.292310 /NEM/CPU0/ExitInterruptWindow       13194 times
00:31:29.292313 /NEM/CPU0/ExitMemIntercept              0 times
00:31:29.292316 /NEM/CPU0/ExitMemUnmapped          381875 times
00:31:29.292320 /NEM/CPU0/ExitMsr                       8 times
00:31:29.292324 /NEM/CPU0/ExitPortIo               134682 times
00:31:29.292327 /NEM/CPU0/ExitUnrecoverable             0 times
00:31:29.292330 /NEM/CPU0/GetMsgTimeout                 0 times
00:31:29.292335 /NEM/CPU0/ImportOnDemand            25718 times
00:31:29.292340 /NEM/CPU0/ImportOnReturn            85839 times
00:31:29.292343 /NEM/CPU0/ImportOnReturnSkipped      6820 times
00:31:29.292346 /NEM/CPU0/QueryCpuTick                 25 times
00:31:29.292349 /NEM/CPU0/StopCpuPending                0 times
00:31:29.292352 /NEM/CPU0/StopCpuPendingAlerts          0 times
00:31:29.292356 /NEM/CPU0/StopCpuPendingOdd             0 times
00:31:29.292359 /NEM/CPU0/StopCpuSuccess                0 times
00:31:29.292362 /NEM/CPU1/BreakOnCancel                 0 times
00:31:29.292366 /NEM/CPU1/BreakOnFFPost              6971 times
00:31:29.292369 /NEM/CPU1/BreakOnFFPre              41577 times
00:31:29.292372 /NEM/CPU1/BreakOnStatus            120406 times
00:31:29.292375 /NEM/CPU1/CancelAlertedEMT              0 times
00:31:29.292378 /NEM/CPU1/CancelChangedState            0 times
00:31:29.292381 /NEM/CPU1/ExitCpuId                312774 times
00:31:29.292385 /NEM/CPU1/ExitException                84 times
00:31:29.292388 /NEM/CPU1/ExitExceptionBp               1 times
00:31:29.292391 /NEM/CPU1/ExitExceptionDb               0 times
00:31:29.292394 /NEM/CPU1/ExitExceptionGp               0 times
00:31:29.292397 /NEM/CPU1/ExitExceptionGpMesa           0 times
00:31:29.292400 /NEM/CPU1/ExitExceptionUd              83 times
00:31:29.292404 /NEM/CPU1/ExitExceptionUdHandled       83 times
00:31:29.292407 /NEM/CPU1/ExitHalt                 120406 times
00:31:29.292411 /NEM/CPU1/ExitInterruptWindow       41581 times
00:31:29.292414 /NEM/CPU1/ExitMemIntercept              0 times
00:31:29.292417 /NEM/CPU1/ExitMemUnmapped          618194 times
00:31:29.292421 /NEM/CPU1/ExitMsr                       3 times
00:31:29.292424 /NEM/CPU1/ExitPortIo               133694 times
00:31:29.292428 /NEM/CPU1/ExitUnrecoverable             0 times
00:31:29.292431 /NEM/CPU1/GetMsgTimeout                 0 times
00:31:29.292434 /NEM/CPU1/ImportOnDemand            36912 times
00:31:29.292438 /NEM/CPU1/ImportOnReturn           164449 times
00:31:29.292441 /NEM/CPU1/ImportOnReturnSkipped      4505 times
00:31:29.292445 /NEM/CPU1/QueryCpuTick                 10 times
00:31:29.292448 /NEM/CPU1/StopCpuPending                0 times
00:31:29.292451 /NEM/CPU1/StopCpuPendingAlerts          0 times
00:31:29.292454 /NEM/CPU1/StopCpuPendingOdd             0 times
00:31:29.292457 /NEM/CPU1/StopCpuSuccess                0 times
00:31:29.292461 /NEM/PagesCurrentlyMapped               0 pages
00:31:29.292464 /NEM/PagesMapCalls                     14 pages
00:31:29.292468 /NEM/PagesMapFails                      0 pages
00:31:29.292472 /NEM/PagesMapGpaRange             7050771 ticks/call (   119863109 ticks,      17 calls, max 115312435, min   40728)
00:31:29.292476 /NEM/PagesMapGpaRangePage               0 ticks/call (           0 ticks,       0 calls, max         0, min      -1)
00:31:29.292480 /NEM/PagesUnmapCalls                   14 pages
00:31:29.292484 /NEM/PagesUnmapFails                    0 pages
00:31:29.292487 /NEM/PagesUnmapGpaRange            249032 ticks/call (      996130 ticks,       4 calls, max    639142, min   42358)
00:31:29.292491 /NEM/PagesUnmapGpaRangePage         63522 ticks/call (      889320 ticks,      14 calls, max     98608, min   38368)
00:31:29.292500 /NEM/R0Stats/cPagesAvailable            0 pages
00:31:29.292504 /NEM/R0Stats/cPagesInUse                0 pages
00:31:29.292507 /PDM/BlkCache/cbCached                  0 bytes
00:31:29.292511 /PDM/BlkCache/cbCachedFru               0 bytes
00:31:29.292515 /PDM/BlkCache/cbCachedMruIn             0 bytes
00:31:29.292518 /PDM/BlkCache/cbCachedMruOut            0 bytes
00:31:29.292521 /PDM/BlkCache/cbMax               5242880 bytes
00:31:29.292525 /PDM/CritSects/00-AbortedEnters         0 times
00:31:29.292528 /PDM/CritSects/00-EntersWhileAborting        0 times
00:31:29.292532 /PDM/CritSects/00-Non-interruptible-Waits-VINF_SUCCESS        0 times
00:31:29.292535 /PDM/CritSects/00-QueuedLeaves          0 times
00:31:29.292540 /PDM/CritSects/00-VERR_INTERRUPTED        0 times
00:31:29.292544 /PDM/CritSects/00-VERR_TIMEOUT          0 times
00:31:29.292548 /PDM/CritSects/8237A#0Auto/ContentionR3        0 times
00:31:29.292552 /PDM/CritSects/8237A#0Auto/ContentionR3Wait        0 ticks/time (           0 ticks,       0 times, max         0, min      -1)
00:31:29.292556 /PDM/CritSects/8237A#0Auto/ContentionRZLock        0 times
00:31:29.292559 /PDM/CritSects/8237A#0Auto/ContentionRZLockBusy        0 times
00:31:29.292562 /PDM/CritSects/8237A#0Auto/ContentionRZUnlock        0 times
00:31:29.292565 /PDM/CritSects/8237A#0Auto/ContentionRZWait        0 ticks/time (           0 ticks,       0 times, max         0, min      -1)
00:31:29.292569 /PDM/CritSects/AC'97/ContentionR3        0 times
00:31:29.292572 /PDM/CritSects/AC'97/ContentionR3Wait        0 ticks/time (           0 ticks,       0 times, max         0, min      -1)
00:31:29.292576 /PDM/CritSects/AC'97/ContentionRZLock        0 times
00:31:29.292579 /PDM/CritSects/AC'97/ContentionRZLockBusy        0 times
00:31:29.292582 /PDM/CritSects/AC'97/ContentionRZUnlock        0 times
00:31:29.292585 /PDM/CritSects/AC'97/ContentionRZWait        0 ticks/time (           0 ticks,       0 times, max         0, min      -1)
00:31:29.292589 /PDM/CritSects/AHCI#0/ContentionR3        8 times
00:31:29.292592 /PDM/CritSects/AHCI#0/ContentionR3Wait   198478 ticks/time (     1587830 ticks,       8 times, max    458749, min   49978)
00:31:29.292595 /PDM/CritSects/AHCI#0/ContentionRZLock        0 times
00:31:29.292599 /PDM/CritSects/AHCI#0/ContentionRZLockBusy        0 times
00:31:29.292602 /PDM/CritSects/AHCI#0/ContentionRZUnlock        0 times
00:31:29.292606 /PDM/CritSects/AHCI#0/ContentionRZWait        0 ticks/time (           0 ticks,       0 times, max         0, min      -1)
00:31:29.292610 /PDM/CritSects/ATA#0-Ctl/ContentionR3        0 times
00:31:29.292613 /PDM/CritSects/ATA#0-Ctl/ContentionR3Wait        0 ticks/time (           0 ticks,       0 times, max         0, min      -1)
00:31:29.292617 /PDM/CritSects/ATA#0-Ctl/ContentionRZLock        0 times
00:31:29.292620 /PDM/CritSects/ATA#0-Ctl/ContentionRZLockBusy        0 times
00:31:29.292623 /PDM/CritSects/ATA#0-Ctl/ContentionRZUnlock        0 times
00:31:29.292627 /PDM/CritSects/ATA#0-Ctl/ContentionRZWait        0 ticks/time (           0 ticks,       0 times, max         0, min      -1)
00:31:29.292631 /PDM/CritSects/ATA#0-Req/ContentionR3        1 times
00:31:29.292634 /PDM/CritSects/ATA#0-Req/ContentionR3Wait    16742 ticks/time (       16742 ticks,       1 times, max     16742, min   16742)
00:31:29.292638 /PDM/CritSects/ATA#0-Req/ContentionRZLock        0 times
00:31:29.292641 /PDM/CritSects/ATA#0-Req/ContentionRZLockBusy        0 times
00:31:29.292644 /PDM/CritSects/ATA#0-Req/ContentionRZUnlock        0 times
00:31:29.292647 /PDM/CritSects/ATA#0-Req/ContentionRZWait        0 ticks/time (           0 ticks,       0 times, max         0, min      -1)
00:31:29.292651 /PDM/CritSects/ATA#1-Ctl/ContentionR3      162 times
00:31:29.292654 /PDM/CritSects/ATA#1-Ctl/ContentionR3Wait    82501 ticks/time (    13365236 ticks,     162 times, max   1769482, min    4912)
00:31:29.292658 /PDM/CritSects/ATA#1-Ctl/ContentionRZLock        0 times
00:31:29.292661 /PDM/CritSects/ATA#1-Ctl/ContentionRZLockBusy        0 times
00:31:29.292665 /PDM/CritSects/ATA#1-Ctl/ContentionRZUnlock        0 times
00:31:29.292668 /PDM/CritSects/ATA#1-Ctl/ContentionRZWait        0 ticks/time (           0 ticks,       0 times, max         0, min      -1)
00:31:29.292672 /PDM/CritSects/ATA#1-Req/ContentionR3        0 times
00:31:29.292675 /PDM/CritSects/ATA#1-Req/ContentionR3Wait        0 ticks/time (           0 ticks,       0 times, max         0, min      -1)
00:31:29.292678 /PDM/CritSects/ATA#1-Req/ContentionRZLock        0 times
00:31:29.292682 /PDM/CritSects/ATA#1-Req/ContentionRZLockBusy        0 times
00:31:29.292685 /PDM/CritSects/ATA#1-Req/ContentionRZUnlock        0 times
00:31:29.292688 /PDM/CritSects/ATA#1-Req/ContentionRZWait        0 ticks/time (           0 ticks,       0 times, max         0, min      -1)
00:31:29.292692 /PDM/CritSects/E1000#0/ContentionR3        7 times
00:31:29.292696 /PDM/CritSects/E1000#0/ContentionR3Wait    46748 ticks/time (      327236 ticks,       7 times, max    116306, min   12432)
00:31:29.292701 /PDM/CritSects/E1000#0/ContentionRZLock        0 times
00:31:29.292704 /PDM/CritSects/E1000#0/ContentionRZLockBusy        0 times
00:31:29.292708 /PDM/CritSects/E1000#0/ContentionRZUnlock        0 times
00:31:29.292711 /PDM/CritSects/E1000#0/ContentionRZWait        0 ticks/time (           0 ticks,       0 times, max         0, min      -1)
00:31:29.292715 /PDM/CritSects/E1000#0RX/ContentionR3        0 times
00:31:29.292718 /PDM/CritSects/E1000#0RX/ContentionR3Wait        0 ticks/time (           0 ticks,       0 times, max         0, min      -1)
00:31:29.292722 /PDM/CritSects/E1000#0RX/ContentionRZLock        0 times
00:31:29.292725 /PDM/CritSects/E1000#0RX/ContentionRZLockBusy        0 times
00:31:29.292728 /PDM/CritSects/E1000#0RX/ContentionRZUnlock        0 times
00:31:29.292731 /PDM/CritSects/E1000#0RX/ContentionRZWait        0 ticks/time (           0 ticks,       0 times, max         0, min      -1)
00:31:29.292735 /PDM/CritSects/E1000#0TX/ContentionR3        0 times
00:31:29.292738 /PDM/CritSects/E1000#0TX/ContentionR3Wait        0 ticks/time (           0 ticks,       0 times, max         0, min      -1)
00:31:29.292742 /PDM/CritSects/E1000#0TX/ContentionRZLock        0 times
00:31:29.292745 /PDM/CritSects/E1000#0TX/ContentionRZLockBusy        0 times
00:31:29.292748 /PDM/CritSects/E1000#0TX/ContentionRZUnlock        0 times
00:31:29.292752 /PDM/CritSects/E1000#0TX/ContentionRZWait        0 ticks/time (           0 ticks,       0 times, max         0, min      -1)
00:31:29.292755 /PDM/CritSects/EHCI#0Irq/ContentionR3        0 times
00:31:29.292759 /PDM/CritSects/EHCI#0Irq/ContentionR3Wait        0 ticks/time (           0 ticks,       0 times, max         0, min      -1)
00:31:29.292763 /PDM/CritSects/EHCI#0Irq/ContentionRZLock        0 times
00:31:29.292766 /PDM/CritSects/EHCI#0Irq/ContentionRZLockBusy        0 times
00:31:29.292769 /PDM/CritSects/EHCI#0Irq/ContentionRZUnlock        0 times
00:31:29.292772 /PDM/CritSects/EHCI#0Irq/ContentionRZWait        0 ticks/time (           0 ticks,       0 times, max         0, min      -1)
00:31:29.292776 /PDM/CritSects/GIMDev#0Auto/ContentionR3        0 times
00:31:29.292779 /PDM/CritSects/GIMDev#0Auto/ContentionR3Wait        0 ticks/time (           0 ticks,       0 times, max         0, min      -1)
00:31:29.292782 /PDM/CritSects/GIMDev#0Auto/ContentionRZLock        0 times
00:31:29.292785 /PDM/CritSects/GIMDev#0Auto/ContentionRZLockBusy        0 times
00:31:29.292788 /PDM/CritSects/GIMDev#0Auto/ContentionRZUnlock        0 times
00:31:29.292791 /PDM/CritSects/GIMDev#0Auto/ContentionRZWait        0 ticks/time (           0 ticks,       0 times, max         0, min      -1)
00:31:29.292795 /PDM/CritSects/NOP/ContentionR3         0 times
00:31:29.292799 /PDM/CritSects/NOP/ContentionR3Wait        0 ticks/time (           0 ticks,       0 times, max         0, min      -1)
00:31:29.292802 /PDM/CritSects/NOP/ContentionRZLock        0 times
00:31:29.292805 /PDM/CritSects/NOP/ContentionRZLockBusy        0 times
00:31:29.292808 /PDM/CritSects/NOP/ContentionRZUnlock        0 times
00:31:29.292811 /PDM/CritSects/NOP/ContentionRZWait        0 ticks/time (           0 ticks,       0 times, max         0, min      -1)
00:31:29.292815 /PDM/CritSects/OHCI#0Irq/ContentionR3        0 times
00:31:29.292818 /PDM/CritSects/OHCI#0Irq/ContentionR3Wait        0 ticks/time (           0 ticks,       0 times, max         0, min      -1)
00:31:29.292821 /PDM/CritSects/OHCI#0Irq/ContentionRZLock        0 times
00:31:29.292824 /PDM/CritSects/OHCI#0Irq/ContentionRZLockBusy        0 times
00:31:29.292827 /PDM/CritSects/OHCI#0Irq/ContentionRZUnlock        0 times
00:31:29.292831 /PDM/CritSects/OHCI#0Irq/ContentionRZWait        0 ticks/time (           0 ticks,       0 times, max         0, min      -1)
00:31:29.292836 /PDM/CritSects/PDM/ContentionR3        10 times
00:31:29.292840 /PDM/CritSects/PDM/ContentionR3Wait    48780 ticks/time (      487805 ticks,      10 times, max    136020, min   15556)
00:31:29.292844 /PDM/CritSects/PDM/ContentionRZLock        0 times
00:31:29.292848 /PDM/CritSects/PDM/ContentionRZLockBusy        0 times
00:31:29.292851 /PDM/CritSects/PDM/ContentionRZUnlock        0 times
00:31:29.292854 /PDM/CritSects/PDM/ContentionRZWait        0 ticks/time (           0 ticks,       0 times, max         0, min      -1)
00:31:29.292858 /PDM/CritSects/PGM/ContentionR3     35196 times
00:31:29.292861 /PDM/CritSects/PGM/ContentionR3Wait    68056 ticks/time (  2395518022 ticks,   35199 times, max  29544763, min    1830)
00:31:29.292866 /PDM/CritSects/PGM/ContentionRZLock        0 times
00:31:29.292869 /PDM/CritSects/PGM/ContentionRZLockBusy        0 times
00:31:29.292873 /PDM/CritSects/PGM/ContentionRZUnlock        0 times
00:31:29.292876 /PDM/CritSects/PGM/ContentionRZWait        0 ticks/time (           0 ticks,       0 times, max         0, min      -1)
00:31:29.292880 /PDM/CritSects/TM VirtualSync Lock/ContentionR3      877 times
00:31:29.292884 /PDM/CritSects/TM VirtualSync Lock/ContentionR3Wait   164476 ticks/time (   144246250 ticks,     877 times, max  51696632, min    3876)
00:31:29.292888 /PDM/CritSects/TM VirtualSync Lock/ContentionRZLock        0 times
00:31:29.292891 /PDM/CritSects/TM VirtualSync Lock/ContentionRZLockBusy        0 times
00:31:29.292895 /PDM/CritSects/TM VirtualSync Lock/ContentionRZUnlock        0 times
00:31:29.292898 /PDM/CritSects/TM VirtualSync Lock/ContentionRZWait        0 ticks/time (           0 ticks,       0 times, max         0, min      -1)
00:31:29.292902 /PDM/CritSects/TM real queue timer lock/ContentionR3        0 times
00:31:29.292905 /PDM/CritSects/TM real queue timer lock/ContentionR3Wait        0 ticks/time (           0 ticks,       0 times, max         0, min      -1)
00:31:29.292909 /PDM/CritSects/TM real queue timer lock/ContentionRZLock        0 times
00:31:29.292913 /PDM/CritSects/TM real queue timer lock/ContentionRZLockBusy        0 times
00:31:29.292916 /PDM/CritSects/TM real queue timer lock/ContentionRZUnlock        0 times
00:31:29.292920 /PDM/CritSects/TM real queue timer lock/ContentionRZWait        0 ticks/time (           0 ticks,       0 times, max         0, min      -1)
00:31:29.292923 /PDM/CritSects/TM tsc queue timer lock/ContentionR3        0 times
00:31:29.292926 /PDM/CritSects/TM tsc queue timer lock/ContentionR3Wait        0 ticks/time (           0 ticks,       0 times, max         0, min      -1)
00:31:29.292930 /PDM/CritSects/TM tsc queue timer lock/ContentionRZLock        0 times
00:31:29.292934 /PDM/CritSects/TM tsc queue timer lock/ContentionRZLockBusy        0 times
00:31:29.292937 /PDM/CritSects/TM tsc queue timer lock/ContentionRZUnlock        0 times
00:31:29.292940 /PDM/CritSects/TM tsc queue timer lock/ContentionRZWait        0 ticks/time (           0 ticks,       0 times, max         0, min      -1)
00:31:29.292944 /PDM/CritSects/TM virtual queue timer lock/ContentionR3        4 times
00:31:29.292948 /PDM/CritSects/TM virtual queue timer lock/ContentionR3Wait   125158 ticks/time (      125158 ticks,       1 times, max    125158, min  125158)
00:31:29.292952 /PDM/CritSects/TM virtual queue timer lock/ContentionRZLock        0 times
00:31:29.292955 /PDM/CritSects/TM virtual queue timer lock/ContentionRZLockBusy        0 times
00:31:29.292958 /PDM/CritSects/TM virtual queue timer lock/ContentionRZUnlock        0 times
00:31:29.292962 /PDM/CritSects/TM virtual queue timer lock/ContentionRZWait        0 ticks/time (           0 ticks,       0 times, max         0, min      -1)
00:31:29.292966 /PDM/CritSects/TM virtual_sync queue timer lock/ContentionR3        0 times
00:31:29.292969 /PDM/CritSects/TM virtual_sync queue timer lock/ContentionR3Wait        0 ticks/time (           0 ticks,       0 times, max         0, min      -1)
00:31:29.292974 /PDM/CritSects/TM virtual_sync queue timer lock/ContentionRZLock        0 times
00:31:29.292978 /PDM/CritSects/TM virtual_sync queue timer lock/ContentionRZLockBusy        0 times
00:31:29.292982 /PDM/CritSects/TM virtual_sync queue timer lock/ContentionRZUnlock        0 times
00:31:29.292985 /PDM/CritSects/TM virtual_sync queue timer lock/ContentionRZWait        0 ticks/time (           0 ticks,       0 times, max         0, min      -1)
00:31:29.292989 /PDM/CritSects/VGA#0/ContentionR3     5661 times
00:31:29.292992 /PDM/CritSects/VGA#0/ContentionR3Wait  1691311 ticks/time (  9574514046 ticks,    5661 times, max  80483378, min   12450)
00:31:29.292997 /PDM/CritSects/VGA#0/ContentionRZLock        0 times
00:31:29.293000 /PDM/CritSects/VGA#0/ContentionRZLockBusy        0 times
00:31:29.293003 /PDM/CritSects/VGA#0/ContentionRZUnlock        0 times
00:31:29.293007 /PDM/CritSects/VGA#0/ContentionRZWait        0 ticks/time (           0 ticks,       0 times, max         0, min      -1)
00:31:29.293011 /PDM/CritSects/VGA#0_IRQ/ContentionR3        0 times
00:31:29.293014 /PDM/CritSects/VGA#0_IRQ/ContentionR3Wait        0 ticks/time (           0 ticks,       0 times, max         0, min      -1)
00:31:29.293018 /PDM/CritSects/VGA#0_IRQ/ContentionRZLock        0 times
00:31:29.293021 /PDM/CritSects/VGA#0_IRQ/ContentionRZLockBusy        0 times
00:31:29.293024 /PDM/CritSects/VGA#0_IRQ/ContentionRZUnlock        0 times
00:31:29.293027 /PDM/CritSects/VGA#0_IRQ/ContentionRZWait        0 ticks/time (           0 ticks,       0 times, max         0, min      -1)
00:31:29.293031 /PDM/CritSects/VMMDev#0/ContentionR3     2755 times
00:31:29.293035 /PDM/CritSects/VMMDev#0/ContentionR3Wait    99694 ticks/time (   274659193 ticks,    2755 times, max   6451448, min    8472)
00:31:29.293059 /PDM/CritSects/VMMDev#0/ContentionRZLock        0 times
00:31:29.293065 /PDM/CritSects/VMMDev#0/ContentionRZLockBusy        0 times
00:31:29.293068 /PDM/CritSects/VMMDev#0/ContentionRZUnlock        0 times
00:31:29.293071 /PDM/CritSects/VMMDev#0/ContentionRZWait        0 ticks/time (           0 ticks,       0 times, max         0, min      -1)
00:31:29.293075 /PDM/CritSects/acpi#0/ContentionR3        0 times
00:31:29.293078 /PDM/CritSects/acpi#0/ContentionR3Wait        0 ticks/time (           0 ticks,       0 times, max         0, min      -1)
00:31:29.293082 /PDM/CritSects/acpi#0/ContentionRZLock        0 times
00:31:29.293085 /PDM/CritSects/acpi#0/ContentionRZLockBusy        0 times
00:31:29.293088 /PDM/CritSects/acpi#0/ContentionRZUnlock        0 times
00:31:29.293091 /PDM/CritSects/acpi#0/ContentionRZWait        0 ticks/time (           0 ticks,       0 times, max         0, min      -1)
00:31:29.293095 /PDM/CritSects/mc146818#0Auto/ContentionR3        0 times
00:31:29.293099 /PDM/CritSects/mc146818#0Auto/ContentionR3Wait        0 ticks/time (           0 ticks,       0 times, max         0, min      -1)
00:31:29.293102 /PDM/CritSects/mc146818#0Auto/ContentionRZLock        0 times
00:31:29.293106 /PDM/CritSects/mc146818#0Auto/ContentionRZLockBusy        0 times
00:31:29.293109 /PDM/CritSects/mc146818#0Auto/ContentionRZUnlock        0 times
00:31:29.293112 /PDM/CritSects/mc146818#0Auto/ContentionRZWait        0 ticks/time (           0 ticks,       0 times, max         0, min      -1)
00:31:29.293116 /PDM/CritSects/pcarch#0Auto/ContentionR3        0 times
00:31:29.293120 /PDM/CritSects/pcarch#0Auto/ContentionR3Wait        0 ticks/time (           0 ticks,       0 times, max         0, min      -1)
00:31:29.293123 /PDM/CritSects/pcarch#0Auto/ContentionRZLock        0 times
00:31:29.293126 /PDM/CritSects/pcarch#0Auto/ContentionRZLockBusy        0 times
00:31:29.293129 /PDM/CritSects/pcarch#0Auto/ContentionRZUnlock        0 times
00:31:29.293132 /PDM/CritSects/pcarch#0Auto/ContentionRZWait        0 ticks/time (           0 ticks,       0 times, max         0, min      -1)
00:31:29.293135 /PDM/CritSects/pcbios#0Auto/ContentionR3        0 times
00:31:29.293139 /PDM/CritSects/pcbios#0Auto/ContentionR3Wait        0 ticks/time (           0 ticks,       0 times, max         0, min      -1)
00:31:29.293144 /PDM/CritSects/pcbios#0Auto/ContentionRZLock        0 times
00:31:29.293148 /PDM/CritSects/pcbios#0Auto/ContentionRZLockBusy        0 times
00:31:29.293152 /PDM/CritSects/pcbios#0Auto/ContentionRZUnlock        0 times
00:31:29.293155 /PDM/CritSects/pcbios#0Auto/ContentionRZWait        0 ticks/time (           0 ticks,       0 times, max         0, min      -1)
00:31:29.293159 /PDM/CritSects/pckbd#0Auto/ContentionR3        0 times
00:31:29.293162 /PDM/CritSects/pckbd#0Auto/ContentionR3Wait        0 ticks/time (           0 ticks,       0 times, max         0, min      -1)
00:31:29.293165 /PDM/CritSects/pckbd#0Auto/ContentionRZLock        0 times
00:31:29.293168 /PDM/CritSects/pckbd#0Auto/ContentionRZLockBusy        0 times
00:31:29.293171 /PDM/CritSects/pckbd#0Auto/ContentionRZUnlock        0 times
00:31:29.293174 /PDM/CritSects/pckbd#0Auto/ContentionRZWait        0 ticks/time (           0 ticks,       0 times, max         0, min      -1)
00:31:29.293178 /PDM/CritSects/pit#0/ContentionR3        0 times
00:31:29.293181 /PDM/CritSects/pit#0/ContentionR3Wait        0 ticks/time (           0 ticks,       0 times, max         0, min      -1)
00:31:29.293185 /PDM/CritSects/pit#0/ContentionRZLock        0 times
00:31:29.293188 /PDM/CritSects/pit#0/ContentionRZLockBusy        0 times
00:31:29.293191 /PDM/CritSects/pit#0/ContentionRZUnlock        0 times
00:31:29.293194 /PDM/CritSects/pit#0/ContentionRZWait        0 ticks/time (           0 ticks,       0 times, max         0, min      -1)
00:31:29.293198 /PDM/CritSects/usb-ehci#0Auto/ContentionR3        0 times
00:31:29.293201 /PDM/CritSects/usb-ehci#0Auto/ContentionR3Wait        0 ticks/time (           0 ticks,       0 times, max         0, min      -1)
00:31:29.293204 /PDM/CritSects/usb-ehci#0Auto/ContentionRZLock        0 times
00:31:29.293207 /PDM/CritSects/usb-ehci#0Auto/ContentionRZLockBusy        0 times
00:31:29.293210 /PDM/CritSects/usb-ehci#0Auto/ContentionRZUnlock        0 times
00:31:29.293213 /PDM/CritSects/usb-ehci#0Auto/ContentionRZWait        0 ticks/time (           0 ticks,       0 times, max         0, min      -1)
00:31:29.293217 /PDM/CritSects/usb-ohci#0Auto/ContentionR3        0 times
00:31:29.293220 /PDM/CritSects/usb-ohci#0Auto/ContentionR3Wait        0 ticks/time (           0 ticks,       0 times, max         0, min      -1)
00:31:29.293223 /PDM/CritSects/usb-ohci#0Auto/ContentionRZLock        0 times
00:31:29.293227 /PDM/CritSects/usb-ohci#0Auto/ContentionRZLockBusy        0 times
00:31:29.293230 /PDM/CritSects/usb-ohci#0Auto/ContentionRZUnlock        0 times
00:31:29.293233 /PDM/CritSects/usb-ohci#0Auto/ContentionRZWait        0 ticks/time (           0 ticks,       0 times, max         0, min      -1)
00:31:29.293237 /PDM/CritSectsRw/00-EnterSharedWhileAborting        0 times
00:31:29.293240 /PDM/CritSectsRw/00-Excl-Non-interruptible-Waits-VINF_SUCCESS        0 times
00:31:29.293244 /PDM/CritSectsRw/00-Excl-VERR_INTERRUPTED        0 times
00:31:29.293247 /PDM/CritSectsRw/00-Excl-VERR_TIMEOUT        0 times
00:31:29.293250 /PDM/CritSectsRw/00-Shared-Non-interruptible-Waits-VINF_SUCCESS        0 times
00:31:29.293254 /PDM/CritSectsRw/00-Shared-VERR_INTERRUPTED        0 times
00:31:29.293257 /PDM/CritSectsRw/00-Shared-VERR_TIMEOUT        0 times
00:31:29.293260 /PDM/CritSectsRw/IOM Lock/ContentionR3EnterExcl        0 times
00:31:29.293264 /PDM/CritSectsRw/IOM Lock/ContentionR3EnterShared        0 times
00:31:29.293267 /PDM/CritSectsRw/IOM Lock/ContentionR3LeaveExcl        0 times
00:31:29.293271 /PDM/CritSectsRw/IOM Lock/ContentionRZEnterExcl        0 times
00:31:29.293274 /PDM/CritSectsRw/IOM Lock/ContentionRZEnterShared        0 times
00:31:29.293277 /PDM/CritSectsRw/IOM Lock/ContentionRZLeaveExcl        0 times
00:31:29.293280 /PDM/CritSectsRw/IOM Lock/ContentionRZLeaveShared        0 times
00:31:29.293283 /PDM/CritSectsRw/IOM Lock/R3EnterExcl      105 times
00:31:29.293286 /PDM/CritSectsRw/IOM Lock/R3EnterShared  1708935 times
00:31:29.293354 /PDM/CritSectsRw/IOM Lock/RZEnterExcl        0 times
00:31:29.293359 /PDM/CritSectsRw/IOM Lock/RZEnterShared        0 times
00:31:29.293363 /PDM/CritSectsRw/TM real queue alloc lock/ContentionR3EnterExcl        0 times
00:31:29.293366 /PDM/CritSectsRw/TM real queue alloc lock/ContentionR3EnterShared        0 times
00:31:29.293369 /PDM/CritSectsRw/TM real queue alloc lock/ContentionR3LeaveExcl        0 times
00:31:29.293373 /PDM/CritSectsRw/TM real queue alloc lock/ContentionRZEnterExcl        0 times
00:31:29.293376 /PDM/CritSectsRw/TM real queue alloc lock/ContentionRZEnterShared        0 times
00:31:29.293379 /PDM/CritSectsRw/TM real queue alloc lock/ContentionRZLeaveExcl        0 times
00:31:29.293382 /PDM/CritSectsRw/TM real queue alloc lock/ContentionRZLeaveShared        0 times
00:31:29.293386 /PDM/CritSectsRw/TM real queue alloc lock/R3EnterExcl        8 times
00:31:29.293389 /PDM/CritSectsRw/TM real queue alloc lock/R3EnterShared        5 times
00:31:29.293392 /PDM/CritSectsRw/TM real queue alloc lock/RZEnterExcl        0 times
00:31:29.293395 /PDM/CritSectsRw/TM real queue alloc lock/RZEnterShared        0 times
00:31:29.293399 /PDM/CritSectsRw/TM tsc queue alloc lock/ContentionR3EnterExcl        0 times
00:31:29.293402 /PDM/CritSectsRw/TM tsc queue alloc lock/ContentionR3EnterShared        0 times
00:31:29.293405 /PDM/CritSectsRw/TM tsc queue alloc lock/ContentionR3LeaveExcl        0 times
00:31:29.293409 /PDM/CritSectsRw/TM tsc queue alloc lock/ContentionRZEnterExcl        0 times
00:31:29.293412 /PDM/CritSectsRw/TM tsc queue alloc lock/ContentionRZEnterShared        0 times
00:31:29.293415 /PDM/CritSectsRw/TM tsc queue alloc lock/ContentionRZLeaveExcl        0 times
00:31:29.293418 /PDM/CritSectsRw/TM tsc queue alloc lock/ContentionRZLeaveShared        0 times
00:31:29.293421 /PDM/CritSectsRw/TM tsc queue alloc lock/R3EnterExcl        0 times
00:31:29.293425 /PDM/CritSectsRw/TM tsc queue alloc lock/R3EnterShared        5 times
00:31:29.293428 /PDM/CritSectsRw/TM tsc queue alloc lock/RZEnterExcl        0 times
00:31:29.293431 /PDM/CritSectsRw/TM tsc queue alloc lock/RZEnterShared        0 times
00:31:29.293434 /PDM/CritSectsRw/TM virtual queue alloc lock/ContentionR3EnterExcl        0 times
00:31:29.293438 /PDM/CritSectsRw/TM virtual queue alloc lock/ContentionR3EnterShared        0 times
00:31:29.293440 /PDM/CritSectsRw/TM virtual queue alloc lock/ContentionR3LeaveExcl        0 times
00:31:29.293443 /PDM/CritSectsRw/TM virtual queue alloc lock/ContentionRZEnterExcl        0 times
00:31:29.293446 /PDM/CritSectsRw/TM virtual queue alloc lock/ContentionRZEnterShared        0 times
00:31:29.293449 /PDM/CritSectsRw/TM virtual queue alloc lock/ContentionRZLeaveExcl        0 times
00:31:29.293453 /PDM/CritSectsRw/TM virtual queue alloc lock/ContentionRZLeaveShared        0 times
00:31:29.293456 /PDM/CritSectsRw/TM virtual queue alloc lock/R3EnterExcl       11 times
00:31:29.293460 /PDM/CritSectsRw/TM virtual queue alloc lock/R3EnterShared        5 times
00:31:29.293463 /PDM/CritSectsRw/TM virtual queue alloc lock/RZEnterExcl        0 times
00:31:29.293466 /PDM/CritSectsRw/TM virtual queue alloc lock/RZEnterShared        0 times
00:31:29.293469 /PDM/CritSectsRw/TM virtual_sync queue alloc lock/ContentionR3EnterExcl        0 times
00:31:29.293473 /PDM/CritSectsRw/TM virtual_sync queue alloc lock/ContentionR3EnterShared        0 times
00:31:29.293476 /PDM/CritSectsRw/TM virtual_sync queue alloc lock/ContentionR3LeaveExcl        0 times
00:31:29.293479 /PDM/CritSectsRw/TM virtual_sync queue alloc lock/ContentionRZEnterExcl        0 times
00:31:29.293483 /PDM/CritSectsRw/TM virtual_sync queue alloc lock/ContentionRZEnterShared        0 times
00:31:29.293486 /PDM/CritSectsRw/TM virtual_sync queue alloc lock/ContentionRZLeaveExcl        0 times
00:31:29.293489 /PDM/CritSectsRw/TM virtual_sync queue alloc lock/ContentionRZLeaveShared        0 times
00:31:29.293493 /PDM/CritSectsRw/TM virtual_sync queue alloc lock/R3EnterExcl       10 times
00:31:29.293497 /PDM/CritSectsRw/TM virtual_sync queue alloc lock/R3EnterShared        5 times
00:31:29.293501 /PDM/CritSectsRw/TM virtual_sync queue alloc lock/RZEnterExcl        0 times
00:31:29.293504 /PDM/CritSectsRw/TM virtual_sync queue alloc lock/RZEnterShared        0 times
00:31:29.293508 /PDM/Queue/DevHlp/AllocFailures         0 times
00:31:29.293511 /PDM/Queue/DevHlp/Flush                 0 calls
00:31:29.293515 /PDM/Queue/DevHlp/FlushLeftovers        0 times
00:31:29.293518 /PDM/Queue/DevHlp/Insert                0 calls
00:31:29.293522 /PDM/Queue/DevHlp/cItems               16 count
00:31:29.293525 /PDM/Queue/DevHlp/cbItem               56 bytes
00:31:29.293529 /PDM/Queue/DevHlp/rcOkay                0 
00:31:29.293533 /PDM/Queue/Keyboard/AllocFailures        0 times
00:31:29.293536 /PDM/Queue/Keyboard/Flush               0 calls
00:31:29.293540 /PDM/Queue/Keyboard/FlushLeftovers        0 times
00:31:29.293543 /PDM/Queue/Keyboard/Insert            962 calls
00:31:29.293547 /PDM/Queue/Keyboard/cItems             64 count
00:31:29.293550 /PDM/Queue/Keyboard/cbItem             16 bytes
00:31:29.293554 /PDM/Queue/Keyboard/rcOkay              0 
00:31:29.293557 /PDM/Queue/Mouse/AllocFailures          0 times
00:31:29.293560 /PDM/Queue/Mouse/Flush                  0 calls
00:31:29.293564 /PDM/Queue/Mouse/FlushLeftovers         0 times
00:31:29.293567 /PDM/Queue/Mouse/Insert                 0 calls
00:31:29.293571 /PDM/Queue/Mouse/cItems               128 count
00:31:29.293574 /PDM/Queue/Mouse/cbItem                32 bytes
00:31:29.293578 /PDM/Queue/Mouse/rcOkay                 0 
00:31:29.293582 /PDM/Queue/Mouse_1/AllocFailures        0 times
00:31:29.293585 /PDM/Queue/Mouse_1/Flush                0 calls
00:31:29.293588 /PDM/Queue/Mouse_1/FlushLeftovers        0 times
00:31:29.293591 /PDM/Queue/Mouse_1/Insert            2560 calls
00:31:29.293594 /PDM/Queue/Mouse_1/cItems             128 count
00:31:29.293598 /PDM/Queue/Mouse_1/cbItem              32 bytes
00:31:29.293601 /PDM/Queue/Mouse_1/rcOkay               0 
00:31:29.293605 /PDM/Tasks/000-E1000-Xmit-retriggered        0 times
00:31:29.293609 /PDM/Tasks/000-E1000-Xmit-runs          5 times
00:31:29.293612 /PGM/CPU0/R3/Page/MapTlbMisses          0 times
00:31:29.293615 /PGM/CPU0/R3/RamRange/TlbLocking        0 times
00:31:29.293619 /PGM/CPU0/R3/RamRange/TlbMisses        44 times
00:31:29.293622 /PGM/CPU0/RZ/Page/MapTlbMisses          0 times
00:31:29.293626 /PGM/CPU0/RZ/RamRange/TlbLocking        0 times
00:31:29.293629 /PGM/CPU0/RZ/RamRange/TlbMisses         0 times
00:31:29.293632 /PGM/CPU0/cA20Changes                   2 times
00:31:29.293636 /PGM/CPU0/cGuestModeChanges           145 times
00:31:29.293639 /PGM/CPU1/R3/Page/MapTlbMisses          0 times
00:31:29.293642 /PGM/CPU1/R3/RamRange/TlbLocking        0 times
00:31:29.293645 /PGM/CPU1/R3/RamRange/TlbMisses        50 times
00:31:29.293649 /PGM/CPU1/RZ/Page/MapTlbMisses          0 times
00:31:29.293652 /PGM/CPU1/RZ/RamRange/TlbLocking        0 times
00:31:29.293655 /PGM/CPU1/RZ/RamRange/TlbMisses         0 times
00:31:29.293659 /PGM/CPU1/cA20Changes                   0 times
00:31:29.293662 /PGM/CPU1/cGuestModeChanges             2 times
00:31:29.293665 /PGM/ChunkR3Map/Mapped                  0 count
00:31:29.293668 /PGM/ChunkR3Map/Unmapped                0 count
00:31:29.293672 /PGM/ChunkR3Map/c                       0 count
00:31:29.293675 /PGM/ChunkR3Map/cMax             4294967295 count
00:31:29.293679 /PGM/LargePage/Alloc                    0 ns/call (           0 ns,       0 calls, max         0, min      -1)
00:31:29.293684 /PGM/LargePage/AllocFailed              0 times
00:31:29.293687 /PGM/LargePage/Overflow                 0 times
00:31:29.293690 /PGM/LargePage/Recheck                  0 times
00:31:29.293694 /PGM/LargePage/Refused                  0 times
00:31:29.293697 /PGM/LargePage/Reused                   0 times
00:31:29.293700 /PGM/LargePage/TlbFlush                 0 times
00:31:29.293704 /PGM/LargePage/ZeroEvict                0 times
00:31:29.293710 /PGM/Mmio2QueryAndResetDirtyBitmap        0 ticks/call (           0 ticks,       0 calls, max         0, min      -1)
00:31:29.293715 /PGM/Page/cAllPages                529969 count
00:31:29.293719 /PGM/Page/cBalloonedPages               0 count
00:31:29.293723 /PGM/Page/cHandyPages                   0 count
00:31:29.293726 /PGM/Page/cLargePages                   0 count
00:31:29.293730 /PGM/Page/cLargePagesDisabled           0 count
00:31:29.293734 /PGM/Page/cMonitoredPages               0 count
00:31:29.293737 /PGM/Page/cPrivatePages            529899 count
00:31:29.293741 /PGM/Page/cPureMmioPages               70 count
00:31:29.293744 /PGM/Page/cReadLockedPages              0 count
00:31:29.293748 /PGM/Page/cReusedSharedPages            0 count
00:31:29.293751 /PGM/Page/cSharedPages                  0 count
00:31:29.293755 /PGM/Page/cWriteLockedPages             0 count
00:31:29.293758 /PGM/Page/cWrittenToPages               0 count
00:31:29.293762 /PGM/Page/cZeroPages                    0 count
00:31:29.293765 /PGM/PhysHandlerTree/ErrorsAllocatorR3        0 times
00:31:29.293768 /PGM/PhysHandlerTree/ErrorsTree         0 times
00:31:29.293772 /PGM/PhysHandlerTree/Inserts           17 times
00:31:29.293775 /PGM/PhysHandlerTree/MaxHandlers     6144 times
00:31:29.293779 /PGM/PhysHandlerTree/RebalancingOperations        6 times
00:31:29.293782 /PGM/PhysHandlerTree/Removals           4 times
00:31:29.293786 /PGM/Pool/Grow                          0 ticks/call (           0 ticks,       0 calls, max         0, min      -1)
00:31:29.293790 /PGM/ShMod/Check                        0 ticks/call (           0 ticks,       0 calls, max         0, min      -1)
00:31:29.293794 /PROF/CPU0/EM/Capped                    0 ticks/call (           0 ticks,       0 calls, max         0, min      -1)
00:31:29.293799 /PROF/CPU0/EM/ForcedActions         98958 times
00:31:29.293802 /PROF/CPU0/EM/HMExec                    0 ticks/call (           0 ticks,       0 calls, max         0, min      -1)
00:31:29.293806 /PROF/CPU0/EM/HMExecuteCalled           0 times
00:31:29.293810 /PROF/CPU0/EM/Halted                88727 times
00:31:29.293813 /PROF/CPU0/EM/NEMExec             2402374 ticks/call (222601654291 ticks,   92659 calls, max 1435205348, min   57160)
00:31:29.293818 /PROF/CPU0/EM/NEMExecuteCalled      85447 times
00:31:29.293821 /PROF/CPU0/EM/REMTotal                  1 times
00:31:29.293825 /PROF/CPU0/EM/RecordedExits       1184455 times
00:31:29.293829 /PROF/CPU0/EM/Total              814452869479 ticks/call (4886717216876 ticks,       6 calls, max 3041398410524, min 9910540639)
00:31:29.293834 /PROF/CPU0/VM/Halt/Block         20741381 ns/call (1784360283252 ns,   86029 calls, max 501459058, min       1)
00:31:29.293839 /PROF/CPU0/VM/Halt/BlockInsomnia 20713483 ns/call (1781856671519 ns,   86024 calls, max 499783510, min       1)
00:31:29.293843 /PROF/CPU0/VM/Halt/BlockOnTime          0 ns/call (           0 ns,       0 calls, max         0, min      -1)
00:31:29.293847 /PROF/CPU0/VM/Halt/BlockOverslept   722772 ns/call (     3613863 ns,       5 calls, max   1459156, min  100375)
00:31:29.293851 /PROF/CPU0/VM/Halt/R0HaltBlock          0 ns/call (           0 ns,       0 calls, max         0, min      -1)
00:31:29.293855 /PROF/CPU0/VM/Halt/R0HaltBlockInsomnia        0 ns/call (           0 ns,       0 calls, max         0, min      -1)
00:31:29.293859 /PROF/CPU0/VM/Halt/R0HaltBlockOnTime        0 ns/call (           0 ns,       0 calls, max         0, min      -1)
00:31:29.293863 /PROF/CPU0/VM/Halt/R0HaltBlockOverslept        0 ns/call (           0 ns,       0 calls, max         0, min      -1)
00:31:29.293867 /PROF/CPU0/VM/Halt/R0HaltExec           0 times
00:31:29.293871 /PROF/CPU0/VM/Halt/R0HaltExec/FromBlock        0 times
00:31:29.293874 /PROF/CPU0/VM/Halt/R0HaltExec/FromSpin        0 times
00:31:29.293878 /PROF/CPU0/VM/Halt/R0HaltHistoryCounter        0 times
00:31:29.293881 /PROF/CPU0/VM/Halt/R0HaltHistorySucceeded        0 times
00:31:29.293884 /PROF/CPU0/VM/Halt/R0HaltHistoryToRing3        0 times
00:31:29.293889 /PROF/CPU0/VM/Halt/R0HaltToR3           0 times
00:31:29.293893 /PROF/CPU0/VM/Halt/R0HaltToR3/FromSpin        0 times
00:31:29.293896 /PROF/CPU0/VM/Halt/R0HaltToR3/Other        0 times
00:31:29.293899 /PROF/CPU0/VM/Halt/R0HaltToR3/PendingFF        0 times
00:31:29.293902 /PROF/CPU0/VM/Halt/R0HaltToR3/PostWaitNoInt        0 times
00:31:29.293906 /PROF/CPU0/VM/Halt/R0HaltToR3/PostWaitPendingFF        0 times
00:31:29.293909 /PROF/CPU0/VM/Halt/R0HaltToR3/SmallDelta        0 times
00:31:29.293912 /PROF/CPU0/VM/Halt/Timers             429 ns/call (    73751688 ns,  171793 calls, max   1058431, min       1)
00:31:29.293916 /PROF/CPU0/VM/Halt/Yield                0 ns/call (           0 ns,       0 calls, max         0, min      -1)
00:31:29.293920 /PROF/CPU1/EM/Capped                    0 ticks/call (           0 ticks,       0 calls, max         0, min      -1)
00:31:29.293925 /PROF/CPU1/EM/ForcedActions        173200 times
00:31:29.293929 /PROF/CPU1/EM/HMExec                    0 ticks/call (           0 ticks,       0 calls, max         0, min      -1)
00:31:29.293932 /PROF/CPU1/EM/HMExecuteCalled           0 times
00:31:29.293936 /PROF/CPU1/EM/Halted               121512 times
00:31:29.293940 /PROF/CPU1/EM/NEMExec             1472815 ticks/call (248838035270 ticks,  168954 calls, max 1106779940, min   31984)
00:31:29.293944 /PROF/CPU1/EM/NEMExecuteCalled     125064 times
00:31:29.293948 /PROF/CPU1/EM/REMTotal                  0 times
00:31:29.293952 /PROF/CPU1/EM/RecordedExits       1399726 times
00:31:29.293956 /PROF/CPU1/EM/Total              814459351064 ticks/call (4886756106387 ticks,       6 calls, max 3041398379274, min 9949228208)
00:31:29.293960 /PROF/CPU1/VM/Halt/Block          7184440 ns/call (1769915714082 ns,  246354 calls, max 224367394, min       1)
00:31:29.293964 /PROF/CPU1/VM/Halt/BlockInsomnia  7526819 ns/call (1113322012516 ns,  147914 calls, max 224367394, min       1)
00:31:29.293968 /PROF/CPU1/VM/Halt/BlockOnTime    5723625 ns/call ( 48398975485 ns,    8456 calls, max 174183482, min    2418)
00:31:29.293973 /PROF/CPU1/VM/Halt/BlockOverslept   725032 ns/call ( 65241302182 ns,   89984 calls, max  45882683, min   50008)
00:31:29.293977 /PROF/CPU1/VM/Halt/R0HaltBlock          0 ns/call (           0 ns,       0 calls, max         0, min      -1)
00:31:29.293981 /PROF/CPU1/VM/Halt/R0HaltBlockInsomnia        0 ns/call (           0 ns,       0 calls, max         0, min      -1)
00:31:29.293984 /PROF/CPU1/VM/Halt/R0HaltBlockOnTime        0 ns/call (           0 ns,       0 calls, max         0, min      -1)
00:31:29.293988 /PROF/CPU1/VM/Halt/R0HaltBlockOverslept        0 ns/call (           0 ns,       0 calls, max         0, min      -1)
00:31:29.293992 /PROF/CPU1/VM/Halt/R0HaltExec           0 times
00:31:29.293995 /PROF/CPU1/VM/Halt/R0HaltExec/FromBlock        0 times
00:31:29.293998 /PROF/CPU1/VM/Halt/R0HaltExec/FromSpin        0 times
00:31:29.294002 /PROF/CPU1/VM/Halt/R0HaltHistoryCounter        0 times
00:31:29.294005 /PROF/CPU1/VM/Halt/R0HaltHistorySucceeded        0 times
00:31:29.294009 /PROF/CPU1/VM/Halt/R0HaltHistoryToRing3        0 times
00:31:29.294012 /PROF/CPU1/VM/Halt/R0HaltToR3           0 times
00:31:29.294016 /PROF/CPU1/VM/Halt/R0HaltToR3/FromSpin        0 times
00:31:29.294019 /PROF/CPU1/VM/Halt/R0HaltToR3/Other        0 times
00:31:29.294057 /PROF/CPU1/VM/Halt/R0HaltToR3/PendingFF        0 times
00:31:29.294062 /PROF/CPU1/VM/Halt/R0HaltToR3/PostWaitNoInt        0 times
00:31:29.294065 /PROF/CPU1/VM/Halt/R0HaltToR3/PostWaitPendingFF        0 times
00:31:29.294069 /PROF/CPU1/VM/Halt/R0HaltToR3/SmallDelta        0 times
00:31:29.294078 /PROF/CPU1/VM/Halt/Timers            8602 ns/call (  3576213445 ns,  415703 calls, max  20653028, min       2)
00:31:29.294082 /PROF/CPU1/VM/Halt/Yield             3114 ns/call (     1330005 ns,     427 calls, max     29377, min       1)
00:31:29.294087 /Public/NetAdapter/0/BytesReceived    56273 bytes
00:31:29.294091 /Public/NetAdapter/0/BytesTransmitted    21256 bytes
00:31:29.294096 /Public/NetAdapter/0/e1000              0 
00:31:29.294100 /Public/Storage/AHCI0/Port0/BytesRead 1281883136 bytes
00:31:29.294109 /Public/Storage/AHCI0/Port0/BytesWritten 985039872 bytes
00:31:29.294112 /Public/Storage/AHCI0/Port0/QueryBufAttempts        0 count
00:31:29.294116 /Public/Storage/AHCI0/Port0/QueryBufSuccess        0 count
00:31:29.294124 /Public/Storage/AHCI0/Port0/ReqsFlush      346 count
00:31:29.294128 /Public/Storage/AHCI0/Port0/ReqsRead    36748 count
00:31:29.294131 /Public/Storage/AHCI0/Port0/ReqsSubmitted    41695 count
00:31:29.294134 /Public/Storage/AHCI0/Port0/ReqsSucceeded    41695 count
00:31:29.294138 /Public/Storage/AHCI0/Port0/ReqsWrite     4601 count
00:31:29.294141 /Public/Storage/PIIX3IDE0/Port2/BytesRead   460800 bytes
00:31:29.294145 /Public/Storage/PIIX3IDE0/Port2/QueryBufAttempts        0 count
00:31:29.294148 /Public/Storage/PIIX3IDE0/Port2/QueryBufSuccess        0 count
00:31:29.294152 /Public/Storage/PIIX3IDE0/Port2/ReqsRead      113 count
00:31:29.294155 /Public/Storage/PIIX3IDE0/Port2/ReqsSubmitted      113 count
00:31:29.294158 /Public/Storage/PIIX3IDE0/Port2/ReqsSucceeded      113 count
00:31:29.294161 /SELM/LoadHidSel/GstReadErrors          0 times
00:31:29.294165 /SELM/LoadHidSel/NoGoodGuest            0 times
00:31:29.294168 /TM/CPU/00/cNsExecuting          48586334422 ns
00:31:29.294172 /TM/CPU/00/cNsHalted             1784586506395 ns
00:31:29.294176 /TM/CPU/00/cNsOther              38265238662 ns
00:31:29.294179 /TM/CPU/00/cNsTotal              1871438079479 ns
00:31:29.294195 /TM/CPU/00/cPeriodsExecuting      1096251 count
00:31:29.294207 /TM/CPU/00/cPeriodsHalted           85764 count
00:31:29.294211 /TM/CPU/00/pctExecuting                 0 %
00:31:29.294215 /TM/CPU/00/pctHalted                   98 %
00:31:29.294219 /TM/CPU/00/pctOther                     1 %
00:31:29.294223 /TM/CPU/01/cNsExecuting          44894947420 ns
00:31:29.294226 /TM/CPU/01/cNsHalted             1773990773742 ns
00:31:29.294230 /TM/CPU/01/cNsOther              52590972107 ns
00:31:29.294234 /TM/CPU/01/cNsTotal              1871476693269 ns
00:31:29.294237 /TM/CPU/01/cPeriodsExecuting      1242400 count
00:31:29.294240 /TM/CPU/01/cPeriodsHalted          118480 count
00:31:29.294244 /TM/CPU/01/pctExecuting                 0 %
00:31:29.294248 /TM/CPU/01/pctHalted                   98 %
00:31:29.294252 /TM/CPU/01/pctOther                     1 %
00:31:29.294256 /TM/CPU/pctExecuting                    0 %
00:31:29.294260 /TM/CPU/pctHalted                      98 %
00:31:29.294264 /TM/CPU/pctOther                        1 %
00:31:29.294268 /TM/MaxHzHint                           0 Hz
00:31:29.294272 /TM/MaxHzHint/real                      0 Hz
00:31:29.294276 /TM/MaxHzHint/tsc                       0 Hz
00:31:29.294279 /TM/MaxHzHint/virtual                   0 Hz
00:31:29.294283 /TM/MaxHzHint/virtual_sync              0 Hz
00:31:29.294286 /TM/PIT/Handler                         0 ticks/call (           0 ticks,       0 calls, max         0, min      -1)
00:31:29.294291 /TM/PIT/Irq                             0 times
00:31:29.294296 /TM/R3/1nsSteps                     61933 times
00:31:29.294300 /TM/TSC/offCPU0                         0 ticks
00:31:29.294304 /TM/TSC/offCPU1                         0 ticks
00:31:29.294308 /TM/VirtualSync/CurrentOffset    80099673 ns
00:31:29.294312 /TRPM/ForwardRaw/IRQ/20                27 times
00:31:29.294316 /TRPM/ForwardRaw/IRQ/21                 1 times
00:31:29.294319 /TRPM/ForwardRaw/IRQ/22              2447 times
00:31:29.294323 /TRPM/ForwardRaw/IRQ/23                19 times
00:31:29.294327 /TRPM/ForwardRaw/IRQ/24               965 times
00:31:29.294330 /TRPM/ForwardRaw/IRQ/25             19350 times
00:31:29.294334 /TRPM/ForwardRaw/IRQ/26               422 times
00:31:29.294338 /TRPM/ForwardRaw/IRQ/27               424 times
00:31:29.294342 /TRPM/ForwardRaw/IRQ/28                21 times
00:31:29.294355 /TRPM/ForwardRaw/IRQ/EC            123720 times
00:31:29.294362 /TRPM/ForwardRaw/IRQ/F8                 1 times
00:31:29.294367 /TRPM/ForwardRaw/IRQ/FB             50948 times
00:31:29.294370 /TRPM/ForwardRaw/IRQ/FD             11966 times
00:31:29.294375 /TRPM/ForwardRaw/TRAP/08              183 times
00:31:29.294379 /VMM/EmtHashCollisions/Emt00            0 times
00:31:29.294383 /VMM/EmtHashCollisions/Emt01            0 times
00:31:29.294387 /VMM/LogFlush/00-Flushes                0 times
00:31:29.294391 /VMM/LogFlush/00-NoWakups               0 times
00:31:29.294395 /VMM/LogFlush/CPU0/Rel/cbBuf         4096 bytes
00:31:29.294400 /VMM/LogFlush/CPU1/Rel/cbBuf         4096 bytes
00:31:29.294404 /VUSB/0/cUrbsInPool                     0 count
00:31:29.294408 /VUSB/1/cUrbsInPool                     0 count
00:31:29.294413 ********************* End of statistics **********************
00:31:29.294474 VUSB: Detached 'HidMouse' from port 1 on RootHub#1
00:31:29.296472 E1000#0: Interrupt attempts: 1534
00:31:29.296493 E1000#0: Interrupts raised : 1214
00:31:29.296497 E1000#0: Interrupts lowered: 0
00:31:29.296500 E1000#0: ICR outside ISR   : 0
00:31:29.296502 E1000#0: IMS raised ints   : 50
00:31:29.296505 E1000#0: Interrupts skipped: 194
00:31:29.296508 E1000#0: Masked interrupts : 126
00:31:29.296511 E1000#0: Early interrupts  : 0
00:31:29.296514 E1000#0: Late interrupts   : 43
00:31:29.296517 E1000#0: Lost interrupts   : 0
00:31:29.296520 E1000#0: Interrupts by RX  : 139
00:31:29.296523 E1000#0: Interrupts by TX  : 208
00:31:29.296525 E1000#0: Interrupts by ICS : 922
00:31:29.296528 E1000#0: Interrupts by RDTR: 0
00:31:29.296531 E1000#0: Interrupts by RDMT: 0
00:31:29.296534 E1000#0: Interrupts by TXQE: 0
00:31:29.296537 E1000#0: TX int delay asked: 0
00:31:29.296540 E1000#0: TX delayed:         0
00:31:29.296543 E1000#0: TX delay expired:   0
00:31:29.296545 E1000#0: TX no report asked: 64
00:31:29.296548 E1000#0: TX abs timer expd : 0
00:31:29.296552 E1000#0: TX int timer expd : 0
00:31:29.296555 E1000#0: RX abs timer expd : 0
00:31:29.296558 E1000#0: RX int timer expd : 0
00:31:29.296560 E1000#0: TX CTX descriptors: 58
00:31:29.296564 E1000#0: TX DAT descriptors: 64
00:31:29.296567 E1000#0: TX LEG descriptors: 150
00:31:29.296570 E1000#0: Received frames   : 139
00:31:29.296573 E1000#0: Transmitted frames: 208
00:31:29.296576 E1000#0: TX frames up to 1514: 208
00:31:29.296579 E1000#0: TX frames up to 2962: 0
00:31:29.296582 E1000#0: TX frames up to 4410: 0
00:31:29.296585 E1000#0: TX frames up to 5858: 0
00:31:29.296588 E1000#0: TX frames up to 7306: 0
00:31:29.296591 E1000#0: TX frames up to 8754: 0
00:31:29.296594 E1000#0: TX frames up to 16384: 0
00:31:29.296597 E1000#0: TX frames up to 32768: 0
00:31:29.296600 E1000#0: Larger TX frames    : 0
00:31:29.296603 E1000#0: Max TX Delay        : 0
00:31:29.298138 GIM: KVM: Resetting MSRs
00:31:29.298186 NEM: Destroying partition 000002075717dfe0 with its 2 VCpus...
00:31:29.342775 vmmR3LogFlusher: Terminating (VERR_OBJECT_DESTROYED)
00:31:29.342891 Changing the VM state from 'DESTROYING' to 'TERMINATED'
00:31:29.342907 Console: Machine state changed to 'PoweredOff'
00:31:29.360400 GUI: Request to close Runtime UI because VM is powered off.
00:31:29.360423 GUI: Request for async QApp quit.
00:31:29.382938 GUI: UICommon: Handling aboutToQuit request..
00:31:30.385807 GUI: UICommon: aboutToQuit request handled!
