00:00:12.927102 VirtualBox VM 7.1.4 r165100 win.amd64 (Oct 10 2024 18:57:17) release log
00:00:12.927104 Log opened 2026-04-30T19:49:44.439781600Z
00:00:12.927104 Build Type: release
00:00:12.927107 OS Product: Windows 11
00:00:12.927108 OS Release: 10.0.22621
00:00:12.927108 OS Service Pack: 
00:00:13.193670 DMI Product Name: MCLG-XX
00:00:13.203423 DMI Product Version: M1010
00:00:13.203449 Firmware type: UEFI
00:00:13.204452 Secure Boot: Enabled
00:00:13.204477 Host RAM: 16105MB (15.7GB) total, 8696MB (8.4GB) available
00:00:13.204483 Executable: C:\Program Files\Oracle\VirtualBox\VirtualBoxVM.exe
00:00:13.204484 Process ID: 13452
00:00:13.204485 Package type: WINDOWS_64BITS_GENERIC
00:00:13.204486 Windows Features:
00:00:13.204486   Core Isolation (Memory Integrity): ENABLED
00:00:13.206007 Installed Extension Packs:
00:00:13.206050   None installed!
00:00:13.207073 Console: Machine state changed to 'Starting'
00:00:13.207340 GUI: Qt version: 6.5.3
00:00:13.207361 GUI: HID LEDs sync is enabled
00:00:13.216911 GUI: UIMediumEnumerator: Medium-enumeration finished!
00:00:13.261624 GUI: Cannot notify guest about VM window out-of-focus event
00:00:13.280806 SUP: Opened VMMR0.r0 (C:\Program Files\Oracle\VirtualBox/VMMR0.r0) at 0xXXXXXXXXXXXXXXXX loaded by the native ring-0 loader.
00:00:13.280840 SUP: windbg> .reload /f C:\Program Files\Oracle\VirtualBox/VMMR0.r0=0xXXXXXXXXXXXXXXXX
00:00:13.304355 Guest architecture: x86
00:00:13.304454 Guest OS type: 'Ubuntu_64'
00:00:13.305516 fHMForced=true - No raw-mode support in this build!
00:00:13.305539 Using execution engine 1
00:00:13.309829 File system of 'C:\Program Files\Oracle\VirtualBox/VBoxGuestAdditions.iso' (DVD) is ntfs
00:00:13.312726 File system of 'D:\Учеба\АСУЭП\ПР10\VM1-PostgreSQL\VM1-PostgreSQL.vdi' is ntfs
00:00:13.477854 Shared Clipboard: Initialized OLE
00:00:13.477902 Shared Clipboard: Service loaded
00:00:13.477908 Shared Clipboard: Mode: Bidirectional
00:00:13.477993 Shared Clipboard: Service running in normal mode
00:00:13.492445 Drag and drop service loaded
00:00:13.492468 Drag and drop mode: Bidirectional
00:00:13.493375 Audio: Detected default audio driver type is 'HostAudioWas'
00:00:13.497982 ERROR [COM]: aRC=VBOX_E_IPRT_ERROR (0x80bb0005) aIID={6ac83d89-6ee7-4e33-8ae6-b257b2e81be8} aComponent={ConsoleWrap} aText={The VBoxGuestPropSvc service call failed with the error VERR_HGCM_SERVICE_NOT_FOUND}, preserve=false aResultDetail=-2900
00:00:13.498304 ************************* CFGM dump *************************
00:00:13.498309 [/] (level 0)
00:00:13.498311   CpuExecutionCap   <integer> = 0x0000000000000064 (100)
00:00:13.498313   EnablePAE         <integer> = 0x0000000000000001 (1)
00:00:13.498314   HMEnabled         <integer> = 0x0000000000000001 (1)
00:00:13.498314   MemBalloonSize    <integer> = 0x0000000000000000 (0, 0 B)
00:00:13.498318   Name              <string>  = "VM1-PostgreSQL" (cb=15)
00:00:13.498319   NumCPUs           <integer> = 0x0000000000000002 (2)
00:00:13.498320   PageFusionAllowed <integer> = 0x0000000000000000 (0)
00:00:13.498320   RamHoleSize       <integer> = 0x0000000020000000 (536 870 912, 512.0 MiB)
00:00:13.498322   RamSize           <integer> = 0x0000000080000000 (2 147 483 648, 2.0 GiB)
00:00:13.498322   TimerMillies      <integer> = 0x000000000000000a (10)
00:00:13.498323   UUID              <bytes>   = "3c dc ac 0c a8 39 da 4d 82 53 d9 5d af 90 5d f6" (cb=16)
00:00:13.498325 
00:00:13.498325 [/CPUM/] (level 1)
00:00:13.498326   Enable64bit        <integer> = 0x0000000000000001 (1)
00:00:13.498327   GuestCpuName       <string>  = "host" (cb=5)
00:00:13.498327   NestedHWVirt       <integer> = 0x0000000000000000 (0)
00:00:13.498328   PortableCpuIdLevel <integer> = 0x0000000000000000 (0)
00:00:13.498328   SpecCtrl           <integer> = 0x0000000000000000 (0)
00:00:13.498329 
00:00:13.498329 [/CPUM/IsaExts/] (level 2)
00:00:13.498330 
00:00:13.498330 [/DBGC/] (level 1)
00:00:13.498331   GlobalInitScript <string>  = "C:\Users\nikni\.VirtualBox/dbgc-init" (cb=37)
00:00:13.498332   HistoryFile      <string>  = "C:\Users\nikni\.VirtualBox/dbgc-history" (cb=40)
00:00:13.498332   LocalInitScript  <string>  = "D:\Учеба\АСУЭП\ПР10\VM1-PostgreSQL/dbgc-init" (cb=57)
00:00:13.498333 
00:00:13.498333 [/DBGF/] (level 1)
00:00:13.498333   Path <string>  = "D:\Учеба\АСУЭП\ПР10\VM1-PostgreSQL/debug/;D:\Учеба\АСУЭП\ПР10\VM1-PostgreSQL/;cache*D:\Учеба\АСУЭП\ПР10\VM1-PostgreSQL/dbgcache/;C:\Users\nikni\" (cb=181)
00:00:13.498334 
00:00:13.498334 [/Devices/] (level 1)
00:00:13.498335 
00:00:13.498335 [/Devices/3c501/] (level 2)
00:00:13.498336 
00:00:13.498336 [/Devices/8237A/] (level 2)
00:00:13.498337 
00:00:13.498337 [/Devices/8237A/0/] (level 3)
00:00:13.498338   Trusted <integer> = 0x0000000000000001 (1)
00:00:13.498338 
00:00:13.498338 [/Devices/GIMDev/] (level 2)
00:00:13.498339 
00:00:13.498339 [/Devices/GIMDev/0/] (level 3)
00:00:13.498340   Trusted <integer> = 0x0000000000000001 (1)
00:00:13.498340 
00:00:13.498341 [/Devices/VMMDev/] (level 2)
00:00:13.498341 
00:00:13.498341 [/Devices/VMMDev/0/] (level 3)
00:00:13.498342   PCIBusNo      <integer> = 0x0000000000000000 (0)
00:00:13.498343   PCIDeviceNo   <integer> = 0x0000000000000004 (4)
00:00:13.498343   PCIFunctionNo <integer> = 0x0000000000000000 (0)
00:00:13.498344   Trusted       <integer> = 0x0000000000000001 (1)
00:00:13.498344 
00:00:13.498344 [/Devices/VMMDev/0/Config/] (level 4)
00:00:13.498345   GuestCoreDumpDir <string>  = "D:\Учеба\АСУЭП\ПР10\VM1-PostgreSQL\Snapshots" (cb=57)
00:00:13.498346 
00:00:13.498346 [/Devices/VMMDev/0/LUN#0/] (level 4)
00:00:13.498347   Driver <string>  = "HGCM" (cb=5)
00:00:13.498347 
00:00:13.498347 [/Devices/VMMDev/0/LUN#0/Config/] (level 5)
00:00:13.498348 
00:00:13.498348 [/Devices/VMMDev/0/LUN#999/] (level 4)
00:00:13.498349   Driver <string>  = "MainStatus" (cb=11)
00:00:13.498349 
00:00:13.498349 [/Devices/VMMDev/0/LUN#999/Config/] (level 5)
00:00:13.498350   First                <integer> = 0x0000000000000000 (0)
00:00:13.498351   HasMediumAttachments <integer> = 0x0000000000000000 (0)
00:00:13.498351   Last                 <integer> = 0x0000000000000000 (0)
00:00:13.498352   iLedSet              <integer> = 0x0000000000000006 (6)
00:00:13.498352 
00:00:13.498352 [/Devices/acpi/] (level 2)
00:00:13.498353 
00:00:13.498353 [/Devices/acpi/0/] (level 3)
00:00:13.498354   PCIBusNo      <integer> = 0x0000000000000000 (0)
00:00:13.498354   PCIDeviceNo   <integer> = 0x0000000000000007 (7)
00:00:13.498355   PCIFunctionNo <integer> = 0x0000000000000000 (0)
00:00:13.498355   Trusted       <integer> = 0x0000000000000001 (1)
00:00:13.498356 
00:00:13.498356 [/Devices/acpi/0/Config/] (level 4)
00:00:13.498357   CpuHotPlug          <integer> = 0x0000000000000000 (0)
00:00:13.498357   FdcEnabled          <integer> = 0x0000000000000000 (0)
00:00:13.498358   HostBusPciAddress   <integer> = 0x0000000000000000 (0)
00:00:13.498358   HpetEnabled         <integer> = 0x0000000000000000 (0)
00:00:13.498359   IOAPIC              <integer> = 0x0000000000000001 (1)
00:00:13.498359   IocPciAddress       <integer> = 0x0000000000010000 (65 536)
00:00:13.498360   NumCPUs             <integer> = 0x0000000000000002 (2)
00:00:13.498360   Parallel0IoPortBase <integer> = 0x0000000000000000 (0)
00:00:13.498361   Parallel0Irq        <integer> = 0x0000000000000000 (0)
00:00:13.498361   Parallel1IoPortBase <integer> = 0x0000000000000000 (0)
00:00:13.498362   Parallel1Irq        <integer> = 0x0000000000000000 (0)
00:00:13.498362   Serial0IoPortBase   <integer> = 0x0000000000000000 (0)
00:00:13.498363   Serial0Irq          <integer> = 0x0000000000000000 (0)
00:00:13.498363   Serial1IoPortBase   <integer> = 0x0000000000000000 (0)
00:00:13.498364   Serial1Irq          <integer> = 0x0000000000000000 (0)
00:00:13.498364   ShowCpu             <integer> = 0x0000000000000001 (1)
00:00:13.498365   ShowRtc             <integer> = 0x0000000000000000 (0)
00:00:13.498365   SmcEnabled          <integer> = 0x0000000000000000 (0)
00:00:13.498366 
00:00:13.498366 [/Devices/acpi/0/LUN#0/] (level 4)
00:00:13.498366   Driver <string>  = "ACPIHost" (cb=9)
00:00:13.498367 
00:00:13.498367 [/Devices/acpi/0/LUN#0/Config/] (level 5)
00:00:13.498368 
00:00:13.498368 [/Devices/acpi/0/LUN#1/] (level 4)
00:00:13.498369   Driver <string>  = "ACPICpu" (cb=8)
00:00:13.498369 
00:00:13.498369 [/Devices/acpi/0/LUN#1/Config/] (level 5)
00:00:13.498370 
00:00:13.498370 [/Devices/ahci/] (level 2)
00:00:13.498371 
00:00:13.498371 [/Devices/ahci/0/] (level 3)
00:00:13.498371   PCIBusNo      <integer> = 0x0000000000000000 (0)
00:00:13.498372   PCIDeviceNo   <integer> = 0x000000000000000d (13)
00:00:13.498373   PCIFunctionNo <integer> = 0x0000000000000000 (0)
00:00:13.498373   Trusted       <integer> = 0x0000000000000001 (1)
00:00:13.498373 
00:00:13.498374 [/Devices/ahci/0/Config/] (level 4)
00:00:13.498374   Bootable  <integer> = 0x0000000000000001 (1)
00:00:13.498375   PortCount <integer> = 0x0000000000000001 (1)
00:00:13.498375 
00:00:13.498375 [/Devices/ahci/0/Config/Port0/] (level 5)
00:00:13.498376   Hotpluggable <integer> = 0x0000000000000000 (0)
00:00:13.498377 
00:00:13.498377 [/Devices/ahci/0/LUN#0/] (level 4)
00:00:13.498377   Driver <string>  = "VD" (cb=3)
00:00:13.498378 
00:00:13.498378 [/Devices/ahci/0/LUN#0/Config/] (level 5)
00:00:13.498379   BlockCache <integer> = 0x0000000000000001 (1)
00:00:13.498379   Format     <string>  = "VDI" (cb=4)
00:00:13.498380   Mountable  <integer> = 0x0000000000000000 (0)
00:00:13.498381   Path       <string>  = "D:\Учеба\АСУЭП\ПР10\VM1-PostgreSQL\VM1-PostgreSQL.vdi" (cb=66)
00:00:13.498381   Type       <string>  = "HardDisk" (cb=9)
00:00:13.498382   UseNewIo   <integer> = 0x0000000000000001 (1)
00:00:13.498382 
00:00:13.498382 [/Devices/ahci/0/LUN#0/Config/VDConfig/] (level 6)
00:00:13.498383   AllocationBlockSize <string>  = "1048576" (cb=8)
00:00:13.498384 
00:00:13.498384 [/Devices/ahci/0/LUN#999/] (level 4)
00:00:13.498385   Driver <string>  = "MainStatus" (cb=11)
00:00:13.498385 
00:00:13.498385 [/Devices/ahci/0/LUN#999/Config/] (level 5)
00:00:13.498386   DeviceInstance       <string>  = "ahci/0" (cb=7)
00:00:13.498387   First                <integer> = 0x0000000000000000 (0)
00:00:13.498387   HasMediumAttachments <integer> = 0x0000000000000001 (1)
00:00:13.498388   Last                 <integer> = 0x0000000000000000 (0)
00:00:13.498388   iLedSet              <integer> = 0x0000000000000004 (4)
00:00:13.498389 
00:00:13.498389 [/Devices/apic/] (level 2)
00:00:13.498390 
00:00:13.498390 [/Devices/apic/0/] (level 3)
00:00:13.498391   Trusted <integer> = 0x0000000000000001 (1)
00:00:13.498391 
00:00:13.498391 [/Devices/apic/0/Config/] (level 4)
00:00:13.498392   IOAPIC  <integer> = 0x0000000000000001 (1)
00:00:13.498392   Mode    <integer> = 0x0000000000000003 (3)
00:00:13.498393   NumCPUs <integer> = 0x0000000000000002 (2)
00:00:13.498393 
00:00:13.498393 [/Devices/dp8390/] (level 2)
00:00:13.498394 
00:00:13.498394 [/Devices/e1000/] (level 2)
00:00:13.498395 
00:00:13.498395 [/Devices/e1000/0/] (level 3)
00:00:13.498396   PCIBusNo      <integer> = 0x0000000000000000 (0)
00:00:13.498397   PCIDeviceNo   <integer> = 0x0000000000000003 (3)
00:00:13.498397   PCIFunctionNo <integer> = 0x0000000000000000 (0)
00:00:13.498397   Trusted       <integer> = 0x0000000000000001 (1)
00:00:13.498398 
00:00:13.498398 [/Devices/e1000/0/Config/] (level 4)
00:00:13.498399   AdapterType    <integer> = 0x0000000000000000 (0)
00:00:13.498399   CableConnected <integer> = 0x0000000000000001 (1)
00:00:13.498400   LineSpeed      <integer> = 0x0000000000000000 (0)
00:00:13.498400   MAC            <bytes>   = "08 00 27 b4 a8 80" (cb=6)
00:00:13.498401 
00:00:13.498401 [/Devices/e1000/0/LUN#0/] (level 4)
00:00:13.498402   Driver <string>  = "IntNet" (cb=7)
00:00:13.498403 
00:00:13.498403 [/Devices/e1000/0/LUN#0/Config/] (level 5)
00:00:13.498403   IfPolicyPromisc      <string>  = "deny" (cb=5)
00:00:13.498404   IgnoreConnectFailure <integer> = 0x0000000000000000 (0)
00:00:13.498404   Network              <string>  = "HostInterfaceNetworking-VirtualBox Host-Only Ethernet Adapter #2" (cb=65)
00:00:13.498405   Trunk                <string>  = "VirtualBox Host-Only Ethernet Adapter #2" (cb=41)
00:00:13.498406   TrunkType            <integer> = 0x0000000000000004 (4)
00:00:13.498406 
00:00:13.498406 [/Devices/e1000/0/LUN#999/] (level 4)
00:00:13.498407   Driver <string>  = "MainStatus" (cb=11)
00:00:13.498407 
00:00:13.498407 [/Devices/e1000/0/LUN#999/Config/] (level 5)
00:00:13.498408   First                <integer> = 0x0000000000000000 (0)
00:00:13.498409   HasMediumAttachments <integer> = 0x0000000000000000 (0)
00:00:13.498409   Last                 <integer> = 0x0000000000000000 (0)
00:00:13.498410   iLedSet              <integer> = 0x0000000000000005 (5)
00:00:13.498410 
00:00:13.498410 [/Devices/i8254/] (level 2)
00:00:13.498411 
00:00:13.498411 [/Devices/i8254/0/] (level 3)
00:00:13.498412 
00:00:13.498412 [/Devices/i8254/0/Config/] (level 4)
00:00:13.498412 
00:00:13.498412 [/Devices/i8259/] (level 2)
00:00:13.498413 
00:00:13.498413 [/Devices/i8259/0/] (level 3)
00:00:13.498414   Trusted <integer> = 0x0000000000000001 (1)
00:00:13.498414 
00:00:13.498414 [/Devices/i8259/0/Config/] (level 4)
00:00:13.498415 
00:00:13.498415 [/Devices/ichac97/] (level 2)
00:00:13.498416 
00:00:13.498416 [/Devices/ichac97/0/] (level 3)
00:00:13.498417   PCIBusNo      <integer> = 0x0000000000000000 (0)
00:00:13.498417   PCIDeviceNo   <integer> = 0x0000000000000005 (5)
00:00:13.498417   PCIFunctionNo <integer> = 0x0000000000000000 (0)
00:00:13.498418   Trusted       <integer> = 0x0000000000000001 (1)
00:00:13.498418 
00:00:13.498418 [/Devices/ichac97/0/AudioConfig/] (level 4)
00:00:13.498419 
00:00:13.498419 [/Devices/ichac97/0/Config/] (level 4)
00:00:13.498420   Codec        <string>  = "AD1980" (cb=7)
00:00:13.498421   DebugEnabled <integer> = 0x0000000000000000 (0)
00:00:13.498421 
00:00:13.498421 [/Devices/ichac97/0/LUN#0/] (level 4)
00:00:13.498422   Driver <string>  = "AUDIO" (cb=6)
00:00:13.498422 
00:00:13.498422 [/Devices/ichac97/0/LUN#0/AttachedDriver/] (level 5)
00:00:13.498423   Driver <string>  = "HostAudioWas" (cb=13)
00:00:13.498424 
00:00:13.498424 [/Devices/ichac97/0/LUN#0/AttachedDriver/Config/] (level 6)
00:00:13.498425   VmName <string>  = "VM1-PostgreSQL" (cb=15)
00:00:13.498425   VmUuid <string>  = "0cacdc3c-39a8-4dda-8253-d95daf905df6" (cb=37)
00:00:13.498426 
00:00:13.498426 [/Devices/ichac97/0/LUN#0/Config/] (level 5)
00:00:13.498426   DriverName    <string>  = "HostAudioWas" (cb=13)
00:00:13.498427   InputEnabled  <integer> = 0x0000000000000000 (0)
00:00:13.498427   OutputEnabled <integer> = 0x0000000000000001 (1)
00:00:13.498428 
00:00:13.498428 [/Devices/ichac97/0/LUN#1/] (level 4)
00:00:13.498428   Driver <string>  = "AUDIO" (cb=6)
00:00:13.498429 
00:00:13.498429 [/Devices/ichac97/0/LUN#2/] (level 4)
00:00:13.498430   Driver <string>  = "AUDIO" (cb=6)
00:00:13.498430 
00:00:13.498430 [/Devices/ioapic/] (level 2)
00:00:13.498431 
00:00:13.498431 [/Devices/ioapic/0/] (level 3)
00:00:13.498431   Trusted <integer> = 0x0000000000000001 (1)
00:00:13.498432 
00:00:13.498432 [/Devices/ioapic/0/Config/] (level 4)
00:00:13.498433   NumCPUs <integer> = 0x0000000000000002 (2)
00:00:13.498434 
00:00:13.498434 [/Devices/mc146818/] (level 2)
00:00:13.498434 
00:00:13.498435 [/Devices/mc146818/0/] (level 3)
00:00:13.498435 
00:00:13.498435 [/Devices/mc146818/0/Config/] (level 4)
00:00:13.498436   UseUTC <integer> = 0x0000000000000001 (1)
00:00:13.498436 
00:00:13.498437 [/Devices/parallel/] (level 2)
00:00:13.498437 
00:00:13.498437 [/Devices/pcarch/] (level 2)
00:00:13.498438 
00:00:13.498438 [/Devices/pcarch/0/] (level 3)
00:00:13.498439   Trusted <integer> = 0x0000000000000001 (1)
00:00:13.498439 
00:00:13.498439 [/Devices/pcarch/0/Config/] (level 4)
00:00:13.498440 
00:00:13.498440 [/Devices/pcbios/] (level 2)
00:00:13.498441 
00:00:13.498441 [/Devices/pcbios/0/] (level 3)
00:00:13.498442   Trusted <integer> = 0x0000000000000001 (1)
00:00:13.498442 
00:00:13.498442 [/Devices/pcbios/0/Config/] (level 4)
00:00:13.498444   APIC               <integer> = 0x0000000000000001 (1)
00:00:13.498444   BootDevice0        <string>  = "IDE" (cb=4)
00:00:13.498445   BootDevice1        <string>  = "DVD" (cb=4)
00:00:13.498446   BootDevice2        <string>  = "FLOPPY" (cb=7)
00:00:13.498446   BootDevice3        <string>  = "NONE" (cb=5)
00:00:13.498447   DmiSystemSerial    <string>  = "VirtualBox-<DmiSystemUuid>" (cb=27)
00:00:13.498447   FloppyDevice       <string>  = "i82078" (cb=7)
00:00:13.498448   HardDiskDevice     <string>  = "piix3ide" (cb=9)
00:00:13.498448   IOAPIC             <integer> = 0x0000000000000001 (1)
00:00:13.498449   McfgBase           <integer> = 0x0000000000000000 (0)
00:00:13.498449   McfgLength         <integer> = 0x0000000000000000 (0)
00:00:13.498450   NumCPUs            <integer> = 0x0000000000000002 (2)
00:00:13.498451   PXEDebug           <integer> = 0x0000000000000000 (0)
00:00:13.498451   SataHardDiskDevice <string>  = "ahci" (cb=5)
00:00:13.498452   SataLUN1           <integer> = 0x0000000000000000 (0)
00:00:13.498452   UUID               <bytes>   = "3c dc ac 0c a8 39 da 4d 82 53 d9 5d af 90 5d f6" (cb=16)
00:00:13.498454   UuidLe             <integer> = 0x0000000000000001 (1)
00:00:13.498454 
00:00:13.498455 [/Devices/pcbios/0/Config/NetBoot/] (level 5)
00:00:13.498455 
00:00:13.498455 [/Devices/pcbios/0/Config/NetBoot/0/] (level 6)
00:00:13.498456   NIC           <integer> = 0x0000000000000000 (0)
00:00:13.498457   PCIBusNo      <integer> = 0x0000000000000000 (0)
00:00:13.498457   PCIDeviceNo   <integer> = 0x0000000000000003 (3)
00:00:13.498458   PCIFunctionNo <integer> = 0x0000000000000000 (0)
00:00:13.498458 
00:00:13.498458 [/Devices/pci/] (level 2)
00:00:13.498459 
00:00:13.498459 [/Devices/pci/0/] (level 3)
00:00:13.498460   Trusted <integer> = 0x0000000000000001 (1)
00:00:13.498460 
00:00:13.498460 [/Devices/pci/0/Config/] (level 4)
00:00:13.498461   IOAPIC <integer> = 0x0000000000000001 (1)
00:00:13.498461 
00:00:13.498462 [/Devices/pcibridge/] (level 2)
00:00:13.498462 
00:00:13.498463 [/Devices/pckbd/] (level 2)
00:00:13.498463 
00:00:13.498463 [/Devices/pckbd/0/] (level 3)
00:00:13.498464   Trusted <integer> = 0x0000000000000001 (1)
00:00:13.498464 
00:00:13.498464 [/Devices/pckbd/0/Config/] (level 4)
00:00:13.498465 
00:00:13.498465 [/Devices/pckbd/0/LUN#0/] (level 4)
00:00:13.498466   Driver <string>  = "KeyboardQueue" (cb=14)
00:00:13.498466 
00:00:13.498466 [/Devices/pckbd/0/LUN#0/AttachedDriver/] (level 5)
00:00:13.498467   Driver <string>  = "MainKeyboard" (cb=13)
00:00:13.498468 
00:00:13.498468 [/Devices/pckbd/0/LUN#0/Config/] (level 5)
00:00:13.498469   QueueSize <integer> = 0x0000000000000040 (64, 64 B)
00:00:13.498469 
00:00:13.498470 [/Devices/pckbd/0/LUN#1/] (level 4)
00:00:13.498470   Driver <string>  = "MouseQueue" (cb=11)
00:00:13.498471 
00:00:13.498471 [/Devices/pckbd/0/LUN#1/AttachedDriver/] (level 5)
00:00:13.498472   Driver <string>  = "MainMouse" (cb=10)
00:00:13.498472 
00:00:13.498472 [/Devices/pckbd/0/LUN#1/Config/] (level 5)
00:00:13.498473   QueueSize <integer> = 0x0000000000000080 (128, 128 B)
00:00:13.498473 
00:00:13.498474 [/Devices/pcnet/] (level 2)
00:00:13.498474 
00:00:13.498474 [/Devices/piix3ide/] (level 2)
00:00:13.498475 
00:00:13.498475 [/Devices/piix3ide/0/] (level 3)
00:00:13.498476   PCIBusNo      <integer> = 0x0000000000000000 (0)
00:00:13.498477   PCIDeviceNo   <integer> = 0x0000000000000001 (1)
00:00:13.498477   PCIFunctionNo <integer> = 0x0000000000000001 (1)
00:00:13.498477   Trusted       <integer> = 0x0000000000000001 (1)
00:00:13.498478 
00:00:13.498478 [/Devices/piix3ide/0/Config/] (level 4)
00:00:13.498479   Type <string>  = "PIIX4" (cb=6)
00:00:13.498479 
00:00:13.498479 [/Devices/piix3ide/0/LUN#2/] (level 4)
00:00:13.498480   Driver <string>  = "VD" (cb=3)
00:00:13.498481 
00:00:13.498481 [/Devices/piix3ide/0/LUN#2/Config/] (level 5)
00:00:13.498482   Format    <string>  = "RAW" (cb=4)
00:00:13.498482   Mountable <integer> = 0x0000000000000001 (1)
00:00:13.498483   Path      <string>  = "C:\Program Files\Oracle\VirtualBox/VBoxGuestAdditions.iso" (cb=58)
00:00:13.498483   ReadOnly  <integer> = 0x0000000000000001 (1)
00:00:13.498484   Type      <string>  = "DVD" (cb=4)
00:00:13.498484 
00:00:13.498484 [/Devices/piix3ide/0/LUN#999/] (level 4)
00:00:13.498485   Driver <string>  = "MainStatus" (cb=11)
00:00:13.498485 
00:00:13.498485 [/Devices/piix3ide/0/LUN#999/Config/] (level 5)
00:00:13.498487   DeviceInstance       <string>  = "piix3ide/0" (cb=11)
00:00:13.498487   First                <integer> = 0x0000000000000000 (0)
00:00:13.498488   HasMediumAttachments <integer> = 0x0000000000000001 (1)
00:00:13.498488   Last                 <integer> = 0x0000000000000003 (3)
00:00:13.498489   iLedSet              <integer> = 0x0000000000000003 (3)
00:00:13.498489 
00:00:13.498490 [/Devices/serial/] (level 2)
00:00:13.498490 
00:00:13.498490 [/Devices/usb-ehci/] (level 2)
00:00:13.498491 
00:00:13.498491 [/Devices/usb-ehci/0/] (level 3)
00:00:13.498492   PCIBusNo      <integer> = 0x0000000000000000 (0)
00:00:13.498492   PCIDeviceNo   <integer> = 0x000000000000000b (11)
00:00:13.498492   PCIFunctionNo <integer> = 0x0000000000000000 (0)
00:00:13.498493   Trusted       <integer> = 0x0000000000000001 (1)
00:00:13.498493 
00:00:13.498494 [/Devices/usb-ehci/0/Config/] (level 4)
00:00:13.498494 
00:00:13.498494 [/Devices/usb-ehci/0/LUN#0/] (level 4)
00:00:13.498495   Driver <string>  = "VUSBRootHub" (cb=12)
00:00:13.498495 
00:00:13.498495 [/Devices/usb-ehci/0/LUN#0/Config/] (level 5)
00:00:13.498496 
00:00:13.498496 [/Devices/usb-ehci/0/LUN#999/] (level 4)
00:00:13.498497   Driver <string>  = "MainStatus" (cb=11)
00:00:13.498497 
00:00:13.498497 [/Devices/usb-ehci/0/LUN#999/Config/] (level 5)
00:00:13.498498   First                <integer> = 0x0000000000000000 (0)
00:00:13.498499   HasMediumAttachments <integer> = 0x0000000000000000 (0)
00:00:13.498499   Last                 <integer> = 0x0000000000000000 (0)
00:00:13.498500   iLedSet              <integer> = 0x0000000000000002 (2)
00:00:13.498501 
00:00:13.498501 [/Devices/usb-ohci/] (level 2)
00:00:13.498501 
00:00:13.498501 [/Devices/usb-ohci/0/] (level 3)
00:00:13.498502   PCIBusNo      <integer> = 0x0000000000000000 (0)
00:00:13.498502   PCIDeviceNo   <integer> = 0x0000000000000006 (6)
00:00:13.498503   PCIFunctionNo <integer> = 0x0000000000000000 (0)
00:00:13.498503   Trusted       <integer> = 0x0000000000000001 (1)
00:00:13.498504 
00:00:13.498504 [/Devices/usb-ohci/0/Config/] (level 4)
00:00:13.498504 
00:00:13.498505 [/Devices/usb-ohci/0/LUN#0/] (level 4)
00:00:13.498505   Driver <string>  = "VUSBRootHub" (cb=12)
00:00:13.498506 
00:00:13.498506 [/Devices/usb-ohci/0/LUN#0/Config/] (level 5)
00:00:13.498506 
00:00:13.498507 [/Devices/usb-ohci/0/LUN#999/] (level 4)
00:00:13.498507   Driver <string>  = "MainStatus" (cb=11)
00:00:13.498507 
00:00:13.498508 [/Devices/usb-ohci/0/LUN#999/Config/] (level 5)
00:00:13.498508   First                <integer> = 0x0000000000000000 (0)
00:00:13.498512   HasMediumAttachments <integer> = 0x0000000000000000 (0)
00:00:13.498513   Last                 <integer> = 0x0000000000000000 (0)
00:00:13.498513   iLedSet              <integer> = 0x0000000000000001 (1)
00:00:13.498514 
00:00:13.498514 [/Devices/vga/] (level 2)
00:00:13.498514 
00:00:13.498515 [/Devices/vga/0/] (level 3)
00:00:13.498515   PCIBusNo      <integer> = 0x0000000000000000 (0)
00:00:13.498516   PCIDeviceNo   <integer> = 0x0000000000000002 (2)
00:00:13.498516   PCIFunctionNo <integer> = 0x0000000000000000 (0)
00:00:13.498517   Trusted       <integer> = 0x0000000000000001 (1)
00:00:13.498517 
00:00:13.498517 [/Devices/vga/0/Config/] (level 4)
00:00:13.498518   3DEnabled             <integer> = 0x0000000000000000 (0)
00:00:13.498519   CustomVideoModes      <integer> = 0x0000000000000000 (0)
00:00:13.498519   FadeIn                <integer> = 0x0000000000000001 (1)
00:00:13.498520   FadeOut               <integer> = 0x0000000000000001 (1)
00:00:13.498520   HeightReduction       <integer> = 0x0000000000000000 (0)
00:00:13.498521   LogoFile              <string>  = "" (cb=1)
00:00:13.498521   LogoTime              <integer> = 0x0000000000000000 (0)
00:00:13.498522   MonitorCount          <integer> = 0x0000000000000001 (1)
00:00:13.498523   ShowBootMenu          <integer> = 0x0000000000000002 (2)
00:00:13.498523   VMSVGA3dEnabled       <integer> = 0x0000000000000000 (0)
00:00:13.498523   VMSVGAEnabled         <integer> = 0x0000000000000001 (1)
00:00:13.498524   VMSVGAPciBarLayout    <integer> = 0x0000000000000001 (1)
00:00:13.498524   VMSVGAPciId           <integer> = 0x0000000000000001 (1)
00:00:13.498525   VRamSize              <integer> = 0x0000000001000000 (16 777 216, 16.0 MiB)
00:00:13.498526   VmSvga3               <integer> = 0x0000000000000000 (0)
00:00:13.498527   VmSvgaExposeLegacyVga <integer> = 0x0000000000000001 (1)
00:00:13.498527 
00:00:13.498527 [/Devices/vga/0/LUN#0/] (level 4)
00:00:13.498528   Driver <string>  = "MainDisplay" (cb=12)
00:00:13.498528 
00:00:13.498528 [/Devices/vga/0/LUN#0/Config/] (level 5)
00:00:13.498529 
00:00:13.498529 [/Devices/vga/0/LUN#999/] (level 4)
00:00:13.498530   Driver <string>  = "MainStatus" (cb=11)
00:00:13.498530 
00:00:13.498530 [/Devices/vga/0/LUN#999/Config/] (level 5)
00:00:13.498531   First                <integer> = 0x0000000000000000 (0)
00:00:13.498532   HasMediumAttachments <integer> = 0x0000000000000000 (0)
00:00:13.498532   Last                 <integer> = 0x0000000000000000 (0)
00:00:13.498533   iLedSet              <integer> = 0x0000000000000000 (0)
00:00:13.498533 
00:00:13.498534 [/Devices/virtio-net/] (level 2)
00:00:13.498534 
00:00:13.498534 [/EM/] (level 1)
00:00:13.498535   TripleFaultReset <integer> = 0x0000000000000000 (0)
00:00:13.498536 
00:00:13.498536 [/GCM/] (level 1)
00:00:13.498536   MesaVmsvgaDrv <integer> = 0x0000000000000001 (1)
00:00:13.498537 
00:00:13.498537 [/GIM/] (level 1)
00:00:13.498538   Provider <string>  = "KVM" (cb=4)
00:00:13.498538 
00:00:13.498538 [/HM/] (level 1)
00:00:13.498539   64bitEnabled            <integer> = 0x0000000000000001 (1)
00:00:13.498540   EnableLargePages        <integer> = 0x0000000000000001 (1)
00:00:13.498540   EnableNestedPaging      <integer> = 0x0000000000000001 (1)
00:00:13.498540   EnableUX                <integer> = 0x0000000000000001 (1)
00:00:13.498541   EnableVPID              <integer> = 0x0000000000000001 (1)
00:00:13.498542   Exclusive               <integer> = 0x0000000000000000 (0)
00:00:13.498542   HMForced                <integer> = 0x0000000000000001 (1)
00:00:13.498543   IBPBOnVMEntry           <integer> = 0x0000000000000000 (0)
00:00:13.498543   IBPBOnVMExit            <integer> = 0x0000000000000000 (0)
00:00:13.498544   L1DFlushOnSched         <integer> = 0x0000000000000001 (1)
00:00:13.498544   L1DFlushOnVMEntry       <integer> = 0x0000000000000000 (0)
00:00:13.498545   LovelyMesaDrvWorkaround <integer> = 0x0000000000000001 (1)
00:00:13.498545   MDSClearOnSched         <integer> = 0x0000000000000001 (1)
00:00:13.498546   MDSClearOnVMEntry       <integer> = 0x0000000000000000 (0)
00:00:13.498546   SpecCtrlByHost          <integer> = 0x0000000000000000 (0)
00:00:13.498547   SvmVirtVmsaveVmload     <integer> = 0x0000000000000000 (0)
00:00:13.498547   UseNEMInstead           <integer> = 0x0000000000000000 (0)
00:00:13.498548 
00:00:13.498548 [/MM/] (level 1)
00:00:13.498548   CanUseLargerHeap <integer> = 0x0000000000000000 (0)
00:00:13.498549 
00:00:13.498549 [/NEM/] (level 1)
00:00:13.498550   Allow64BitGuests        <integer> = 0x0000000000000001 (1)
00:00:13.498550   LovelyMesaDrvWorkaround <integer> = 0x0000000000000001 (1)
00:00:13.498550 
00:00:13.498551 [/PDM/] (level 1)
00:00:13.498551 
00:00:13.498551 [/PDM/AsyncCompletion/] (level 2)
00:00:13.498552 
00:00:13.498552 [/PDM/AsyncCompletion/File/] (level 3)
00:00:13.498553 
00:00:13.498553 [/PDM/AsyncCompletion/File/BwGroups/] (level 4)
00:00:13.498553 
00:00:13.498554 [/PDM/BlkCache/] (level 2)
00:00:13.498554   CacheSize <integer> = 0x0000000000500000 (5 242 880, 5.0 MiB)
00:00:13.498555 
00:00:13.498555 [/PDM/Devices/] (level 2)
00:00:13.498555 
00:00:13.498556 [/PDM/Drivers/] (level 2)
00:00:13.498556 
00:00:13.498556 [/PDM/Drivers/VBoxC/] (level 3)
00:00:13.498557   Path <string>  = "VBoxC" (cb=6)
00:00:13.498557 
00:00:13.498557 [/PDM/NetworkShaper/] (level 2)
00:00:13.498558 
00:00:13.498558 [/PDM/NetworkShaper/BwGroups/] (level 3)
00:00:13.498559 
00:00:13.498559 [/TM/] (level 1)
00:00:13.498559   UTCOffset <integer> = 0x0000000000000000 (0)
00:00:13.498560 
00:00:13.498560 [/USB/] (level 1)
00:00:13.498560 
00:00:13.498560 [/USB/HidMouse/] (level 2)
00:00:13.498561 
00:00:13.498561 [/USB/HidMouse/0/] (level 3)
00:00:13.498562 
00:00:13.498562 [/USB/HidMouse/0/Config/] (level 4)
00:00:13.498563   Mode <string>  = "absolute" (cb=9)
00:00:13.498563 
00:00:13.498563 [/USB/HidMouse/0/LUN#0/] (level 4)
00:00:13.498564   Driver <string>  = "MouseQueue" (cb=11)
00:00:13.498564 
00:00:13.498564 [/USB/HidMouse/0/LUN#0/AttachedDriver/] (level 5)
00:00:13.498565   Driver <string>  = "MainMouse" (cb=10)
00:00:13.498566 
00:00:13.498566 [/USB/HidMouse/0/LUN#0/Config/] (level 5)
00:00:13.498566   QueueSize <integer> = 0x0000000000000080 (128, 128 B)
00:00:13.498567 
00:00:13.498567 [/USB/USBProxy/] (level 2)
00:00:13.498568 
00:00:13.498568 [/USB/USBProxy/GlobalConfig/] (level 3)
00:00:13.498569 
00:00:13.498569 ********************* End of CFGM dump **********************
00:00:13.498813 HM: HMR3Init: Attempting fall back to NEM: VT-x is not available
00:00:13.573514 GUI: UIMediumEnumerator: Medium-enumeration finished!
00:00:13.596072 NEM:  info: Found optional import WinHvPlatform.dll!WHvQueryGpaRangeDirtyBitmap.
00:00:13.596086 NEM:  info: Found optional import vid.dll!VidGetHvPartitionId.
00:00:13.596090 NEM:  info: Found optional import vid.dll!VidGetPartitionProperty.
00:00:13.596465 NEM: WHvCapabilityCodeHypervisorPresent is TRUE, so this might work...
00:00:13.596488 NEM: WHvCapabilityCodeExtendedVmExits      = 0x0000000000007fff
00:00:13.596494 NEM:                       fExtendedMsrExit: 1
00:00:13.596497 NEM:                     fExtendedCpuIdExit: 1
00:00:13.596500 NEM:                      fExtendedXcptExit: 1
00:00:13.596503 NEM: Warning! Unknown VM exit definitions: 0x7fff
00:00:13.596507 NEM: Warning! Unknown feature definitions: 0x2ff
00:00:13.596510 NEM: Supported exception exit bitmap: 0xf7dfb
00:00:13.596544 NEM: WHvCapabilityCodeProcessorVendor      = 1 - Intel
00:00:13.596562 NEM: WHvCapabilityCodeProcessorFeatures    = 0x2e1b7bcfe7f7859f
00:00:13.596567 NEM:                            Sse3Support: 1
00:00:13.596571 NEM:                        LahfSahfSupport: 1
00:00:13.596575 NEM:                           Ssse3Support: 1
00:00:13.596579 NEM:                          Sse4_1Support: 1
00:00:13.596583 NEM:                          Sse4_2Support: 1
00:00:13.596586 NEM:                           Sse4aSupport: 0
00:00:13.596590 NEM:                             XopSupport: 0
00:00:13.596594 NEM:                          PopCntSupport: 1
00:00:13.596598 NEM:                      Cmpxchg16bSupport: 1
00:00:13.596602 NEM:                       Altmovcr8Support: 0
00:00:13.596605 NEM:                           LzcntSupport: 1
00:00:13.596615 NEM:                     MisAlignSseSupport: 0
00:00:13.596619 NEM:                          MmxExtSupport: 0
00:00:13.596622 NEM:                        Amd3DNowSupport: 0
00:00:13.596625 NEM:                ExtendedAmd3DNowSupport: 0
00:00:13.596628 NEM:                         Page1GbSupport: 1
00:00:13.596632 NEM:                             AesSupport: 1
00:00:13.596635 NEM:                       PclmulqdqSupport: 1
00:00:13.596639 NEM:                            PcidSupport: 1
00:00:13.596642 NEM:                            Fma4Support: 0
00:00:13.596646 NEM:                            F16CSupport: 1
00:00:13.596653 NEM:                          RdRandSupport: 1
00:00:13.596658 NEM:                        RdWrFsGsSupport: 1
00:00:13.596661 NEM:                            SmepSupport: 1
00:00:13.596665 NEM:              EnhancedFastStringSupport: 1
00:00:13.596668 NEM:                            Bmi1Support: 1
00:00:13.596672 NEM:                            Bmi2Support: 1
00:00:13.596675 NEM:                           MovbeSupport: 1
00:00:13.596678 NEM:                          Npiep1Support: 1
00:00:13.596682 NEM:                   DepX87FPUSaveSupport: 1
00:00:13.596685 NEM:                          RdSeedSupport: 1
00:00:13.596689 NEM:                             AdxSupport: 1
00:00:13.596692 NEM:                   IntelPrefetchSupport: 1
00:00:13.596695 NEM:                            SmapSupport: 1
00:00:13.596699 NEM:                             HleSupport: 0
00:00:13.596702 NEM:                             RtmSupport: 0
00:00:13.596705 NEM:                          RdtscpSupport: 1
00:00:13.596709 NEM:                      ClflushoptSupport: 1
00:00:13.596713 NEM:                            ClwbSupport: 1
00:00:13.596716 NEM:                             ShaSupport: 1
00:00:13.596720 NEM:                X87PointersSavedSupport: 0
00:00:13.596723 NEM: Warning! Unknown CPU features: 0x2e1b7bcfe7f7859f
00:00:13.596734 NEM: WHvCapabilityCodeProcessorClFlushSize = 2^8
00:00:13.596739 NEM: Warning! Unknown capability 0x4 returning: 3f 00 00 00 00 00 00 00 00 00 00 00 00 00 00 00 00 00 00 00 00 00 00 00
00:00:13.596744 NEM: Warning! Unknown capability 0x5 returning: 03 00 00 00 00 00 00 00 00 00 00 00 00 00 00 00 00 00 00 00 00 00 00 00
00:00:13.596762 NEM: Warning! Unknown capability 0x6 returning: 00 00 00 00 00 00 00 00 00 00 00 00 00 00 00 00 00 00 00 00 00 00 00 00
00:00:13.597630 NEM: Warning! Unknown capability 0x1003 returning: 1f 38 58 40 00 00 00 00 00 00 00 00 00 00 00 00 00 00 00 00 00 00 00 00
00:00:13.597683 NEM: Warning! Unknown capability 0x1004 returning: 81 e6 a3 9b 00 00 00 00 00 00 00 00 00 00 00 00 00 00 00 00 00 00 00 00
00:00:13.597691 NEM: Warning! Unknown capability 0x1005 returning: 00 c2 eb 0b 00 00 00 00 00 00 00 00 00 00 00 00 00 00 00 00 00 00 00 00
00:00:13.597696 NEM: Warning! Unknown capability 0x1006 returning: 02 00 00 00 00 00 00 00 9f 85 f7 e7 cf 7b 1b 2e 43 77 17 00 00 00 00 00
00:00:13.597701 NEM: Warning! Unknown capability 0x1007 returning: 00 00 00 00 00 00 00 00 00 00 00 00 00 00 00 00 00 00 00 00 00 00 00 00
00:00:13.597709 NEM: Warning! Unknown capability 0x1008 returning: 01 00 00 00 00 00 00 00 ff 8f 44 7f 00 00 00 00 00 00 00 00 00 00 00 00
00:00:13.597718 NEM: Warning! Unknown capability 0x1009 returning: 00 00 00 00 00 00 00 00 00 00 00 00 00 00 00 00 00 00 00 00 00 00 00 00
00:00:13.598430 NEM: Created partition 00000169c01376d0.
00:00:13.598456 NEM: Adjusting APIC configuration from X2APIC to APIC max mode.  X2APIC is not supported by the WinHvPlatform API!
00:00:13.598460 NEM: Disable Hyper-V if you need X2APIC for your guests!
00:00:13.598475 PGM: Enabling NEM mode
00:00:13.598574 NEM:
00:00:13.598574 NEM: NEMR3Init: Snail execution mode is active!
00:00:13.598574 NEM: Note! VirtualBox is not able to run at its full potential in this execution mode.
00:00:13.598574 NEM:       To see VirtualBox run at max speed you need to disable all Windows features
00:00:13.598574 NEM:       making use of Hyper-V.  That is a moving target, so google how and carefully
00:00:13.598575 NEM:       consider the consequences of disabling these features.
00:00:13.598575 NEM:
00:00:13.598619 CPUM: No hardware-virtualization capability detected
00:00:13.598625 CPUM: fXStateHostMask=0x7; initial: 0x7; host XCR0=0x7
00:00:13.603358 CPUM: Matched host CPU INTEL 0x6/0xba/0x2 Intel_Atom_Unknown with CPU DB entry 'Intel Pentium N3530 2.16GHz' (INTEL 0x6/0x37/0x8 Intel_Atom_Silvermont)
00:00:13.603434 CPUM: MXCSR_MASK=0xffff (host: 0xffff)
00:00:13.603509 CPUM: Microcode revision 0x00004112
00:00:13.603546 CPUM: MSR/CPUID reconciliation insert: 0x0000010b IA32_FLUSH_CMD
00:00:13.603558 CPUM: MSR/CPUID reconciliation insert: 0x0000010a IA32_ARCH_CAPABILITIES
00:00:13.603566 CPUM: MSR fudge: 0x00000001 IA32_P5_MC_TYPE
00:00:13.603569 CPUM: MSR fudge: 0x00000017 IA32_PLATFORM_ID
00:00:13.603573 CPUM: MSR fudge: 0x0000001b IA32_APIC_BASE
00:00:13.603576 CPUM: MSR fudge: 0x0000008b BIOS_SIGN
00:00:13.603579 CPUM: MSR fudge: 0x000000fe IA32_MTRRCAP
00:00:13.603582 CPUM: MSR fudge: 0x00000179 IA32_MCG_CAP
00:00:13.603585 CPUM: MSR fudge: 0x0000017a IA32_MCG_STATUS
00:00:13.603588 CPUM: MSR fudge: 0x000001a0 IA32_MISC_ENABLE
00:00:13.603591 CPUM: MSR fudge: 0x000001d9 IA32_DEBUGCTL
00:00:13.603594 CPUM: MSR fudge: 0x000001db P6_LAST_BRANCH_FROM_IP
00:00:13.603597 CPUM: MSR fudge: 0x000001dc P6_LAST_BRANCH_TO_IP
00:00:13.603600 CPUM: MSR fudge: 0x000001dd P6_LAST_INT_FROM_IP
00:00:13.603602 CPUM: MSR fudge: 0x000001de P6_LAST_INT_TO_IP
00:00:13.603605 CPUM: MSR fudge: 0x00000277 IA32_PAT
00:00:13.603608 CPUM: MSR fudge: 0x000002ff IA32_MTRR_DEF_TYPE
00:00:13.603611 CPUM: MSR fudge: 0x00000400 IA32_MCi_CTL_STATUS_ADDR_MISC
00:00:13.603614 CPUM: MSR fudge: 0xc0000103 AMD64_TSC_AUX
00:00:13.603617 CPUM: MSR fudge: 0x00000122 IA32_TSX_CTRL
00:00:13.603626 CPUM: SetGuestCpuIdFeature: Enabled SYSENTER/EXIT
00:00:13.603629 CPUM: SetGuestCpuIdFeature: Enabled SYSCALL/RET
00:00:13.603632 CPUM: SetGuestCpuIdFeature: Enabled PAE
00:00:13.603635 CPUM: SetGuestCpuIdFeature: Enabled LAHF/SAHF
00:00:13.603638 CPUM: SetGuestCpuIdFeature: Enabled NX
00:00:13.603641 CPUM: SetGuestCpuIdFeature: Enabled LONG MODE
00:00:13.603644 CPUM: Enabled MTRR read-write support
00:00:13.603688 CPUM: Enabled fixed-range MTRRs and 16 (virtualized) variable-range MTRRs
00:00:13.615217 NEM: HvPartitionPropertyProcessorVendor=0x1 (1)
00:00:13.615835 NEM: Successfully set up partition (device handle 0000000000001065, partition ID 0x0)
00:00:13.616016 PGM: Host paging mode: AMD64+PGE+NX
00:00:13.616029 PGM: PGMPool: cMaxPages=1280 (u64MaxPages=1058)
00:00:13.616032 PGM: pgmR3PoolInit: cMaxPages=0x500 cMaxUsers=0xa00 cMaxPhysExts=0xa00 fCacheEnable=true
00:00:13.688912 SUPLib: MEM_LARGE_PAGES privilege not held.
00:00:13.772720 TM: GIP - u32Mode=3 (Invariant) u32UpdateHz=93 u32UpdateIntervalNS=10741500 enmUseTscDelta=2 (Practically Zero) fGetGipCpu=0x1b cCpus=12
00:00:13.772822 TM: GIP - u64CpuHz=2 611 209 785 (0x9ba3e639)  SUPGetCpuHzFromGip => 2 611 209 785
00:00:13.772870 TM: GIP - CPU: iCpuSet=0x0 idCpu=0x0 idApic=0x0 iGipCpu=0x0 i64TSCDelta=0 enmState=3 u64CpuHz=2611209785(*) cErrors=0
00:00:13.772885 TM: GIP - CPU: iCpuSet=0x1 idCpu=0x1 idApic=0x1 iGipCpu=0x3 i64TSCDelta=0 enmState=3 u64CpuHz=2611209270(*) cErrors=0
00:00:13.772893 TM: GIP - CPU: iCpuSet=0x2 idCpu=0x2 idApic=0x8 iGipCpu=0x5 i64TSCDelta=0 enmState=3 u64CpuHz=2611209541(*) cErrors=0
00:00:13.772901 TM: GIP - CPU: iCpuSet=0x3 idCpu=0x3 idApic=0x9 iGipCpu=0x2 i64TSCDelta=0 enmState=3 u64CpuHz=2611204237(*) cErrors=0
00:00:13.772909 TM: GIP - CPU: iCpuSet=0x4 idCpu=0x4 idApic=0x10 iGipCpu=0x7 i64TSCDelta=0 enmState=3 u64CpuHz=2611209730(*) cErrors=0
00:00:13.772916 TM: GIP - CPU: iCpuSet=0x5 idCpu=0x5 idApic=0x11 iGipCpu=0x6 i64TSCDelta=0 enmState=3 u64CpuHz=2611209594(*) cErrors=0
00:00:13.772923 TM: GIP - CPU: iCpuSet=0x6 idCpu=0x6 idApic=0x18 iGipCpu=0xb i64TSCDelta=0 enmState=3 u64CpuHz=2611209769(*) cErrors=0
00:00:13.772930 TM: GIP - CPU: iCpuSet=0x7 idCpu=0x7 idApic=0x19 iGipCpu=0xa i64TSCDelta=0 enmState=3 u64CpuHz=2611209757(*) cErrors=0
00:00:13.772938 TM: GIP - CPU: iCpuSet=0x8 idCpu=0x8 idApic=0x28 iGipCpu=0x8 i64TSCDelta=0 enmState=3 u64CpuHz=2611209763(*) cErrors=0
00:00:13.772945 TM: GIP - CPU: iCpuSet=0x9 idCpu=0x9 idApic=0x2a iGipCpu=0x9 i64TSCDelta=0 enmState=3 u64CpuHz=2611209400(*) cErrors=0
00:00:13.772974 TM: GIP - CPU: iCpuSet=0xa idCpu=0xa idApic=0x2c iGipCpu=0x1 i64TSCDelta=0 enmState=3 u64CpuHz=2611212557(*) cErrors=0
00:00:13.773000 TM: GIP - CPU: iCpuSet=0xb idCpu=0xb idApic=0x2e iGipCpu=0x4 i64TSCDelta=0 enmState=3 u64CpuHz=2611209565(*) cErrors=0
00:00:13.773022 TM: NEM overrides the /TM/TSCModeSwitchAllowed setting.
00:00:13.773054 TM:     cTSCTicksPerSecond=2 611 209 785 (0x9ba3e639) enmTSCMode=4 (NativeApi) TSCMultiplier=1
00:00:13.773057 TM: cTSCTicksPerSecondHost=2 611 209 785 (0x9ba3e639)
00:00:13.773059 TM: TSCTiedToExecution=false TSCNotTiedToHalt=false
00:00:13.774494 EMR3Init: fIemExecutesAll=false fGuruOnTripleFault=true
00:00:13.774859 IEM: TargetCpu=CURRENT, Microarch=Intel_Atom_Unknown aidxTargetCpuEflFlavour={1,0}
00:00:13.776280 GIM: Using provider 'KVM' (Implementation version: 0)
00:00:13.776309 CPUM: SetGuestCpuIdFeature: Enabled Hypervisor Present bit
00:00:13.776349 GCM: Initialized - Fixer bits: 0x8 (MesaVmsvgaDrv)
00:00:13.776450 AIOMgr: Default manager type is 'Async'
00:00:13.776459 AIOMgr: Default file backend is 'NonBuffered'
00:00:13.776547 BlkCache: Cache successfully initialized. Cache size is 5242880 bytes
00:00:13.776555 BlkCache: Cache commit interval is 10000 ms
00:00:13.776560 BlkCache: Cache commit threshold is 2621440 bytes
00:00:14.346838 PcBios: [SMP] BIOS with 2 CPUs
00:00:14.346865 PcBios: Using the 386+ BIOS image.
00:00:14.346933 PcBios: MPS table at 000e1300
00:00:14.347311 PcBios: fCheckShutdownStatusForSoftReset=true  fClearShutdownStatusOnHardReset=true
00:00:14.347490 CPUM: SetGuestCpuIdFeature: Enabled xAPIC
00:00:14.348604 IOAPIC: Version=2.0 ChipType=ICH9
00:00:14.348677 PIT: mode=3 count=0x10000 (65536) - 18.20 Hz (ch=0)
00:00:14.349398 VMMDev: cbDefaultBudget: 703 670 613 (29f12955)
00:00:14.414990 Shared Folders service loaded
00:00:14.430019 Guest Control service loaded
00:00:14.485797 VGA: Using the 386+ BIOS image.
00:00:14.488946 DrvVD: Flushes will be ignored
00:00:14.488996 DrvVD: Async flushes will be passed to the disk
00:00:14.492417 VD: VDInit finished with VINF_SUCCESS
00:00:14.493668 AIOMgr: Endpoint for file 'D:\Учеба\АСУЭП\ПР10\VM1-PostgreSQL\VM1-PostgreSQL.vdi' (flags 000c0723) created successfully
00:00:14.501883 VD: Opening the disk took 9971411 ns
00:00:14.502110 AHCI: LUN#0: disk, PCHS=16383/16/63, total number of sectors 41943040
00:00:14.502785 AHCI#0: Reset the HBA
00:00:14.502829 VD#0: Cancelling all active requests
00:00:14.504447 PIIX3 ATA: LUN#0: no unit
00:00:14.504478 PIIX3 ATA: LUN#1: no unit
00:00:14.504631 DrvVD: Flushes will be ignored
00:00:14.504649 DrvVD: Async flushes will be passed to the disk
00:00:14.504917 VD: Opening the disk took 246508 ns
00:00:14.505005 PIIX3 ATA: LUN#2: CD/DVD, total number of sectors 29150, passthrough disabled
00:00:14.505123 PIIX3 ATA: LUN#3: no unit
00:00:14.505313 PIIX3 ATA: Ctl#1: finished processing RESET
00:00:14.505485 PIIX3 ATA: Ctl#0: finished processing RESET
00:00:14.505698 E1000#0: Chip=82540EM LinkUpDelay=5000ms EthernetCRC=on GSO=enabled Itr=disabled ItrRx=enabled TID=disabled R0=disabled RC=disabled
00:00:14.506155 IntNet#0: szNetwork={HostInterfaceNetworking-VirtualBox Host-Only Ethernet Adapter #2} enmTrunkType=4 szTrunk={VirtualBox Host-Only Ethernet Adapter #2} fFlags=0x8000 cbRecv=325632 cbSend=196608 fIgnoreConnectFailure=false
00:00:14.507335 AC97: Using codec 'AD1980'
00:00:14.571986 Audio: Found 4 devices for driver 'WasAPI'
00:00:14.572033 Audio: Device 'Onboard Speaker (Audio Device)':
00:00:14.572035 Audio:   ID              = {0.0.0.00000000}.{484de619-a4d3-4183-bfdc-9776927ba45c}
00:00:14.572036 Audio:   Usage           = output
00:00:14.572037 Audio:   Flags           = DEFAULT_OUT
00:00:14.572037 Audio:   Input channels  = 0
00:00:14.572039 Audio:   Output channels = 2
00:00:14.572049 Audio: Device 'Onboard Speaker (Audio Device)':
00:00:14.572050 Audio:   ID              = {0.0.0.00000000}.{484de619-a4d3-4183-bfdc-9776927ba45c}
00:00:14.572051 Audio:   Usage           = output
00:00:14.572051 Audio:   Flags           = NONE
00:00:14.572052 Audio:   Input channels  = 0
00:00:14.572053 Audio:   Output channels = 2
00:00:14.572061 Audio: Device 'Onboard MIC (Технология Intel® Smart Sound для цифровых микрофонов)':
00:00:14.572062 Audio:   ID              = {0.0.1.00000000}.{a4cb1f18-5eb4-4396-9ccf-54765b4632af}
00:00:14.572063 Audio:   Usage           = input
00:00:14.572064 Audio:   Flags           = DEFAULT_IN
00:00:14.572064 Audio:   Input channels  = 2
00:00:14.572065 Audio:   Output channels = 0
00:00:14.572079 Audio: Device 'Onboard MIC (Технология Intel® Smart Sound для цифровых микрофонов)':
00:00:14.572080 Audio:   ID              = {0.0.1.00000000}.{a4cb1f18-5eb4-4396-9ccf-54765b4632af}
00:00:14.572081 Audio:   Usage           = input
00:00:14.572081 Audio:   Flags           = NONE
00:00:14.572082 Audio:   Input channels  = 2
00:00:14.572082 Audio:   Output channels = 0
00:00:14.572514 AC97: Reset
00:00:14.572541 AC97: Mixer reset (EAID=0x809, EACS=0x9)
00:00:14.572551 AC97: Record select to left=mic, right=mic
00:00:14.572560 Audio Mixer: MUTING master volume of 'AC'97 Mixer' -- channel volumes: ff ff ff ff ff ff ff ff ff ff ff ff
00:00:14.572580 Audio Mixer: MUTING sink 'AC'97 Mixer/Line In' -- channel volumes: 00 00 00 00 00 00 00 00 00 00 00 00
00:00:14.572595 Audio Mixer: MUTING sink 'AC'97 Mixer/Microphone In' -- channel volumes: 00 00 00 00 00 00 00 00 00 00 00 00
00:00:14.572608 Audio Mixer: MUTING sink 'AC'97 Mixer/PCM Output' -- channel volumes: 00 00 00 00 00 00 00 00 00 00 00 00
00:00:14.572620 Audio Mixer: MUTING sink 'AC'97 Mixer/PCM Output' -- channel volumes: 00 00 00 00 00 00 00 00 00 00 00 00
00:00:14.572633 Audio Mixer: MUTING sink 'AC'97 Mixer/Line In' -- channel volumes: 00 00 00 00 00 00 00 00 00 00 00 00
00:00:14.572644 Audio Mixer: MUTING sink 'AC'97 Mixer/Line In' -- channel volumes: 00 00 00 00 00 00 00 00 00 00 00 00
00:00:14.572655 Audio Mixer: MUTING sink 'AC'97 Mixer/Microphone In' -- channel volumes: 00 00 00 00 00 00 00 00 00 00 00 00
00:00:14.574720 VUSB: Attached 'HidMouse' to port 1 on RootHub#1 (FullSpeed)
00:00:14.574777 PGM: The CPU physical address width is 39 bits
00:00:14.574788 PGM: PGMR3InitFinalize: 4 MB PSE mask 0000007fffffffff -> VINF_SUCCESS
00:00:14.574805 TM: TMR3InitFinalize: fTSCModeSwitchAllowed=false
00:00:14.576154 CPUM: Mapped 1.4 TiB (1048576 bytes) of RAM using fixed-range MTRRs
00:00:14.576198 CPUM: Mapped 2.0 GiB (2147483648 bytes) of RAM using 1 variable-range MTRRs
00:00:14.576602 VMM: Thread-context hooks unavailable
00:00:14.576617 VMM: RTThreadPreemptIsPending() can be trusted
00:00:14.576626 VMM: Kernel preemption is possible
00:00:14.576880 EM: Exit history optimizations: enabled=true enabled-r0=true enabled-r0-no-preemption=false
00:00:14.576961 PcBios: SATA LUN#0 LCHS=1024/255/63
00:00:14.576991 APIC: fPostedIntrsEnabled=false fVirtApicRegsEnabled=false fSupportsTscDeadline=false
00:00:14.577001 TMR3UtcNow: nsNow=1 777 578 586 089 885 800 nsPrev=0 -> cNsDelta=1 777 578 586 089 885 800 (offLag=0 offVirtualSync=0 offVirtualSyncGivenUp=0, NowAgain=1 777 578 586 089 885 800)
00:00:14.577016 VMM: fUsePeriodicPreemptionTimers=true
00:00:14.577030 CPUM: Logical host processors: 12 present, 12 max, 12 online, online mask: 0000000000000fff
00:00:14.577032 CPUM: Physical host cores: 8
00:00:14.577033 ************************* CPUID dump ************************
00:00:14.577046          Raw Standard CPUID Leaves
00:00:14.577046      Leaf/sub-leaf  eax      ebx      ecx      edx
00:00:14.577048 Gst: 00000000/0000  00000016 756e6547 6c65746e 49656e69
00:00:14.577051 Hst:                00000020 756e6547 6c65746e 49656e69
00:00:14.577054 Gst: 00000001/0000  000b06a2 00020800 c2da2203 178bfbff
00:00:14.577055 Hst:                000b06a2 18400800 fffaf38b bfcbfbff
00:00:14.577058 Gst: 00000002/0000  00feff01 000000f0 00000000 00000000
00:00:14.577059 Hst:                00feff01 000000f0 00000000 00000000
00:00:14.577062 Gst: 00000003/0000  00000000 00000000 00000000 00000000
00:00:14.577063 Hst:                00000000 00000000 00000000 00000000
00:00:14.577066 Gst: 00000004/0000  04000121 02c0003f 0000003f 00000000
00:00:14.577068 Hst:                7c004121 02c0003f 0000003f 00000000
00:00:14.577071 Gst: 00000004/0001  04000122 01c0003f 0000003f 00000000
00:00:14.577072 Hst:                7c004122 01c0003f 0000003f 00000000
00:00:14.577075 Gst: 00000004/0002  04000143 0240003f 000007ff 00000000
00:00:14.577076 Hst:                7c01c143 0240003f 000007ff 00000000
00:00:14.577080 Gst: 00000004/0003  04000163 01c0003f 00005fff 00000004
00:00:14.577081 Hst:                7c0fc163 01c0003f 00005fff 00000004
00:00:14.577083 Gst: 00000004/0004  04000000 00000000 00000000 00000000
00:00:14.577085 Hst:                00000000 00000000 00000000 00000000
00:00:14.577087 Gst: 00000005/0000  00000000 00000000 00000000 00000000
00:00:14.577088 Hst:                00000040 00000040 00000003 00002020
00:00:14.577097 Gst: 00000006/0000  00000004 00000000 00000000 00000000
00:00:14.577098 Hst:                009f8ff3 00000002 00000409 00030003
00:00:14.577101 Gst: 00000007/0000  00000000 208c2509 00000000 30000400
00:00:14.577103 Hst:                00000001 239c27a9 184007a4 bc18c410
00:00:14.577106 Gst: 00000007/0001  00000000 00000000 00000000 00000000
00:00:14.577108 Hst:                00400810 00000000 00000000 00000000
00:00:14.577111 Gst: 00000007/0002  00000000 00000000 00000000 00000000
00:00:14.577113 Hst:                00000000 00000000 00000000 00000000
00:00:14.577116 Gst: 00000008/0000  00000000 00000000 00000000 00000000
00:00:14.577117 Hst:                00000000 00000000 00000000 00000000
00:00:14.577120 Gst: 00000009/0000  00000000 00000000 00000000 00000000
00:00:14.577122 Hst:                00000000 00000000 00000000 00000000
00:00:14.577125 Gst: 0000000a/0000  00000000 00000000 00000000 00000000
00:00:14.577127 Hst:                07300605 00000000 00000007 00008603
00:00:14.577130 Gst: 0000000b/0000  00000000 00000001 00000100 00000000
00:00:14.577132 Hst:                00000001 00000002 00000100 00000018
00:00:14.577135 Gst: 0000000b/0001  00000001 00000002 00000201 00000000
00:00:14.577136 Hst:                00000006 0000000c 00000201 00000018
00:00:14.577140 Gst: 0000000b/0002  00000000 00000000 00000002 00000000
00:00:14.577142 Hst:                00000000 00000000 00000002 00000018
00:00:14.577144 Gst: 0000000c/0000  00000000 00000000 00000000 00000000
00:00:14.577145 Hst:                00000000 00000000 00000000 00000000
00:00:14.577148 Gst: 0000000d/0000  00000000 00000000 00000000 00000000
00:00:14.577149 Hst:                00000007 00000340 00000340 00000000
00:00:14.577152 Gst: 0000000d/0001  00000000 00000000 00000000 00000000
00:00:14.577153 Hst:                0000000f 00000350 00001800 00000000
00:00:14.577155 Gst: 0000000d/0002  00000000 00000000 00000000 00000000
00:00:14.577156 Hst:                00000100 00000240 00000000 00000000
00:00:14.577158 Gst: 0000000d/0003  00000000 00000000 00000000 00000000
00:00:14.577159 Hst:                00000000 00000000 00000000 00000000
00:00:14.577161 Gst: 0000000d/0004  00000000 00000000 00000000 00000000
00:00:14.577162 Hst:                00000000 00000000 00000000 00000000
00:00:14.577164 Gst: 0000000d/0005  00000000 00000000 00000000 00000000
00:00:14.577165 Hst:                00000000 00000000 00000000 00000000
00:00:14.577167 Gst: 0000000d/0006  00000000 00000000 00000000 00000000
00:00:14.577168 Hst:                00000000 00000000 00000000 00000000
00:00:14.577170 Gst: 0000000d/0007  00000000 00000000 00000000 00000000
00:00:14.577171 Hst:                00000000 00000000 00000000 00000000
00:00:14.577173 Gst: 0000000d/0008  00000000 00000000 00000000 00000000
00:00:14.577175 Hst:                00000000 00000000 00000000 00000000
00:00:14.577177 Gst: 0000000d/0009  00000000 00000000 00000000 00000000
00:00:14.577178 Hst:                00000000 00000000 00000000 00000000
00:00:14.577180 Gst: 0000000d/000a  00000000 00000000 00000000 00000000
00:00:14.577182 Hst:                00000000 00000000 00000000 00000000
00:00:14.577185 Gst: 0000000d/000b  00000000 00000000 00000000 00000000
00:00:14.577186 Hst:                00000010 00000000 00000001 00000000
00:00:14.577188 Gst: 0000000d/000c  00000000 00000000 00000000 00000000
00:00:14.577190 Hst:                00000018 00000000 00000001 00000000
00:00:14.577192 Gst: 0000000d/000d  00000000 00000000 00000000 00000000
00:00:14.577194 Hst:                00000000 00000000 00000000 00000000
00:00:14.577316 Gst: 0000000e/0000  00000000 00000000 00000000 00000000
00:00:14.577317 Hst:                00000000 00000000 00000000 00000000
00:00:14.577319 Gst: 0000000f/0000  00000000 00000000 00000000 00000000
00:00:14.577321 Hst:                00000000 00000000 00000000 00000000
00:00:14.577323 Gst: 00000010/0000  00000000 00000000 00000000 00000000
00:00:14.577324 Hst:                00000000 00000000 00000000 00000000
00:00:14.577326 Gst: 00000011/0000  00000000 00000000 00000000 00000000
00:00:14.577327 Hst:                00000000 00000000 00000000 00000000
00:00:14.577329 Gst: 00000012/0000  00000000 00000000 00000000 00000000
00:00:14.577331 Hst:                00000000 00000000 00000000 00000000
00:00:14.577333 Gst: 00000013/0000  00000000 00000000 00000000 00000000
00:00:14.577334 Hst:                00000000 00000000 00000000 00000000
00:00:14.577337 Gst: 00000014/0000  00000000 00000000 00000000 00000000
00:00:14.577338 Hst:                00000001 0000005f 00000007 00000000
00:00:14.577341 Hst: 00000015/0000  00000002 00000088 0249f000 00000000
00:00:14.577344 Hst: 00000016/0000  00000000 00000000 00000000 00000000
00:00:14.577348 Hst: 00000017/0000  00000000 00000000 00000000 00000000
00:00:14.577351 Hst: 00000018/0000  00000000 00000000 00000000 00000000
00:00:14.577355 Hst: 00000019/0000  00000000 00000000 00000000 00000000
00:00:14.577358 Hst: 0000001a/0000  40000001 00000000 00000000 00000000
00:00:14.577362 Hst: 0000001b/0000  00000000 00000000 00000000 00000000
00:00:14.577366 Hst: 0000001c/0000  4000000b 00000007 00000007 00000000
00:00:14.577370 Hst: 0000001d/0000  00000000 00000000 00000000 00000000
00:00:14.577374 Hst: 0000001e/0000  00000000 00000000 00000000 00000000
00:00:14.577378 Hst: 0000001f/0000  00000001 00000002 00000100 00000018
00:00:14.577381 Hst: 00000020/0000  00000000 00000001 00000000 00000000
00:00:14.577384                                Name: GenuineIntel
00:00:14.577387                            Supports: 0x00000000-0x00000016
00:00:14.577392                              Family:  6 	Extended: 0 	Effective: 6
00:00:14.577394                               Model: 10 	Extended: 11 	Effective: 186
00:00:14.577396                            Stepping: 2
00:00:14.577396                                Type: 0 (primary)
00:00:14.577398                             APIC ID: 0x00
00:00:14.577399                        Logical CPUs: 2
00:00:14.577400                        CLFLUSH Size: 8
00:00:14.577401                            Brand ID: 0x00
00:00:14.577403 Features
00:00:14.577406   Mnemonic - Description                                  = guest (host)
00:00:14.577407   FPU - x87 FPU on Chip                                   = 1 (1)
00:00:14.577410   VME - Virtual 8086 Mode Enhancements                    = 1 (1)
00:00:14.577411   DE - Debugging extensions                               = 1 (1)
00:00:14.577413   PSE - Page Size Extension                               = 1 (1)
00:00:14.577414   TSC - Time Stamp Counter                                = 1 (1)
00:00:14.577415   MSR - Model Specific Registers                          = 1 (1)
00:00:14.577417   PAE - Physical Address Extension                        = 1 (1)
00:00:14.577418   MCE - Machine Check Exception                           = 1 (1)
00:00:14.577419   CX8 - CMPXCHG8B instruction                             = 1 (1)
00:00:14.577420   APIC - APIC On-Chip                                     = 1 (1)
00:00:14.577422   SEP - SYSENTER and SYSEXIT Present                      = 1 (1)
00:00:14.577423   MTRR - Memory Type Range Registers                      = 1 (1)
00:00:14.577425   PGE - PTE Global Bit                                    = 1 (1)
00:00:14.577426   MCA - Machine Check Architecture                        = 1 (1)
00:00:14.577427   CMOV - Conditional Move instructions                    = 1 (1)
00:00:14.577429   PAT - Page Attribute Table                              = 1 (1)
00:00:14.577430   PSE-36 - 36-bit Page Size Extension                     = 1 (1)
00:00:14.577432   PSN - Processor Serial Number                           = 0 (0)
00:00:14.577433   CLFSH - CLFLUSH instruction                             = 1 (1)
00:00:14.577435   DS - Debug Store                                        = 0 (0)
00:00:14.577437   ACPI - Thermal Mon. & Soft. Clock Ctrl.                 = 0 (1)
00:00:14.577438   MMX - Intel MMX Technology                              = 1 (1)
00:00:14.577439   FXSR - FXSAVE and FXRSTOR instructions                  = 1 (1)
00:00:14.577441   SSE - SSE support                                       = 1 (1)
00:00:14.577442   SSE2 - SSE2 support                                     = 1 (1)
00:00:14.577444   SS - Self Snoop                                         = 0 (1)
00:00:14.577446   HTT - Hyper-Threading Technology                        = 1 (1)
00:00:14.577447   TM - Therm. Monitor                                     = 0 (1)
00:00:14.577449   PBE - Pending Break Enabled                             = 0 (1)
00:00:14.577453   SSE3 - SSE3 support                                     = 1 (1)
00:00:14.577455   PCLMUL - PCLMULQDQ support (for AES-GCM)                = 1 (1)
00:00:14.577456   DTES64 - DS Area 64-bit Layout                          = 0 (0)
00:00:14.577458   MONITOR - MONITOR/MWAIT instructions                    = 0 (1)
00:00:14.577459   CPL-DS - CPL Qualified Debug Store                      = 0 (0)
00:00:14.577461   VMX - Virtual Machine Extensions                        = 0 (0)
00:00:14.577462   SMX - Safer Mode Extensions                             = 0 (0)
00:00:14.577464   EST - Enhanced SpeedStep Technology                     = 0 (1)
00:00:14.577465   TM2 - Terminal Monitor 2                                = 0 (1)
00:00:14.577467   SSSE3 - Supplemental Streaming SIMD Extensions 3        = 1 (1)
00:00:14.577468   CNTX-ID - L1 Context ID                                 = 0 (0)
00:00:14.577470   SDBG - Silicon Debug interface                          = 0 (0)
00:00:14.577471   FMA - Fused Multiply Add extensions                     = 0 (1)
00:00:14.577472   CX16 - CMPXCHG16B instruction                           = 1 (1)
00:00:14.577474   TPRUPDATE - xTPR Update Control                         = 0 (1)
00:00:14.577475   PDCM - Perf/Debug Capability MSR                        = 0 (1)
00:00:14.577477   PCID - Process Context Identifiers                      = 1 (1)
00:00:14.577478   DCA - Direct Cache Access                               = 0 (0)
00:00:14.577480   SSE4_1 - SSE4_1 support                                 = 1 (1)
00:00:14.577481   SSE4_2 - SSE4_2 support                                 = 1 (1)
00:00:14.577483   X2APIC - x2APIC support                                 = 0 (1)
00:00:14.577485   MOVBE - MOVBE instruction                               = 1 (1)
00:00:14.577486   POPCNT - POPCNT instruction                             = 1 (1)
00:00:14.577488   TSCDEADL - Time Stamp Counter Deadline                  = 0 (1)
00:00:14.577489   AES - AES instructions                                  = 1 (1)
00:00:14.577491   XSAVE - XSAVE instruction                               = 0 (1)
00:00:14.577492   OSXSAVE - OSXSAVE instruction                           = 0 (1)
00:00:14.577494   AVX - AVX support                                       = 0 (1)
00:00:14.577495   F16C - 16-bit floating point conversion instructions    = 0 (1)
00:00:14.577496   RDRAND - RDRAND instruction                             = 1 (1)
00:00:14.577498   HVP - Hypervisor Present (we're a guest)                = 1 (1)
00:00:14.577500 Structured Extended Feature Flags Enumeration (leaf 7):
00:00:14.577502   Mnemonic - Description                                  = guest (host)
00:00:14.577503   FSGSBASE - RDFSBASE/RDGSBASE/WRFSBASE/WRGSBASE instr.   = 1 (1)
00:00:14.577504   TSCADJUST - Supports MSR_IA32_TSC_ADJUST                = 0 (0)
00:00:14.577506   SGX - Supports Software Guard Extensions                = 0 (0)
00:00:14.577507   BMI1 - Advanced Bit Manipulation extension 1            = 1 (1)
00:00:14.577508   HLE - Hardware Lock Elision                             = 0 (0)
00:00:14.577510   AVX2 - Advanced Vector Extensions 2                     = 0 (1)
00:00:14.577511   FDP_EXCPTN_ONLY - FPU DP only updated on exceptions     = 0 (0)
00:00:14.577512   SMEP - Supervisor Mode Execution Prevention             = 0 (1)
00:00:14.577513   BMI2 - Advanced Bit Manipulation extension 2            = 1 (1)
00:00:14.577515   ERMS - Enhanced REP MOVSB/STOSB instructions            = 0 (1)
00:00:14.577516   INVPCID - INVPCID instruction                           = 1 (1)
00:00:14.577517   RTM - Restricted Transactional Memory                   = 0 (0)
00:00:14.577519   PQM - Platform Quality of Service Monitoring            = 0 (0)
00:00:14.577520   DEPFPU_CS_DS - Deprecates FPU CS, FPU DS values if set  = 1 (1)
00:00:14.577521   MPE - Intel Memory Protection Extensions                = 0 (0)
00:00:14.577522   PQE - Platform Quality of Service Enforcement           = 0 (0)
00:00:14.577524   AVX512F - AVX512 Foundation instructions                = 0 (0)
00:00:14.577525   RDSEED - RDSEED instruction                             = 1 (1)
00:00:14.577526   ADX - ADCX/ADOX instructions                            = 1 (1)
00:00:14.577528   SMAP - Supervisor Mode Access Prevention                = 0 (1)
00:00:14.577529   CLFLUSHOPT - CLFLUSHOPT (Cache Line Flush) instruction  = 1 (1)
00:00:14.577530   CLWB - CLWB instruction                                 = 0 (1)
00:00:14.577532   INTEL_PT - Intel Processor Trace                        = 0 (1)
00:00:14.577533   AVX512PF - AVX512 Prefetch instructions                 = 0 (0)
00:00:14.577535   AVX512ER - AVX512 Exponential & Reciprocal instructions = 0 (0)
00:00:14.577536   AVX512CD - AVX512 Conflict Detection instructions       = 0 (0)
00:00:14.577537   SHA - Secure Hash Algorithm extensions                  = 1 (1)
00:00:14.577539   PREFETCHWT1 - PREFETCHWT1 instruction                   = 0 (0)
00:00:14.577540   UMIP - User mode insturction prevention                 = 0 (1)
00:00:14.577541   PKU - Protection Key for Usermode pages                 = 0 (0)
00:00:14.577543   OSPKE - CR4.PKU mirror                                  = 0 (0)
00:00:14.577544    5 - Reserved                                           = 0 (1)
00:00:14.577546    7 - Reserved                                           = 0 (1)
00:00:14.577548    8 - Reserved                                           = 0 (1)
00:00:14.577550    9 - Reserved                                           = 0 (1)
00:00:14.577551   10 - Reserved                                           = 0 (1)
00:00:14.577553   MAWAU - Value used by BNDLDX & BNDSTX                   = 0x0 (0x0)
00:00:14.577555   RDPID - Read processor ID support                       = 0 (1)
00:00:14.577557   27 - Reserved                                           = 0 (1)
00:00:14.577558   28 - Reserved                                           = 0 (1)
00:00:14.577560   SGX_LC - Supports SGX Launch Configuration              = 0 (0)
00:00:14.577562    4 - Reserved                                           = 0 (1)
00:00:14.577566   MD_CLEAR - Supports MDS related buffer clearing         = 1 (1)
00:00:14.577567   14 - Reserved                                           = 0 (1)
00:00:14.577569   15 - Reserved                                           = 0 (1)
00:00:14.577571   19 - Reserved                                           = 0 (1)
00:00:14.577572   20 - Reserved                                           = 0 (1)
00:00:14.577574   IBRS_IBPB - IA32_SPEC_CTRL.IBRS and IA32_PRED_CMD.IBPB  = 0 (1)
00:00:14.577575   STIBP - Supports IA32_SPEC_CTRL.STIBP                   = 0 (1)
00:00:14.577577   FLUSH_CMD - Supports IA32_FLUSH_CMD                     = 1 (1)
00:00:14.577578   ARCHCAP - Supports IA32_ARCH_CAP                        = 1 (1)
00:00:14.577580   CORECAP - Supports IA32_CORE_CAP                        = 0 (0)
00:00:14.577581   SSBD - Supports IA32_SPEC_CTRL.SSBD                     = 0 (1)
00:00:14.577586 Processor Extended State Enumeration (leaf 0xd):
00:00:14.577588    XSAVE area cur/max size by XCR0, guest: 0x0/0x0
00:00:14.577590     XSAVE area cur/max size by XCR0, host: 0x340/0x340
00:00:14.577591                    Valid XCR0 bits, guest: 0x00000000`00000000
00:00:14.577593                     Valid XCR0 bits, host: 0x00000000`00000007 ( x87 SSE YMM_Hi128 )
00:00:14.577597                     XSAVE features, guest:
00:00:14.577599                      XSAVE features, host: XSAVEOPT XSAVEC XGETBC1 XSAVES
00:00:14.577601       XSAVE area cur size XCR0|XSS, guest: 0x0
00:00:14.577602        XSAVE area cur size XCR0|XSS, host: 0x350
00:00:14.577603                Valid IA32_XSS bits, guest: 0x00000000`00000000
00:00:14.577604                 Valid IA32_XSS bits, host: 0x00001800`00000000 ( 43 44 )
00:00:14.577608   State #2, host:  off=0x0240, cb=0x0100 IA32_XSS-bit -- YMM_Hi128
00:00:14.577621   State #11, host:  off=0x0000, cb=0x0010 XCR0-bit -- 11
00:00:14.577625   State #12, host:  off=0x0000, cb=0x0018 XCR0-bit -- 12
00:00:14.577689          Unknown CPUID Leaves
00:00:14.577690      Leaf/sub-leaf  eax      ebx      ecx      edx
00:00:14.577692 Gst: 00000014/0001  00000000 00000000 00000000 00000000
00:00:14.577694 Hst:                02490002 003f003f 00000000 00000000
00:00:14.577696 Gst: 00000014/0002  00000000 00000000 00000000 00000000
00:00:14.577698 Hst:                00000000 00000000 00000000 00000000
00:00:14.577700 Gst: 00000015/0000  00000000 00000000 00000000 00000000
00:00:14.577701 Hst:                00000002 00000088 0249f000 00000000
00:00:14.577703 Gst: 00000016/0000  00000000 00000000 00000000 00000000
00:00:14.577705 Hst:                00000000 00000000 00000000 00000000
00:00:14.577707          Raw Hypervisor CPUID Leaves
00:00:14.577708      Leaf/sub-leaf  eax      ebx      ecx      edx
00:00:14.577710 Gst: 40000000/0000  40000001 4b4d564b 564b4d56 0000004d
00:00:14.577711 Hst:                4000000c 7263694d 666f736f 76482074
00:00:14.577714 Gst: 40000001/0000  01000089 00000000 00000000 00000000
00:00:14.577715 Hst:                31237648 00000000 00000000 00000000
00:00:14.577717          Raw Extended CPUID Leaves
00:00:14.577718      Leaf/sub-leaf  eax      ebx      ecx      edx
00:00:14.577720 Gst: 80000000/0000  80000008 00000000 00000000 00000000
00:00:14.577721 Hst:                80000008 00000000 00000000 00000000
00:00:14.577723 Gst: 80000001/0000  00000000 00000000 00000121 28100800
00:00:14.577725 Hst:                00000000 00000000 00000121 2c100800
00:00:14.577727 Gst: 80000002/0000  68743331 6e654720 746e4920 52286c65
00:00:14.577728 Hst:                68743331 6e654720 746e4920 52286c65
00:00:14.577731 Gst: 80000003/0000  6f432029 54286572 6920294d 33312d35
00:00:14.577732 Hst:                6f432029 54286572 6920294d 33312d35
00:00:14.577734 Gst: 80000004/0000  48303234 00000000 00000000 00000000
00:00:14.577736 Hst:                48303234 00000000 00000000 00000000
00:00:14.577738 Gst: 80000005/0000  00000000 00000000 00000000 00000000
00:00:14.577739 Hst:                00000000 00000000 00000000 00000000
00:00:14.577741 Gst: 80000006/0000  00000000 00000000 05007040 00000000
00:00:14.577742 Hst:                00000000 00000000 05007040 00000000
00:00:14.577745 Gst: 80000007/0000  00000000 00000000 00000000 00000100
00:00:14.577746 Hst:                00000000 00000000 00000000 00000100
00:00:14.577748 Gst: 80000008/0000  00003027 00000000 00000000 00000000
00:00:14.577750 Hst:                00003027 00000000 00000000 00000000
00:00:14.577751 Ext Name:                        
00:00:14.577752 Ext Supports:                    0x80000000-0x80000008
00:00:14.577753 Family:                          0  	Extended: 0 	Effective: 0
00:00:14.577754 Model:                           0  	Extended: 0 	Effective: 0
00:00:14.577755 Stepping:                        0
00:00:14.577755 Brand ID:                        0x000
00:00:14.577760 Ext Features
00:00:14.577761   Mnemonic - Description                                  = guest (host)
00:00:14.577762   FPU - x87 FPU on Chip                                   = 0 (0)
00:00:14.577764   VME - Virtual 8086 Mode Enhancements                    = 0 (0)
00:00:14.577765   DE - Debugging extensions                               = 0 (0)
00:00:14.577767   PSE - Page Size Extension                               = 0 (0)
00:00:14.577769   TSC - Time Stamp Counter                                = 0 (0)
00:00:14.577770   MSR - K86 Model Specific Registers                      = 0 (0)
00:00:14.577771   PAE - Physical Address Extension                        = 0 (0)
00:00:14.577773   MCE - Machine Check Exception                           = 0 (0)
00:00:14.577774   CX8 - CMPXCHG8B instruction                             = 0 (0)
00:00:14.577776   APIC - APIC On-Chip                                     = 0 (0)
00:00:14.577777   SEP - SYSCALL/SYSRET                                    = 1 (1)
00:00:14.577779   MTRR - Memory Type Range Registers                      = 0 (0)
00:00:14.577780   PGE - PTE Global Bit                                    = 0 (0)
00:00:14.577782   MCA - Machine Check Architecture                        = 0 (0)
00:00:14.577783   CMOV - Conditional Move instructions                    = 0 (0)
00:00:14.577785   PAT - Page Attribute Table                              = 0 (0)
00:00:14.577786   PSE-36 - 36-bit Page Size Extension                     = 0 (0)
00:00:14.577788   NX - No-Execute/Execute-Disable                         = 1 (1)
00:00:14.577789   AXMMX - AMD Extensions to MMX instructions              = 0 (0)
00:00:14.577790   MMX - Intel MMX Technology                              = 0 (0)
00:00:14.577792   FXSR - FXSAVE and FXRSTOR Instructions                  = 0 (0)
00:00:14.577793   FFXSR - AMD fast FXSAVE and FXRSTOR instructions        = 0 (0)
00:00:14.577795   Page1GB - 1 GB large page                               = 0 (1)
00:00:14.577796   RDTSCP - RDTSCP instruction                             = 1 (1)
00:00:14.577798   LM - AMD64 Long Mode                                    = 1 (1)
00:00:14.577799   3DNOWEXT - AMD Extensions to 3DNow                      = 0 (0)
00:00:14.577801   3DNOW - AMD 3DNow                                       = 0 (0)
00:00:14.577803   LahfSahf - LAHF/SAHF support in 64-bit mode             = 1 (1)
00:00:14.577804   CmpLegacy - Core multi-processing legacy mode           = 0 (0)
00:00:14.577805   SVM - AMD Secure Virtual Machine extensions             = 0 (0)
00:00:14.577807   EXTAPIC - AMD Extended APIC registers                   = 0 (0)
00:00:14.577808   CR8L - AMD LOCK MOV CR0 means MOV CR8                   = 0 (0)
00:00:14.577809   ABM - AMD Advanced Bit Manipulation                     = 1 (1)
00:00:14.577811   SSE4A - SSE4A instructions                              = 0 (0)
00:00:14.577812   MISALIGNSSE - AMD Misaligned SSE mode                   = 0 (0)
00:00:14.577814   3DNOWPRF - AMD PREFETCH and PREFETCHW instructions      = 1 (1)
00:00:14.577815   OSVW - AMD OS Visible Workaround                        = 0 (0)
00:00:14.577816   IBS - Instruct Based Sampling                           = 0 (0)
00:00:14.577818   XOP - Extended Operation support                        = 0 (0)
00:00:14.577819   SKINIT - SKINIT, STGI, and DEV support                  = 0 (0)
00:00:14.577820   WDT - AMD Watchdog Timer support                        = 0 (0)
00:00:14.577824   LWP - Lightweight Profiling support                     = 0 (0)
00:00:14.577826   FMA4 - Four operand FMA instruction support             = 0 (0)
00:00:14.577827   TCE - Translation Cache Extension support               = 0 (0)
00:00:14.577829   NodeId - NodeId in MSR C001_100C                        = 0 (0)
00:00:14.577830   TBM - Trailing Bit Manipulation instructions            = 0 (0)
00:00:14.577831   TOPOEXT - Topology Extensions                           = 0 (0)
00:00:14.577833   PRFEXTCORE - Performance Counter Extensions support     = 0 (0)
00:00:14.577834   PRFEXTNB - NB Performance Counter Extensions support    = 0 (0)
00:00:14.577835   DATABPEXT - Data-access Breakpoint Extension            = 0 (0)
00:00:14.577836   PERFTSC - Performance Time Stamp Counter                = 0 (0)
00:00:14.577837   PCX_L2I - L2I/L3 Performance Counter Extensions         = 0 (0)
00:00:14.577839   MONITORX - MWAITX and MONITORX instructions             = 0 (0)
00:00:14.577840   AddrMaskExt - BP Addressing masking extended to bit 31  = 0 (0)
00:00:14.577841 Full Name:                       "13th Gen Intel(R) Core(TM) i5-13420H"
00:00:14.577842 TLB 2/4M Instr/Uni:              res0     0 entries
00:00:14.577843 TLB 2/4M Data:                   res0     0 entries
00:00:14.577844 TLB 4K Instr/Uni:                res0     0 entries
00:00:14.577845 TLB 4K Data:                     res0     0 entries
00:00:14.577845 L1 Instr Cache Line Size:        0 bytes
00:00:14.577846 L1 Instr Cache Lines Per Tag:    0
00:00:14.577846 L1 Instr Cache Associativity:    res0  
00:00:14.577847 L1 Instr Cache Size:             0 KB
00:00:14.577848 L1 Data Cache Line Size:         0 bytes
00:00:14.577848 L1 Data Cache Lines Per Tag:     0
00:00:14.577849 L1 Data Cache Associativity:     res0  
00:00:14.577849 L1 Data Cache Size:              0 KB
00:00:14.577850 L2 TLB 2/4M Instr/Uni:           off       0 entries
00:00:14.577851 L2 TLB 2/4M Data:                off       0 entries
00:00:14.577852 L2 TLB 4K Instr/Uni:             off       0 entries
00:00:14.577852 L2 TLB 4K Data:                  off       0 entries
00:00:14.577853 L2 Cache Line Size:              64 bytes
00:00:14.577853 L2 Cache Lines Per Tag:          0
00:00:14.577854 L2 Cache Associativity:          res7  
00:00:14.577854 L2 Cache Size:                   1280 KB
00:00:14.577855 L3 Cache Line Size:              0 bytes
00:00:14.577856 L3 Cache Lines Per Tag:          0
00:00:14.577856 L3 Cache Associativity:          off   
00:00:14.577856 L3 Cache Size:                   0 KB
00:00:14.577859   TS - Temperature Sensor                                 = 0 (0)
00:00:14.577861   FID - Frequency ID control                              = 0 (0)
00:00:14.577863   VID - Voltage ID control                                = 0 (0)
00:00:14.577864   TTP - Thermal Trip                                      = 0 (0)
00:00:14.577866   TM - Hardware Thermal Control (HTC)                     = 0 (0)
00:00:14.577868   100MHzSteps - 100 MHz Multiplier control                = 0 (0)
00:00:14.577869   HwPstate - Hardware P-state control                     = 0 (0)
00:00:14.577870   TscInvariant - Invariant Time Stamp Counter             = 1 (1)
00:00:14.577872   CPB - Core Performance Boost                            = 0 (0)
00:00:14.577873   EffFreqRO - Read-only Effective Frequency Interface     = 0 (0)
00:00:14.577874   ProcFdbkIf - Processor Feedback Interface               = 0 (0)
00:00:14.577876   ProcPwrRep - Core power reporting interface support     = 0 (0)
00:00:14.577877   ConnectedStandby - Connected Standby                    = 0 (0)
00:00:14.577878   RAPL - Running average power limit                      = 0 (0)
00:00:14.577881 Physical Address Width:          39 bits
00:00:14.577882 Virtual Address Width:           48 bits
00:00:14.577883 Guest Physical Address Width:    0 bits
00:00:14.577883 Physical Core Count:             1
00:00:14.577886 
00:00:14.577887 ******************** End of CPUID dump **********************
00:00:14.578042 VMEmt: Halt method global1 (5)
00:00:14.578384 VMEmt: HaltedGlobal1 config: cNsSpinBlockThresholdCfg=50000
00:00:14.578623 Changing the VM state from 'CREATING' to 'CREATED'
00:00:14.581226 SharedFolders host service: Adding host mapping
00:00:14.581260     Host path 'D:\Учеба\АСУЭП\ПР10\public_files', map name 'public_files', writable, automount=true, automntpnt=, create_symlinks=false, missing=false
00:00:14.581999 Changing the VM state from 'CREATED' to 'POWERING_ON'
00:00:14.582518 AIOMgr: Endpoints without assigned bandwidth groups:
00:00:14.582564 AIOMgr:     D:\Учеба\АСУЭП\ПР10\VM1-PostgreSQL\VM1-PostgreSQL.vdi
00:00:14.582844 Changing the VM state from 'POWERING_ON' to 'RUNNING'
00:00:14.582905 Console: Machine state changed to 'Running'
00:00:14.588272 VMMDev: Guest Log: BIOS: VirtualBox 7.1.4
00:00:14.588656 PCI: Setting up resources and interrupts
00:00:14.589603 PIT: mode=2 count=0x10000 (65536) - 18.20 Hz (ch=0)
00:00:14.607829 Display::i_handleDisplayResize: uScreenId=0 pvVRAM=0000000000000000 w=720 h=400 bpp=0 cbLine=0x0 flags=0x0 origin=0,0
00:00:14.632641 VMMDev: Guest Log: CPUID EDX: 0x178bfbff
00:00:14.633035 PIIX3 ATA: Ctl#1: RESET, DevSel=0 AIOIf=0 CmdIf0=0x00 (-1 usec ago) CmdIf1=0x00 (-1 usec ago)
00:00:14.633082 PIIX3 ATA: Ctl#1: finished processing RESET
00:00:14.636583 GUI: UIMachineViewNormal::resendSizeHint: Restoring guest size-hint for screen 0 to 800x600
00:00:14.638657 AHCI#0: Reset the HBA
00:00:14.638696 VD#0: Cancelling all active requests
00:00:14.638836 AHCI#0: Port 0 reset
00:00:14.638881 VD#0: Cancelling all active requests
00:00:14.639972 GUI: UIMachineLogicNormal::sltCheckForRequestedVisualStateType: Requested-state=1, Machine-state=6
00:00:14.640374 VMMDev: Guest Log: BIOS: AHCI 0-P#0: PCHS=16383/16/63 LCHS=1024/255/63 0x0000000002800000 sectors
00:00:14.698224 PIT: mode=2 count=0x48d3 (18643) - 64.00 Hz (ch=0)
00:00:14.699957 Display::i_handleDisplayResize: uScreenId=0 pvVRAM=0000016a47620000 w=640 h=480 bpp=32 cbLine=0xA00 flags=0x0 origin=0,0
00:00:17.183438 PIT: mode=2 count=0x10000 (65536) - 18.20 Hz (ch=0)
00:00:17.183739 VMMDev: Guest Log: BIOS: Boot : bseqnr=1, bootseq=0132
00:00:17.185726 VMMDev: Guest Log: BIOS: Booting from Hard Disk...
00:00:17.194105 Display::i_handleDisplayResize: uScreenId=0 pvVRAM=0000000000000000 w=720 h=400 bpp=0 cbLine=0x0 flags=0x0 origin=0,0
00:00:17.553228 GUI: UIMediumEnumerator: Medium-enumeration finished!
00:00:18.271516 Display::i_handleDisplayResize: uScreenId=0 pvVRAM=0000016a47620000 w=640 h=480 bpp=32 cbLine=0xA00 flags=0x0 origin=0,0
00:00:18.630753 GUI: UIMediumEnumerator: Medium-enumeration finished!
00:00:25.779436 Display::i_handleDisplayResize: uScreenId=0 pvVRAM=0000016a47620000 w=640 h=480 bpp=0 cbLine=0x280 flags=0x0 origin=0,0
00:00:25.808150 Display::i_handleDisplayResize: uScreenId=0 pvVRAM=0000000000000000 w=720 h=400 bpp=0 cbLine=0x0 flags=0x0 origin=0,0
00:00:26.140013 GUI: UIMediumEnumerator: Medium-enumeration finished!
00:00:27.266883 GIM: KVM: VCPU  0: Enabled system-time struct. at 0x0000000051c01000 - u32TscScale=0xc413e3ee i8TscShift=-1 uVersion=2 fFlags=0x1 uTsc=0x7b60b8e1c uVirtNanoTS=0x2f3fd1c9b TscKHz=2611208
00:00:27.266959 TM: Host/VM is not suitable for using TSC mode 'RealTSCOffset', request to change TSC mode ignored
00:00:27.405647 GIM: KVM: Enabled wall-clock struct. at 0x0000000051c00000 - u32Sec=1777578598 u32Nano=917568405 uVersion=2
00:00:27.489040 PIT: mode=2 count=0x12a5 (4773) - 249.98 Hz (ch=0)
00:00:27.522827 MsrExit/0: 0010:ffffffff8629cd58/LM: RDMSR 00000140 -> 00000000 / VERR_CPUM_RAISE_GP_0
00:00:27.699385 PIT: mode=0 count=0x10000 (65536) - 18.20 Hz (ch=0)
00:00:27.703518 GIM: KVM: VCPU  1: Enabled system-time struct. at 0x0000000051c01040 - u32TscScale=0xc413e3ee i8TscShift=-1 uVersion=2 fFlags=0x1 uTsc=0x7fa028754 uVirtNanoTS=0x30e044bee TscKHz=2611208
00:00:27.703575 TM: Host/VM is not suitable for using TSC mode 'RealTSCOffset', request to change TSC mode ignored
00:00:27.709390 MsrExit/1: 0010:ffffffff8629cd58/LM: RDMSR 00000140 -> 00000000 / VERR_CPUM_RAISE_GP_0
00:00:28.312474 OHCI: Software reset
00:00:28.624048 PIIX3 ATA: Ctl#1: RESET, DevSel=0 AIOIf=0 CmdIf0=0xa1 (-1 usec ago) CmdIf1=0x00 (-1 usec ago)
00:00:28.624224 PIIX3 ATA: Ctl#1: finished processing RESET
00:00:28.627181 EHCI: Hardware reset
00:00:28.628339 EHCI: USB Operational
00:00:29.227087 OHCI: USB Reset
00:00:30.172820 EHCI: USB Suspended
00:00:30.173556 OHCI: Software reset
00:00:30.173938 OHCI: USB Operational
00:00:31.154496 MsrExit/0: 0010:ffffffff8629cd58/LM: RDMSR c0011029 -> 00000000 / VERR_CPUM_RAISE_GP_0
00:00:32.148334 AHCI#0: Reset the HBA
00:00:32.148395 VD#0: Cancelling all active requests
00:00:32.172101 AHCI#0: Port 0 reset
00:00:32.174817 VD#0: Cancelling all active requests
00:00:32.792855 Enabling different vbva mode
00:00:32.905901 Display::i_handleDisplayResize: uScreenId=0 pvVRAM=0000016a47620000 w=800 h=600 bpp=32 cbLine=0xC80 flags=0x1 origin=0,0
00:00:33.240352 GUI: UIMediumEnumerator: Medium-enumeration finished!
00:00:39.545469 AIOMgr: Async flushes not supported
00:00:41.099738 VMMDev: Guest Additions information report: Version 7.1.4 r165100 '7.1.4'
00:00:41.099785 VMMDev: Guest Additions information report: Interface = 0x00010004 osType = 0x00053100 (Linux >= 2.6, 64-bit)
00:00:41.099897 VMMDev: Guest Additions capability report: (0x0 -> 0x0) seamless: no, hostWindowMapping: no, graphics: no
00:00:41.100194 GUI: UISession::sltAdditionsChange: GA state doesn't really changed, still notifying listeners.
00:00:41.100215 GUI: UIMachineLogicNormal::sltCheckForRequestedVisualStateType: Requested-state=1, Machine-state=6
00:00:41.100224 GUI: UISession::sltAdditionsChange: GA state doesn't really changed, still notifying listeners.
00:00:41.100227 GUI: UIMachineLogicNormal::sltCheckForRequestedVisualStateType: Requested-state=1, Machine-state=6
00:00:41.100526 VMMDev: vmmDevReqHandler_HeartbeatConfigure: No change (fHeartbeatActive=false)
00:00:41.100545 VMMDev: Heartbeat flatline timer set to trigger after 4 000 000 000 ns
00:00:41.100574 VMMDev: Guest Log: vgdrvHeartbeatInit: Setting up heartbeat to trigger every 2000 milliseconds
00:00:41.100668 GUI: UISession::sltAdditionsChange: GA state really changed, notifying listeners.
00:00:41.100694 GUI: UIMachineViewNormal::adjustGuestScreenSize: Adjust guest-screen size if necessary
00:00:41.100709 GUI: UIMachineLogicNormal::sltCheckForRequestedVisualStateType: Requested-state=1, Machine-state=6
00:00:41.157250 VMMDev: Guest Log: Host supports full mouse state reporting, switching to extended mouse integration protocol
00:00:41.164892 VMMDev: Guest Additions capability report: (0x0 -> 0x0) seamless: no, hostWindowMapping: no, graphics: no
00:00:41.165106 GUI: UISession::sltAdditionsChange: GA state doesn't really changed, still notifying listeners.
00:00:41.165126 GUI: UIMachineLogicNormal::sltCheckForRequestedVisualStateType: Requested-state=1, Machine-state=6
00:00:41.167148 VMMDev: Guest Log: vboxguest: Successfully loaded version 7.1.4 r165100
00:00:41.167187 VMMDev: Guest Log: vboxguest: misc device minor 123, IRQ 20, I/O port d040, MMIO at 00000000f0400000 (size 0x400000)
00:00:41.237355 MsrExit/0: 0010:ffffffff8629cd58/LM: RDMSR 00000641 -> 00000000 / VERR_CPUM_RAISE_GP_0
00:00:41.237424 MsrExit/0: 0010:ffffffff8629cd58/LM: RDMSR 00000619 -> 00000000 / VERR_CPUM_RAISE_GP_0
00:00:41.237463 MsrExit/0: 0010:ffffffff8629cd58/LM: RDMSR 0000064d -> 00000000 / VERR_CPUM_RAISE_GP_0
00:00:41.533946 AC97: Reset
00:00:41.533970 AC97: Mixer reset (EAID=0x809, EACS=0x9)
00:00:41.533974 AC97: Record select to left=mic, right=mic
00:00:41.533978 Audio Mixer: MUTING master volume of 'AC'97 Mixer' -- channel volumes: ff ff ff ff ff ff ff ff ff ff ff ff
00:00:41.533983 Audio Mixer: MUTING sink 'AC'97 Mixer/Line In' -- channel volumes: 00 00 00 00 00 00 00 00 00 00 00 00
00:00:41.533987 Audio Mixer: MUTING sink 'AC'97 Mixer/Microphone In' -- channel volumes: 00 00 00 00 00 00 00 00 00 00 00 00
00:00:41.533990 Audio Mixer: MUTING sink 'AC'97 Mixer/PCM Output' -- channel volumes: 00 00 00 00 00 00 00 00 00 00 00 00
00:00:41.533994 Audio Mixer: MUTING sink 'AC'97 Mixer/PCM Output' -- channel volumes: 00 00 00 00 00 00 00 00 00 00 00 00
00:00:41.533997 Audio Mixer: MUTING sink 'AC'97 Mixer/Line In' -- channel volumes: 00 00 00 00 00 00 00 00 00 00 00 00
00:00:41.534000 Audio Mixer: MUTING sink 'AC'97 Mixer/Line In' -- channel volumes: 00 00 00 00 00 00 00 00 00 00 00 00
00:00:41.534006 Audio Mixer: MUTING sink 'AC'97 Mixer/Microphone In' -- channel volumes: 00 00 00 00 00 00 00 00 00 00 00 00
00:00:41.534258 Audio Mixer: MUTING sink 'AC'97 Mixer/Line In' -- channel volumes: 00 00 00 00 00 00 00 00 00 00 00 00
00:00:41.534269 Audio Mixer: MUTING sink 'AC'97 Mixer/Line In' -- channel volumes: 00 00 00 00 00 00 00 00 00 00 00 00
00:00:41.534467 Audio Mixer: MUTING sink 'AC'97 Mixer/Line In' -- channel volumes: 00 00 00 00 00 00 00 00 00 00 00 00
00:00:41.534474 Audio Mixer: MUTING sink 'AC'97 Mixer/Line In' -- channel volumes: 00 00 00 00 00 00 00 00 00 00 00 00
00:00:41.534713 AC97: Reset
00:00:41.534720 AC97: Mixer reset (EAID=0x809, EACS=0x9)
00:00:41.534724 AC97: Record select to left=mic, right=mic
00:00:41.534727 Audio Mixer: MUTING master volume of 'AC'97 Mixer' -- channel volumes: ff ff ff ff ff ff ff ff ff ff ff ff
00:00:41.534732 Audio Mixer: MUTING sink 'AC'97 Mixer/Line In' -- channel volumes: 00 00 00 00 00 00 00 00 00 00 00 00
00:00:41.534737 Audio Mixer: MUTING sink 'AC'97 Mixer/Microphone In' -- channel volumes: 00 00 00 00 00 00 00 00 00 00 00 00
00:00:41.534741 Audio Mixer: MUTING sink 'AC'97 Mixer/PCM Output' -- channel volumes: 00 00 00 00 00 00 00 00 00 00 00 00
00:00:41.534745 Audio Mixer: MUTING sink 'AC'97 Mixer/PCM Output' -- channel volumes: 00 00 00 00 00 00 00 00 00 00 00 00
00:00:41.534750 Audio Mixer: MUTING sink 'AC'97 Mixer/Line In' -- channel volumes: 00 00 00 00 00 00 00 00 00 00 00 00
00:00:41.534754 Audio Mixer: MUTING sink 'AC'97 Mixer/Line In' -- channel volumes: 00 00 00 00 00 00 00 00 00 00 00 00
00:00:41.534758 Audio Mixer: MUTING sink 'AC'97 Mixer/Microphone In' -- channel volumes: 00 00 00 00 00 00 00 00 00 00 00 00
00:00:41.539812 Audio Mixer: Setting master volume of 'AC'97 Mixer' -- channel volumes: ff ff ff ff ff ff ff ff ff ff ff ff
00:00:41.539839 Audio Mixer: MUTING sink 'AC'97 Mixer/Line In' -- channel volumes: 00 00 00 00 00 00 00 00 00 00 00 00
00:00:41.539843 Audio Mixer: MUTING sink 'AC'97 Mixer/Microphone In' -- channel volumes: 00 00 00 00 00 00 00 00 00 00 00 00
00:00:41.539847 Audio Mixer: MUTING sink 'AC'97 Mixer/PCM Output' -- channel volumes: 00 00 00 00 00 00 00 00 00 00 00 00
00:00:41.540124 Audio Mixer: MUTING master volume of 'AC'97 Mixer' -- channel volumes: ff ff ff ff ff ff ff ff ff ff ff ff
00:00:41.540129 Audio Mixer: MUTING sink 'AC'97 Mixer/Line In' -- channel volumes: 00 00 00 00 00 00 00 00 00 00 00 00
00:00:41.540132 Audio Mixer: MUTING sink 'AC'97 Mixer/Microphone In' -- channel volumes: 00 00 00 00 00 00 00 00 00 00 00 00
00:00:41.540135 Audio Mixer: MUTING sink 'AC'97 Mixer/PCM Output' -- channel volumes: 00 00 00 00 00 00 00 00 00 00 00 00
00:00:41.540203 Audio Mixer: MUTING master volume of 'AC'97 Mixer' -- channel volumes: ff ff ff ff ff ff ff ff ff ff ff ff
00:00:41.540208 Audio Mixer: MUTING sink 'AC'97 Mixer/Line In' -- channel volumes: 00 00 00 00 00 00 00 00 00 00 00 00
00:00:41.540213 Audio Mixer: MUTING sink 'AC'97 Mixer/Microphone In' -- channel volumes: 00 00 00 00 00 00 00 00 00 00 00 00
00:00:41.540217 Audio Mixer: MUTING sink 'AC'97 Mixer/PCM Output' -- channel volumes: 00 00 00 00 00 00 00 00 00 00 00 00
00:00:41.540308 Audio Mixer: MUTING master volume of 'AC'97 Mixer' -- channel volumes: ff ff ff ff ff ff ff ff ff ff ff ff
00:00:41.540314 Audio Mixer: MUTING sink 'AC'97 Mixer/Line In' -- channel volumes: 00 00 00 00 00 00 00 00 00 00 00 00
00:00:41.540319 Audio Mixer: MUTING sink 'AC'97 Mixer/Microphone In' -- channel volumes: 00 00 00 00 00 00 00 00 00 00 00 00
00:00:41.540323 Audio Mixer: MUTING sink 'AC'97 Mixer/PCM Output' -- channel volumes: 00 00 00 00 00 00 00 00 00 00 00 00
00:00:41.540364 Audio Mixer: MUTING master volume of 'AC'97 Mixer' -- channel volumes: 83 83 83 83 83 83 83 83 83 83 83 83
00:00:41.540369 Audio Mixer: MUTING sink 'AC'97 Mixer/Line In' -- channel volumes: 00 00 00 00 00 00 00 00 00 00 00 00
00:00:41.540374 Audio Mixer: MUTING sink 'AC'97 Mixer/Microphone In' -- channel volumes: 00 00 00 00 00 00 00 00 00 00 00 00
00:00:41.540384 Audio Mixer: MUTING sink 'AC'97 Mixer/PCM Output' -- channel volumes: 00 00 00 00 00 00 00 00 00 00 00 00
00:00:41.540514 Audio Mixer: MUTING master volume of 'AC'97 Mixer' -- channel volumes: bf bf bf bf bf bf bf bf bf bf bf bf
00:00:41.540520 Audio Mixer: MUTING sink 'AC'97 Mixer/Line In' -- channel volumes: 00 00 00 00 00 00 00 00 00 00 00 00
00:00:41.540524 Audio Mixer: MUTING sink 'AC'97 Mixer/Microphone In' -- channel volumes: 00 00 00 00 00 00 00 00 00 00 00 00
00:00:41.540528 Audio Mixer: MUTING sink 'AC'97 Mixer/PCM Output' -- channel volumes: 00 00 00 00 00 00 00 00 00 00 00 00
00:00:41.540714 Audio Mixer: MUTING master volume of 'AC'97 Mixer' -- channel volumes: 83 83 83 83 83 83 83 83 83 83 83 83
00:00:41.540720 Audio Mixer: MUTING sink 'AC'97 Mixer/Line In' -- channel volumes: 00 00 00 00 00 00 00 00 00 00 00 00
00:00:41.540724 Audio Mixer: MUTING sink 'AC'97 Mixer/Microphone In' -- channel volumes: 00 00 00 00 00 00 00 00 00 00 00 00
00:00:41.540729 Audio Mixer: MUTING sink 'AC'97 Mixer/PCM Output' -- channel volumes: 00 00 00 00 00 00 00 00 00 00 00 00
00:00:41.546521 Audio Mixer: MUTING sink 'AC'97 Mixer/PCM Output' -- channel volumes: 00 00 00 00 00 00 00 00 00 00 00 00
00:00:41.546659 Audio Mixer: MUTING sink 'AC'97 Mixer/Line In' -- channel volumes: 00 00 00 00 00 00 00 00 00 00 00 00
00:00:41.546671 Audio Mixer: MUTING sink 'AC'97 Mixer/Line In' -- channel volumes: 00 00 00 00 00 00 00 00 00 00 00 00
00:00:41.546762 Audio Mixer: MUTING sink 'AC'97 Mixer/Line In' -- channel volumes: 00 00 00 00 00 00 00 00 00 00 00 00
00:00:41.546769 Audio Mixer: MUTING sink 'AC'97 Mixer/Line In' -- channel volumes: 00 00 00 00 00 00 00 00 00 00 00 00
00:00:41.546860 Audio Mixer: MUTING sink 'AC'97 Mixer/Line In' -- channel volumes: 00 00 00 00 00 00 00 00 00 00 00 00
00:00:41.546867 Audio Mixer: MUTING sink 'AC'97 Mixer/Line In' -- channel volumes: 00 00 00 00 00 00 00 00 00 00 00 00
00:00:41.546961 Audio Mixer: MUTING sink 'AC'97 Mixer/Line In' -- channel volumes: 00 00 00 00 00 00 00 00 00 00 00 00
00:00:41.546967 Audio Mixer: MUTING sink 'AC'97 Mixer/Line In' -- channel volumes: 00 00 00 00 00 00 00 00 00 00 00 00
00:00:41.547011 AC97: Record select to left=mic, right=mic
00:00:41.547052 Audio Mixer: MUTING sink 'AC'97 Mixer/Line In' -- channel volumes: 00 00 00 00 00 00 00 00 00 00 00 00
00:00:41.547058 Audio Mixer: MUTING sink 'AC'97 Mixer/Line In' -- channel volumes: 00 00 00 00 00 00 00 00 00 00 00 00
00:00:45.385624 VMMDev: Guest Log: 19:50:15.699325 main     VBoxService 7.1.4 r165100 (verbosity: 0) linux.amd64 (Oct 10 2024 19:26:29) release log
00:00:45.385656 VMMDev: Guest Log: 19:50:15.699328 main     Log opened 2026-04-30T19:50:15.699319000Z
00:00:45.385854 VMMDev: Guest Log: 19:50:15.699570 main     OS Product: Linux
00:00:45.385888 VMMDev: Guest Log: 19:50:15.699608 main     OS Release: 5.15.0-177-generic
00:00:45.385914 VMMDev: Guest Log: 19:50:15.699635 main     OS Version: #187-Ubuntu SMP Sat Apr 11 22:54:33 UTC 2026
00:00:45.385941 VMMDev: Guest Log: 19:50:15.699661 main     Executable: /opt/VBoxGuestAdditions-7.1.4/sbin/VBoxService
00:00:45.385945 VMMDev: Guest Log: 19:50:15.699662 main     Process ID: 966
00:00:45.385947 VMMDev: Guest Log: 19:50:15.699662 main     Package type: LINUX_64BITS_GENERIC
00:00:45.400631 VMMDev: Guest Log: 19:50:15.714337 main     7.1.4 r165100 started. Verbose level = 0
00:00:45.409374 GUI: UISession::sltAdditionsChange: GA state doesn't really changed, still notifying listeners.
00:00:45.409405 GUI: UIMachineLogicNormal::sltCheckForRequestedVisualStateType: Requested-state=1, Machine-state=6
00:00:45.411070 VMMDev: Guest Log: 19:50:15.724780 main     vbglR3GuestCtrlDetectPeekGetCancelSupport: Supported (#1)
00:00:45.411145 Guest Control: GUEST_MSG_REPORT_FEATURES: 0x7f, 0x8000000000000000
00:00:45.419542 VMMDev: Guest Additions capability report: (0x0 -> 0x4) seamless: no, hostWindowMapping: no, graphics: yes
00:00:45.419753 GUI: UISession::sltAdditionsChange: GA state really changed, notifying listeners.
00:00:45.419795 GUI: UIMachineViewNormal::adjustGuestScreenSize: Adjust guest-screen size if necessary
00:00:45.419820 GUI: UIMachineLogicNormal::sltCheckForRequestedVisualStateType: Requested-state=1, Machine-state=6
00:00:45.438675 GUI: UISession::sltAdditionsChange: GA state really changed, notifying listeners.
00:00:45.438752 GUI: UIMachineViewNormal::adjustGuestScreenSize: Adjust guest-screen size if necessary
00:00:45.438772 GUI: UIMachineLogicNormal::sltCheckForRequestedVisualStateType: Requested-state=1, Machine-state=6
00:00:45.478528 VMMDev: Guest Log: vboxsf: g_fHostFeatures=0x8000000f g_fSfFeatures=0x1 g_uSfLastFunction=29
00:00:45.478898 VMMDev: Guest Log: vboxsf: Successfully loaded version 7.1.4 r165100 on 5.15.0-177-generic (LINUX_VERSION_CODE=0x50fc7)
00:00:45.482176 VMMDev: Guest Log: 19:50:15.795870 automount vbsvcAutomounterMountIt: Successfully mounted 'public_files' on '/media/sf_public_files'
00:01:35.019119 GUI: UIMediumEnumerator: Medium-enumeration started...
00:01:35.715459 GUI: UIMediumEnumerator: Medium-enumeration finished!
00:01:40.165610 Changing the VM state from 'RUNNING' to 'SUSPENDING'
00:01:40.174458 AIOMgr: Endpoint for file 'D:\Учеба\АСУЭП\ПР10\VM1-PostgreSQL\VM1-PostgreSQL.vdi' (flags 000c0781) created successfully
00:01:40.176523 PDMR3Suspend: 10 871 429 ns run time
00:01:40.176545 Changing the VM state from 'SUSPENDING' to 'SUSPENDED'
00:01:40.179704 Changing the VM state from 'SUSPENDED' to 'RESUMING'
00:01:40.180211 AIOMgr: Endpoint for file 'D:\Учеба\АСУЭП\ПР10\VM1-PostgreSQL\VM1-PostgreSQL.vdi' (flags 000c0723) created successfully
00:01:40.182344 NAT: Link down
00:01:40.182398 Changing the VM state from 'RESUMING' to 'RUNNING'
00:01:40.226309 GUI: UIMediumEnumerator: Medium-enumeration finished!
00:01:41.513502 AIOMgr: Async flushes not supported
00:01:45.182637 NAT: Link up
00:03:00.742460 Changing the VM state from 'RUNNING' to 'SUSPENDING'
00:03:00.751477 AIOMgr: Endpoint for file 'D:\Учеба\АСУЭП\ПР10\VM1-PostgreSQL\VM1-PostgreSQL.vdi' (flags 000c0781) created successfully
00:03:00.752788 PDMR3Suspend: 10 273 138 ns run time
00:03:00.752802 Changing the VM state from 'SUSPENDING' to 'SUSPENDED'
00:03:00.796643 IntNet#1: szNetwork={HostInterfaceNetworking-VirtualBox Host-Only Ethernet Adapter #2} enmTrunkType=4 szTrunk={VirtualBox Host-Only Ethernet Adapter #2} fFlags=0x8000 cbRecv=325632 cbSend=196608 fIgnoreConnectFailure=false
00:03:00.797424 Changing the VM state from 'SUSPENDED' to 'RESUMING'
00:03:00.797703 AIOMgr: Endpoint for file 'D:\Учеба\АСУЭП\ПР10\VM1-PostgreSQL\VM1-PostgreSQL.vdi' (flags 000c0723) created successfully
00:03:00.804758 Changing the VM state from 'RESUMING' to 'RUNNING'
00:03:00.856989 GUI: UIMediumEnumerator: Medium-enumeration finished!
00:03:01.916297 Changing the VM state from 'RUNNING' to 'SUSPENDING'
00:03:01.918276 AIOMgr: Async flushes not supported
00:03:01.918540 AIOMgr: Endpoint for file 'D:\Учеба\АСУЭП\ПР10\VM1-PostgreSQL\VM1-PostgreSQL.vdi' (flags 000c0781) created successfully
00:03:01.920091 PDMR3Suspend: 3 760 707 ns run time
00:03:01.920103 Changing the VM state from 'SUSPENDING' to 'SUSPENDED'
00:03:01.920110 Console: Machine state changed to 'Paused'
00:03:03.295237 Changing the VM state from 'SUSPENDED' to 'RESUMING'
00:03:03.295578 AIOMgr: Endpoint for file 'D:\Учеба\АСУЭП\ПР10\VM1-PostgreSQL\VM1-PostgreSQL.vdi' (flags 000c0723) created successfully
00:03:03.299374 Changing the VM state from 'RESUMING' to 'RUNNING'
00:03:03.299402 Console: Machine state changed to 'Running'
00:03:03.301249 GUI: Request for close-action to shutdown VM.
00:03:03.301281 GUI: Sending ACPI shutdown signal..
00:03:03.386364 AIOMgr: Async flushes not supported
00:03:03.514791 GUI: UISession::sltAdditionsChange: GA state really changed, notifying listeners.
00:03:03.514850 GUI: UIMachineViewNormal::adjustGuestScreenSize: Adjust guest-screen size if necessary
00:03:03.514865 GUI: UIMachineLogicNormal::sltCheckForRequestedVisualStateType: Requested-state=1, Machine-state=6
00:03:03.514922 VMMDev: Guest Log: 19:52:32.357477 control  Guest control service stopped
00:03:03.514996 VMMDev: Guest Log: 19:52:32.357563 control  Guest control worker returned with rc=VINF_TRY_AGAIN
00:03:03.515898 VMMDev: Guest Log: 19:52:32.358468 main     Session 0 is about to close ...
00:03:03.515933 VMMDev: Guest Log: 19:52:32.358509 main     Stopping all guest processes ...
00:03:03.515959 VMMDev: Guest Log: 19:52:32.358535 main     Closing all guest files ...
00:03:03.527175 VMMDev: Guest Log: 19:52:32.369743 main     Ended.
00:03:03.527214 GUI: UISession::sltAdditionsChange: GA state doesn't really changed, still notifying listeners.
00:03:03.527233 GUI: UIMachineLogicNormal::sltCheckForRequestedVisualStateType: Requested-state=1, Machine-state=6
00:03:03.527242 GUI: UISession::sltAdditionsChange: GA state doesn't really changed, still notifying listeners.
00:03:03.527245 GUI: UIMachineLogicNormal::sltCheckForRequestedVisualStateType: Requested-state=1, Machine-state=6
00:03:06.683795 VMMDev: Guest Additions capability report: (0x4 -> 0x0) seamless: no, hostWindowMapping: no, graphics: no
00:03:06.684135 GUI: UISession::sltAdditionsChange: GA state really changed, notifying listeners.
00:03:06.684165 GUI: UIMachineViewNormal::adjustGuestScreenSize: Adjust guest-screen size if necessary
00:03:06.684179 GUI: UIMachineLogicNormal::sltCheckForRequestedVisualStateType: Requested-state=1, Machine-state=6
00:03:06.791057 OHCI: Software reset
00:03:06.929279 ACPI: Entering S5 power state (power down)
00:03:06.929355 Changing the VM state from 'RUNNING' to 'POWERING_OFF'
00:03:06.929367 ****************** Guest state at power off for VCpu 1 ******************
00:03:06.929372 Guest CPUM (VCPU 1) state: 
00:03:06.929378 rax=0000000030000400 rbx=0000000000000000 rcx=0000000000000179 rdx=0000000000000000
00:03:06.929380 rsi=00000000000000ff rdi=0000000000000030 r8 =ffffcdbc800d8fc0 r9 =ffffcdbc800d8fcc
00:03:06.929381 r10=0000000000000000 r11=ffffcdbc800d8ff8 r12=ffffcdbc8009bdc8 r13=0000000000000001
00:03:06.929381 r14=0000000000000000 r15=0000000000000000
00:03:06.929382 rip=ffffffff862509df rsp=ffffcdbc800d8fd8 rbp=ffffcdbc800d8fd8 iopl=0         nv up di nt zr na po nc
00:03:06.929383 cs={0010 base=0000000000000000 limit=ffffffff flags=0000a09b}
00:03:06.929383 ds={0000 base=0000000000000000 limit=000fffff flags=00000000}
00:03:06.929384 es={0000 base=0000000000000000 limit=000fffff flags=00000000}
00:03:06.929384 fs={0000 base=0000000000000000 limit=000fffff flags=00000000}
00:03:06.929385 gs={0000 base=ffff8d11bdd00000 limit=000fffff flags=00000000}
00:03:06.929385 ss={0018 base=0000000000000000 limit=ffffffff flags=0000c093}
00:03:06.929385 cr0=0000000080050033 cr2=00007f2f611291b0 cr3=0000000050410001 cr4=00000000000306e0
00:03:06.929386 dr0=0000000000000000 dr1=0000000000000000 dr2=0000000000000000 dr3=0000000000000000
00:03:06.929387 dr4=0000000000000000 dr5=0000000000000000 dr6=00000000ffff0ff0 dr7=0000000000000400
00:03:06.929387 gdtr=fffffe56b7a10000:007f  idtr=fffffe0000000000:0fff  eflags=00000086
00:03:06.929388 ldtr={0000 base=00000000 limit=000fffff flags=00000000}
00:03:06.929389 tr  ={0040 base=fffffe56b7a12000 limit=00004087 flags=0000008b}
00:03:06.929389 SysEnter={cs=0010 eip=ffffffff87001930 esp=fffffe56b7a12000}
00:03:06.929391 xcr=0000000000000001 xcr1=0000000000000000 xss=0000000000000000 (fXStateMask=0000000000000000)
00:03:06.929392 FCW=037f FSW=0000 FTW=0000 FOP=0000 MXCSR=00001f80 MXCSR_MASK=0000ffff
00:03:06.929393 FPUIP=00000000 CS=0000 Rsrvd1=0000  FPUDP=00000000 DS=0000 Rsvrd2=0000
00:03:06.929394 ST(0)=FPR0={0000'00000000'00000000} t0 +0.0000000000000000000000 * 2 ^ -16383 (*)
00:03:06.929395 ST(1)=FPR1={0000'00000000'00000000} t0 +0.0000000000000000000000 * 2 ^ -16383 (*)
00:03:06.929396 ST(2)=FPR2={0000'00000000'00000000} t0 +0.0000000000000000000000 * 2 ^ -16383 (*)
00:03:06.929397 ST(3)=FPR3={0000'00000000'00000000} t0 +0.0000000000000000000000 * 2 ^ -16383 (*)
00:03:06.929397 ST(4)=FPR4={0000'00000000'00000000} t0 +0.0000000000000000000000 * 2 ^ -16383 (*)
00:03:06.929398 ST(5)=FPR5={0000'00000000'00000000} t0 +0.0000000000000000000000 * 2 ^ -16383 (*)
00:03:06.929399 ST(6)=FPR6={0000'00000000'00000000} t0 +0.0000000000000000000000 * 2 ^ -16383 (*)
00:03:06.929399 ST(7)=FPR7={0000'00000000'00000000} t0 +0.0000000000000000000000 * 2 ^ -16383 (*)
00:03:06.929400 XMM0 =00000000'00000000'00000000'00000000  XMM1 =00000000'00000000'00000000'00000000
00:03:06.929401 XMM2 =00000000'00000000'00000000'00000000  XMM3 =00000000'00000000'00000000'00000000
00:03:06.929401 XMM4 =00000000'00000000'00000000'00000000  XMM5 =00000000'00000000'00000000'00000000
00:03:06.929402 XMM6 =00000000'00000000'00000000'00000000  XMM7 =00000000'00000000'00000000'00000000
00:03:06.929403 XMM8 =00007f2f'61309af0'00007f2f'612cdc40  XMM9 =00000000'00000000'00000000'00000000
00:03:06.929404 XMM10=00000000'00000000'00000000'00000000  XMM11=00000000'00000000'00000000'00000000
00:03:06.929405 XMM12=00000000'00000000'00000000'00000000  XMM13=00000000'00000000'00000000'00000000
00:03:06.929405 XMM14=00000000'00000000'00000000'00000000  XMM15=00000000'00000000'00000000'00000000
00:03:06.929406 EFER         =0000000000000d01
00:03:06.929407 PAT          =0407050600070106
00:03:06.929407 STAR         =0023001000000000
00:03:06.929407 CSTAR        =ffffffff870019f0
00:03:06.929408 LSTAR        =ffffffff87000080
00:03:06.929408 SFMASK       =0000000000257fd5
00:03:06.929408 KERNELGSBASE =0000000000000000
00:03:06.929408 MTRR_CAP          =0000000000000510
00:03:06.929409 MTRR_DEF_TYPE     =0000000000000c00
00:03:06.929409 MTRR_FIX64K_00000 =0606060606060606
00:03:06.929409 MTRR_FIX16K_80000 =0606060606060606
00:03:06.929410 MTRR_FIX16K_A0000 =0000000000000000
00:03:06.929410 MTRR_FIX4K_C0000  =0505050505050505
00:03:06.929410 MTRR_FIX4K_C8000  =0505050505050505
00:03:06.929410 MTRR_FIX4K_D0000  =0505050505050505
00:03:06.929411 MTRR_FIX4K_D8000  =0505050505050505
00:03:06.929411 MTRR_FIX4K_E0000  =0505050505050505
00:03:06.929411 MTRR_FIX4K_E8000  =0505050505050505
00:03:06.929411 MTRR_FIX4K_F0000  =0505050505050505
00:03:06.929411 MTRR_FIX4K_F8000  =0505050505050505
00:03:06.929412 MTRR_PHYSBASE[ 0] =0000000000000006 First=0000000000000000      0 MB [WB]
00:03:06.929413 MTRR_PHYSMASK[ 0] =0000007f80000800 Last =000000007fffffff   2047 MB [2048 MB]
00:03:06.929414 MTRR_PHYSBASE[ 1] =0000000000000000
00:03:06.929414 MTRR_PHYSMASK[ 1] =0000000000000000
00:03:06.929414 MTRR_PHYSBASE[ 2] =0000000000000000
00:03:06.929414 MTRR_PHYSMASK[ 2] =0000000000000000
00:03:06.929415 MTRR_PHYSBASE[ 3] =0000000000000000
00:03:06.929415 MTRR_PHYSMASK[ 3] =0000000000000000
00:03:06.929415 MTRR_PHYSBASE[ 4] =0000000000000000
00:03:06.929415 MTRR_PHYSMASK[ 4] =0000000000000000
00:03:06.929415 MTRR_PHYSBASE[ 5] =0000000000000000
00:03:06.929416 MTRR_PHYSMASK[ 5] =0000000000000000
00:03:06.929416 MTRR_PHYSBASE[ 6] =0000000000000000
00:03:06.929416 MTRR_PHYSMASK[ 6] =0000000000000000
00:03:06.929416 MTRR_PHYSBASE[ 7] =0000000000000000
00:03:06.929416 MTRR_PHYSMASK[ 7] =0000000000000000
00:03:06.929417 MTRR_PHYSBASE[ 8] =0000000000000000
00:03:06.929417 MTRR_PHYSMASK[ 8] =0000000000000000
00:03:06.929417 MTRR_PHYSBASE[ 9] =0000000000000000
00:03:06.929417 MTRR_PHYSMASK[ 9] =0000000000000000
00:03:06.929417 MTRR_PHYSBASE[10] =0000000000000000
00:03:06.929418 MTRR_PHYSMASK[10] =0000000000000000
00:03:06.929418 MTRR_PHYSBASE[11] =0000000000000000
00:03:06.929418 MTRR_PHYSMASK[11] =0000000000000000
00:03:06.929418 MTRR_PHYSBASE[12] =0000000000000000
00:03:06.929418 MTRR_PHYSMASK[12] =0000000000000000
00:03:06.929419 MTRR_PHYSBASE[13] =0000000000000000
00:03:06.929419 MTRR_PHYSMASK[13] =0000000000000000
00:03:06.929419 MTRR_PHYSBASE[14] =0000000000000000
00:03:06.929419 MTRR_PHYSMASK[14] =0000000000000000
00:03:06.929420 MTRR_PHYSBASE[15] =0000000000000000
00:03:06.929420 MTRR_PHYSMASK[15] =0000000000000000
00:03:06.929422 ***
00:03:06.929424 VCPU[1] hardware virtualization state:
00:03:06.929424 fSavedInhibit                = 0x0
00:03:06.929425 In nested-guest hwvirt mode  = false
00:03:06.929425 Hwvirt state disabled.
00:03:06.929426 ***
00:03:06.929428 Guest paging mode (VCPU #1):  AMD64+NX (changed 2 times), A20 enabled (changed 0 times)
00:03:06.929429 Guest SLAT mode (VCPU #1): Direct
00:03:06.929430 Shadow paging mode (VCPU #1): None
00:03:06.929430 Host paging mode:             AMD64+G+NX
00:03:06.929431 ***
00:03:06.929431 ************** End of Guest state at power off for VCpu 1 ***************
00:03:06.929448 ****************** Guest state at power off for VCpu 0 ******************
00:03:06.929451 Guest CPUM (VCPU 0) state: 
00:03:06.929452 rax=0000000000001401 rbx=0000000000000010 rcx=0000000000000002 rdx=0000000000004004
00:03:06.929453 rsi=0000000000001401 rdi=0000000000004004 r8 =0000000000000000 r9 =0000000000000000
00:03:06.929454 r10=0000000000000061 r11=0000000000000000 r12=0000000000004004 r13=0000000000000010
00:03:06.929454 r14=0000000000001401 r15=0000000000000010
00:03:06.929455 rip=ffffffff86946f38 rsp=ffffcdbc80013bf0 rbp=ffffcdbc80013bf0 iopl=0         nv up di pl nz na po nc
00:03:06.929456 cs={0010 base=0000000000000000 limit=ffffffff flags=0000a09b}
00:03:06.929456 ds={0000 base=0000000000000000 limit=000fffff flags=00000000}
00:03:06.929457 es={0000 base=0000000000000000 limit=000fffff flags=00000000}
00:03:06.929457 fs={0000 base=00007f2f60504900 limit=000fffff flags=00000000}
00:03:06.929457 gs={0000 base=ffff8d11bdc00000 limit=000fffff flags=00000000}
00:03:06.929458 ss={0018 base=0000000000000000 limit=ffffffff flags=0000c093}
00:03:06.929458 cr0=0000000080050033 cr2=00007f2f605052a8 cr3=000000000ab0a002 cr4=00000000000306f0
00:03:06.929459 dr0=0000000000000000 dr1=0000000000000000 dr2=0000000000000000 dr3=0000000000000000
00:03:06.929459 dr4=0000000000000000 dr5=0000000000000000 dr6=00000000ffff0ff0 dr7=0000000000000400
00:03:06.929460 gdtr=fffffe2a54357000:007f  idtr=fffffe0000000000:0fff  eflags=00000046
00:03:06.929461 ldtr={0000 base=00000000 limit=000fffff flags=00000000}
00:03:06.929461 tr  ={0040 base=fffffe2a54359000 limit=00004087 flags=0000008b}
00:03:06.929461 SysEnter={cs=0010 eip=ffffffff87001930 esp=fffffe2a54359000}
00:03:06.929462 xcr=0000000000000001 xcr1=0000000000000000 xss=0000000000000000 (fXStateMask=0000000000000000)
00:03:06.929463 FCW=037f FSW=0000 FTW=0000 FOP=0000 MXCSR=00001f80 MXCSR_MASK=0000ffff
00:03:06.929463 FPUIP=00000000 CS=0000 Rsrvd1=0000  FPUDP=00000000 DS=0000 Rsvrd2=0000
00:03:06.929464 ST(0)=FPR0={0000'00000000'00000000} t0 +0.0000000000000000000000 * 2 ^ -16383 (*)
00:03:06.929465 ST(1)=FPR1={0000'00000000'00000000} t0 +0.0000000000000000000000 * 2 ^ -16383 (*)
00:03:06.929466 ST(2)=FPR2={0000'00000000'00000000} t0 +0.0000000000000000000000 * 2 ^ -16383 (*)
00:03:06.929466 ST(3)=FPR3={0000'00000000'00000000} t0 +0.0000000000000000000000 * 2 ^ -16383 (*)
00:03:06.929467 ST(4)=FPR4={0000'00000000'00000000} t0 +0.0000000000000000000000 * 2 ^ -16383 (*)
00:03:06.929467 ST(5)=FPR5={0000'00000000'00000000} t0 +0.0000000000000000000000 * 2 ^ -16383 (*)
00:03:06.929468 ST(6)=FPR6={0000'00000000'00000000} t0 +0.0000000000000000000000 * 2 ^ -16383 (*)
00:03:06.929468 ST(7)=FPR7={0000'00000000'00000000} t0 +0.0000000000000000000000 * 2 ^ -16383 (*)
00:03:06.929469 XMM0 =00000000'00000000'00000000'00000000  XMM1 =00000000'00000000'00000000'00000000
00:03:06.929470 XMM2 =00000000'00000000'00000000'00000000  XMM3 =00000000'00000000'00000000'00000000
00:03:06.929471 XMM4 =0000ff00'00000000'00000000'00000000  XMM5 =00000000'00000000'00ff0000'00000000
00:03:06.929472 XMM6 =00000000'00000000'00000000'00000000  XMM7 =000055bd'd9ead6b0'000055bd'd9ead690
00:03:06.929472 XMM8 =00007f2f'61309af0'00007f2f'612cdc40  XMM9 =00000000'00000000'00000000'00000000
00:03:06.929473 XMM10=00000000'00000000'00000000'00000000  XMM11=00000000'00000000'00000000'00000000
00:03:06.929474 XMM12=00000000'00000000'00000000'00000000  XMM13=00000000'00000000'00000000'00000000
00:03:06.929475 XMM14=00000000'00000000'00000000'00000000  XMM15=00000000'00000000'00000000'00000000
00:03:06.929476 EFER         =0000000000000d01
00:03:06.929476 PAT          =0407050600070106
00:03:06.929476 STAR         =0023001000000000
00:03:06.929476 CSTAR        =ffffffff870019f0
00:03:06.929477 LSTAR        =ffffffff87000080
00:03:06.929477 SFMASK       =0000000000257fd5
00:03:06.929477 KERNELGSBASE =0000000000000000
00:03:06.929477 MTRR_CAP          =0000000000000510
00:03:06.929478 MTRR_DEF_TYPE     =0000000000000c00
00:03:06.929478 MTRR_FIX64K_00000 =0606060606060606
00:03:06.929478 MTRR_FIX16K_80000 =0606060606060606
00:03:06.929478 MTRR_FIX16K_A0000 =0000000000000000
00:03:06.929479 MTRR_FIX4K_C0000  =0505050505050505
00:03:06.929479 MTRR_FIX4K_C8000  =0505050505050505
00:03:06.929479 MTRR_FIX4K_D0000  =0505050505050505
00:03:06.929479 MTRR_FIX4K_D8000  =0505050505050505
00:03:06.929479 MTRR_FIX4K_E0000  =0505050505050505
00:03:06.929480 MTRR_FIX4K_E8000  =0505050505050505
00:03:06.929480 MTRR_FIX4K_F0000  =0505050505050505
00:03:06.929480 MTRR_FIX4K_F8000  =0505050505050505
00:03:06.929480 MTRR_PHYSBASE[ 0] =0000000000000006 First=0000000000000000      0 MB [WB]
00:03:06.929481 MTRR_PHYSMASK[ 0] =0000007f80000800 Last =000000007fffffff   2047 MB [2048 MB]
00:03:06.929482 MTRR_PHYSBASE[ 1] =0000000000000000
00:03:06.929482 MTRR_PHYSMASK[ 1] =0000000000000000
00:03:06.929482 MTRR_PHYSBASE[ 2] =0000000000000000
00:03:06.929482 MTRR_PHYSMASK[ 2] =0000000000000000
00:03:06.929483 MTRR_PHYSBASE[ 3] =0000000000000000
00:03:06.929483 MTRR_PHYSMASK[ 3] =0000000000000000
00:03:06.929483 MTRR_PHYSBASE[ 4] =0000000000000000
00:03:06.929483 MTRR_PHYSMASK[ 4] =0000000000000000
00:03:06.929483 MTRR_PHYSBASE[ 5] =0000000000000000
00:03:06.929484 MTRR_PHYSMASK[ 5] =0000000000000000
00:03:06.929484 MTRR_PHYSBASE[ 6] =0000000000000000
00:03:06.929484 MTRR_PHYSMASK[ 6] =0000000000000000
00:03:06.929484 MTRR_PHYSBASE[ 7] =0000000000000000
00:03:06.929484 MTRR_PHYSMASK[ 7] =0000000000000000
00:03:06.929485 MTRR_PHYSBASE[ 8] =0000000000000000
00:03:06.929485 MTRR_PHYSMASK[ 8] =0000000000000000
00:03:06.929485 MTRR_PHYSBASE[ 9] =0000000000000000
00:03:06.929485 MTRR_PHYSMASK[ 9] =0000000000000000
00:03:06.929485 MTRR_PHYSBASE[10] =0000000000000000
00:03:06.929486 MTRR_PHYSMASK[10] =0000000000000000
00:03:06.929486 MTRR_PHYSBASE[11] =0000000000000000
00:03:06.929486 MTRR_PHYSMASK[11] =0000000000000000
00:03:06.929486 MTRR_PHYSBASE[12] =0000000000000000
00:03:06.929487 MTRR_PHYSMASK[12] =0000000000000000
00:03:06.929487 MTRR_PHYSBASE[13] =0000000000000000
00:03:06.929487 MTRR_PHYSMASK[13] =0000000000000000
00:03:06.929487 MTRR_PHYSBASE[14] =0000000000000000
00:03:06.929487 MTRR_PHYSMASK[14] =0000000000000000
00:03:06.929488 MTRR_PHYSBASE[15] =0000000000000000
00:03:06.929488 MTRR_PHYSMASK[15] =0000000000000000
00:03:06.929489 ***
00:03:06.929489 VCPU[0] hardware virtualization state:
00:03:06.929490 fSavedInhibit                = 0x0
00:03:06.929490 In nested-guest hwvirt mode  = false
00:03:06.929490 Hwvirt state disabled.
00:03:06.929491 ***
00:03:06.929492 Guest paging mode (VCPU #0):  AMD64+NX (changed 181 times), A20 enabled (changed 2 times)
00:03:06.929492 Guest SLAT mode (VCPU #0): Direct
00:03:06.929493 Shadow paging mode (VCPU #0): None
00:03:06.929493 Host paging mode:             AMD64+G+NX
00:03:06.929493 ***
00:03:06.929494 Active Timers (pVM=00000169c6ba0000)
00:03:06.929495 pTimerR3         offNext  offPrev  offSched Clock               Time             Expire HzHint State                     Description
00:03:06.929497 00000169c2fd0180 00000007 ffffffff ffffffff Real           826751505          826751524      0 2-ACTIVE                  VGA Refresh
00:03:06.929500 00000169c2fd0380 ffffffff 00000003 ffffffff Real           826751505          826751889      0 2-ACTIVE                  CPU Load Timer
00:03:06.929501 0000016a48e90400 00000005 ffffffff ffffffff Virt        170906520802       172846187467      0 2-ACTIVE                  E1000 Link Up
00:03:06.929502 0000016a48e90280 ffffffff 00000008 ffffffff Virt        170906522146       174576063699      0 2-ACTIVE                  Heartbeat flatlined
00:03:06.929504 00000169c3130100 00000005 ffffffff ffffffff VrSy        170856836815       170871681396     17 2-ACTIVE                  APIC Timer 1
00:03:06.929505 00000169c3130280 0000000a 00000002 ffffffff VrSy        170871681396       170990000000      0 2-ACTIVE                  MC146818 RTC Second
00:03:06.929506 00000169c3130500 ffffffff 00000005 ffffffff VrSy        170871681396       599932015941      0 2-ACTIVE                  ACPI PM
00:03:06.929508 ***
00:03:06.929509 Guest GDT (GCAddr=fffffe2a54357000 limit=7f):
00:03:06.929514 0008 - 0000ffff 00cf9b00 - base=00000000 limit=ffffffff dpl=0 CodeER Accessed Present Page 32-bit 
00:03:06.929514 0010 - 0000ffff 00af9b00 - base=00000000 limit=ffffffff dpl=0 CodeER Accessed Present Page 16-bit 
00:03:06.929515 0018 - 0000ffff 00cf9300 - base=00000000 limit=ffffffff dpl=0 DataRW Accessed Present Page 32-bit 
00:03:06.929516 0020 - 0000ffff 00cffb00 - base=00000000 limit=ffffffff dpl=3 CodeER Accessed Present Page 32-bit 
00:03:06.929516 0028 - 0000ffff 00cff300 - base=00000000 limit=ffffffff dpl=3 DataRW Accessed Present Page 32-bit 
00:03:06.929517 0030 - 0000ffff 00affb00 - base=00000000 limit=ffffffff dpl=3 CodeER Accessed Present Page 16-bit 
00:03:06.929517 0040 - 90004087 54008b35 - base=54359000 limit=00004087 dpl=0 TSS32Busy Present 16-bit 
00:03:06.929519 0078 - 00000000 0040f500 - base=00000000 limit=00000000 dpl=3 DataDownRO Accessed Present 32-bit 
00:03:06.929520 ************** End of Guest state at power off ***************
00:03:06.929611 Display::i_handleDisplayResize: uScreenId=0 pvVRAM=0000000000000000 w=800 h=600 bpp=0 cbLine=0x0 flags=0x2 origin=0,0
00:03:06.936880 PDMR3PowerOff: 7 306 474 ns run time
00:03:06.936898 Changing the VM state from 'POWERING_OFF' to 'OFF'
00:03:06.937101 Console: Machine state changed to 'Stopping'
00:03:06.939305 Console::powerDown(): A request to power off the VM has been issued (mMachineState=Stopping, InUninit=0)
00:03:06.951162 Changing the VM state from 'OFF' to 'DESTROYING'
00:03:06.951274 ************************* Statistics *************************
00:03:06.951285 /CPUM/MSR-Totals/Reads                 24 times
00:03:06.951290 /CPUM/MSR-Totals/ReadsRaisingGP         0 times
00:03:06.951293 /CPUM/MSR-Totals/ReadsUnknown           6 times
00:03:06.951296 /CPUM/MSR-Totals/Writes                 3 times
00:03:06.951299 /CPUM/MSR-Totals/WritesRaisingGP        0 times
00:03:06.951302 /CPUM/MSR-Totals/WritesToIgnoredBits        0 times
00:03:06.951305 /CPUM/MSR-Totals/WritesUnknown          0 times
00:03:06.951308 /Devices/8237A/DmaRun                   0 ticks/call (           0 ticks,       0 calls, max         0, min      -1)
00:03:06.951313 /Devices/IDE0/ATA0/Unit0/AtapiDMA        0 times
00:03:06.951316 /Devices/IDE0/ATA0/Unit0/AtapiPIO        0 times
00:03:06.951319 /Devices/IDE0/ATA0/Unit0/DMA            0 times
00:03:06.951322 /Devices/IDE0/ATA0/Unit0/PIO            0 times
00:03:06.951325 /Devices/IDE0/ATA0/Unit0/ReadBytes        0 bytes
00:03:06.951328 /Devices/IDE0/ATA0/Unit0/StatusYields        0 ticks/call (           0 ticks,       0 calls, max         0, min      -1)
00:03:06.951331 /Devices/IDE0/ATA0/Unit0/WrittenBytes        0 bytes
00:03:06.951334 /Devices/IDE0/ATA0/Unit1/AtapiDMA        0 times
00:03:06.951337 /Devices/IDE0/ATA0/Unit1/AtapiPIO        0 times
00:03:06.951340 /Devices/IDE0/ATA0/Unit1/DMA            0 times
00:03:06.951343 /Devices/IDE0/ATA0/Unit1/PIO            0 times
00:03:06.951345 /Devices/IDE0/ATA0/Unit1/ReadBytes        0 bytes
00:03:06.951349 /Devices/IDE0/ATA0/Unit1/StatusYields        0 ticks/call (           0 ticks,       0 calls, max         0, min      -1)
00:03:06.951352 /Devices/IDE0/ATA0/Unit1/WrittenBytes        0 bytes
00:03:06.951356 /Devices/IDE0/ATA1/Unit0/AtapiDMA       63 times
00:03:06.951359 /Devices/IDE0/ATA1/Unit0/AtapiPIO      124 times
00:03:06.951361 /Devices/IDE0/ATA1/Unit0/DMA            0 times
00:03:06.951364 /Devices/IDE0/ATA1/Unit0/PIO            0 times
00:03:06.951372 /Devices/IDE0/ATA1/Unit0/ReadBytes   221184 bytes
00:03:06.951376 /Devices/IDE0/ATA1/Unit0/StatusYields   746178 ticks/call (    14923561 ticks,      20 calls, max   9208775, min     908)
00:03:06.951380 /Devices/IDE0/ATA1/Unit0/WrittenBytes        0 bytes
00:03:06.951383 /Devices/IDE0/ATA1/Unit1/AtapiDMA        0 times
00:03:06.951387 /Devices/IDE0/ATA1/Unit1/AtapiPIO        0 times
00:03:06.951390 /Devices/IDE0/ATA1/Unit1/DMA            0 times
00:03:06.951393 /Devices/IDE0/ATA1/Unit1/PIO            0 times
00:03:06.951396 /Devices/IDE0/ATA1/Unit1/ReadBytes        0 bytes
00:03:06.951398 /Devices/IDE0/ATA1/Unit1/StatusYields        0 ticks/call (           0 ticks,       0 calls, max         0, min      -1)
00:03:06.951403 /Devices/IDE0/ATA1/Unit1/WrittenBytes        0 bytes
00:03:06.951406 /Devices/VMMDev/BalloonChunks           0 count
00:03:06.951410 /Devices/VMMDev/FastIrqAckR3          117 count
00:03:06.951414 /Devices/VMMDev/FastIrqAckRZ            0 count
00:03:06.951418 /Devices/VMMDev/HGCM-Kernel/BudgetAvailable 703670613 bytes
00:03:06.951422 /Devices/VMMDev/HGCM-Kernel/BudgetConfig 703670613 bytes
00:03:06.951426 /Devices/VMMDev/HGCM-Kernel/BudgetOverruns        0 bytes
00:03:06.951429 /Devices/VMMDev/HGCM-Kernel/MessageHeapUsage      622 bytes/call (        6847 bytes,      11 calls, max      1562, min     504)
00:03:06.951441 /Devices/VMMDev/HGCM-Root/BudgetAvailable 703670613 bytes
00:03:06.951457 /Devices/VMMDev/HGCM-Root/BudgetConfig 703670613 bytes
00:03:06.951461 /Devices/VMMDev/HGCM-Root/BudgetOverruns        0 bytes
00:03:06.951464 /Devices/VMMDev/HGCM-Root/MessageHeapUsage      701 bytes/call (      296650 bytes,     423 calls, max      4629, min     504)
00:03:06.951469 /Devices/VMMDev/HGCM-User/BudgetAvailable 703670613 bytes
00:03:06.951473 /Devices/VMMDev/HGCM-User/BudgetConfig 703670613 bytes
00:03:06.951476 /Devices/VMMDev/HGCM-User/BudgetOverruns        0 bytes
00:03:06.951479 /Devices/VMMDev/HGCM-User/MessageHeapUsage        0 bytes/call (           0 bytes,       0 calls, max         0, min      -1)
00:03:06.951484 /Devices/VMMDev/LargeReqBufAllocs        0 count
00:03:06.951488 /Devices/VMMDev/SlowIrqAck              0 count
00:03:06.951493 /Devices/apic/0                     24823 times
00:03:06.951500 /Devices/apic/0/Vectors/20              2 times
00:03:06.951504 /Devices/apic/0/Vectors/22           1531 times
00:03:06.951508 /Devices/apic/0/Vectors/23            161 times
00:03:06.951511 /Devices/apic/0/Vectors/25             57 times
00:03:06.951515 /Devices/apic/0/Vectors/30             51 times
00:03:06.951534 /Devices/apic/0/Vectors/ec          12476 times
00:03:06.951539 /Devices/apic/0/Vectors/fb          10069 times
00:03:06.951543 /Devices/apic/0/Vectors/fd            476 times
00:03:06.951547 /Devices/apic/1                     23253 times
00:03:06.951554 /Devices/apic/1/Vectors/20              1 times
00:03:06.951557 /Devices/apic/1/Vectors/21              1 times
00:03:06.951561 /Devices/apic/1/Vectors/22            344 times
00:03:06.951565 /Devices/apic/1/Vectors/23             22 times
00:03:06.951569 /Devices/apic/1/Vectors/24            189 times
00:03:06.951573 /Devices/apic/1/Vectors/25           5803 times
00:03:06.951576 /Devices/apic/1/Vectors/26            117 times
00:03:06.951580 /Devices/apic/1/Vectors/27            142 times
00:03:06.951595 /Devices/apic/1/Vectors/ec          10237 times
00:03:06.951599 /Devices/apic/1/Vectors/f8              1 times
00:03:06.951603 /Devices/apic/1/Vectors/fb           5880 times
00:03:06.951608 /Devices/apic/1/Vectors/fd            516 times
00:03:06.951612 /Devices/e1000#0/ReceiveBytes        5000 bytes
00:03:06.951616 /Devices/e1000#0/TransmitBytes       7764 bytes
00:03:06.951620 /Devices/e1000#0/iStatIntLost           0 ns
00:03:06.951623 /Devices/e1000#0/iStatIntLostOne        0 ns
00:03:06.951627 /Devices/e1000#0/u64ArmedAt             0 ns
00:03:06.951631 /Devices/e1000#0/uStatDescCtx          15 ns
00:03:06.951634 /Devices/e1000#0/uStatDescDat          17 ns
00:03:06.951640 /Devices/e1000#0/uStatDescLeg          74 ns
00:03:06.951644 /Devices/e1000#0/uStatInt             171 ns
00:03:06.951648 /Devices/e1000#0/uStatIntEarly          0 ns
00:03:06.951652 /Devices/e1000#0/uStatIntICS           73 ns
00:03:06.951655 /Devices/e1000#0/uStatIntIMS            8 ns
00:03:06.951659 /Devices/e1000#0/uStatIntLate           7 ns
00:03:06.951662 /Devices/e1000#0/uStatIntLower          0 ns
00:03:06.951665 /Devices/e1000#0/uStatIntMasked        17 ns
00:03:06.951669 /Devices/e1000#0/uStatIntRDTR           0 ns
00:03:06.951672 /Devices/e1000#0/uStatIntRXDMT0         0 ns
00:03:06.951676 /Devices/e1000#0/uStatIntRx            23 ns
00:03:06.951686 /Devices/e1000#0/uStatIntSkip         100 ns
00:03:06.951690 /Devices/e1000#0/uStatIntTXQE           0 ns
00:03:06.951693 /Devices/e1000#0/uStatIntTry          288 ns
00:03:06.951696 /Devices/e1000#0/uStatIntTx            89 ns
00:03:06.951699 /Devices/e1000#0/uStatMaxTxDelay        0 ns
00:03:06.951709 /Devices/e1000#0/uStatNoIntICR          0 ns
00:03:06.951715 /Devices/e1000#0/uStatRAD               0 ns
00:03:06.951722 /Devices/e1000#0/uStatRID               0 ns
00:03:06.951726 /Devices/e1000#0/uStatRxFrm            23 ns
00:03:06.951733 /Devices/e1000#0/uStatTAD               0 ns
00:03:06.951744 /Devices/e1000#0/uStatTID               0 ns
00:03:06.951747 /Devices/e1000#0/uStatTx1514           89 ns
00:03:06.951750 /Devices/e1000#0/uStatTx16384           0 ns
00:03:06.951753 /Devices/e1000#0/uStatTx2962            0 ns
00:03:06.951757 /Devices/e1000#0/uStatTx32768           0 ns
00:03:06.951760 /Devices/e1000#0/uStatTx4410            0 ns
00:03:06.951764 /Devices/e1000#0/uStatTx5858            0 ns
00:03:06.951767 /Devices/e1000#0/uStatTx7306            0 ns
00:03:06.951771 /Devices/e1000#0/uStatTx8754            0 ns
00:03:06.951774 /Devices/e1000#0/uStatTxDelayExp        0 ns
00:03:06.951778 /Devices/e1000#0/uStatTxDelayed         0 ns
00:03:06.951781 /Devices/e1000#0/uStatTxFrm            89 ns
00:03:06.951785 /Devices/e1000#0/uStatTxIDE             0 ns
00:03:06.951789 /Devices/e1000#0/uStatTxLarge           0 ns
00:03:06.951792 /Devices/e1000#0/uStatTxNoRS           17 ns
00:03:06.951798 /Devices/ichac97/Stream0/ReSetUp-Change      475 ns/call (        4276 ns,       9 calls, max       922, min     245)
00:03:06.951803 /Devices/ichac97/Stream0/Reset       6709 ns/call (        6709 ns,       1 calls, max      6709, min    6709)
00:03:06.951807 /Devices/ichac97/Stream0/WriteBdBar        1 times
00:03:06.951811 /Devices/ichac97/Stream0/WriteCr        2 times
00:03:06.951815 /Devices/ichac97/Stream0/reg-CR         0 
00:03:06.951819 /Devices/ichac97/Stream0/reg-SR         1 
00:03:06.951823 /Devices/ichac97/Stream1/ReSetUp-Change      533 ns/call (        4802 ns,       9 calls, max      1319, min     256)
00:03:06.951828 /Devices/ichac97/Stream1/Reset        192 ns/call (         192 ns,       1 calls, max       192, min     192)
00:03:06.951832 /Devices/ichac97/Stream1/WriteBdBar        1 times
00:03:06.951836 /Devices/ichac97/Stream1/WriteCr        2 times
00:03:06.951840 /Devices/ichac97/Stream1/reg-CR         0 
00:03:06.951844 /Devices/ichac97/Stream1/reg-SR         1 
00:03:06.951848 /Devices/ichac97/Stream2/ReSetUp-Change      271 ns/call (        2447 ns,       9 calls, max       537, min       1)
00:03:06.951853 /Devices/ichac97/Stream2/Reset        146 ns/call (         146 ns,       1 calls, max       146, min     146)
00:03:06.951858 /Devices/ichac97/Stream2/WriteBdBar        1 times
00:03:06.951862 /Devices/ichac97/Stream2/WriteCr        2 times
00:03:06.951866 /Devices/ichac97/Stream2/reg-CR         0 
00:03:06.951870 /Devices/ichac97/Stream2/reg-SR         1 
00:03:06.951873 /Devices/ichac97/UnimplementedNabmReads        0 times
00:03:06.951876 /Devices/ichac97/UnimplementedNabmWrites        0 times
00:03:06.951880 /Devices/ichac97/UnimplementedNamReads        0 times
00:03:06.951883 /Devices/ichac97/UnimplementedNamWrites       57 times
00:03:06.951902 /Devices/mc146818/Irq                   0 times
00:03:06.951906 /Devices/mc146818/IrqClear              0 times
00:03:06.951910 /Devices/mc146818/PiActive              0 ticks/call (           0 ticks,       0 calls, max         0, min      -1)
00:03:06.951915 /Devices/mc146818/PieFlip               0 times
00:03:06.951918 /Devices/mc146818/TimerCB               0 times
00:03:06.951922 /Devices/vga/HgmsiMdaCgaAccesses        0 times
00:03:06.951925 /Devices/vga/VMSVGA/Cmd/3dActivateSurface        0 times
00:03:06.951929 /Devices/vga/VMSVGA/Cmd/3dBeginQuery        0 times
00:03:06.951933 /Devices/vga/VMSVGA/Cmd/3dBlitSurfaceToScreenProf        0 ticks/call (           0 ticks,       0 calls, max         0, min      -1)
00:03:06.951938 /Devices/vga/VMSVGA/Cmd/3dClear         0 times
00:03:06.951942 /Devices/vga/VMSVGA/Cmd/3dContextDefine        0 times
00:03:06.951946 /Devices/vga/VMSVGA/Cmd/3dContextDestroy        0 times
00:03:06.951949 /Devices/vga/VMSVGA/Cmd/3dDeactivateSurface        0 times
00:03:06.951953 /Devices/vga/VMSVGA/Cmd/3dDrawPrimitives        0 times
00:03:06.951956 /Devices/vga/VMSVGA/Cmd/3dEndQuery        0 times
00:03:06.951959 /Devices/vga/VMSVGA/Cmd/3dGenerateMipmaps        0 times
00:03:06.951962 /Devices/vga/VMSVGA/Cmd/3dPresent        0 times
00:03:06.951965 /Devices/vga/VMSVGA/Cmd/3dPresentReadBack        0 times
00:03:06.951968 /Devices/vga/VMSVGA/Cmd/3dSetClipPlane        0 times
00:03:06.951972 /Devices/vga/VMSVGA/Cmd/3dSetLightData        0 times
00:03:06.951975 /Devices/vga/VMSVGA/Cmd/3dSetLightEnable        0 times
00:03:06.951979 /Devices/vga/VMSVGA/Cmd/3dSetMaterial        0 times
00:03:06.951983 /Devices/vga/VMSVGA/Cmd/3dSetRenderState        0 times
00:03:06.951986 /Devices/vga/VMSVGA/Cmd/3dSetRenderTarget        0 times
00:03:06.951990 /Devices/vga/VMSVGA/Cmd/3dSetScissorRect        0 times
00:03:06.951994 /Devices/vga/VMSVGA/Cmd/3dSetShader        0 times
00:03:06.951998 /Devices/vga/VMSVGA/Cmd/3dSetShaderConst        0 times
00:03:06.952002 /Devices/vga/VMSVGA/Cmd/3dSetTextureState        0 times
00:03:06.952005 /Devices/vga/VMSVGA/Cmd/3dSetTransform        0 times
00:03:06.952008 /Devices/vga/VMSVGA/Cmd/3dSetViewPort        0 times
00:03:06.952011 /Devices/vga/VMSVGA/Cmd/3dSetZRange        0 times
00:03:06.952014 /Devices/vga/VMSVGA/Cmd/3dShaderDefine        0 times
00:03:06.952017 /Devices/vga/VMSVGA/Cmd/3dShaderDestroy        0 times
00:03:06.952021 /Devices/vga/VMSVGA/Cmd/3dSurfaceCopy        0 times
00:03:06.952024 /Devices/vga/VMSVGA/Cmd/3dSurfaceDefine        0 times
00:03:06.952028 /Devices/vga/VMSVGA/Cmd/3dSurfaceDefineV2        0 times
00:03:06.952032 /Devices/vga/VMSVGA/Cmd/3dSurfaceDestroy        0 times
00:03:06.952035 /Devices/vga/VMSVGA/Cmd/3dSurfaceDma        0 times
00:03:06.952038 /Devices/vga/VMSVGA/Cmd/3dSurfaceScreen        0 times
00:03:06.952041 /Devices/vga/VMSVGA/Cmd/3dSurfaceStretchBlt        0 times
00:03:06.952044 /Devices/vga/VMSVGA/Cmd/3dWaitForQuery        0 times
00:03:06.952047 /Devices/vga/VMSVGA/Cmd/AnnotationCopy        0 times
00:03:06.952050 /Devices/vga/VMSVGA/Cmd/AnnotationFill        0 times
00:03:06.952053 /Devices/vga/VMSVGA/Cmd/BlitGmrFbToScreen      855 times
00:03:06.952056 /Devices/vga/VMSVGA/Cmd/BlitScreentoGmrFb        0 times
00:03:06.952059 /Devices/vga/VMSVGA/Cmd/DefineAlphaCursor        0 times
00:03:06.952063 /Devices/vga/VMSVGA/Cmd/DefineCursor        0 times
00:03:06.952067 /Devices/vga/VMSVGA/Cmd/DefineGmr2        0 times
00:03:06.952070 /Devices/vga/VMSVGA/Cmd/DefineGmr2/Free        0 times
00:03:06.952073 /Devices/vga/VMSVGA/Cmd/DefineGmr2/Modify        0 times
00:03:06.952076 /Devices/vga/VMSVGA/Cmd/DefineGmrFb      855 times
00:03:06.952079 /Devices/vga/VMSVGA/Cmd/DefineScreen        1 times
00:03:06.952083 /Devices/vga/VMSVGA/Cmd/DestroyScreen        0 times
00:03:06.952086 /Devices/vga/VMSVGA/Cmd/DisplayCursor        0 times
00:03:06.952089 /Devices/vga/VMSVGA/Cmd/Escape          0 times
00:03:06.952093 /Devices/vga/VMSVGA/Cmd/Fence         855 times
00:03:06.952100 /Devices/vga/VMSVGA/Cmd/InvalidCmd        0 times
00:03:06.952104 /Devices/vga/VMSVGA/Cmd/MoveCursor        0 times
00:03:06.952108 /Devices/vga/VMSVGA/Cmd/RectCopy        0 times
00:03:06.952112 /Devices/vga/VMSVGA/Cmd/RectFill        0 times
00:03:06.952116 /Devices/vga/VMSVGA/Cmd/RectRopCopy        0 times
00:03:06.952119 /Devices/vga/VMSVGA/Cmd/RemapGmr2        0 times
00:03:06.952123 /Devices/vga/VMSVGA/Cmd/RemapGmr2/Modify        0 times
00:03:06.952127 /Devices/vga/VMSVGA/Cmd/Update          0 times
00:03:06.952130 /Devices/vga/VMSVGA/Cmd/UpdateVerbose        0 times
00:03:06.952134 /Devices/vga/VMSVGA/EmtDelayOnBusyFifo        0 ticks/call (           0 ticks,       0 calls, max         0, min      -1)
00:03:06.952138 /Devices/vga/VMSVGA/FifoCommands        0 times
00:03:06.952142 /Devices/vga/VMSVGA/FifoCursorFetchAgain        0 times
00:03:06.952146 /Devices/vga/VMSVGA/FifoCursorNoChange        0 times
00:03:06.952149 /Devices/vga/VMSVGA/FifoCursorPosition        0 times
00:03:06.952153 /Devices/vga/VMSVGA/FifoCursorVisiblity        0 times
00:03:06.952156 /Devices/vga/VMSVGA/FifoErrors          0 times
00:03:06.952160 /Devices/vga/VMSVGA/FifoExtendedSleep 427795139 ticks/call (367048229969 ticks,     858 calls, max 39167711982, min    3024)
00:03:06.952165 /Devices/vga/VMSVGA/FifoStalls          0 ticks/call (           0 ticks,       0 calls, max         0, min      -1)
00:03:06.952169 /Devices/vga/VMSVGA/FifoTodoTimeout        0 times
00:03:06.952172 /Devices/vga/VMSVGA/FifoTodoWoken      855 times
00:03:06.952176 /Devices/vga/VMSVGA/FifoUnknownCommands        0 times
00:03:06.952180 /Devices/vga/VMSVGA/FifoWatchdogWakeUps        0 times
00:03:06.952185 /Devices/vga/VMSVGA/Reg/BitsPerPixelRead        0 times
00:03:06.952188 /Devices/vga/VMSVGA/Reg/BitsPerPixelWrite        0 times
00:03:06.952192 /Devices/vga/VMSVGA/Reg/BlueMaskRead        0 times
00:03:06.952196 /Devices/vga/VMSVGA/Reg/BusyRead        0 times
00:03:06.952199 /Devices/vga/VMSVGA/Reg/BusyWrite        0 times
00:03:06.952203 /Devices/vga/VMSVGA/Reg/BytesPerLineRead        0 times
00:03:06.952206 /Devices/vga/VMSVGA/Reg/CapabilitesRead        1 times
00:03:06.952210 /Devices/vga/VMSVGA/Reg/CmdPrependHighRead        0 times
00:03:06.952214 /Devices/vga/VMSVGA/Reg/CmdPrependHighWrite        0 times
00:03:06.952218 /Devices/vga/VMSVGA/Reg/CmdPrependLowRead        0 times
00:03:06.952221 /Devices/vga/VMSVGA/Reg/CmdPrependLowWrite        0 times
00:03:06.952225 /Devices/vga/VMSVGA/Reg/CommandHighRead        0 times
00:03:06.952229 /Devices/vga/VMSVGA/Reg/CommandHighWrite      856 times
00:03:06.952232 /Devices/vga/VMSVGA/Reg/CommandLowRead        0 times
00:03:06.952236 /Devices/vga/VMSVGA/Reg/CommandLowWrite      856 times
00:03:06.952239 /Devices/vga/VMSVGA/Reg/ConfigDoneRead        1 times
00:03:06.952243 /Devices/vga/VMSVGA/Reg/ConfigDoneWrite        1 times
00:03:06.952246 /Devices/vga/VMSVGA/Reg/CursorIdRead        0 times
00:03:06.952250 /Devices/vga/VMSVGA/Reg/CursorIdWrite        0 times
00:03:06.952254 /Devices/vga/VMSVGA/Reg/CursorOnRead        0 times
00:03:06.952258 /Devices/vga/VMSVGA/Reg/CursorOnWrite        0 times
00:03:06.952261 /Devices/vga/VMSVGA/Reg/CursorXRead        0 times
00:03:06.952265 /Devices/vga/VMSVGA/Reg/CursorXWrite        0 times
00:03:06.952269 /Devices/vga/VMSVGA/Reg/CursorYRead        0 times
00:03:06.952272 /Devices/vga/VMSVGA/Reg/CursorYWrite        0 times
00:03:06.952276 /Devices/vga/VMSVGA/Reg/DepthRead        0 times
00:03:06.952279 /Devices/vga/VMSVGA/Reg/DepthWrite        0 times
00:03:06.952283 /Devices/vga/VMSVGA/Reg/DevCapRead        0 times
00:03:06.952287 /Devices/vga/VMSVGA/Reg/DevCapWrite        0 times
00:03:06.952291 /Devices/vga/VMSVGA/Reg/DisplayHeightRead        0 times
00:03:06.952294 /Devices/vga/VMSVGA/Reg/DisplayHeightWrite        0 times
00:03:06.952298 /Devices/vga/VMSVGA/Reg/DisplayIdRead        0 times
00:03:06.952302 /Devices/vga/VMSVGA/Reg/DisplayIdWrite        0 times
00:03:06.952306 /Devices/vga/VMSVGA/Reg/DisplayIsPrimaryRead        0 times
00:03:06.952311 /Devices/vga/VMSVGA/Reg/DisplayIsPrimaryWrite        0 times
00:03:06.952315 /Devices/vga/VMSVGA/Reg/DisplayPositionXRead        0 times
00:03:06.952319 /Devices/vga/VMSVGA/Reg/DisplayPositionXWrite        0 times
00:03:06.952322 /Devices/vga/VMSVGA/Reg/DisplayPositionYRead        0 times
00:03:06.952326 /Devices/vga/VMSVGA/Reg/DisplayPositionYWrite        0 times
00:03:06.952330 /Devices/vga/VMSVGA/Reg/DisplayWidthRead        0 times
00:03:06.952333 /Devices/vga/VMSVGA/Reg/DisplayWidthWrite        0 times
00:03:06.952336 /Devices/vga/VMSVGA/Reg/EnableRead        1 times
00:03:06.952340 /Devices/vga/VMSVGA/Reg/EnableWrite        2 times
00:03:06.952349 /Devices/vga/VMSVGA/Reg/FbOffsetRead        0 times
00:03:06.952352 /Devices/vga/VMSVGA/Reg/FbSizeRead        0 times
00:03:06.952356 /Devices/vga/VMSVGA/Reg/FbStartRead        0 times
00:03:06.952359 /Devices/vga/VMSVGA/Reg/GBMemSizeRead        0 times
00:03:06.952363 /Devices/vga/VMSVGA/Reg/GmrDescriptorWrite        0 times
00:03:06.952367 /Devices/vga/VMSVGA/Reg/GmrDescriptorWrite/Errors        0 times
00:03:06.952371 /Devices/vga/VMSVGA/Reg/GmrDescriptorWrite/Free        0 times
00:03:06.952374 /Devices/vga/VMSVGA/Reg/GmrIdRead        0 times
00:03:06.952378 /Devices/vga/VMSVGA/Reg/GmrIdWrite        0 times
00:03:06.952382 /Devices/vga/VMSVGA/Reg/GmrMaxDescriptorLengthRead        0 times
00:03:06.952386 /Devices/vga/VMSVGA/Reg/GmrMaxIdsRead        1 times
00:03:06.952389 /Devices/vga/VMSVGA/Reg/GmrsMaxPagesRead        1 times
00:03:06.952393 /Devices/vga/VMSVGA/Reg/GreenMaskRead        0 times
00:03:06.952396 /Devices/vga/VMSVGA/Reg/GuestIdRead        0 times
00:03:06.952400 /Devices/vga/VMSVGA/Reg/GuestIdWrite        0 times
00:03:06.952404 /Devices/vga/VMSVGA/Reg/HeightRead        1 times
00:03:06.952407 /Devices/vga/VMSVGA/Reg/HeightWrite        0 times
00:03:06.952411 /Devices/vga/VMSVGA/Reg/HostBitsPerPixelRead        0 times
00:03:06.952415 /Devices/vga/VMSVGA/Reg/IdRead          1 times
00:03:06.952418 /Devices/vga/VMSVGA/Reg/IdWrite         1 times
00:03:06.952422 /Devices/vga/VMSVGA/Reg/IrqMaskRead        0 times
00:03:06.952426 /Devices/vga/VMSVGA/Reg/IrqMaskWrite     1711 times
00:03:06.952430 /Devices/vga/VMSVGA/Reg/MaxHeightRead        1 times
00:03:06.952437 /Devices/vga/VMSVGA/Reg/MaxPrimBBMemRead        0 times
00:03:06.952440 /Devices/vga/VMSVGA/Reg/MaxWidthRead        1 times
00:03:06.952444 /Devices/vga/VMSVGA/Reg/MemRegsRead        1 times
00:03:06.952448 /Devices/vga/VMSVGA/Reg/MemSizeRead        1 times
00:03:06.952451 /Devices/vga/VMSVGA/Reg/MemStartRead        0 times
00:03:06.952454 /Devices/vga/VMSVGA/Reg/MemorySizeRead        1 times
00:03:06.952457 /Devices/vga/VMSVGA/Reg/MobMaxSizeRead        0 times
00:03:06.952460 /Devices/vga/VMSVGA/Reg/NumDisplaysRead       16 times
00:03:06.952464 /Devices/vga/VMSVGA/Reg/NumDisplaysWrite        0 times
00:03:06.952467 /Devices/vga/VMSVGA/Reg/NumGuestDisplaysRead        0 times
00:03:06.952470 /Devices/vga/VMSVGA/Reg/NumGuestDisplaysWrite        0 times
00:03:06.952473 /Devices/vga/VMSVGA/Reg/PaletteRead        0 times
00:03:06.952477 /Devices/vga/VMSVGA/Reg/PaletteWrite        0 times
00:03:06.952480 /Devices/vga/VMSVGA/Reg/PitchLockRead        0 times
00:03:06.952484 /Devices/vga/VMSVGA/Reg/PitchLockWrite        0 times
00:03:06.952487 /Devices/vga/VMSVGA/Reg/PseudoColorWrite        0 times
00:03:06.952491 /Devices/vga/VMSVGA/Reg/PsuedoColorRead        0 times
00:03:06.952495 /Devices/vga/VMSVGA/Reg/ReadOnlyWrite        0 times
00:03:06.952498 /Devices/vga/VMSVGA/Reg/RedMaskRead        0 times
00:03:06.952502 /Devices/vga/VMSVGA/Reg/ScratchRead        0 times
00:03:06.952506 /Devices/vga/VMSVGA/Reg/ScratchSizeRead        0 times
00:03:06.952509 /Devices/vga/VMSVGA/Reg/ScratchWrite        0 times
00:03:06.952513 /Devices/vga/VMSVGA/Reg/ScrnTgtMaxHeightRead        0 times
00:03:06.952517 /Devices/vga/VMSVGA/Reg/ScrnTgtMaxWidthRead        0 times
00:03:06.952520 /Devices/vga/VMSVGA/Reg/SyncRead        0 times
00:03:06.952525 /Devices/vga/VMSVGA/Reg/SyncWrite        0 times
00:03:06.952529 /Devices/vga/VMSVGA/Reg/TopRead         0 times
00:03:06.952532 /Devices/vga/VMSVGA/Reg/TopWrite        0 times
00:03:06.952535 /Devices/vga/VMSVGA/Reg/TracesRead        1 times
00:03:06.952538 /Devices/vga/VMSVGA/Reg/TracesWrite        1 times
00:03:06.952541 /Devices/vga/VMSVGA/Reg/UnknownRead        0 times
00:03:06.952543 /Devices/vga/VMSVGA/Reg/UnknownWrite        0 times
00:03:06.952546 /Devices/vga/VMSVGA/Reg/VramSizeRead        1 times
00:03:06.952549 /Devices/vga/VMSVGA/Reg/WidthRead        1 times
00:03:06.952552 /Devices/vga/VMSVGA/Reg/WidthWrite        0 times
00:03:06.952555 /Devices/vga/VMSVGA/Reg/WriteOnlyRead        0 times
00:03:06.952559 /Drivers/AUDIO-0/TotalStreamsCreated        0 count
00:03:06.952562 /Drivers/AUDIO-1/TotalStreamsCreated        0 count
00:03:06.952565 /Drivers/AUDIO-2/TotalStreamsCreated        0 count
00:03:06.952569 /Drivers/IntNet-1/BadFrames             0 count
00:03:06.952572 /Drivers/IntNet-1/Bytes/Received        0 bytes
00:03:06.952575 /Drivers/IntNet-1/Bytes/Sent            0 bytes
00:03:06.952579 /Drivers/IntNet-1/Overflows/Recv        0 count
00:03:06.952583 /Drivers/IntNet-1/Overflows/Sent        0 count
00:03:06.952586 /Drivers/IntNet-1/Packets/Lost          0 count
00:03:06.952590 /Drivers/IntNet-1/Packets/Received        0 count
00:03:06.952594 /Drivers/IntNet-1/Packets/Received-Gso        0 count
00:03:06.952597 /Drivers/IntNet-1/Packets/Sent          0 count
00:03:06.952600 /Drivers/IntNet-1/Packets/Sent-Gso        0 count
00:03:06.952603 /Drivers/IntNet-1/Packets/Sent-R0        0 count
00:03:06.952606 /Drivers/IntNet-1/Recv1                 0 ticks/call (           0 ticks,       0 calls, max         0, min      -1)
00:03:06.952610 /Drivers/IntNet-1/Recv2                 0 ticks/call (           0 ticks,       0 calls, max         0, min      -1)
00:03:06.952614 /Drivers/IntNet-1/Reserved              0 ticks/call (           0 ticks,       0 calls, max         0, min      -1)
00:03:06.952618 /Drivers/IntNet-1/Send1                 0 ticks/call (           0 ticks,       0 calls, max         0, min      -1)
00:03:06.952621 /Drivers/IntNet-1/Send2                 0 ticks/call (           0 ticks,       0 calls, max         0, min      -1)
00:03:06.952626 /Drivers/IntNet-1/XmitProcessRing        0 count
00:03:06.952628 /Drivers/IntNet-1/XmitWakeup-R0         0 count
00:03:06.952631 /Drivers/IntNet-1/XmitWakeup-R3         0 count
00:03:06.952635 /Drivers/IntNet-1/YieldNok              0 count
00:03:06.952638 /Drivers/IntNet-1/YieldOk               0 count
00:03:06.952642 /EM/CPU0/ExitHashing/Step00-Hits   165340 times
00:03:06.952646 /EM/CPU0/ExitHashing/Step00-NewInserts      408 times
00:03:06.952650 /EM/CPU0/ExitHashing/Step01-Hits    15747 times
00:03:06.952654 /EM/CPU0/ExitHashing/Step01-NewInserts      223 times
00:03:06.952657 /EM/CPU0/ExitHashing/Step02-Hits    14033 times
00:03:06.952659 /EM/CPU0/ExitHashing/Step02-NewInserts      114 times
00:03:06.952670 /EM/CPU0/ExitHashing/Step03-Hits    10975 times
00:03:06.952673 /EM/CPU0/ExitHashing/Step03-NewInserts       74 times
00:03:06.952676 /EM/CPU0/ExitHashing/Step04-Hits     3849 times
00:03:06.952679 /EM/CPU0/ExitHashing/Step04-NewInserts       64 times
00:03:06.952682 /EM/CPU0/ExitHashing/Step05-Hits     7895 times
00:03:06.952686 /EM/CPU0/ExitHashing/Step05-NewInserts       60 times
00:03:06.952688 /EM/CPU0/ExitHashing/Step06-Hits     2896 times
00:03:06.952691 /EM/CPU0/ExitHashing/Step06-NewInserts       28 times
00:03:06.952694 /EM/CPU0/ExitHashing/Step07-Hits     7168 times
00:03:06.952698 /EM/CPU0/ExitHashing/Step07-NewInserts       35 times
00:03:06.952701 /EM/CPU0/ExitHashing/Step08-Hits     6696 times
00:03:06.952704 /EM/CPU0/ExitHashing/Step08-NewInserts       18 times
00:03:06.952710 /EM/CPU0/ExitHashing/Used            1024 times
00:03:06.952714 /EM/CPU0/ExitOpt/Exec              184015 ticks/call (  8514398073 ticks,   46270 calls, max  12033750, min    6450)
00:03:06.952720 /EM/CPU0/ExitOpt/ExecInstructions 10869055 times
00:03:06.952724 /EM/CPU0/ExitOpt/ExecSavedExit    1036210 times
00:03:06.952727 /EM/CPU0/ExitOpt/Probe             830203 ticks/call (    54793461 ticks,      66 calls, max  20972240, min   27238)
00:03:06.952732 /EM/CPU0/ExitOpt/ProbeInstructions    41665 times
00:03:06.952735 /EM/CPU0/ExitOpt/ProbedExecWithMax       21 times
00:03:06.952738 /EM/CPU0/ExitOpt/ProbedNormal          45 times
00:03:06.952742 /EM/CPU0/ExitOpt/ProbedToRing3          0 times
00:03:06.952745 /EM/CPU1/ExitHashing/Step00-Hits    76193 times
00:03:06.952748 /EM/CPU1/ExitHashing/Step00-NewInserts      159 times
00:03:06.952752 /EM/CPU1/ExitHashing/Step01-Hits    31029 times
00:03:06.952755 /EM/CPU1/ExitHashing/Step01-NewInserts      359 times
00:03:06.952757 /EM/CPU1/ExitHashing/Step02-Hits     5828 times
00:03:06.952761 /EM/CPU1/ExitHashing/Step02-NewInserts      149 times
00:03:06.952764 /EM/CPU1/ExitHashing/Step03-Hits     4364 times
00:03:06.952767 /EM/CPU1/ExitHashing/Step03-NewInserts      103 times
00:03:06.952770 /EM/CPU1/ExitHashing/Step04-Hits     6016 times
00:03:06.952779 /EM/CPU1/ExitHashing/Step04-NewInserts       75 times
00:03:06.952782 /EM/CPU1/ExitHashing/Step05-Hits     5846 times
00:03:06.952786 /EM/CPU1/ExitHashing/Step05-NewInserts       62 times
00:03:06.952790 /EM/CPU1/ExitHashing/Step06-Hits     1975 times
00:03:06.952793 /EM/CPU1/ExitHashing/Step06-NewInserts       42 times
00:03:06.952796 /EM/CPU1/ExitHashing/Step07-Hits     5327 times
00:03:06.952800 /EM/CPU1/ExitHashing/Step07-NewInserts       31 times
00:03:06.952803 /EM/CPU1/ExitHashing/Step08-Hits     2608 times
00:03:06.952806 /EM/CPU1/ExitHashing/Step08-NewInserts       44 times
00:03:06.952811 /EM/CPU1/ExitHashing/Used            1024 times
00:03:06.952815 /EM/CPU1/ExitOpt/Exec               87745 ticks/call (   902990632 ticks,   10291 calls, max 109221923, min    4592)
00:03:06.952820 /EM/CPU1/ExitOpt/ExecInstructions   170703 times
00:03:06.952823 /EM/CPU1/ExitOpt/ExecSavedExit       9935 times
00:03:06.952826 /EM/CPU1/ExitOpt/Probe              69280 ticks/call (     1385616 ticks,      20 calls, max    225856, min   25602)
00:03:06.952830 /EM/CPU1/ExitOpt/ProbeInstructions      706 times
00:03:06.952833 /EM/CPU1/ExitOpt/ProbedExecWithMax        1 times
00:03:06.952836 /EM/CPU1/ExitOpt/ProbedNormal          19 times
00:03:06.952840 /EM/CPU1/ExitOpt/ProbedToRing3          0 times
00:03:06.952844 /GIM/Hypercalls                        41 times
00:03:06.952848 /GMM/ChunkTlbHits                       0 times
00:03:06.952851 /GMM/ChunkTlbMisses                     0 times
00:03:06.952862 /GMM/VM/Allocated/cBasePages            0 pages
00:03:06.952866 /GMM/VM/Allocated/cFixedPages           0 pages
00:03:06.952869 /GMM/VM/Allocated/cShadowPages          0 pages
00:03:06.952873 /GMM/VM/Reserved/cBasePages        524391 pages
00:03:06.952876 /GMM/VM/Reserved/cFixedPages         5636 pages
00:03:06.952880 /GMM/VM/Reserved/cShadowPages           1 pages
00:03:06.952885 /GMM/VM/cBalloonedPages                 0 pages
00:03:06.952889 /GMM/VM/cMaxBalloonedPages              0 pages
00:03:06.952893 /GMM/VM/cPrivatePages                   0 pages
00:03:06.952897 /GMM/VM/cReqActuallyBalloonedPages        0 pages
00:03:06.952900 /GMM/VM/cReqBalloonedPages              0 pages
00:03:06.952904 /GMM/VM/cReqDeflatePages                0 pages
00:03:06.952908 /GMM/VM/cShareableModules               0 count
00:03:06.952911 /GMM/VM/cSharedPages                    0 pages
00:03:06.952914 /GMM/VM/enmPolicy                       1 
00:03:06.952918 /GMM/VM/enmPriority                     2 
00:03:06.952921 /GMM/VM/fBallooningEnabled       false    
00:03:06.952925 /GMM/VM/fMayAllocate             true     
00:03:06.952929 /GMM/VM/fSharedPagingEnabled     false    
00:03:06.952932 /GMM/cAllocatedPages                    0 pages
00:03:06.952935 /GMM/cBalloonedPages                    0 pages
00:03:06.952939 /GMM/cChunks                            0 count
00:03:06.952943 /GMM/cDuplicatePages                    0 pages
00:03:06.952950 /GMM/cFreedChunks                       0 count
00:03:06.952955 /GMM/cLeftBehindSharedPages             0 pages
00:03:06.952959 /GMM/cMaxPages                   4294967295 pages
00:03:06.952963 /GMM/cOverCommittedPages                0 pages
00:03:06.952967 /GMM/cReservedPages                530028 pages
00:03:06.952971 /GMM/cShareableModules                  0 count
00:03:06.952974 /GMM/cSharedPages                       0 pages
00:03:06.952977 /GMM/idFreeGeneration            4611686018427387775 
00:03:06.953150 /GVMM/EMTs                              2 count
00:03:06.953163 /GVMM/HostCPUs                         12 count
00:03:06.953167 /GVMM/HostCpus/0                        0 
00:03:06.953171 /GVMM/HostCpus/0/CurTimerHz             0 Hz
00:03:06.953175 /GVMM/HostCpus/0/DesiredHz              0 Hz
00:03:06.953178 /GVMM/HostCpus/0/PPTChanges             0 times
00:03:06.953182 /GVMM/HostCpus/0/PPTStarts              0 times
00:03:06.953186 /GVMM/HostCpus/0/idxCpuSet              0 
00:03:06.953190 /GVMM/HostCpus/1                        1 
00:03:06.953193 /GVMM/HostCpus/1/CurTimerHz             0 Hz
00:03:06.953197 /GVMM/HostCpus/1/DesiredHz              0 Hz
00:03:06.953200 /GVMM/HostCpus/1/PPTChanges             0 times
00:03:06.953203 /GVMM/HostCpus/1/PPTStarts              0 times
00:03:06.953206 /GVMM/HostCpus/1/idxCpuSet              1 
00:03:06.953209 /GVMM/HostCpus/10                      10 
00:03:06.953212 /GVMM/HostCpus/10/CurTimerHz            0 Hz
00:03:06.953215 /GVMM/HostCpus/10/DesiredHz             0 Hz
00:03:06.953218 /GVMM/HostCpus/10/PPTChanges            0 times
00:03:06.953221 /GVMM/HostCpus/10/PPTStarts             0 times
00:03:06.953224 /GVMM/HostCpus/10/idxCpuSet            10 
00:03:06.953227 /GVMM/HostCpus/11                      11 
00:03:06.953230 /GVMM/HostCpus/11/CurTimerHz            0 Hz
00:03:06.953233 /GVMM/HostCpus/11/DesiredHz             0 Hz
00:03:06.953236 /GVMM/HostCpus/11/PPTChanges            0 times
00:03:06.953239 /GVMM/HostCpus/11/PPTStarts             0 times
00:03:06.953242 /GVMM/HostCpus/11/idxCpuSet            11 
00:03:06.953245 /GVMM/HostCpus/2                        2 
00:03:06.953248 /GVMM/HostCpus/2/CurTimerHz             0 Hz
00:03:06.953251 /GVMM/HostCpus/2/DesiredHz              0 Hz
00:03:06.953254 /GVMM/HostCpus/2/PPTChanges             0 times
00:03:06.953258 /GVMM/HostCpus/2/PPTStarts              0 times
00:03:06.953261 /GVMM/HostCpus/2/idxCpuSet              2 
00:03:06.953264 /GVMM/HostCpus/3                        3 
00:03:06.953267 /GVMM/HostCpus/3/CurTimerHz             0 Hz
00:03:06.953270 /GVMM/HostCpus/3/DesiredHz              0 Hz
00:03:06.953273 /GVMM/HostCpus/3/PPTChanges             0 times
00:03:06.953276 /GVMM/HostCpus/3/PPTStarts              0 times
00:03:06.953279 /GVMM/HostCpus/3/idxCpuSet              3 
00:03:06.953283 /GVMM/HostCpus/4                        4 
00:03:06.953286 /GVMM/HostCpus/4/CurTimerHz             0 Hz
00:03:06.953289 /GVMM/HostCpus/4/DesiredHz              0 Hz
00:03:06.953292 /GVMM/HostCpus/4/PPTChanges             0 times
00:03:06.953295 /GVMM/HostCpus/4/PPTStarts              0 times
00:03:06.953298 /GVMM/HostCpus/4/idxCpuSet              4 
00:03:06.953302 /GVMM/HostCpus/5                        5 
00:03:06.953305 /GVMM/HostCpus/5/CurTimerHz             0 Hz
00:03:06.953308 /GVMM/HostCpus/5/DesiredHz              0 Hz
00:03:06.953311 /GVMM/HostCpus/5/PPTChanges             0 times
00:03:06.953315 /GVMM/HostCpus/5/PPTStarts              0 times
00:03:06.953318 /GVMM/HostCpus/5/idxCpuSet              5 
00:03:06.953321 /GVMM/HostCpus/6                        6 
00:03:06.953326 /GVMM/HostCpus/6/CurTimerHz             0 Hz
00:03:06.953329 /GVMM/HostCpus/6/DesiredHz              0 Hz
00:03:06.953332 /GVMM/HostCpus/6/PPTChanges             0 times
00:03:06.953335 /GVMM/HostCpus/6/PPTStarts              0 times
00:03:06.953338 /GVMM/HostCpus/6/idxCpuSet              6 
00:03:06.953342 /GVMM/HostCpus/7                        7 
00:03:06.953348 /GVMM/HostCpus/7/CurTimerHz             0 Hz
00:03:06.953353 /GVMM/HostCpus/7/DesiredHz              0 Hz
00:03:06.953356 /GVMM/HostCpus/7/PPTChanges             0 times
00:03:06.953359 /GVMM/HostCpus/7/PPTStarts              0 times
00:03:06.953362 /GVMM/HostCpus/7/idxCpuSet              7 
00:03:06.953366 /GVMM/HostCpus/8                        8 
00:03:06.953369 /GVMM/HostCpus/8/CurTimerHz             0 Hz
00:03:06.953372 /GVMM/HostCpus/8/DesiredHz              0 Hz
00:03:06.953375 /GVMM/HostCpus/8/PPTChanges             0 times
00:03:06.953379 /GVMM/HostCpus/8/PPTStarts              0 times
00:03:06.953382 /GVMM/HostCpus/8/idxCpuSet              8 
00:03:06.953386 /GVMM/HostCpus/9                        9 
00:03:06.953389 /GVMM/HostCpus/9/CurTimerHz             0 Hz
00:03:06.953393 /GVMM/HostCpus/9/DesiredHz              0 Hz
00:03:06.953396 /GVMM/HostCpus/9/PPTChanges             0 times
00:03:06.953399 /GVMM/HostCpus/9/PPTStarts              0 times
00:03:06.953403 /GVMM/HostCpus/9/idxCpuSet              9 
00:03:06.953406 /GVMM/Sum/HaltBlocking              59386 calls
00:03:06.953410 /GVMM/Sum/HaltCalls                 59384 calls
00:03:06.953414 /GVMM/Sum/HaltNotBlocking              28 calls
00:03:06.953417 /GVMM/Sum/HaltTimeouts              33838 calls
00:03:06.953420 /GVMM/Sum/HaltWakeUps                   0 calls
00:03:06.953424 /GVMM/Sum/PokeCalls                     0 calls
00:03:06.953428 /GVMM/Sum/PokeNotBusy                   0 calls
00:03:06.953431 /GVMM/Sum/PollCalls                   185 calls
00:03:06.953435 /GVMM/Sum/PollHalts                     0 calls
00:03:06.953439 /GVMM/Sum/PollWakeUps                   0 calls
00:03:06.953442 /GVMM/Sum/WakeUpCalls               26182 calls
00:03:06.953446 /GVMM/Sum/WakeUpNotHalted             936 calls
00:03:06.953450 /GVMM/Sum/WakeUpWakeUps                 0 calls
00:03:06.953454 /GVMM/VCpus/0/Start                     0 ticks/call (           0 ticks,       0 calls, max         0, min       0)
00:03:06.953458 /GVMM/VCpus/0/Stop                      0 ticks/call (           0 ticks,       0 calls, max         0, min       0)
00:03:06.953463 /GVMM/VCpus/0/cWakeUpTimerCanceled        0 times
00:03:06.953467 /GVMM/VCpus/0/cWakeUpTimerHits          0 times
00:03:06.953470 /GVMM/VCpus/0/cWakeUpTimerMisses        0 times
00:03:06.953474 /GVMM/VCpus/0/cWakeUpTimerSameCpu        0 times
00:03:06.953477 /GVMM/VCpus/1/Start                     0 ticks/call (           0 ticks,       0 calls, max         0, min       0)
00:03:06.953481 /GVMM/VCpus/1/Stop                      0 ticks/call (           0 ticks,       0 calls, max         0, min       0)
00:03:06.953484 /GVMM/VCpus/1/cWakeUpTimerCanceled        0 times
00:03:06.953487 /GVMM/VCpus/1/cWakeUpTimerHits          0 times
00:03:06.953491 /GVMM/VCpus/1/cWakeUpTimerMisses        0 times
00:03:06.953494 /GVMM/VCpus/1/cWakeUpTimerSameCpu        0 times
00:03:06.953497 /GVMM/VM/HaltBlocking               59386 calls
00:03:06.953500 /GVMM/VM/HaltCalls                  59384 calls
00:03:06.953504 /GVMM/VM/HaltNotBlocking               28 calls
00:03:06.953506 /GVMM/VM/HaltTimeouts               33838 calls
00:03:06.953509 /GVMM/VM/HaltWakeUps                    0 calls
00:03:06.953512 /GVMM/VM/PokeCalls                      0 calls
00:03:06.953516 /GVMM/VM/PokeNotBusy                    0 calls
00:03:06.953519 /GVMM/VM/PollCalls                    185 calls
00:03:06.953522 /GVMM/VM/PollHalts                      0 calls
00:03:06.953525 /GVMM/VM/PollWakeUps                    0 calls
00:03:06.953528 /GVMM/VM/WakeUpCalls                26182 calls
00:03:06.953532 /GVMM/VM/WakeUpNotHalted              936 calls
00:03:06.953535 /GVMM/VM/WakeUpWakeUps                  0 calls
00:03:06.953538 /GVMM/VMs                               1 count
00:03:06.953542 /HGCM/FailedPageListLocking             0 count
00:03:06.953545 /HGCM/LargeCmdAllocs                    1 count
00:03:06.953549 /HGCM/MsgArrival                   149110 ticks/call (    61582570 ticks,     413 calls, max   1697836, min    8114)
00:03:06.953555 /HGCM/MsgCompletion                 75108 ticks/call (    32597170 ticks,     434 calls, max   1549528, min     972)
00:03:06.953559 /HGCM/MsgTotal                   2632778444 ticks/call (1087337497762 ticks,     413 calls, max 360616043584, min   19825)
00:03:06.953565 /IEM/CPU0/Exceptions/0d                 5 times
00:03:06.953569 /IEM/CPU0/Interrupts/03                 2 times
00:03:06.953573 /IEM/CPU0/Interrupts/08               303 times
00:03:06.953577 /IEM/CPU0/Interrupts/10               240 times
00:03:06.953580 /IEM/CPU0/Interrupts/13                 5 times
00:03:06.953584 /IEM/CPU0/Interrupts/15                 1 times
00:03:06.953587 /IEM/CPU0/Interrupts/16               159 times
00:03:06.953591 /IEM/CPU0/Interrupts/19                 1 times
00:03:06.953594 /IEM/CPU0/Interrupts/1a                14 times
00:03:06.953598 /IEM/CPU0/Interrupts/1c               159 times
00:03:06.953602 /IEM/CPU0/Interrupts/20                 2 times
00:03:06.953606 /IEM/CPU0/Interrupts/22              1531 times
00:03:06.953609 /IEM/CPU0/Interrupts/23               161 times
00:03:06.953612 /IEM/CPU0/Interrupts/25                55 times
00:03:06.953615 /IEM/CPU0/Interrupts/30                50 times
00:03:06.953620 /IEM/CPU0/Interrupts/6d                 1 times
00:03:06.953627 /IEM/CPU0/Interrupts/ec             12472 times
00:03:06.953630 /IEM/CPU0/Interrupts/fb             10055 times
00:03:06.953634 /IEM/CPU0/Interrupts/fd               476 times
00:03:06.953645 /IEM/CPU0/Tlb/Code/InvlPg               0 
00:03:06.953650 /IEM/CPU0/Tlb/Code/InvlPg/LargeGlobal        0 
00:03:06.953653 /IEM/CPU0/Tlb/Code/InvlPg/LargeNonGlobal        0 
00:03:06.953657 /IEM/CPU0/Tlb/Code/LargePageGlobalCurLoads        0 count
00:03:06.953660 /IEM/CPU0/Tlb/Code/LargePageGlobalFirstTag ffffffffffffffff count
00:03:06.953664 /IEM/CPU0/Tlb/Code/LargePageGlobalLastTag        0 count
00:03:06.953667 /IEM/CPU0/Tlb/Code/LargePageNonGlobalCurLoads        0 count
00:03:06.953670 /IEM/CPU0/Tlb/Code/LargePageNonGlobalFirstTag ffffffffffffffff count
00:03:06.953674 /IEM/CPU0/Tlb/Code/LargePageNonGlobalLastTag        0 count
00:03:06.953678 /IEM/CPU0/Tlb/Code/Misses               0 count
00:03:06.953681 /IEM/CPU0/Tlb/Code/Misses/GlobalLoads        0 count
00:03:06.953684 /IEM/CPU0/Tlb/Code/PhysicalRevision fffffffffffce000 
00:03:06.953688 /IEM/CPU0/Tlb/Code/PhysicalRevisionFlushes        0 
00:03:06.953692 /IEM/CPU0/Tlb/Code/PhysicalRevisionRollovers        0 
00:03:06.953695 /IEM/CPU0/Tlb/Code/RevisionGlobal fffff38000000000 
00:03:06.953699 /IEM/CPU0/Tlb/Code/RevisionGlobalFlushes        0 
00:03:06.953702 /IEM/CPU0/Tlb/Code/RevisionNonGlobal fffff38000000000 
00:03:06.953705 /IEM/CPU0/Tlb/Code/RevisionNonGlobalFlushes        0 
00:03:06.953708 /IEM/CPU0/Tlb/Code/RevisionRollovers        0 
00:03:06.953711 /IEM/CPU0/Tlb/Code/SlowReads            0 count
00:03:06.953715 /IEM/CPU0/Tlb/Data/InvlPg               0 
00:03:06.953718 /IEM/CPU0/Tlb/Data/InvlPg/LargeGlobal        0 
00:03:06.953721 /IEM/CPU0/Tlb/Data/InvlPg/LargeNonGlobal        0 
00:03:06.953724 /IEM/CPU0/Tlb/Data/LargePageGlobalCurLoads        0 count
00:03:06.953727 /IEM/CPU0/Tlb/Data/LargePageGlobalFirstTag ffffffffffffffff count
00:03:06.953730 /IEM/CPU0/Tlb/Data/LargePageGlobalLastTag        0 count
00:03:06.953733 /IEM/CPU0/Tlb/Data/LargePageNonGlobalCurLoads        0 count
00:03:06.953736 /IEM/CPU0/Tlb/Data/LargePageNonGlobalFirstTag ffffffffffffffff count
00:03:06.953739 /IEM/CPU0/Tlb/Data/LargePageNonGlobalLastTag        0 count
00:03:06.953744 /IEM/CPU0/Tlb/Data/Misses               0 count
00:03:06.953747 /IEM/CPU0/Tlb/Data/Misses/Core          0 count
00:03:06.953750 /IEM/CPU0/Tlb/Data/Misses/Core/GlobalLoads        0 count
00:03:06.953753 /IEM/CPU0/Tlb/Data/Misses/Safe          0 count
00:03:06.953756 /IEM/CPU0/Tlb/Data/Misses/Safe/Reads        0 count
00:03:06.953759 /IEM/CPU0/Tlb/Data/Misses/Safe/SubPartHits        0 count
00:03:06.953765 /IEM/CPU0/Tlb/Data/Misses/Safe/SubPartMisses        0 count
00:03:06.953769 /IEM/CPU0/Tlb/Data/Misses/Safe/SubPartMisses/GlobalLoads        0 count
00:03:06.953772 /IEM/CPU0/Tlb/Data/Misses/Safe/Writes        0 count
00:03:06.953775 /IEM/CPU0/Tlb/Data/PhysicalRevision fffffffffffce000 
00:03:06.953778 /IEM/CPU0/Tlb/Data/PhysicalRevisionFlushes        0 
00:03:06.953781 /IEM/CPU0/Tlb/Data/PhysicalRevisionRollovers        0 
00:03:06.953785 /IEM/CPU0/Tlb/Data/RevisionGlobal fffff38000000000 
00:03:06.953788 /IEM/CPU0/Tlb/Data/RevisionGlobalFlushes        0 
00:03:06.953791 /IEM/CPU0/Tlb/Data/RevisionNonGlobal fffff38000000000 
00:03:06.953795 /IEM/CPU0/Tlb/Data/RevisionNonGlobalFlushes        0 
00:03:06.953798 /IEM/CPU0/Tlb/Data/RevisionRollovers        0 
00:03:06.953801 /IEM/CPU0/cInstructions          11396599 count
00:03:06.953804 /IEM/CPU0/cLongJumps                    0 bytes
00:03:06.953807 /IEM/CPU0/cMisalignedAtomics            0 bytes
00:03:06.953810 /IEM/CPU0/cPendingCommit                0 bytes
00:03:06.953814 /IEM/CPU0/cPotentialExits         1331709 count
00:03:06.953817 /IEM/CPU0/cRetAspectNotImplemented        0 count
00:03:06.953820 /IEM/CPU0/cRetErrStatuses               0 count
00:03:06.953823 /IEM/CPU0/cRetInfStatuses             158 count
00:03:06.953826 /IEM/CPU0/cRetInstrNotImplemented        0 count
00:03:06.953830 /IEM/CPU0/cbWritten                754854 bytes
00:03:06.953834 /IEM/CPU1/Exceptions/0d                 1 times
00:03:06.953838 /IEM/CPU1/Interrupts/03                 4 times
00:03:06.953841 /IEM/CPU1/Interrupts/20                 1 times
00:03:06.953844 /IEM/CPU1/Interrupts/21                 1 times
00:03:06.953847 /IEM/CPU1/Interrupts/22               344 times
00:03:06.953850 /IEM/CPU1/Interrupts/23                22 times
00:03:06.953853 /IEM/CPU1/Interrupts/24               189 times
00:03:06.953857 /IEM/CPU1/Interrupts/25              5802 times
00:03:06.953860 /IEM/CPU1/Interrupts/26               117 times
00:03:06.953864 /IEM/CPU1/Interrupts/27               142 times
00:03:06.953875 /IEM/CPU1/Interrupts/ec             10234 times
00:03:06.953879 /IEM/CPU1/Interrupts/f8                 1 times
00:03:06.953882 /IEM/CPU1/Interrupts/fb              5876 times
00:03:06.953885 /IEM/CPU1/Interrupts/fd               516 times
00:03:06.953890 /IEM/CPU1/Tlb/Code/InvlPg               0 
00:03:06.953893 /IEM/CPU1/Tlb/Code/InvlPg/LargeGlobal        0 
00:03:06.953896 /IEM/CPU1/Tlb/Code/InvlPg/LargeNonGlobal        0 
00:03:06.953900 /IEM/CPU1/Tlb/Code/LargePageGlobalCurLoads        0 count
00:03:06.953903 /IEM/CPU1/Tlb/Code/LargePageGlobalFirstTag ffffffffffffffff count
00:03:06.953907 /IEM/CPU1/Tlb/Code/LargePageGlobalLastTag        0 count
00:03:06.953911 /IEM/CPU1/Tlb/Code/LargePageNonGlobalCurLoads        0 count
00:03:06.953914 /IEM/CPU1/Tlb/Code/LargePageNonGlobalFirstTag ffffffffffffffff count
00:03:06.953917 /IEM/CPU1/Tlb/Code/LargePageNonGlobalLastTag        0 count
00:03:06.953920 /IEM/CPU1/Tlb/Code/Misses               0 count
00:03:06.953924 /IEM/CPU1/Tlb/Code/Misses/GlobalLoads        0 count
00:03:06.953927 /IEM/CPU1/Tlb/Code/PhysicalRevision fffffffffffce000 
00:03:06.953929 /IEM/CPU1/Tlb/Code/PhysicalRevisionFlushes        0 
00:03:06.953932 /IEM/CPU1/Tlb/Code/PhysicalRevisionRollovers        0 
00:03:06.953936 /IEM/CPU1/Tlb/Code/RevisionGlobal fffff38000000000 
00:03:06.953939 /IEM/CPU1/Tlb/Code/RevisionGlobalFlushes        0 
00:03:06.953943 /IEM/CPU1/Tlb/Code/RevisionNonGlobal fffff38000000000 
00:03:06.953946 /IEM/CPU1/Tlb/Code/RevisionNonGlobalFlushes        0 
00:03:06.953949 /IEM/CPU1/Tlb/Code/RevisionRollovers        0 
00:03:06.953952 /IEM/CPU1/Tlb/Code/SlowReads            0 count
00:03:06.953956 /IEM/CPU1/Tlb/Data/InvlPg               0 
00:03:06.953960 /IEM/CPU1/Tlb/Data/InvlPg/LargeGlobal        0 
00:03:06.953963 /IEM/CPU1/Tlb/Data/InvlPg/LargeNonGlobal        0 
00:03:06.953966 /IEM/CPU1/Tlb/Data/LargePageGlobalCurLoads        0 count
00:03:06.953969 /IEM/CPU1/Tlb/Data/LargePageGlobalFirstTag ffffffffffffffff count
00:03:06.954038 /IEM/CPU1/Tlb/Data/LargePageGlobalLastTag        0 count
00:03:06.954044 /IEM/CPU1/Tlb/Data/LargePageNonGlobalCurLoads        0 count
00:03:06.954047 /IEM/CPU1/Tlb/Data/LargePageNonGlobalFirstTag ffffffffffffffff count
00:03:06.954050 /IEM/CPU1/Tlb/Data/LargePageNonGlobalLastTag        0 count
00:03:06.954054 /IEM/CPU1/Tlb/Data/Misses               0 count
00:03:06.954057 /IEM/CPU1/Tlb/Data/Misses/Core          0 count
00:03:06.954060 /IEM/CPU1/Tlb/Data/Misses/Core/GlobalLoads        0 count
00:03:06.954063 /IEM/CPU1/Tlb/Data/Misses/Safe          0 count
00:03:06.954066 /IEM/CPU1/Tlb/Data/Misses/Safe/Reads        0 count
00:03:06.954069 /IEM/CPU1/Tlb/Data/Misses/Safe/SubPartHits        0 count
00:03:06.954072 /IEM/CPU1/Tlb/Data/Misses/Safe/SubPartMisses        0 count
00:03:06.954075 /IEM/CPU1/Tlb/Data/Misses/Safe/SubPartMisses/GlobalLoads        0 count
00:03:06.954078 /IEM/CPU1/Tlb/Data/Misses/Safe/Writes        0 count
00:03:06.954081 /IEM/CPU1/Tlb/Data/PhysicalRevision fffffffffffce000 
00:03:06.954089 /IEM/CPU1/Tlb/Data/PhysicalRevisionFlushes        0 
00:03:06.954092 /IEM/CPU1/Tlb/Data/PhysicalRevisionRollovers        0 
00:03:06.954095 /IEM/CPU1/Tlb/Data/RevisionGlobal fffff38000000000 
00:03:06.954098 /IEM/CPU1/Tlb/Data/RevisionGlobalFlushes        0 
00:03:06.954101 /IEM/CPU1/Tlb/Data/RevisionNonGlobal fffff38000000000 
00:03:06.954104 /IEM/CPU1/Tlb/Data/RevisionNonGlobalFlushes        0 
00:03:06.954108 /IEM/CPU1/Tlb/Data/RevisionRollovers        0 
00:03:06.954111 /IEM/CPU1/cInstructions            261304 count
00:03:06.954114 /IEM/CPU1/cLongJumps                    0 bytes
00:03:06.954117 /IEM/CPU1/cMisalignedAtomics            0 bytes
00:03:06.954120 /IEM/CPU1/cPendingCommit                0 bytes
00:03:06.954123 /IEM/CPU1/cPotentialExits          154977 count
00:03:06.954127 /IEM/CPU1/cRetAspectNotImplemented        0 count
00:03:06.954130 /IEM/CPU1/cRetErrStatuses               0 count
00:03:06.954146 /IEM/CPU1/cRetInfStatuses               0 count
00:03:06.954150 /IEM/CPU1/cRetInstrNotImplemented        0 count
00:03:06.954153 /IEM/CPU1/cbWritten                343742 bytes
00:03:06.954156 /IOM/MmioMappingsStale                  0 ticks/call
00:03:06.954159 /IOM/MmioTooDeepRecursion               0 times
00:03:06.954163 /NEM/CPU0/BreakOnCancel                 0 times
00:03:06.954166 /NEM/CPU0/BreakOnFFPost              1174 times
00:03:06.954170 /NEM/CPU0/BreakOnFFPre                 16 times
00:03:06.954174 /NEM/CPU0/BreakOnStatus             13520 times
00:03:06.954177 /NEM/CPU0/CancelAlertedEMT              0 times
00:03:06.954180 /NEM/CPU0/CancelChangedState            0 times
00:03:06.954183 /NEM/CPU0/ExitCpuId                 39901 times
00:03:06.954187 /NEM/CPU0/ExitException                12 times
00:03:06.954190 /NEM/CPU0/ExitExceptionBp               2 times
00:03:06.954193 /NEM/CPU0/ExitExceptionDb               0 times
00:03:06.954196 /NEM/CPU0/ExitExceptionGp               0 times
00:03:06.954199 /NEM/CPU0/ExitExceptionGpMesa           0 times
00:03:06.954202 /NEM/CPU0/ExitExceptionUd              10 times
00:03:06.954205 /NEM/CPU0/ExitExceptionUdHandled       10 times
00:03:06.954208 /NEM/CPU0/ExitHalt                  13519 times
00:03:06.954211 /NEM/CPU0/ExitInterruptWindow        4420 times
00:03:06.954222 /NEM/CPU0/ExitMemIntercept              0 times
00:03:06.954228 /NEM/CPU0/ExitMemUnmapped           93281 times
00:03:06.954231 /NEM/CPU0/ExitMsr                       9 times
00:03:06.954235 /NEM/CPU0/ExitPortIo               110744 times
00:03:06.954238 /NEM/CPU0/ExitUnrecoverable             0 times
00:03:06.954241 /NEM/CPU0/GetMsgTimeout                 0 times
00:03:06.954244 /NEM/CPU0/ImportOnDemand            23783 times
00:03:06.954248 /NEM/CPU0/ImportOnReturn            13712 times
00:03:06.954251 /NEM/CPU0/ImportOnReturnSkipped       998 times
00:03:06.954254 /NEM/CPU0/QueryCpuTick                 21 times
00:03:06.954257 /NEM/CPU0/StopCpuPending                0 times
00:03:06.954297 /NEM/CPU0/StopCpuPendingAlerts          0 times
00:03:06.954303 /NEM/CPU0/StopCpuPendingOdd             0 times
00:03:06.954307 /NEM/CPU0/StopCpuSuccess                0 times
00:03:06.954310 /NEM/CPU1/BreakOnCancel                 0 times
00:03:06.954314 /NEM/CPU1/BreakOnFFPost              1613 times
00:03:06.954317 /NEM/CPU1/BreakOnFFPre               6286 times
00:03:06.954321 /NEM/CPU1/BreakOnStatus             10858 times
00:03:06.954324 /NEM/CPU1/CancelAlertedEMT              0 times
00:03:06.954327 /NEM/CPU1/CancelChangedState            0 times
00:03:06.954330 /NEM/CPU1/ExitCpuId                 34044 times
00:03:06.954334 /NEM/CPU1/ExitException                35 times
00:03:06.954337 /NEM/CPU1/ExitExceptionBp               4 times
00:03:06.954340 /NEM/CPU1/ExitExceptionDb               0 times
00:03:06.954343 /NEM/CPU1/ExitExceptionGp               0 times
00:03:06.954346 /NEM/CPU1/ExitExceptionGpMesa           0 times
00:03:06.954349 /NEM/CPU1/ExitExceptionUd              31 times
00:03:06.954353 /NEM/CPU1/ExitExceptionUdHandled       31 times
00:03:06.954355 /NEM/CPU1/ExitHalt                  10858 times
00:03:06.954358 /NEM/CPU1/ExitInterruptWindow        7662 times
00:03:06.954361 /NEM/CPU1/ExitMemIntercept              0 times
00:03:06.954364 /NEM/CPU1/ExitMemUnmapped           99948 times
00:03:06.954367 /NEM/CPU1/ExitMsr                       2 times
00:03:06.954371 /NEM/CPU1/ExitPortIo                14567 times
00:03:06.954374 /NEM/CPU1/ExitUnrecoverable             0 times
00:03:06.954377 /NEM/CPU1/GetMsgTimeout                 0 times
00:03:06.954380 /NEM/CPU1/ImportOnDemand             2082 times
00:03:06.954383 /NEM/CPU1/ImportOnReturn            17898 times
00:03:06.954387 /NEM/CPU1/ImportOnReturnSkipped       859 times
00:03:06.954390 /NEM/CPU1/QueryCpuTick                  5 times
00:03:06.954394 /NEM/CPU1/StopCpuPending                0 times
00:03:06.954397 /NEM/CPU1/StopCpuPendingAlerts          0 times
00:03:06.954400 /NEM/CPU1/StopCpuPendingOdd             0 times
00:03:06.954404 /NEM/CPU1/StopCpuSuccess                0 times
00:03:06.954408 /NEM/PagesCurrentlyMapped               0 pages
00:03:06.954411 /NEM/PagesMapCalls                     14 pages
00:03:06.954415 /NEM/PagesMapFails                      0 pages
00:03:06.954418 /NEM/PagesMapGpaRange             7749855 ticks/call (   131747545 ticks,      17 calls, max 126218299, min   47054)
00:03:06.954430 /NEM/PagesMapGpaRangePage               0 ticks/call (           0 ticks,       0 calls, max         0, min      -1)
00:03:06.954435 /NEM/PagesUnmapCalls                   14 pages
00:03:06.954438 /NEM/PagesUnmapFails                    0 pages
00:03:06.954442 /NEM/PagesUnmapGpaRange            664814 ticks/call (     2659256 ticks,       4 calls, max   1544178, min  116962)
00:03:06.954445 /NEM/PagesUnmapGpaRangePage        189822 ticks/call (     2657516 ticks,      14 calls, max   1313480, min   79492)
00:03:06.954458 /NEM/R0Stats/cPagesAvailable            0 pages
00:03:06.954461 /NEM/R0Stats/cPagesInUse                0 pages
00:03:06.954464 /PDM/BlkCache/cbCached                  0 bytes
00:03:06.954468 /PDM/BlkCache/cbCachedFru               0 bytes
00:03:06.954471 /PDM/BlkCache/cbCachedMruIn             0 bytes
00:03:06.954474 /PDM/BlkCache/cbCachedMruOut            0 bytes
00:03:06.954477 /PDM/BlkCache/cbMax               5242880 bytes
00:03:06.954481 /PDM/CritSects/00-AbortedEnters         0 times
00:03:06.954484 /PDM/CritSects/00-EntersWhileAborting        0 times
00:03:06.954488 /PDM/CritSects/00-Non-interruptible-Waits-VINF_SUCCESS        0 times
00:03:06.954491 /PDM/CritSects/00-QueuedLeaves          0 times
00:03:06.954494 /PDM/CritSects/00-VERR_INTERRUPTED        0 times
00:03:06.954498 /PDM/CritSects/00-VERR_TIMEOUT          0 times
00:03:06.954502 /PDM/CritSects/8237A#0Auto/ContentionR3        0 times
00:03:06.954505 /PDM/CritSects/8237A#0Auto/ContentionR3Wait        0 ticks/time (           0 ticks,       0 times, max         0, min      -1)
00:03:06.954510 /PDM/CritSects/8237A#0Auto/ContentionRZLock        0 times
00:03:06.954514 /PDM/CritSects/8237A#0Auto/ContentionRZLockBusy        0 times
00:03:06.954517 /PDM/CritSects/8237A#0Auto/ContentionRZUnlock        0 times
00:03:06.954520 /PDM/CritSects/8237A#0Auto/ContentionRZWait        0 ticks/time (           0 ticks,       0 times, max         0, min      -1)
00:03:06.954523 /PDM/CritSects/AC'97/ContentionR3        0 times
00:03:06.954526 /PDM/CritSects/AC'97/ContentionR3Wait        0 ticks/time (           0 ticks,       0 times, max         0, min      -1)
00:03:06.954530 /PDM/CritSects/AC'97/ContentionRZLock        0 times
00:03:06.954532 /PDM/CritSects/AC'97/ContentionRZLockBusy        0 times
00:03:06.954535 /PDM/CritSects/AC'97/ContentionRZUnlock        0 times
00:03:06.954538 /PDM/CritSects/AC'97/ContentionRZWait        0 ticks/time (           0 ticks,       0 times, max         0, min      -1)
00:03:06.954542 /PDM/CritSects/AHCI#0/ContentionR3        5 times
00:03:06.954545 /PDM/CritSects/AHCI#0/ContentionR3Wait   349340 ticks/time (     1746704 ticks,       5 times, max   1019710, min   38962)
00:03:06.954548 /PDM/CritSects/AHCI#0/ContentionRZLock        0 times
00:03:06.954551 /PDM/CritSects/AHCI#0/ContentionRZLockBusy        0 times
00:03:06.954555 /PDM/CritSects/AHCI#0/ContentionRZUnlock        0 times
00:03:06.954558 /PDM/CritSects/AHCI#0/ContentionRZWait        0 ticks/time (           0 ticks,       0 times, max         0, min      -1)
00:03:06.954562 /PDM/CritSects/ATA#0-Ctl/ContentionR3        0 times
00:03:06.954565 /PDM/CritSects/ATA#0-Ctl/ContentionR3Wait        0 ticks/time (           0 ticks,       0 times, max         0, min      -1)
00:03:06.954569 /PDM/CritSects/ATA#0-Ctl/ContentionRZLock        0 times
00:03:06.954572 /PDM/CritSects/ATA#0-Ctl/ContentionRZLockBusy        0 times
00:03:06.954575 /PDM/CritSects/ATA#0-Ctl/ContentionRZUnlock        0 times
00:03:06.954579 /PDM/CritSects/ATA#0-Ctl/ContentionRZWait        0 ticks/time (           0 ticks,       0 times, max         0, min      -1)
00:03:06.954582 /PDM/CritSects/ATA#0-Req/ContentionR3        0 times
00:03:06.954586 /PDM/CritSects/ATA#0-Req/ContentionR3Wait        0 ticks/time (           0 ticks,       0 times, max         0, min      -1)
00:03:06.954589 /PDM/CritSects/ATA#0-Req/ContentionRZLock        0 times
00:03:06.954592 /PDM/CritSects/ATA#0-Req/ContentionRZLockBusy        0 times
00:03:06.954595 /PDM/CritSects/ATA#0-Req/ContentionRZUnlock        0 times
00:03:06.954598 /PDM/CritSects/ATA#0-Req/ContentionRZWait        0 ticks/time (           0 ticks,       0 times, max         0, min      -1)
00:03:06.954601 /PDM/CritSects/ATA#1-Ctl/ContentionR3       31 times
00:03:06.954605 /PDM/CritSects/ATA#1-Ctl/ContentionR3Wait    63245 ticks/time (     1960610 ticks,      31 times, max    216928, min   11404)
00:03:06.954608 /PDM/CritSects/ATA#1-Ctl/ContentionRZLock        0 times
00:03:06.954612 /PDM/CritSects/ATA#1-Ctl/ContentionRZLockBusy        0 times
00:03:06.954614 /PDM/CritSects/ATA#1-Ctl/ContentionRZUnlock        0 times
00:03:06.954617 /PDM/CritSects/ATA#1-Ctl/ContentionRZWait        0 ticks/time (           0 ticks,       0 times, max         0, min      -1)
00:03:06.954621 /PDM/CritSects/ATA#1-Req/ContentionR3        0 times
00:03:06.954624 /PDM/CritSects/ATA#1-Req/ContentionR3Wait        0 ticks/time (           0 ticks,       0 times, max         0, min      -1)
00:03:06.954627 /PDM/CritSects/ATA#1-Req/ContentionRZLock        0 times
00:03:06.954631 /PDM/CritSects/ATA#1-Req/ContentionRZLockBusy        0 times
00:03:06.954634 /PDM/CritSects/ATA#1-Req/ContentionRZUnlock        0 times
00:03:06.954637 /PDM/CritSects/ATA#1-Req/ContentionRZWait        0 ticks/time (           0 ticks,       0 times, max         0, min      -1)
00:03:06.954641 /PDM/CritSects/E1000#0/ContentionR3        1 times
00:03:06.954644 /PDM/CritSects/E1000#0/ContentionR3Wait    35654 ticks/time (       35654 ticks,       1 times, max     35654, min   35654)
00:03:06.954648 /PDM/CritSects/E1000#0/ContentionRZLock        0 times
00:03:06.954653 /PDM/CritSects/E1000#0/ContentionRZLockBusy        0 times
00:03:06.954657 /PDM/CritSects/E1000#0/ContentionRZUnlock        0 times
00:03:06.954660 /PDM/CritSects/E1000#0/ContentionRZWait        0 ticks/time (           0 ticks,       0 times, max         0, min      -1)
00:03:06.954664 /PDM/CritSects/E1000#0RX/ContentionR3        0 times
00:03:06.954668 /PDM/CritSects/E1000#0RX/ContentionR3Wait        0 ticks/time (           0 ticks,       0 times, max         0, min      -1)
00:03:06.954671 /PDM/CritSects/E1000#0RX/ContentionRZLock        0 times
00:03:06.954674 /PDM/CritSects/E1000#0RX/ContentionRZLockBusy        0 times
00:03:06.954677 /PDM/CritSects/E1000#0RX/ContentionRZUnlock        0 times
00:03:06.954680 /PDM/CritSects/E1000#0RX/ContentionRZWait        0 ticks/time (           0 ticks,       0 times, max         0, min      -1)
00:03:06.954683 /PDM/CritSects/E1000#0TX/ContentionR3        0 times
00:03:06.954686 /PDM/CritSects/E1000#0TX/ContentionR3Wait        0 ticks/time (           0 ticks,       0 times, max         0, min      -1)
00:03:06.954690 /PDM/CritSects/E1000#0TX/ContentionRZLock        0 times
00:03:06.954693 /PDM/CritSects/E1000#0TX/ContentionRZLockBusy        0 times
00:03:06.954696 /PDM/CritSects/E1000#0TX/ContentionRZUnlock        0 times
00:03:06.954699 /PDM/CritSects/E1000#0TX/ContentionRZWait        0 ticks/time (           0 ticks,       0 times, max         0, min      -1)
00:03:06.954703 /PDM/CritSects/EHCI#0Irq/ContentionR3        0 times
00:03:06.954706 /PDM/CritSects/EHCI#0Irq/ContentionR3Wait        0 ticks/time (           0 ticks,       0 times, max         0, min      -1)
00:03:06.954710 /PDM/CritSects/EHCI#0Irq/ContentionRZLock        0 times
00:03:06.954714 /PDM/CritSects/EHCI#0Irq/ContentionRZLockBusy        0 times
00:03:06.954717 /PDM/CritSects/EHCI#0Irq/ContentionRZUnlock        0 times
00:03:06.954721 /PDM/CritSects/EHCI#0Irq/ContentionRZWait        0 ticks/time (           0 ticks,       0 times, max         0, min      -1)
00:03:06.954724 /PDM/CritSects/GIMDev#0Auto/ContentionR3        0 times
00:03:06.954727 /PDM/CritSects/GIMDev#0Auto/ContentionR3Wait        0 ticks/time (           0 ticks,       0 times, max         0, min      -1)
00:03:06.954731 /PDM/CritSects/GIMDev#0Auto/ContentionRZLock        0 times
00:03:06.954735 /PDM/CritSects/GIMDev#0Auto/ContentionRZLockBusy        0 times
00:03:06.954738 /PDM/CritSects/GIMDev#0Auto/ContentionRZUnlock        0 times
00:03:06.954741 /PDM/CritSects/GIMDev#0Auto/ContentionRZWait        0 ticks/time (           0 ticks,       0 times, max         0, min      -1)
00:03:06.954745 /PDM/CritSects/IntNetXmit_1/ContentionR3        0 times
00:03:06.954749 /PDM/CritSects/IntNetXmit_1/ContentionR3Wait        0 ticks/time (           0 ticks,       0 times, max         0, min      -1)
00:03:06.954752 /PDM/CritSects/IntNetXmit_1/ContentionRZLock        0 times
00:03:06.954756 /PDM/CritSects/IntNetXmit_1/ContentionRZLockBusy        0 times
00:03:06.954759 /PDM/CritSects/IntNetXmit_1/ContentionRZUnlock        0 times
00:03:06.954763 /PDM/CritSects/IntNetXmit_1/ContentionRZWait        0 ticks/time (           0 ticks,       0 times, max         0, min      -1)
00:03:06.954766 /PDM/CritSects/NOP/ContentionR3         0 times
00:03:06.954770 /PDM/CritSects/NOP/ContentionR3Wait        0 ticks/time (           0 ticks,       0 times, max         0, min      -1)
00:03:06.954773 /PDM/CritSects/NOP/ContentionRZLock        0 times
00:03:06.954776 /PDM/CritSects/NOP/ContentionRZLockBusy        0 times
00:03:06.954779 /PDM/CritSects/NOP/ContentionRZUnlock        0 times
00:03:06.954782 /PDM/CritSects/NOP/ContentionRZWait        0 ticks/time (           0 ticks,       0 times, max         0, min      -1)
00:03:06.954785 /PDM/CritSects/OHCI#0Irq/ContentionR3        0 times
00:03:06.954788 /PDM/CritSects/OHCI#0Irq/ContentionR3Wait        0 ticks/time (           0 ticks,       0 times, max         0, min      -1)
00:03:06.954791 /PDM/CritSects/OHCI#0Irq/ContentionRZLock        0 times
00:03:06.954795 /PDM/CritSects/OHCI#0Irq/ContentionRZLockBusy        0 times
00:03:06.954799 /PDM/CritSects/OHCI#0Irq/ContentionRZUnlock        0 times
00:03:06.954802 /PDM/CritSects/OHCI#0Irq/ContentionRZWait        0 ticks/time (           0 ticks,       0 times, max         0, min      -1)
00:03:06.954805 /PDM/CritSects/PDM/ContentionR3         9 times
00:03:06.954809 /PDM/CritSects/PDM/ContentionR3Wait    69679 ticks/time (      627119 ticks,       9 times, max    197592, min   24076)
00:03:06.954812 /PDM/CritSects/PDM/ContentionRZLock        0 times
00:03:06.954815 /PDM/CritSects/PDM/ContentionRZLockBusy        0 times
00:03:06.954818 /PDM/CritSects/PDM/ContentionRZUnlock        0 times
00:03:06.954821 /PDM/CritSects/PDM/ContentionRZWait        0 ticks/time (           0 ticks,       0 times, max         0, min      -1)
00:03:06.954824 /PDM/CritSects/PGM/ContentionR3     16163 times
00:03:06.954827 /PDM/CritSects/PGM/ContentionR3Wait    68527 ticks/time (  1107606487 ticks,   16163 times, max  10302136, min    1876)
00:03:06.954832 /PDM/CritSects/PGM/ContentionRZLock        0 times
00:03:06.954834 /PDM/CritSects/PGM/ContentionRZLockBusy        0 times
00:03:06.954837 /PDM/CritSects/PGM/ContentionRZUnlock        0 times
00:03:06.954841 /PDM/CritSects/PGM/ContentionRZWait        0 ticks/time (           0 ticks,       0 times, max         0, min      -1)
00:03:06.954844 /PDM/CritSects/TM VirtualSync Lock/ContentionR3      417 times
00:03:06.954848 /PDM/CritSects/TM VirtualSync Lock/ContentionR3Wait    82327 ticks/time (    34330504 ticks,     417 times, max   6464162, min    7412)
00:03:06.954852 /PDM/CritSects/TM VirtualSync Lock/ContentionRZLock        0 times
00:03:06.954855 /PDM/CritSects/TM VirtualSync Lock/ContentionRZLockBusy        0 times
00:03:06.954859 /PDM/CritSects/TM VirtualSync Lock/ContentionRZUnlock        0 times
00:03:06.954862 /PDM/CritSects/TM VirtualSync Lock/ContentionRZWait        0 ticks/time (           0 ticks,       0 times, max         0, min      -1)
00:03:06.954865 /PDM/CritSects/TM real queue timer lock/ContentionR3        0 times
00:03:06.954868 /PDM/CritSects/TM real queue timer lock/ContentionR3Wait        0 ticks/time (           0 ticks,       0 times, max         0, min      -1)
00:03:06.954872 /PDM/CritSects/TM real queue timer lock/ContentionRZLock        0 times
00:03:06.954875 /PDM/CritSects/TM real queue timer lock/ContentionRZLockBusy        0 times
00:03:06.954878 /PDM/CritSects/TM real queue timer lock/ContentionRZUnlock        0 times
00:03:06.954882 /PDM/CritSects/TM real queue timer lock/ContentionRZWait        0 ticks/time (           0 ticks,       0 times, max         0, min      -1)
00:03:06.954886 /PDM/CritSects/TM tsc queue timer lock/ContentionR3        0 times
00:03:06.954889 /PDM/CritSects/TM tsc queue timer lock/ContentionR3Wait        0 ticks/time (           0 ticks,       0 times, max         0, min      -1)
00:03:06.954893 /PDM/CritSects/TM tsc queue timer lock/ContentionRZLock        0 times
00:03:06.954896 /PDM/CritSects/TM tsc queue timer lock/ContentionRZLockBusy        0 times
00:03:06.954899 /PDM/CritSects/TM tsc queue timer lock/ContentionRZUnlock        0 times
00:03:06.954902 /PDM/CritSects/TM tsc queue timer lock/ContentionRZWait        0 ticks/time (           0 ticks,       0 times, max         0, min      -1)
00:03:06.954905 /PDM/CritSects/TM virtual queue timer lock/ContentionR3        1 times
00:03:06.954908 /PDM/CritSects/TM virtual queue timer lock/ContentionR3Wait    71056 ticks/time (       71056 ticks,       1 times, max     71056, min   71056)
00:03:06.954912 /PDM/CritSects/TM virtual queue timer lock/ContentionRZLock        0 times
00:03:06.954915 /PDM/CritSects/TM virtual queue timer lock/ContentionRZLockBusy        0 times
00:03:06.954918 /PDM/CritSects/TM virtual queue timer lock/ContentionRZUnlock        0 times
00:03:06.954921 /PDM/CritSects/TM virtual queue timer lock/ContentionRZWait        0 ticks/time (           0 ticks,       0 times, max         0, min      -1)
00:03:06.954926 /PDM/CritSects/TM virtual_sync queue timer lock/ContentionR3        0 times
00:03:06.954929 /PDM/CritSects/TM virtual_sync queue timer lock/ContentionR3Wait        0 ticks/time (           0 ticks,       0 times, max         0, min      -1)
00:03:06.954933 /PDM/CritSects/TM virtual_sync queue timer lock/ContentionRZLock        0 times
00:03:06.954936 /PDM/CritSects/TM virtual_sync queue timer lock/ContentionRZLockBusy        0 times
00:03:06.954939 /PDM/CritSects/TM virtual_sync queue timer lock/ContentionRZUnlock        0 times
00:03:06.954942 /PDM/CritSects/TM virtual_sync queue timer lock/ContentionRZWait        0 ticks/time (           0 ticks,       0 times, max         0, min      -1)
00:03:06.954946 /PDM/CritSects/VGA#0/ContentionR3      670 times
00:03:06.954949 /PDM/CritSects/VGA#0/ContentionR3Wait  1764008 ticks/time (  1181885667 ticks,     670 times, max  11364348, min   11088)
00:03:06.954953 /PDM/CritSects/VGA#0/ContentionRZLock        0 times
00:03:06.954956 /PDM/CritSects/VGA#0/ContentionRZLockBusy        0 times
00:03:06.954959 /PDM/CritSects/VGA#0/ContentionRZUnlock        0 times
00:03:06.954963 /PDM/CritSects/VGA#0/ContentionRZWait        0 ticks/time (           0 ticks,       0 times, max         0, min      -1)
00:03:06.954966 /PDM/CritSects/VGA#0_IRQ/ContentionR3        0 times
00:03:06.954970 /PDM/CritSects/VGA#0_IRQ/ContentionR3Wait        0 ticks/time (           0 ticks,       0 times, max         0, min      -1)
00:03:06.954973 /PDM/CritSects/VGA#0_IRQ/ContentionRZLock        0 times
00:03:06.954977 /PDM/CritSects/VGA#0_IRQ/ContentionRZLockBusy        0 times
00:03:06.954980 /PDM/CritSects/VGA#0_IRQ/ContentionRZUnlock        0 times
00:03:06.954983 /PDM/CritSects/VGA#0_IRQ/ContentionRZWait        0 ticks/time (           0 ticks,       0 times, max         0, min      -1)
00:03:06.954987 /PDM/CritSects/VMMDev#0/ContentionR3      260 times
00:03:06.954990 /PDM/CritSects/VMMDev#0/ContentionR3Wait    92310 ticks/time (    24000818 ticks,     260 times, max   1491876, min   13854)
00:03:06.954994 /PDM/CritSects/VMMDev#0/ContentionRZLock        0 times
00:03:06.954997 /PDM/CritSects/VMMDev#0/ContentionRZLockBusy        0 times
00:03:06.955000 /PDM/CritSects/VMMDev#0/ContentionRZUnlock        0 times
00:03:06.955003 /PDM/CritSects/VMMDev#0/ContentionRZWait        0 ticks/time (           0 ticks,       0 times, max         0, min      -1)
00:03:06.955007 /PDM/CritSects/acpi#0/ContentionR3        0 times
00:03:06.955010 /PDM/CritSects/acpi#0/ContentionR3Wait        0 ticks/time (           0 ticks,       0 times, max         0, min      -1)
00:03:06.955014 /PDM/CritSects/acpi#0/ContentionRZLock        0 times
00:03:06.955017 /PDM/CritSects/acpi#0/ContentionRZLockBusy        0 times
00:03:06.955020 /PDM/CritSects/acpi#0/ContentionRZUnlock        0 times
00:03:06.955023 /PDM/CritSects/acpi#0/ContentionRZWait        0 ticks/time (           0 ticks,       0 times, max         0, min      -1)
00:03:06.955026 /PDM/CritSects/mc146818#0Auto/ContentionR3        0 times
00:03:06.955029 /PDM/CritSects/mc146818#0Auto/ContentionR3Wait        0 ticks/time (           0 ticks,       0 times, max         0, min      -1)
00:03:06.955033 /PDM/CritSects/mc146818#0Auto/ContentionRZLock        0 times
00:03:06.955036 /PDM/CritSects/mc146818#0Auto/ContentionRZLockBusy        0 times
00:03:06.955039 /PDM/CritSects/mc146818#0Auto/ContentionRZUnlock        0 times
00:03:06.955042 /PDM/CritSects/mc146818#0Auto/ContentionRZWait        0 ticks/time (           0 ticks,       0 times, max         0, min      -1)
00:03:06.955046 /PDM/CritSects/pcarch#0Auto/ContentionR3        0 times
00:03:06.955049 /PDM/CritSects/pcarch#0Auto/ContentionR3Wait        0 ticks/time (           0 ticks,       0 times, max         0, min      -1)
00:03:06.955053 /PDM/CritSects/pcarch#0Auto/ContentionRZLock        0 times
00:03:06.955055 /PDM/CritSects/pcarch#0Auto/ContentionRZLockBusy        0 times
00:03:06.955059 /PDM/CritSects/pcarch#0Auto/ContentionRZUnlock        0 times
00:03:06.955061 /PDM/CritSects/pcarch#0Auto/ContentionRZWait        0 ticks/time (           0 ticks,       0 times, max         0, min      -1)
00:03:06.955066 /PDM/CritSects/pcbios#0Auto/ContentionR3        0 times
00:03:06.955070 /PDM/CritSects/pcbios#0Auto/ContentionR3Wait        0 ticks/time (           0 ticks,       0 times, max         0, min      -1)
00:03:06.955074 /PDM/CritSects/pcbios#0Auto/ContentionRZLock        0 times
00:03:06.955077 /PDM/CritSects/pcbios#0Auto/ContentionRZLockBusy        0 times
00:03:06.955080 /PDM/CritSects/pcbios#0Auto/ContentionRZUnlock        0 times
00:03:06.955083 /PDM/CritSects/pcbios#0Auto/ContentionRZWait        0 ticks/time (           0 ticks,       0 times, max         0, min      -1)
00:03:06.955086 /PDM/CritSects/pckbd#0Auto/ContentionR3        0 times
00:03:06.955090 /PDM/CritSects/pckbd#0Auto/ContentionR3Wait        0 ticks/time (           0 ticks,       0 times, max         0, min      -1)
00:03:06.955093 /PDM/CritSects/pckbd#0Auto/ContentionRZLock        0 times
00:03:06.955097 /PDM/CritSects/pckbd#0Auto/ContentionRZLockBusy        0 times
00:03:06.955100 /PDM/CritSects/pckbd#0Auto/ContentionRZUnlock        0 times
00:03:06.955103 /PDM/CritSects/pckbd#0Auto/ContentionRZWait        0 ticks/time (           0 ticks,       0 times, max         0, min      -1)
00:03:06.955107 /PDM/CritSects/pit#0/ContentionR3        0 times
00:03:06.955110 /PDM/CritSects/pit#0/ContentionR3Wait        0 ticks/time (           0 ticks,       0 times, max         0, min      -1)
00:03:06.955113 /PDM/CritSects/pit#0/ContentionRZLock        0 times
00:03:06.955116 /PDM/CritSects/pit#0/ContentionRZLockBusy        0 times
00:03:06.955120 /PDM/CritSects/pit#0/ContentionRZUnlock        0 times
00:03:06.955123 /PDM/CritSects/pit#0/ContentionRZWait        0 ticks/time (           0 ticks,       0 times, max         0, min      -1)
00:03:06.955127 /PDM/CritSects/usb-ehci#0Auto/ContentionR3        0 times
00:03:06.955130 /PDM/CritSects/usb-ehci#0Auto/ContentionR3Wait        0 ticks/time (           0 ticks,       0 times, max         0, min      -1)
00:03:06.955133 /PDM/CritSects/usb-ehci#0Auto/ContentionRZLock        0 times
00:03:06.955136 /PDM/CritSects/usb-ehci#0Auto/ContentionRZLockBusy        0 times
00:03:06.955139 /PDM/CritSects/usb-ehci#0Auto/ContentionRZUnlock        0 times
00:03:06.955142 /PDM/CritSects/usb-ehci#0Auto/ContentionRZWait        0 ticks/time (           0 ticks,       0 times, max         0, min      -1)
00:03:06.955146 /PDM/CritSects/usb-ohci#0Auto/ContentionR3        0 times
00:03:06.955149 /PDM/CritSects/usb-ohci#0Auto/ContentionR3Wait        0 ticks/time (           0 ticks,       0 times, max         0, min      -1)
00:03:06.955152 /PDM/CritSects/usb-ohci#0Auto/ContentionRZLock        0 times
00:03:06.955156 /PDM/CritSects/usb-ohci#0Auto/ContentionRZLockBusy        0 times
00:03:06.955158 /PDM/CritSects/usb-ohci#0Auto/ContentionRZUnlock        0 times
00:03:06.955161 /PDM/CritSects/usb-ohci#0Auto/ContentionRZWait        0 ticks/time (           0 ticks,       0 times, max         0, min      -1)
00:03:06.955165 /PDM/CritSectsRw/00-EnterSharedWhileAborting        0 times
00:03:06.955169 /PDM/CritSectsRw/00-Excl-Non-interruptible-Waits-VINF_SUCCESS        0 times
00:03:06.955172 /PDM/CritSectsRw/00-Excl-VERR_INTERRUPTED        0 times
00:03:06.955175 /PDM/CritSectsRw/00-Excl-VERR_TIMEOUT        0 times
00:03:06.955179 /PDM/CritSectsRw/00-Shared-Non-interruptible-Waits-VINF_SUCCESS        0 times
00:03:06.955183 /PDM/CritSectsRw/00-Shared-VERR_INTERRUPTED        0 times
00:03:06.955186 /PDM/CritSectsRw/00-Shared-VERR_TIMEOUT        0 times
00:03:06.955189 /PDM/CritSectsRw/IOM Lock/ContentionR3EnterExcl        0 times
00:03:06.955193 /PDM/CritSectsRw/IOM Lock/ContentionR3EnterShared        0 times
00:03:06.955196 /PDM/CritSectsRw/IOM Lock/ContentionR3LeaveExcl        0 times
00:03:06.955199 /PDM/CritSectsRw/IOM Lock/ContentionRZEnterExcl        0 times
00:03:06.955202 /PDM/CritSectsRw/IOM Lock/ContentionRZEnterShared        0 times
00:03:06.955206 /PDM/CritSectsRw/IOM Lock/ContentionRZLeaveExcl        0 times
00:03:06.955210 /PDM/CritSectsRw/IOM Lock/ContentionRZLeaveShared        0 times
00:03:06.955214 /PDM/CritSectsRw/IOM Lock/R3EnterExcl      105 times
00:03:06.955217 /PDM/CritSectsRw/IOM Lock/R3EnterShared  1193283 times
00:03:06.955220 /PDM/CritSectsRw/IOM Lock/RZEnterExcl        0 times
00:03:06.955224 /PDM/CritSectsRw/IOM Lock/RZEnterShared        0 times
00:03:06.955227 /PDM/CritSectsRw/TM real queue alloc lock/ContentionR3EnterExcl        0 times
00:03:06.955230 /PDM/CritSectsRw/TM real queue alloc lock/ContentionR3EnterShared        0 times
00:03:06.955233 /PDM/CritSectsRw/TM real queue alloc lock/ContentionR3LeaveExcl        0 times
00:03:06.955237 /PDM/CritSectsRw/TM real queue alloc lock/ContentionRZEnterExcl        0 times
00:03:06.955240 /PDM/CritSectsRw/TM real queue alloc lock/ContentionRZEnterShared        0 times
00:03:06.955243 /PDM/CritSectsRw/TM real queue alloc lock/ContentionRZLeaveExcl        0 times
00:03:06.955246 /PDM/CritSectsRw/TM real queue alloc lock/ContentionRZLeaveShared        0 times
00:03:06.955249 /PDM/CritSectsRw/TM real queue alloc lock/R3EnterExcl        8 times
00:03:06.955253 /PDM/CritSectsRw/TM real queue alloc lock/R3EnterShared        3 times
00:03:06.955256 /PDM/CritSectsRw/TM real queue alloc lock/RZEnterExcl        0 times
00:03:06.955259 /PDM/CritSectsRw/TM real queue alloc lock/RZEnterShared        0 times
00:03:06.955262 /PDM/CritSectsRw/TM tsc queue alloc lock/ContentionR3EnterExcl        0 times
00:03:06.955265 /PDM/CritSectsRw/TM tsc queue alloc lock/ContentionR3EnterShared        0 times
00:03:06.955268 /PDM/CritSectsRw/TM tsc queue alloc lock/ContentionR3LeaveExcl        0 times
00:03:06.955271 /PDM/CritSectsRw/TM tsc queue alloc lock/ContentionRZEnterExcl        0 times
00:03:06.955274 /PDM/CritSectsRw/TM tsc queue alloc lock/ContentionRZEnterShared        0 times
00:03:06.955278 /PDM/CritSectsRw/TM tsc queue alloc lock/ContentionRZLeaveExcl        0 times
00:03:06.955280 /PDM/CritSectsRw/TM tsc queue alloc lock/ContentionRZLeaveShared        0 times
00:03:06.955284 /PDM/CritSectsRw/TM tsc queue alloc lock/R3EnterExcl        0 times
00:03:06.955287 /PDM/CritSectsRw/TM tsc queue alloc lock/R3EnterShared        3 times
00:03:06.955290 /PDM/CritSectsRw/TM tsc queue alloc lock/RZEnterExcl        0 times
00:03:06.955293 /PDM/CritSectsRw/TM tsc queue alloc lock/RZEnterShared        0 times
00:03:06.955296 /PDM/CritSectsRw/TM virtual queue alloc lock/ContentionR3EnterExcl        0 times
00:03:06.955299 /PDM/CritSectsRw/TM virtual queue alloc lock/ContentionR3EnterShared        0 times
00:03:06.955302 /PDM/CritSectsRw/TM virtual queue alloc lock/ContentionR3LeaveExcl        0 times
00:03:06.955305 /PDM/CritSectsRw/TM virtual queue alloc lock/ContentionRZEnterExcl        0 times
00:03:06.955308 /PDM/CritSectsRw/TM virtual queue alloc lock/ContentionRZEnterShared        0 times
00:03:06.955311 /PDM/CritSectsRw/TM virtual queue alloc lock/ContentionRZLeaveExcl        0 times
00:03:06.955314 /PDM/CritSectsRw/TM virtual queue alloc lock/ContentionRZLeaveShared        0 times
00:03:06.955317 /PDM/CritSectsRw/TM virtual queue alloc lock/R3EnterExcl       11 times
00:03:06.955320 /PDM/CritSectsRw/TM virtual queue alloc lock/R3EnterShared        3 times
00:03:06.955323 /PDM/CritSectsRw/TM virtual queue alloc lock/RZEnterExcl        0 times
00:03:06.955326 /PDM/CritSectsRw/TM virtual queue alloc lock/RZEnterShared        0 times
00:03:06.955329 /PDM/CritSectsRw/TM virtual_sync queue alloc lock/ContentionR3EnterExcl        0 times
00:03:06.955332 /PDM/CritSectsRw/TM virtual_sync queue alloc lock/ContentionR3EnterShared        0 times
00:03:06.955335 /PDM/CritSectsRw/TM virtual_sync queue alloc lock/ContentionR3LeaveExcl        0 times
00:03:06.955339 /PDM/CritSectsRw/TM virtual_sync queue alloc lock/ContentionRZEnterExcl        0 times
00:03:06.955342 /PDM/CritSectsRw/TM virtual_sync queue alloc lock/ContentionRZEnterShared        0 times
00:03:06.955346 /PDM/CritSectsRw/TM virtual_sync queue alloc lock/ContentionRZLeaveExcl        0 times
00:03:06.955350 /PDM/CritSectsRw/TM virtual_sync queue alloc lock/ContentionRZLeaveShared        0 times
00:03:06.955354 /PDM/CritSectsRw/TM virtual_sync queue alloc lock/R3EnterExcl       10 times
00:03:06.955357 /PDM/CritSectsRw/TM virtual_sync queue alloc lock/R3EnterShared        3 times
00:03:06.955360 /PDM/CritSectsRw/TM virtual_sync queue alloc lock/RZEnterExcl        0 times
00:03:06.955364 /PDM/CritSectsRw/TM virtual_sync queue alloc lock/RZEnterShared        0 times
00:03:06.955367 /PDM/Queue/DevHlp/AllocFailures         0 times
00:03:06.955371 /PDM/Queue/DevHlp/Flush                 0 calls
00:03:06.955374 /PDM/Queue/DevHlp/FlushLeftovers        0 times
00:03:06.955377 /PDM/Queue/DevHlp/Insert                0 calls
00:03:06.955381 /PDM/Queue/DevHlp/cItems               16 count
00:03:06.955384 /PDM/Queue/DevHlp/cbItem               56 bytes
00:03:06.955387 /PDM/Queue/DevHlp/rcOkay                0 
00:03:06.955391 /PDM/Queue/Keyboard/AllocFailures        0 times
00:03:06.955394 /PDM/Queue/Keyboard/Flush               0 calls
00:03:06.955397 /PDM/Queue/Keyboard/FlushLeftovers        0 times
00:03:06.955400 /PDM/Queue/Keyboard/Insert            166 calls
00:03:06.955403 /PDM/Queue/Keyboard/cItems             64 count
00:03:06.955407 /PDM/Queue/Keyboard/cbItem             16 bytes
00:03:06.955410 /PDM/Queue/Keyboard/rcOkay              0 
00:03:06.955414 /PDM/Queue/Mouse/AllocFailures          0 times
00:03:06.955417 /PDM/Queue/Mouse/Flush                  0 calls
00:03:06.955421 /PDM/Queue/Mouse/FlushLeftovers         0 times
00:03:06.955424 /PDM/Queue/Mouse/Insert                 0 calls
00:03:06.955428 /PDM/Queue/Mouse/cItems               128 count
00:03:06.955431 /PDM/Queue/Mouse/cbItem                32 bytes
00:03:06.955434 /PDM/Queue/Mouse/rcOkay                 0 
00:03:06.955438 /PDM/Queue/Mouse_1/AllocFailures        0 times
00:03:06.955445 /PDM/Queue/Mouse_1/Flush                0 calls
00:03:06.955448 /PDM/Queue/Mouse_1/FlushLeftovers        0 times
00:03:06.955451 /PDM/Queue/Mouse_1/Insert             377 calls
00:03:06.955455 /PDM/Queue/Mouse_1/cItems             128 count
00:03:06.955458 /PDM/Queue/Mouse_1/cbItem              32 bytes
00:03:06.955461 /PDM/Queue/Mouse_1/rcOkay               0 
00:03:06.955465 /PDM/Tasks/000-E1000-Xmit-retriggered        0 times
00:03:06.955469 /PDM/Tasks/000-E1000-Xmit-runs          2 times
00:03:06.955472 /PGM/CPU0/R3/Page/MapTlbMisses          0 times
00:03:06.955476 /PGM/CPU0/R3/RamRange/TlbLocking        0 times
00:03:06.955479 /PGM/CPU0/R3/RamRange/TlbMisses        24 times
00:03:06.955483 /PGM/CPU0/RZ/Page/MapTlbMisses          0 times
00:03:06.955486 /PGM/CPU0/RZ/RamRange/TlbLocking        0 times
00:03:06.955489 /PGM/CPU0/RZ/RamRange/TlbMisses         0 times
00:03:06.955492 /PGM/CPU0/cA20Changes                   2 times
00:03:06.955496 /PGM/CPU0/cGuestModeChanges           181 times
00:03:06.955499 /PGM/CPU1/R3/Page/MapTlbMisses          0 times
00:03:06.955503 /PGM/CPU1/R3/RamRange/TlbLocking        0 times
00:03:06.955506 /PGM/CPU1/R3/RamRange/TlbMisses        30 times
00:03:06.955509 /PGM/CPU1/RZ/Page/MapTlbMisses          0 times
00:03:06.955513 /PGM/CPU1/RZ/RamRange/TlbLocking        0 times
00:03:06.955516 /PGM/CPU1/RZ/RamRange/TlbMisses         0 times
00:03:06.955520 /PGM/CPU1/cA20Changes                   0 times
00:03:06.955523 /PGM/CPU1/cGuestModeChanges             2 times
00:03:06.955526 /PGM/ChunkR3Map/Mapped                  0 count
00:03:06.955530 /PGM/ChunkR3Map/Unmapped                0 count
00:03:06.955533 /PGM/ChunkR3Map/c                       0 count
00:03:06.955536 /PGM/ChunkR3Map/cMax             4294967295 count
00:03:06.955540 /PGM/LargePage/Alloc                    0 ns/call (           0 ns,       0 calls, max         0, min      -1)
00:03:06.955544 /PGM/LargePage/AllocFailed              0 times
00:03:06.955548 /PGM/LargePage/Overflow                 0 times
00:03:06.955551 /PGM/LargePage/Recheck                  0 times
00:03:06.955556 /PGM/LargePage/Refused                  0 times
00:03:06.955560 /PGM/LargePage/Reused                   0 times
00:03:06.955564 /PGM/LargePage/TlbFlush                 0 times
00:03:06.955567 /PGM/LargePage/ZeroEvict                0 times
00:03:06.955572 /PGM/Mmio2QueryAndResetDirtyBitmap        0 ticks/call (           0 ticks,       0 calls, max         0, min      -1)
00:03:06.955575 /PGM/Page/cAllPages                529969 count
00:03:06.955579 /PGM/Page/cBalloonedPages               0 count
00:03:06.955583 /PGM/Page/cHandyPages                   0 count
00:03:06.955586 /PGM/Page/cLargePages                   0 count
00:03:06.955589 /PGM/Page/cLargePagesDisabled           0 count
00:03:06.955593 /PGM/Page/cMonitoredPages               0 count
00:03:06.955596 /PGM/Page/cPrivatePages            529899 count
00:03:06.955600 /PGM/Page/cPureMmioPages               70 count
00:03:06.955603 /PGM/Page/cReadLockedPages              0 count
00:03:06.955607 /PGM/Page/cReusedSharedPages            0 count
00:03:06.955610 /PGM/Page/cSharedPages                  0 count
00:03:06.955613 /PGM/Page/cWriteLockedPages             0 count
00:03:06.955617 /PGM/Page/cWrittenToPages               0 count
00:03:06.955620 /PGM/Page/cZeroPages                    0 count
00:03:06.955624 /PGM/PhysHandlerTree/ErrorsAllocatorR3        0 times
00:03:06.955627 /PGM/PhysHandlerTree/ErrorsTree         0 times
00:03:06.955630 /PGM/PhysHandlerTree/Inserts           17 times
00:03:06.955634 /PGM/PhysHandlerTree/MaxHandlers     6144 times
00:03:06.955637 /PGM/PhysHandlerTree/RebalancingOperations        6 times
00:03:06.955640 /PGM/PhysHandlerTree/Removals           4 times
00:03:06.955643 /PGM/Pool/Grow                          0 ticks/call (           0 ticks,       0 calls, max         0, min      -1)
00:03:06.955647 /PGM/ShMod/Check                        0 ticks/call (           0 ticks,       0 calls, max         0, min      -1)
00:03:06.955651 /PROF/CPU0/EM/Capped                    0 ticks/call (           0 ticks,       0 calls, max         0, min      -1)
00:03:06.955654 /PROF/CPU0/EM/ForcedActions         16264 times
00:03:06.955658 /PROF/CPU0/EM/HMExec                    0 ticks/call (           0 ticks,       0 calls, max         0, min      -1)
00:03:06.955662 /PROF/CPU0/EM/HMExecuteCalled           0 times
00:03:06.955665 /PROF/CPU0/EM/Halted                14235 times
00:03:06.955668 /PROF/CPU0/EM/NEMExec             4898976 ticks/call ( 72063937790 ticks,   14710 calls, max 1656696786, min   68682)
00:03:06.955673 /PROF/CPU0/EM/NEMExecuteCalled      13590 times
00:03:06.955676 /PROF/CPU0/EM/REMTotal                  1 times
00:03:06.955679 /PROF/CPU0/EM/RecordedExits        287583 times
00:03:06.955683 /PROF/CPU0/EM/Total              111568030331 ticks/call (446272121324 ticks,       4 calls, max 223502020746, min 2912621144)
00:03:06.955687 /PROF/CPU0/VM/Halt/Block         10580812 ns/call (142703424480 ns,   13487 calls, max 500537095, min       1)
00:03:06.955692 /PROF/CPU0/VM/Halt/BlockInsomnia 10471833 ns/call (141202199892 ns,   13484 calls, max 499810427, min       1)
00:03:06.955696 /PROF/CPU0/VM/Halt/BlockOnTime          0 ns/call (           0 ns,       0 calls, max         0, min      -1)
00:03:06.955700 /PROF/CPU0/VM/Halt/BlockOverslept   408295 ns/call (     1224887 ns,       3 calls, max    537217, min  159917)
00:03:06.955705 /PROF/CPU0/VM/Halt/R0HaltBlock          0 ns/call (           0 ns,       0 calls, max         0, min      -1)
00:03:06.955708 /PROF/CPU0/VM/Halt/R0HaltBlockInsomnia        0 ns/call (           0 ns,       0 calls, max         0, min      -1)
00:03:06.955711 /PROF/CPU0/VM/Halt/R0HaltBlockOnTime        0 ns/call (           0 ns,       0 calls, max         0, min      -1)
00:03:06.955715 /PROF/CPU0/VM/Halt/R0HaltBlockOverslept        0 ns/call (           0 ns,       0 calls, max         0, min      -1)
00:03:06.955719 /PROF/CPU0/VM/Halt/R0HaltExec           0 times
00:03:06.955722 /PROF/CPU0/VM/Halt/R0HaltExec/FromBlock        0 times
00:03:06.955726 /PROF/CPU0/VM/Halt/R0HaltExec/FromSpin        0 times
00:03:06.955731 /PROF/CPU0/VM/Halt/R0HaltHistoryCounter        0 times
00:03:06.955734 /PROF/CPU0/VM/Halt/R0HaltHistorySucceeded        0 times
00:03:06.955736 /PROF/CPU0/VM/Halt/R0HaltHistoryToRing3        0 times
00:03:06.955740 /PROF/CPU0/VM/Halt/R0HaltToR3           0 times
00:03:06.955743 /PROF/CPU0/VM/Halt/R0HaltToR3/FromSpin        0 times
00:03:06.955746 /PROF/CPU0/VM/Halt/R0HaltToR3/Other        0 times
00:03:06.955749 /PROF/CPU0/VM/Halt/R0HaltToR3/PendingFF        0 times
00:03:06.955752 /PROF/CPU0/VM/Halt/R0HaltToR3/PostWaitNoInt        0 times
00:03:06.955755 /PROF/CPU0/VM/Halt/R0HaltToR3/PostWaitPendingFF        0 times
00:03:06.955758 /PROF/CPU0/VM/Halt/R0HaltToR3/SmallDelta        0 times
00:03:06.955761 /PROF/CPU0/VM/Halt/Timers             414 ns/call (    11152616 ns,   26906 calls, max    218068, min       1)
00:03:06.955765 /PROF/CPU0/VM/Halt/Yield                0 ns/call (           0 ns,       0 calls, max         0, min      -1)
00:03:06.955770 /PROF/CPU1/EM/Capped                    0 ticks/call (           0 ticks,       0 calls, max         0, min      -1)
00:03:06.955774 /PROF/CPU1/EM/ForcedActions         19279 times
00:03:06.955778 /PROF/CPU1/EM/HMExec                    0 ticks/call (           0 ticks,       0 calls, max         0, min      -1)
00:03:06.955782 /PROF/CPU1/EM/HMExecuteCalled           0 times
00:03:06.955785 /PROF/CPU1/EM/Halted                10988 times
00:03:06.955789 /PROF/CPU1/EM/NEMExec             2919896 ticks/call ( 54768501330 ticks,   18757 calls, max 2606528128, min   33064)
00:03:06.955793 /PROF/CPU1/EM/NEMExecuteCalled      11824 times
00:03:06.955797 /PROF/CPU1/EM/REMTotal                  0 times
00:03:06.955801 /PROF/CPU1/EM/RecordedExits        190367 times
00:03:06.955804 /PROF/CPU1/EM/Total              111573741742 ticks/call (446294966968 ticks,       4 calls, max 223502031276, min 2912636716)
00:03:06.955808 /PROF/CPU1/VM/Halt/Block          3231279 ns/call (148328634020 ns,   45904 calls, max 255798628, min       1)
00:03:06.955812 /PROF/CPU1/VM/Halt/BlockInsomnia  4280534 ns/call ( 60522471404 ns,   14139 calls, max 175163219, min       1)
00:03:06.955816 /PROF/CPU1/VM/Halt/BlockOnTime    2405888 ns/call (  5175066964 ns,    2151 calls, max  56599213, min    3945)
00:03:06.955820 /PROF/CPU1/VM/Halt/BlockOverslept   626484 ns/call ( 18552715136 ns,   29614 calls, max  44409137, min   50054)
00:03:06.955824 /PROF/CPU1/VM/Halt/R0HaltBlock          0 ns/call (           0 ns,       0 calls, max         0, min      -1)
00:03:06.955827 /PROF/CPU1/VM/Halt/R0HaltBlockInsomnia        0 ns/call (           0 ns,       0 calls, max         0, min      -1)
00:03:06.955831 /PROF/CPU1/VM/Halt/R0HaltBlockOnTime        0 ns/call (           0 ns,       0 calls, max         0, min      -1)
00:03:06.955835 /PROF/CPU1/VM/Halt/R0HaltBlockOverslept        0 ns/call (           0 ns,       0 calls, max         0, min      -1)
00:03:06.955838 /PROF/CPU1/VM/Halt/R0HaltExec           0 times
00:03:06.955841 /PROF/CPU1/VM/Halt/R0HaltExec/FromBlock        0 times
00:03:06.955845 /PROF/CPU1/VM/Halt/R0HaltExec/FromSpin        0 times
00:03:06.955848 /PROF/CPU1/VM/Halt/R0HaltHistoryCounter        0 times
00:03:06.955852 /PROF/CPU1/VM/Halt/R0HaltHistorySucceeded        0 times
00:03:06.955855 /PROF/CPU1/VM/Halt/R0HaltHistoryToRing3        0 times
00:03:06.955858 /PROF/CPU1/VM/Halt/R0HaltToR3           0 times
00:03:06.955862 /PROF/CPU1/VM/Halt/R0HaltToR3/FromSpin        0 times
00:03:06.955863 /PROF/CPU1/VM/Halt/R0HaltToR3/Other        0 times
00:03:06.955863 /PROF/CPU1/VM/Halt/R0HaltToR3/PendingFF        0 times
00:03:06.955863 /PROF/CPU1/VM/Halt/R0HaltToR3/PostWaitNoInt        0 times
00:03:06.955863 /PROF/CPU1/VM/Halt/R0HaltToR3/PostWaitPendingFF        0 times
00:03:06.955863 /PROF/CPU1/VM/Halt/R0HaltToR3/SmallDelta        0 times
00:03:06.955863 /PROF/CPU1/VM/Halt/Timers           12647 ns/call (  1126593902 ns,   89073 calls, max  28702978, min       2)
00:03:06.955863 /PROF/CPU1/VM/Halt/Yield             5070 ns/call (      938034 ns,     185 calls, max     24009, min       1)
00:03:06.955863 /Public/NetAdapter/0/BytesReceived     5000 bytes
00:03:06.955863 /Public/NetAdapter/0/BytesTransmitted     7764 bytes
00:03:06.955863 /Public/NetAdapter/0/e1000              0 
00:03:06.955863 /Public/Storage/AHCI0/Port0/BytesRead 446895616 bytes
00:03:06.955863 /Public/Storage/AHCI0/Port0/BytesWritten 16389120 bytes
00:03:06.955863 /Public/Storage/AHCI0/Port0/QueryBufAttempts        0 count
00:03:06.955863 /Public/Storage/AHCI0/Port0/QueryBufSuccess        0 count
00:03:06.955863 /Public/Storage/AHCI0/Port0/ReqsFlush      133 count
00:03:06.955863 /Public/Storage/AHCI0/Port0/ReqsRead    14707 count
00:03:06.955863 /Public/Storage/AHCI0/Port0/ReqsSubmitted    16463 count
00:03:06.955863 /Public/Storage/AHCI0/Port0/ReqsSucceeded    16463 count
00:03:06.955863 /Public/Storage/AHCI0/Port0/ReqsWrite     1623 count
00:03:06.955863 /Public/Storage/PIIX3IDE0/Port2/BytesRead   221184 bytes
00:03:06.955863 /Public/Storage/PIIX3IDE0/Port2/QueryBufAttempts        0 count
00:03:06.955863 /Public/Storage/PIIX3IDE0/Port2/QueryBufSuccess        0 count
00:03:06.955863 /Public/Storage/PIIX3IDE0/Port2/ReqsRead       54 count
00:03:06.955863 /Public/Storage/PIIX3IDE0/Port2/ReqsSubmitted       54 count
00:03:06.955863 /Public/Storage/PIIX3IDE0/Port2/ReqsSucceeded       54 count
00:03:06.955863 /SELM/LoadHidSel/GstReadErrors          0 times
00:03:06.955863 /SELM/LoadHidSel/NoGoodGuest            0 times
00:03:06.955863 /TM/CPU/00/cNsExecuting          15165453397 ns
00:03:06.955863 /TM/CPU/00/cNsHalted             142743752199 ns
00:03:06.955863 /TM/CPU/00/cNsOther              12997088573 ns
00:03:06.955863 /TM/CPU/00/cNsTotal              170906294169 ns
00:03:06.955863 /TM/CPU/00/cPeriodsExecuting       272821 count
00:03:06.955863 /TM/CPU/00/cPeriodsHalted           13419 count
00:03:06.955863 /TM/CPU/00/pctExecuting                 0 %
00:03:06.955863 /TM/CPU/00/pctHalted                   84 %
00:03:06.955863 /TM/CPU/00/pctOther                    14 %
00:03:06.955863 /TM/CPU/01/cNsExecuting          14994644986 ns
00:03:06.955863 /TM/CPU/01/cNsHalted             149597078927 ns
00:03:06.955863 /TM/CPU/01/cNsOther              6326095758 ns
00:03:06.955863 /TM/CPU/01/cNsTotal              170917819671 ns
00:03:06.955863 /TM/CPU/01/cPeriodsExecuting       173859 count
00:03:06.955863 /TM/CPU/01/cPeriodsHalted           10619 count
00:03:06.955863 /TM/CPU/01/pctExecuting                 0 %
00:03:06.955863 /TM/CPU/01/pctHalted                   88 %
00:03:06.955863 /TM/CPU/01/pctOther                    11 %
00:03:06.955863 /TM/CPU/pctExecuting                    0 %
00:03:06.955863 /TM/CPU/pctHalted                      86 %
00:03:06.955863 /TM/CPU/pctOther                       13 %
00:03:06.955863 /TM/MaxHzHint                           0 Hz
00:03:06.955863 /TM/MaxHzHint/real                      0 Hz
00:03:06.955863 /TM/MaxHzHint/tsc                       0 Hz
00:03:06.955863 /TM/MaxHzHint/virtual                   0 Hz
00:03:06.955863 /TM/MaxHzHint/virtual_sync              0 Hz
00:03:06.955863 /TM/PIT/Handler                         0 ticks/call (           0 ticks,       0 calls, max         0, min      -1)
00:03:06.955863 /TM/PIT/Irq                             0 times
00:03:06.955863 /TM/R3/1nsSteps                     20549 times
00:03:06.955863 /TM/TSC/offCPU0                         0 ticks
00:03:06.955863 /TM/TSC/offCPU1                         0 ticks
00:03:06.955863 /TM/VirtualSync/CurrentOffset    49686519 ns
00:03:06.955863 /TRPM/ForwardRaw/IRQ/20                 3 times
00:03:06.955863 /TRPM/ForwardRaw/IRQ/21                 1 times
00:03:06.955863 /TRPM/ForwardRaw/IRQ/22               852 times
00:03:06.955863 /TRPM/ForwardRaw/IRQ/23                15 times
00:03:06.955863 /TRPM/ForwardRaw/IRQ/24               160 times
00:03:06.955863 /TRPM/ForwardRaw/IRQ/25              1860 times
00:03:06.955863 /TRPM/ForwardRaw/IRQ/26                28 times
00:03:06.955863 /TRPM/ForwardRaw/IRQ/27               100 times
00:03:06.955863 /TRPM/ForwardRaw/IRQ/EC             14898 times
00:03:06.955863 /TRPM/ForwardRaw/IRQ/F8                 1 times
00:03:06.955863 /TRPM/ForwardRaw/IRQ/FB              6668 times
00:03:06.955863 /TRPM/ForwardRaw/IRQ/FD               725 times
00:03:06.955863 /TRPM/ForwardRaw/TRAP/08              199 times
00:03:06.955863 /VMM/EmtHashCollisions/Emt00            0 times
00:03:06.955863 /VMM/EmtHashCollisions/Emt01            0 times
00:03:06.955863 /VMM/LogFlush/00-Flushes                0 times
00:03:06.955863 /VMM/LogFlush/00-NoWakups               0 times
00:03:06.955863 /VMM/LogFlush/CPU0/Rel/cbBuf         4096 bytes
00:03:06.955863 /VMM/LogFlush/CPU1/Rel/cbBuf         4096 bytes
00:03:06.955863 /VUSB/0/cUrbsInPool                     0 count
00:03:06.955863 /VUSB/1/cUrbsInPool                     0 count
00:03:06.955863 ********************* End of statistics **********************
00:03:06.957161 VUSB: Detached 'HidMouse' from port 1 on RootHub#1
00:03:06.959050 E1000#0: Interrupt attempts: 288
00:03:06.959070 E1000#0: Interrupts raised : 171
00:03:06.959074 E1000#0: Interrupts lowered: 0
00:03:06.959077 E1000#0: ICR outside ISR   : 0
00:03:06.959080 E1000#0: IMS raised ints   : 8
00:03:06.959083 E1000#0: Interrupts skipped: 100
00:03:06.959086 E1000#0: Masked interrupts : 17
00:03:06.959089 E1000#0: Early interrupts  : 0
00:03:06.959091 E1000#0: Late interrupts   : 7
00:03:06.959094 E1000#0: Lost interrupts   : 0
00:03:06.959097 E1000#0: Interrupts by RX  : 23
00:03:06.959099 E1000#0: Interrupts by TX  : 89
00:03:06.959102 E1000#0: Interrupts by ICS : 73
00:03:06.959105 E1000#0: Interrupts by RDTR: 0
00:03:06.959108 E1000#0: Interrupts by RDMT: 0
00:03:06.959111 E1000#0: Interrupts by TXQE: 0
00:03:06.959113 E1000#0: TX int delay asked: 0
00:03:06.959116 E1000#0: TX delayed:         0
00:03:06.959119 E1000#0: TX delay expired:   0
00:03:06.959121 E1000#0: TX no report asked: 17
00:03:06.959124 E1000#0: TX abs timer expd : 0
00:03:06.959127 E1000#0: TX int timer expd : 0
00:03:06.959130 E1000#0: RX abs timer expd : 0
00:03:06.959132 E1000#0: RX int timer expd : 0
00:03:06.959135 E1000#0: TX CTX descriptors: 15
00:03:06.959138 E1000#0: TX DAT descriptors: 17
00:03:06.959141 E1000#0: TX LEG descriptors: 74
00:03:06.959144 E1000#0: Received frames   : 23
00:03:06.959147 E1000#0: Transmitted frames: 89
00:03:06.959150 E1000#0: TX frames up to 1514: 89
00:03:06.959153 E1000#0: TX frames up to 2962: 0
00:03:06.959156 E1000#0: TX frames up to 4410: 0
00:03:06.959159 E1000#0: TX frames up to 5858: 0
00:03:06.959162 E1000#0: TX frames up to 7306: 0
00:03:06.959164 E1000#0: TX frames up to 8754: 0
00:03:06.959167 E1000#0: TX frames up to 16384: 0
00:03:06.959170 E1000#0: TX frames up to 32768: 0
00:03:06.959173 E1000#0: Larger TX frames    : 0
00:03:06.959177 E1000#0: Max TX Delay        : 0
00:03:06.960531 GIM: KVM: Resetting MSRs
00:03:06.960599 NEM: Destroying partition 00000169c01376d0 with its 2 VCpus...
00:03:07.020096 vmmR3LogFlusher: Terminating (VERR_OBJECT_DESTROYED)
00:03:07.020358 Changing the VM state from 'DESTROYING' to 'TERMINATED'
00:03:07.020376 Console: Machine state changed to 'PoweredOff'
00:03:07.020585 GUI: Request to close Runtime UI because VM is powered off.
00:03:07.020593 GUI: Request for async QApp quit.
00:03:07.054829 GUI: UICommon: Handling aboutToQuit request..
00:03:08.046893 GUI: UICommon: aboutToQuit request handled!
