00:00:12.768579 VirtualBox VM 7.1.4 r165100 win.amd64 (Oct 10 2024 18:57:17) release log
00:00:12.768581 Log opened 2026-04-30T19:22:25.224439800Z
00:00:12.768581 Build Type: release
00:00:12.768584 OS Product: Windows 11
00:00:12.768584 OS Release: 10.0.22621
00:00:12.768585 OS Service Pack: 
00:00:13.044174 DMI Product Name: MCLG-XX
00:00:13.048389 DMI Product Version: M1010
00:00:13.048414 Firmware type: UEFI
00:00:13.049101 Secure Boot: Enabled
00:00:13.049120 Host RAM: 16105MB (15.7GB) total, 6256MB (6.1GB) available
00:00:13.049125 Executable: C:\Program Files\Oracle\VirtualBox\VirtualBoxVM.exe
00:00:13.049126 Process ID: 27600
00:00:13.049127 Package type: WINDOWS_64BITS_GENERIC
00:00:13.049128 Windows Features:
00:00:13.049131   Core Isolation (Memory Integrity): ENABLED
00:00:13.050574 Installed Extension Packs:
00:00:13.050619   None installed!
00:00:13.051771 Console: Machine state changed to 'Starting'
00:00:13.052652 GUI: Qt version: 6.5.3
00:00:13.052775 GUI: HID LEDs sync is enabled
00:00:13.064809 GUI: UIMediumEnumerator: Medium-enumeration finished!
00:00:13.118702 GUI: Cannot notify guest about VM window out-of-focus event
00:00:13.151866 SUP: Opened VMMR0.r0 (C:\Program Files\Oracle\VirtualBox/VMMR0.r0) at 0xXXXXXXXXXXXXXXXX loaded by the native ring-0 loader.
00:00:13.151908 SUP: windbg> .reload /f C:\Program Files\Oracle\VirtualBox/VMMR0.r0=0xXXXXXXXXXXXXXXXX
00:00:13.180520 Guest architecture: x86
00:00:13.180573 Guest OS type: 'Ubuntu_64'
00:00:13.181324 fHMForced=true - No raw-mode support in this build!
00:00:13.181366 Using execution engine 1
00:00:13.185828 File system of 'C:\Program Files\Oracle\VirtualBox/VBoxGuestAdditions.iso' (DVD) is ntfs
00:00:13.188752 File system of 'D:\Учеба\АСУЭП\ПР10\VM3-Client-ARM\VM3-Client-ARM.vdi' is ntfs
00:00:13.209575 Shared Clipboard: Initialized OLE
00:00:13.209853 Shared Clipboard: Service loaded
00:00:13.209895 Shared Clipboard: Mode: Bidirectional
00:00:13.210217 Shared Clipboard: Service running in normal mode
00:00:13.224440 Drag and drop service loaded
00:00:13.224473 Drag and drop mode: Bidirectional
00:00:13.225758 Audio: Detected default audio driver type is 'HostAudioWas'
00:00:13.230764 ERROR [COM]: aRC=VBOX_E_IPRT_ERROR (0x80bb0005) aIID={6ac83d89-6ee7-4e33-8ae6-b257b2e81be8} aComponent={ConsoleWrap} aText={The VBoxGuestPropSvc service call failed with the error VERR_HGCM_SERVICE_NOT_FOUND}, preserve=false aResultDetail=-2900
00:00:13.230954 ************************* CFGM dump *************************
00:00:13.230959 [/] (level 0)
00:00:13.230962   CpuExecutionCap   <integer> = 0x0000000000000064 (100)
00:00:13.230963   EnablePAE         <integer> = 0x0000000000000001 (1)
00:00:13.230964   HMEnabled         <integer> = 0x0000000000000001 (1)
00:00:13.230965   MemBalloonSize    <integer> = 0x0000000000000000 (0, 0 B)
00:00:13.230968   Name              <string>  = "VM3-Client-ARM" (cb=15)
00:00:13.230969   NumCPUs           <integer> = 0x0000000000000002 (2)
00:00:13.230970   PageFusionAllowed <integer> = 0x0000000000000000 (0)
00:00:13.230970   RamHoleSize       <integer> = 0x0000000020000000 (536 870 912, 512.0 MiB)
00:00:13.230971   RamSize           <integer> = 0x0000000100000000 (4 294 967 296, 4.0 GiB)
00:00:13.230972   TimerMillies      <integer> = 0x000000000000000a (10)
00:00:13.230973   UUID              <bytes>   = "b1 be f6 a3 7e e1 9c 4f af a7 54 0a d8 24 cc 8f" (cb=16)
00:00:13.230975 
00:00:13.230975 [/CPUM/] (level 1)
00:00:13.230976   Enable64bit        <integer> = 0x0000000000000001 (1)
00:00:13.230977   GuestCpuName       <string>  = "host" (cb=5)
00:00:13.230977   NestedHWVirt       <integer> = 0x0000000000000000 (0)
00:00:13.230978   PortableCpuIdLevel <integer> = 0x0000000000000000 (0)
00:00:13.230978   SpecCtrl           <integer> = 0x0000000000000000 (0)
00:00:13.230979 
00:00:13.230979 [/CPUM/IsaExts/] (level 2)
00:00:13.230980 
00:00:13.230980 [/DBGC/] (level 1)
00:00:13.230981   GlobalInitScript <string>  = "C:\Users\nikni\.VirtualBox/dbgc-init" (cb=37)
00:00:13.230982   HistoryFile      <string>  = "C:\Users\nikni\.VirtualBox/dbgc-history" (cb=40)
00:00:13.230983   LocalInitScript  <string>  = "D:\Учеба\АСУЭП\ПР10\VM3-Client-ARM/dbgc-init" (cb=57)
00:00:13.230983 
00:00:13.230984 [/DBGF/] (level 1)
00:00:13.230984   Path <string>  = "D:\Учеба\АСУЭП\ПР10\VM3-Client-ARM/debug/;D:\Учеба\АСУЭП\ПР10\VM3-Client-ARM/;cache*D:\Учеба\АСУЭП\ПР10\VM3-Client-ARM/dbgcache/;C:\Users\nikni\" (cb=181)
00:00:13.230985 
00:00:13.230985 [/Devices/] (level 1)
00:00:13.230986 
00:00:13.230986 [/Devices/3c501/] (level 2)
00:00:13.230987 
00:00:13.230987 [/Devices/8237A/] (level 2)
00:00:13.230987 
00:00:13.230988 [/Devices/8237A/0/] (level 3)
00:00:13.230988   Trusted <integer> = 0x0000000000000001 (1)
00:00:13.230989 
00:00:13.230989 [/Devices/GIMDev/] (level 2)
00:00:13.230990 
00:00:13.230990 [/Devices/GIMDev/0/] (level 3)
00:00:13.230991   Trusted <integer> = 0x0000000000000001 (1)
00:00:13.230991 
00:00:13.230991 [/Devices/VMMDev/] (level 2)
00:00:13.230992 
00:00:13.230992 [/Devices/VMMDev/0/] (level 3)
00:00:13.230993   PCIBusNo      <integer> = 0x0000000000000000 (0)
00:00:13.230993   PCIDeviceNo   <integer> = 0x0000000000000004 (4)
00:00:13.230994   PCIFunctionNo <integer> = 0x0000000000000000 (0)
00:00:13.230994   Trusted       <integer> = 0x0000000000000001 (1)
00:00:13.230995 
00:00:13.230995 [/Devices/VMMDev/0/Config/] (level 4)
00:00:13.230995   GuestCoreDumpDir <string>  = "D:\Учеба\АСУЭП\ПР10\VM3-Client-ARM\Snapshots" (cb=57)
00:00:13.230996 
00:00:13.230996 [/Devices/VMMDev/0/LUN#0/] (level 4)
00:00:13.230997   Driver <string>  = "HGCM" (cb=5)
00:00:13.230997 
00:00:13.230998 [/Devices/VMMDev/0/LUN#0/Config/] (level 5)
00:00:13.230998 
00:00:13.230998 [/Devices/VMMDev/0/LUN#999/] (level 4)
00:00:13.230999   Driver <string>  = "MainStatus" (cb=11)
00:00:13.231000 
00:00:13.231000 [/Devices/VMMDev/0/LUN#999/Config/] (level 5)
00:00:13.231001   First                <integer> = 0x0000000000000000 (0)
00:00:13.231002   HasMediumAttachments <integer> = 0x0000000000000000 (0)
00:00:13.231002   Last                 <integer> = 0x0000000000000000 (0)
00:00:13.231003   iLedSet              <integer> = 0x0000000000000006 (6)
00:00:13.231003 
00:00:13.231003 [/Devices/acpi/] (level 2)
00:00:13.231004 
00:00:13.231004 [/Devices/acpi/0/] (level 3)
00:00:13.231005   PCIBusNo      <integer> = 0x0000000000000000 (0)
00:00:13.231005   PCIDeviceNo   <integer> = 0x0000000000000007 (7)
00:00:13.231005   PCIFunctionNo <integer> = 0x0000000000000000 (0)
00:00:13.231006   Trusted       <integer> = 0x0000000000000001 (1)
00:00:13.231006 
00:00:13.231006 [/Devices/acpi/0/Config/] (level 4)
00:00:13.231008   CpuHotPlug          <integer> = 0x0000000000000000 (0)
00:00:13.231008   FdcEnabled          <integer> = 0x0000000000000000 (0)
00:00:13.231009   HostBusPciAddress   <integer> = 0x0000000000000000 (0)
00:00:13.231010   HpetEnabled         <integer> = 0x0000000000000000 (0)
00:00:13.231010   IOAPIC              <integer> = 0x0000000000000001 (1)
00:00:13.231011   IocPciAddress       <integer> = 0x0000000000010000 (65 536)
00:00:13.231011   NumCPUs             <integer> = 0x0000000000000002 (2)
00:00:13.231012   Parallel0IoPortBase <integer> = 0x0000000000000000 (0)
00:00:13.231012   Parallel0Irq        <integer> = 0x0000000000000000 (0)
00:00:13.231013   Parallel1IoPortBase <integer> = 0x0000000000000000 (0)
00:00:13.231013   Parallel1Irq        <integer> = 0x0000000000000000 (0)
00:00:13.231014   Serial0IoPortBase   <integer> = 0x0000000000000000 (0)
00:00:13.231014   Serial0Irq          <integer> = 0x0000000000000000 (0)
00:00:13.231015   Serial1IoPortBase   <integer> = 0x0000000000000000 (0)
00:00:13.231015   Serial1Irq          <integer> = 0x0000000000000000 (0)
00:00:13.231016   ShowCpu             <integer> = 0x0000000000000001 (1)
00:00:13.231016   ShowRtc             <integer> = 0x0000000000000000 (0)
00:00:13.231016   SmcEnabled          <integer> = 0x0000000000000000 (0)
00:00:13.231017 
00:00:13.231017 [/Devices/acpi/0/LUN#0/] (level 4)
00:00:13.231018   Driver <string>  = "ACPIHost" (cb=9)
00:00:13.231018 
00:00:13.231018 [/Devices/acpi/0/LUN#0/Config/] (level 5)
00:00:13.231019 
00:00:13.231019 [/Devices/acpi/0/LUN#1/] (level 4)
00:00:13.231020   Driver <string>  = "ACPICpu" (cb=8)
00:00:13.231020 
00:00:13.231020 [/Devices/acpi/0/LUN#1/Config/] (level 5)
00:00:13.231021 
00:00:13.231021 [/Devices/ahci/] (level 2)
00:00:13.231022 
00:00:13.231022 [/Devices/ahci/0/] (level 3)
00:00:13.231023   PCIBusNo      <integer> = 0x0000000000000000 (0)
00:00:13.231024   PCIDeviceNo   <integer> = 0x000000000000000d (13)
00:00:13.231024   PCIFunctionNo <integer> = 0x0000000000000000 (0)
00:00:13.231024   Trusted       <integer> = 0x0000000000000001 (1)
00:00:13.231025 
00:00:13.231025 [/Devices/ahci/0/Config/] (level 4)
00:00:13.231026   Bootable  <integer> = 0x0000000000000001 (1)
00:00:13.231026   PortCount <integer> = 0x0000000000000001 (1)
00:00:13.231027 
00:00:13.231027 [/Devices/ahci/0/Config/Port0/] (level 5)
00:00:13.231028   Hotpluggable <integer> = 0x0000000000000000 (0)
00:00:13.231028 
00:00:13.231028 [/Devices/ahci/0/LUN#0/] (level 4)
00:00:13.231029   Driver <string>  = "VD" (cb=3)
00:00:13.231030 
00:00:13.231030 [/Devices/ahci/0/LUN#0/Config/] (level 5)
00:00:13.231031   BlockCache <integer> = 0x0000000000000001 (1)
00:00:13.231032   Format     <string>  = "VDI" (cb=4)
00:00:13.231032   Mountable  <integer> = 0x0000000000000000 (0)
00:00:13.231033   Path       <string>  = "D:\Учеба\АСУЭП\ПР10\VM3-Client-ARM\VM3-Client-ARM.vdi" (cb=66)
00:00:13.231033   Type       <string>  = "HardDisk" (cb=9)
00:00:13.231034   UseNewIo   <integer> = 0x0000000000000001 (1)
00:00:13.231034 
00:00:13.231034 [/Devices/ahci/0/LUN#0/Config/VDConfig/] (level 6)
00:00:13.231035   AllocationBlockSize <string>  = "1048576" (cb=8)
00:00:13.231036 
00:00:13.231036 [/Devices/ahci/0/LUN#999/] (level 4)
00:00:13.231037   Driver <string>  = "MainStatus" (cb=11)
00:00:13.231037 
00:00:13.231038 [/Devices/ahci/0/LUN#999/Config/] (level 5)
00:00:13.231039   DeviceInstance       <string>  = "ahci/0" (cb=7)
00:00:13.231039   First                <integer> = 0x0000000000000000 (0)
00:00:13.231040   HasMediumAttachments <integer> = 0x0000000000000001 (1)
00:00:13.231040   Last                 <integer> = 0x0000000000000000 (0)
00:00:13.231041   iLedSet              <integer> = 0x0000000000000004 (4)
00:00:13.231041 
00:00:13.231041 [/Devices/apic/] (level 2)
00:00:13.231042 
00:00:13.231042 [/Devices/apic/0/] (level 3)
00:00:13.231043   Trusted <integer> = 0x0000000000000001 (1)
00:00:13.231043 
00:00:13.231043 [/Devices/apic/0/Config/] (level 4)
00:00:13.231044   IOAPIC  <integer> = 0x0000000000000001 (1)
00:00:13.231045   Mode    <integer> = 0x0000000000000003 (3)
00:00:13.231045   NumCPUs <integer> = 0x0000000000000002 (2)
00:00:13.231046 
00:00:13.231046 [/Devices/dp8390/] (level 2)
00:00:13.231046 
00:00:13.231047 [/Devices/e1000/] (level 2)
00:00:13.231047 
00:00:13.231047 [/Devices/e1000/0/] (level 3)
00:00:13.231048   PCIBusNo      <integer> = 0x0000000000000000 (0)
00:00:13.231049   PCIDeviceNo   <integer> = 0x0000000000000003 (3)
00:00:13.231049   PCIFunctionNo <integer> = 0x0000000000000000 (0)
00:00:13.231049   Trusted       <integer> = 0x0000000000000001 (1)
00:00:13.231050 
00:00:13.231050 [/Devices/e1000/0/Config/] (level 4)
00:00:13.231051   AdapterType    <integer> = 0x0000000000000000 (0)
00:00:13.231051   CableConnected <integer> = 0x0000000000000001 (1)
00:00:13.231052   LineSpeed      <integer> = 0x0000000000000000 (0)
00:00:13.231052   MAC            <bytes>   = "08 00 27 4d 0e 6b" (cb=6)
00:00:13.231053 
00:00:13.231054 [/Devices/e1000/0/LUN#0/] (level 4)
00:00:13.231054   Driver <string>  = "NAT" (cb=4)
00:00:13.231055 
00:00:13.231055 [/Devices/e1000/0/LUN#0/Config/] (level 5)
00:00:13.231056   AliasMode          <integer> = 0x0000000000000000 (0)
00:00:13.231056   BootFile           <string>  = "VM3-Client-ARM.pxe" (cb=19)
00:00:13.231057   DNSProxy           <integer> = 0x0000000000000000 (0)
00:00:13.231057   LocalhostReachable <integer> = 0x0000000000000000 (0)
00:00:13.231058   Network            <string>  = "10.0.2.0/24" (cb=12)
00:00:13.231058   PassDomain         <integer> = 0x0000000000000001 (1)
00:00:13.231059   TFTPPrefix         <string>  = "C:\Users\nikni\.VirtualBox\TFTP" (cb=32)
00:00:13.231060   UseHostResolver    <integer> = 0x0000000000000000 (0)
00:00:13.231060 
00:00:13.231060 [/Devices/e1000/0/LUN#999/] (level 4)
00:00:13.231061   Driver <string>  = "MainStatus" (cb=11)
00:00:13.231061 
00:00:13.231062 [/Devices/e1000/0/LUN#999/Config/] (level 5)
00:00:13.231063   First                <integer> = 0x0000000000000000 (0)
00:00:13.231063   HasMediumAttachments <integer> = 0x0000000000000000 (0)
00:00:13.231064   Last                 <integer> = 0x0000000000000000 (0)
00:00:13.231065   iLedSet              <integer> = 0x0000000000000005 (5)
00:00:13.231065 
00:00:13.231065 [/Devices/i8254/] (level 2)
00:00:13.231066 
00:00:13.231066 [/Devices/i8254/0/] (level 3)
00:00:13.231067 
00:00:13.231067 [/Devices/i8254/0/Config/] (level 4)
00:00:13.231068 
00:00:13.231068 [/Devices/i8259/] (level 2)
00:00:13.231069 
00:00:13.231069 [/Devices/i8259/0/] (level 3)
00:00:13.231070   Trusted <integer> = 0x0000000000000001 (1)
00:00:13.231070 
00:00:13.231070 [/Devices/i8259/0/Config/] (level 4)
00:00:13.231071 
00:00:13.231071 [/Devices/ichac97/] (level 2)
00:00:13.231072 
00:00:13.231072 [/Devices/ichac97/0/] (level 3)
00:00:13.231073   PCIBusNo      <integer> = 0x0000000000000000 (0)
00:00:13.231073   PCIDeviceNo   <integer> = 0x0000000000000005 (5)
00:00:13.231074   PCIFunctionNo <integer> = 0x0000000000000000 (0)
00:00:13.231074   Trusted       <integer> = 0x0000000000000001 (1)
00:00:13.231075 
00:00:13.231075 [/Devices/ichac97/0/AudioConfig/] (level 4)
00:00:13.231076 
00:00:13.231076 [/Devices/ichac97/0/Config/] (level 4)
00:00:13.231077   Codec        <string>  = "AD1980" (cb=7)
00:00:13.231077   DebugEnabled <integer> = 0x0000000000000000 (0)
00:00:13.231078 
00:00:13.231078 [/Devices/ichac97/0/LUN#0/] (level 4)
00:00:13.231079   Driver <string>  = "AUDIO" (cb=6)
00:00:13.231079 
00:00:13.231079 [/Devices/ichac97/0/LUN#0/AttachedDriver/] (level 5)
00:00:13.231080   Driver <string>  = "HostAudioWas" (cb=13)
00:00:13.231081 
00:00:13.231081 [/Devices/ichac97/0/LUN#0/AttachedDriver/Config/] (level 6)
00:00:13.231081   VmName <string>  = "VM3-Client-ARM" (cb=15)
00:00:13.231082   VmUuid <string>  = "a3f6beb1-e17e-4f9c-afa7-540ad824cc8f" (cb=37)
00:00:13.231082 
00:00:13.231082 [/Devices/ichac97/0/LUN#0/Config/] (level 5)
00:00:13.231083   DriverName    <string>  = "HostAudioWas" (cb=13)
00:00:13.231083   InputEnabled  <integer> = 0x0000000000000000 (0)
00:00:13.231084   OutputEnabled <integer> = 0x0000000000000001 (1)
00:00:13.231084 
00:00:13.231084 [/Devices/ichac97/0/LUN#1/] (level 4)
00:00:13.231085   Driver <string>  = "AUDIO" (cb=6)
00:00:13.231086 
00:00:13.231086 [/Devices/ichac97/0/LUN#2/] (level 4)
00:00:13.231086   Driver <string>  = "AUDIO" (cb=6)
00:00:13.231087 
00:00:13.231087 [/Devices/ioapic/] (level 2)
00:00:13.231088 
00:00:13.231088 [/Devices/ioapic/0/] (level 3)
00:00:13.231088   Trusted <integer> = 0x0000000000000001 (1)
00:00:13.231089 
00:00:13.231089 [/Devices/ioapic/0/Config/] (level 4)
00:00:13.231090   NumCPUs <integer> = 0x0000000000000002 (2)
00:00:13.231090 
00:00:13.231090 [/Devices/mc146818/] (level 2)
00:00:13.231091 
00:00:13.231091 [/Devices/mc146818/0/] (level 3)
00:00:13.231092 
00:00:13.231092 [/Devices/mc146818/0/Config/] (level 4)
00:00:13.231093   UseUTC <integer> = 0x0000000000000001 (1)
00:00:13.231093 
00:00:13.231093 [/Devices/parallel/] (level 2)
00:00:13.231094 
00:00:13.231094 [/Devices/pcarch/] (level 2)
00:00:13.231095 
00:00:13.231095 [/Devices/pcarch/0/] (level 3)
00:00:13.231096   Trusted <integer> = 0x0000000000000001 (1)
00:00:13.231096 
00:00:13.231096 [/Devices/pcarch/0/Config/] (level 4)
00:00:13.231097 
00:00:13.231097 [/Devices/pcbios/] (level 2)
00:00:13.231098 
00:00:13.231098 [/Devices/pcbios/0/] (level 3)
00:00:13.231098   Trusted <integer> = 0x0000000000000001 (1)
00:00:13.231099 
00:00:13.231099 [/Devices/pcbios/0/Config/] (level 4)
00:00:13.231101   APIC               <integer> = 0x0000000000000001 (1)
00:00:13.231101   BootDevice0        <string>  = "FLOPPY" (cb=7)
00:00:13.231101   BootDevice1        <string>  = "DVD" (cb=4)
00:00:13.231102   BootDevice2        <string>  = "IDE" (cb=4)
00:00:13.231102   BootDevice3        <string>  = "NONE" (cb=5)
00:00:13.231103   DmiSystemSerial    <string>  = "VirtualBox-<DmiSystemUuid>" (cb=27)
00:00:13.231103   FloppyDevice       <string>  = "i82078" (cb=7)
00:00:13.231103   HardDiskDevice     <string>  = "piix3ide" (cb=9)
00:00:13.231104   IOAPIC             <integer> = 0x0000000000000001 (1)
00:00:13.231104   McfgBase           <integer> = 0x0000000000000000 (0)
00:00:13.231105   McfgLength         <integer> = 0x0000000000000000 (0)
00:00:13.231105   NumCPUs            <integer> = 0x0000000000000002 (2)
00:00:13.231105   PXEDebug           <integer> = 0x0000000000000000 (0)
00:00:13.231106   SataHardDiskDevice <string>  = "ahci" (cb=5)
00:00:13.231106   SataLUN1           <integer> = 0x0000000000000000 (0)
00:00:13.231107   UUID               <bytes>   = "b1 be f6 a3 7e e1 9c 4f af a7 54 0a d8 24 cc 8f" (cb=16)
00:00:13.231108   UuidLe             <integer> = 0x0000000000000001 (1)
00:00:13.231108 
00:00:13.231108 [/Devices/pcbios/0/Config/NetBoot/] (level 5)
00:00:13.231109 
00:00:13.231109 [/Devices/pcbios/0/Config/NetBoot/0/] (level 6)
00:00:13.231110   NIC           <integer> = 0x0000000000000000 (0)
00:00:13.231110   PCIBusNo      <integer> = 0x0000000000000000 (0)
00:00:13.231111   PCIDeviceNo   <integer> = 0x0000000000000003 (3)
00:00:13.231111   PCIFunctionNo <integer> = 0x0000000000000000 (0)
00:00:13.231112 
00:00:13.231113 [/Devices/pci/] (level 2)
00:00:13.231114 
00:00:13.231114 [/Devices/pci/0/] (level 3)
00:00:13.231116   Trusted <integer> = 0x0000000000000001 (1)
00:00:13.231116 
00:00:13.231117 [/Devices/pci/0/Config/] (level 4)
00:00:13.231118   IOAPIC <integer> = 0x0000000000000001 (1)
00:00:13.231119 
00:00:13.231119 [/Devices/pcibridge/] (level 2)
00:00:13.231121 
00:00:13.231121 [/Devices/pckbd/] (level 2)
00:00:13.231122 
00:00:13.231122 [/Devices/pckbd/0/] (level 3)
00:00:13.231124   Trusted <integer> = 0x0000000000000001 (1)
00:00:13.231124 
00:00:13.231125 [/Devices/pckbd/0/Config/] (level 4)
00:00:13.231126 
00:00:13.231126 [/Devices/pckbd/0/LUN#0/] (level 4)
00:00:13.231128   Driver <string>  = "KeyboardQueue" (cb=14)
00:00:13.231128 
00:00:13.231129 [/Devices/pckbd/0/LUN#0/AttachedDriver/] (level 5)
00:00:13.231130   Driver <string>  = "MainKeyboard" (cb=13)
00:00:13.231131 
00:00:13.231131 [/Devices/pckbd/0/LUN#0/Config/] (level 5)
00:00:13.231133   QueueSize <integer> = 0x0000000000000040 (64, 64 B)
00:00:13.231135 
00:00:13.231135 [/Devices/pckbd/0/LUN#1/] (level 4)
00:00:13.231136   Driver <string>  = "MouseQueue" (cb=11)
00:00:13.231136 
00:00:13.231136 [/Devices/pckbd/0/LUN#1/AttachedDriver/] (level 5)
00:00:13.231137   Driver <string>  = "MainMouse" (cb=10)
00:00:13.231137 
00:00:13.231137 [/Devices/pckbd/0/LUN#1/Config/] (level 5)
00:00:13.231138   QueueSize <integer> = 0x0000000000000080 (128, 128 B)
00:00:13.231138 
00:00:13.231138 [/Devices/pcnet/] (level 2)
00:00:13.231139 
00:00:13.231139 [/Devices/piix3ide/] (level 2)
00:00:13.231139 
00:00:13.231139 [/Devices/piix3ide/0/] (level 3)
00:00:13.231140   PCIBusNo      <integer> = 0x0000000000000000 (0)
00:00:13.231141   PCIDeviceNo   <integer> = 0x0000000000000001 (1)
00:00:13.231141   PCIFunctionNo <integer> = 0x0000000000000001 (1)
00:00:13.231141   Trusted       <integer> = 0x0000000000000001 (1)
00:00:13.231142 
00:00:13.231142 [/Devices/piix3ide/0/Config/] (level 4)
00:00:13.231143   Type <string>  = "PIIX4" (cb=6)
00:00:13.231143 
00:00:13.231143 [/Devices/piix3ide/0/LUN#2/] (level 4)
00:00:13.231144   Driver <string>  = "VD" (cb=3)
00:00:13.231144 
00:00:13.231144 [/Devices/piix3ide/0/LUN#2/Config/] (level 5)
00:00:13.231145   Format    <string>  = "RAW" (cb=4)
00:00:13.231145   Mountable <integer> = 0x0000000000000001 (1)
00:00:13.231146   Path      <string>  = "C:\Program Files\Oracle\VirtualBox/VBoxGuestAdditions.iso" (cb=58)
00:00:13.231146   ReadOnly  <integer> = 0x0000000000000001 (1)
00:00:13.231147   Type      <string>  = "DVD" (cb=4)
00:00:13.231148 
00:00:13.231149 [/Devices/piix3ide/0/LUN#999/] (level 4)
00:00:13.231150   Driver <string>  = "MainStatus" (cb=11)
00:00:13.231151 
00:00:13.231151 [/Devices/piix3ide/0/LUN#999/Config/] (level 5)
00:00:13.231153   DeviceInstance       <string>  = "piix3ide/0" (cb=11)
00:00:13.231154   First                <integer> = 0x0000000000000000 (0)
00:00:13.231155   HasMediumAttachments <integer> = 0x0000000000000001 (1)
00:00:13.231156   Last                 <integer> = 0x0000000000000003 (3)
00:00:13.231157   iLedSet              <integer> = 0x0000000000000003 (3)
00:00:13.231158 
00:00:13.231158 [/Devices/serial/] (level 2)
00:00:13.231159 
00:00:13.231160 [/Devices/usb-ehci/] (level 2)
00:00:13.231161 
00:00:13.231161 [/Devices/usb-ehci/0/] (level 3)
00:00:13.231162   PCIBusNo      <integer> = 0x0000000000000000 (0)
00:00:13.231163   PCIDeviceNo   <integer> = 0x000000000000000b (11)
00:00:13.231164   PCIFunctionNo <integer> = 0x0000000000000000 (0)
00:00:13.231165   Trusted       <integer> = 0x0000000000000001 (1)
00:00:13.231166 
00:00:13.231166 [/Devices/usb-ehci/0/Config/] (level 4)
00:00:13.231167 
00:00:13.231168 [/Devices/usb-ehci/0/LUN#0/] (level 4)
00:00:13.231169   Driver <string>  = "VUSBRootHub" (cb=12)
00:00:13.231170 
00:00:13.231170 [/Devices/usb-ehci/0/LUN#0/Config/] (level 5)
00:00:13.231171 
00:00:13.231172 [/Devices/usb-ehci/0/LUN#999/] (level 4)
00:00:13.231173   Driver <string>  = "MainStatus" (cb=11)
00:00:13.231173 
00:00:13.231174 [/Devices/usb-ehci/0/LUN#999/Config/] (level 5)
00:00:13.231175   First                <integer> = 0x0000000000000000 (0)
00:00:13.231176   HasMediumAttachments <integer> = 0x0000000000000000 (0)
00:00:13.231177   Last                 <integer> = 0x0000000000000000 (0)
00:00:13.231178   iLedSet              <integer> = 0x0000000000000002 (2)
00:00:13.231180 
00:00:13.231180 [/Devices/usb-ohci/] (level 2)
00:00:13.231181 
00:00:13.231181 [/Devices/usb-ohci/0/] (level 3)
00:00:13.231182   PCIBusNo      <integer> = 0x0000000000000000 (0)
00:00:13.231183   PCIDeviceNo   <integer> = 0x0000000000000006 (6)
00:00:13.231184   PCIFunctionNo <integer> = 0x0000000000000000 (0)
00:00:13.231185   Trusted       <integer> = 0x0000000000000001 (1)
00:00:13.231186 
00:00:13.231186 [/Devices/usb-ohci/0/Config/] (level 4)
00:00:13.231187 
00:00:13.231188 [/Devices/usb-ohci/0/LUN#0/] (level 4)
00:00:13.231189   Driver <string>  = "VUSBRootHub" (cb=12)
00:00:13.231190 
00:00:13.231190 [/Devices/usb-ohci/0/LUN#0/Config/] (level 5)
00:00:13.231191 
00:00:13.231192 [/Devices/usb-ohci/0/LUN#999/] (level 4)
00:00:13.231193   Driver <string>  = "MainStatus" (cb=11)
00:00:13.231194 
00:00:13.231194 [/Devices/usb-ohci/0/LUN#999/Config/] (level 5)
00:00:13.231195   First                <integer> = 0x0000000000000000 (0)
00:00:13.231197   HasMediumAttachments <integer> = 0x0000000000000000 (0)
00:00:13.231197   Last                 <integer> = 0x0000000000000000 (0)
00:00:13.231199   iLedSet              <integer> = 0x0000000000000001 (1)
00:00:13.231200 
00:00:13.231200 [/Devices/vga/] (level 2)
00:00:13.231201 
00:00:13.231201 [/Devices/vga/0/] (level 3)
00:00:13.231203   PCIBusNo      <integer> = 0x0000000000000000 (0)
00:00:13.231204   PCIDeviceNo   <integer> = 0x0000000000000002 (2)
00:00:13.231204   PCIFunctionNo <integer> = 0x0000000000000000 (0)
00:00:13.231205   Trusted       <integer> = 0x0000000000000001 (1)
00:00:13.231206 
00:00:13.231207 [/Devices/vga/0/Config/] (level 4)
00:00:13.231208   3DEnabled             <integer> = 0x0000000000000000 (0)
00:00:13.231209   CustomVideoModes      <integer> = 0x0000000000000000 (0)
00:00:13.231210   FadeIn                <integer> = 0x0000000000000001 (1)
00:00:13.231211   FadeOut               <integer> = 0x0000000000000001 (1)
00:00:13.231213   HeightReduction       <integer> = 0x0000000000000000 (0)
00:00:13.231214   LogoFile              <string>  = "" (cb=1)
00:00:13.231215   LogoTime              <integer> = 0x0000000000000000 (0)
00:00:13.231216   MonitorCount          <integer> = 0x0000000000000001 (1)
00:00:13.231217   ShowBootMenu          <integer> = 0x0000000000000002 (2)
00:00:13.231218   VMSVGA3dEnabled       <integer> = 0x0000000000000000 (0)
00:00:13.231219   VMSVGAEnabled         <integer> = 0x0000000000000001 (1)
00:00:13.231220   VMSVGAPciBarLayout    <integer> = 0x0000000000000001 (1)
00:00:13.231221   VMSVGAPciId           <integer> = 0x0000000000000001 (1)
00:00:13.231222   VRamSize              <integer> = 0x0000000001000000 (16 777 216, 16.0 MiB)
00:00:13.231224   VmSvga3               <integer> = 0x0000000000000000 (0)
00:00:13.231226   VmSvgaExposeLegacyVga <integer> = 0x0000000000000001 (1)
00:00:13.231226 
00:00:13.231227 [/Devices/vga/0/LUN#0/] (level 4)
00:00:13.231228   Driver <string>  = "MainDisplay" (cb=12)
00:00:13.231229 
00:00:13.231229 [/Devices/vga/0/LUN#0/Config/] (level 5)
00:00:13.231230 
00:00:13.231231 [/Devices/vga/0/LUN#999/] (level 4)
00:00:13.231232   Driver <string>  = "MainStatus" (cb=11)
00:00:13.231233 
00:00:13.231233 [/Devices/vga/0/LUN#999/Config/] (level 5)
00:00:13.231234   First                <integer> = 0x0000000000000000 (0)
00:00:13.231235   HasMediumAttachments <integer> = 0x0000000000000000 (0)
00:00:13.231236   Last                 <integer> = 0x0000000000000000 (0)
00:00:13.231237   iLedSet              <integer> = 0x0000000000000000 (0)
00:00:13.231239 
00:00:13.231239 [/Devices/virtio-net/] (level 2)
00:00:13.231240 
00:00:13.231240 [/EM/] (level 1)
00:00:13.231241   TripleFaultReset <integer> = 0x0000000000000000 (0)
00:00:13.231242 
00:00:13.231243 [/GCM/] (level 1)
00:00:13.231244   MesaVmsvgaDrv <integer> = 0x0000000000000001 (1)
00:00:13.231245 
00:00:13.231245 [/GIM/] (level 1)
00:00:13.231246   Provider <string>  = "KVM" (cb=4)
00:00:13.231246 
00:00:13.231247 [/HM/] (level 1)
00:00:13.231248   64bitEnabled            <integer> = 0x0000000000000001 (1)
00:00:13.231249   EnableLargePages        <integer> = 0x0000000000000001 (1)
00:00:13.231250   EnableNestedPaging      <integer> = 0x0000000000000001 (1)
00:00:13.231251   EnableUX                <integer> = 0x0000000000000001 (1)
00:00:13.231252   EnableVPID              <integer> = 0x0000000000000001 (1)
00:00:13.231253   Exclusive               <integer> = 0x0000000000000000 (0)
00:00:13.231255   HMForced                <integer> = 0x0000000000000001 (1)
00:00:13.231256   IBPBOnVMEntry           <integer> = 0x0000000000000000 (0)
00:00:13.231257   IBPBOnVMExit            <integer> = 0x0000000000000000 (0)
00:00:13.231258   L1DFlushOnSched         <integer> = 0x0000000000000001 (1)
00:00:13.231259   L1DFlushOnVMEntry       <integer> = 0x0000000000000000 (0)
00:00:13.231260   LovelyMesaDrvWorkaround <integer> = 0x0000000000000001 (1)
00:00:13.231261   MDSClearOnSched         <integer> = 0x0000000000000001 (1)
00:00:13.231262   MDSClearOnVMEntry       <integer> = 0x0000000000000000 (0)
00:00:13.231263   SpecCtrlByHost          <integer> = 0x0000000000000000 (0)
00:00:13.231264   SvmVirtVmsaveVmload     <integer> = 0x0000000000000000 (0)
00:00:13.231265   UseNEMInstead           <integer> = 0x0000000000000000 (0)
00:00:13.231266 
00:00:13.231266 [/MM/] (level 1)
00:00:13.231267   CanUseLargerHeap <integer> = 0x0000000000000000 (0)
00:00:13.231268 
00:00:13.231268 [/NEM/] (level 1)
00:00:13.231269   Allow64BitGuests        <integer> = 0x0000000000000001 (1)
00:00:13.231270   LovelyMesaDrvWorkaround <integer> = 0x0000000000000001 (1)
00:00:13.231271 
00:00:13.231271 [/PDM/] (level 1)
00:00:13.231272 
00:00:13.231272 [/PDM/AsyncCompletion/] (level 2)
00:00:13.231274 
00:00:13.231274 [/PDM/AsyncCompletion/File/] (level 3)
00:00:13.231276 
00:00:13.231277 [/PDM/AsyncCompletion/File/BwGroups/] (level 4)
00:00:13.231279 
00:00:13.231279 [/PDM/BlkCache/] (level 2)
00:00:13.231281   CacheSize <integer> = 0x0000000000500000 (5 242 880, 5.0 MiB)
00:00:13.231283 
00:00:13.231283 [/PDM/Devices/] (level 2)
00:00:13.231285 
00:00:13.231285 [/PDM/Drivers/] (level 2)
00:00:13.231287 
00:00:13.231287 [/PDM/Drivers/VBoxC/] (level 3)
00:00:13.231289   Path <string>  = "VBoxC" (cb=6)
00:00:13.231290 
00:00:13.231290 [/PDM/NetworkShaper/] (level 2)
00:00:13.231292 
00:00:13.231292 [/PDM/NetworkShaper/BwGroups/] (level 3)
00:00:13.231294 
00:00:13.231294 [/TM/] (level 1)
00:00:13.231295   UTCOffset <integer> = 0x0000000000000000 (0)
00:00:13.231296 
00:00:13.231297 [/USB/] (level 1)
00:00:13.231298 
00:00:13.231298 [/USB/HidMouse/] (level 2)
00:00:13.231300 
00:00:13.231300 [/USB/HidMouse/0/] (level 3)
00:00:13.231302 
00:00:13.231303 [/USB/HidMouse/0/Config/] (level 4)
00:00:13.231305   Mode <string>  = "absolute" (cb=9)
00:00:13.231306 
00:00:13.231306 [/USB/HidMouse/0/LUN#0/] (level 4)
00:00:13.231308   Driver <string>  = "MouseQueue" (cb=11)
00:00:13.231309 
00:00:13.231309 [/USB/HidMouse/0/LUN#0/AttachedDriver/] (level 5)
00:00:13.231311   Driver <string>  = "MainMouse" (cb=10)
00:00:13.231312 
00:00:13.231312 [/USB/HidMouse/0/LUN#0/Config/] (level 5)
00:00:13.231314   QueueSize <integer> = 0x0000000000000080 (128, 128 B)
00:00:13.231316 
00:00:13.231316 [/USB/USBProxy/] (level 2)
00:00:13.231317 
00:00:13.231318 [/USB/USBProxy/GlobalConfig/] (level 3)
00:00:13.231320 
00:00:13.231321 ********************* End of CFGM dump **********************
00:00:13.231560 HM: HMR3Init: Attempting fall back to NEM: VT-x is not available
00:00:13.251568 GUI: UIMediumEnumerator: Medium-enumeration finished!
00:00:13.271564 NEM:  info: Found optional import WinHvPlatform.dll!WHvQueryGpaRangeDirtyBitmap.
00:00:13.271598 NEM:  info: Found optional import vid.dll!VidGetHvPartitionId.
00:00:13.271608 NEM:  info: Found optional import vid.dll!VidGetPartitionProperty.
00:00:13.271760 NEM: WHvCapabilityCodeHypervisorPresent is TRUE, so this might work...
00:00:13.271773 NEM: WHvCapabilityCodeExtendedVmExits      = 0x0000000000007fff
00:00:13.271786 NEM:                       fExtendedMsrExit: 1
00:00:13.271795 NEM:                     fExtendedCpuIdExit: 1
00:00:13.271803 NEM:                      fExtendedXcptExit: 1
00:00:13.271811 NEM: Warning! Unknown VM exit definitions: 0x7fff
00:00:13.271820 NEM: Warning! Unknown feature definitions: 0x2ff
00:00:13.271828 NEM: Supported exception exit bitmap: 0xf7dfb
00:00:13.271844 NEM: WHvCapabilityCodeProcessorVendor      = 1 - Intel
00:00:13.271876 NEM: WHvCapabilityCodeProcessorFeatures    = 0x2e1b7bcfe7f7859f
00:00:13.271887 NEM:                            Sse3Support: 1
00:00:13.271895 NEM:                        LahfSahfSupport: 1
00:00:13.271903 NEM:                           Ssse3Support: 1
00:00:13.271911 NEM:                          Sse4_1Support: 1
00:00:13.271919 NEM:                          Sse4_2Support: 1
00:00:13.271927 NEM:                           Sse4aSupport: 0
00:00:13.271935 NEM:                             XopSupport: 0
00:00:13.271950 NEM:                          PopCntSupport: 1
00:00:13.271960 NEM:                      Cmpxchg16bSupport: 1
00:00:13.271971 NEM:                       Altmovcr8Support: 0
00:00:13.271982 NEM:                           LzcntSupport: 1
00:00:13.271990 NEM:                     MisAlignSseSupport: 0
00:00:13.271998 NEM:                          MmxExtSupport: 0
00:00:13.272006 NEM:                        Amd3DNowSupport: 0
00:00:13.272013 NEM:                ExtendedAmd3DNowSupport: 0
00:00:13.272021 NEM:                         Page1GbSupport: 1
00:00:13.272029 NEM:                             AesSupport: 1
00:00:13.272037 NEM:                       PclmulqdqSupport: 1
00:00:13.272050 NEM:                            PcidSupport: 1
00:00:13.272063 NEM:                            Fma4Support: 0
00:00:13.272071 NEM:                            F16CSupport: 1
00:00:13.272080 NEM:                          RdRandSupport: 1
00:00:13.272089 NEM:                        RdWrFsGsSupport: 1
00:00:13.272097 NEM:                            SmepSupport: 1
00:00:13.272106 NEM:              EnhancedFastStringSupport: 1
00:00:13.272114 NEM:                            Bmi1Support: 1
00:00:13.272122 NEM:                            Bmi2Support: 1
00:00:13.272131 NEM:                           MovbeSupport: 1
00:00:13.272140 NEM:                          Npiep1Support: 1
00:00:13.272148 NEM:                   DepX87FPUSaveSupport: 1
00:00:13.272156 NEM:                          RdSeedSupport: 1
00:00:13.272165 NEM:                             AdxSupport: 1
00:00:13.272173 NEM:                   IntelPrefetchSupport: 1
00:00:13.272182 NEM:                            SmapSupport: 1
00:00:13.272190 NEM:                             HleSupport: 0
00:00:13.272199 NEM:                             RtmSupport: 0
00:00:13.272207 NEM:                          RdtscpSupport: 1
00:00:13.272216 NEM:                      ClflushoptSupport: 1
00:00:13.272224 NEM:                            ClwbSupport: 1
00:00:13.272232 NEM:                             ShaSupport: 1
00:00:13.272241 NEM:                X87PointersSavedSupport: 0
00:00:13.272249 NEM: Warning! Unknown CPU features: 0x2e1b7bcfe7f7859f
00:00:13.272268 NEM: WHvCapabilityCodeProcessorClFlushSize = 2^8
00:00:13.272280 NEM: Warning! Unknown capability 0x4 returning: 3f 00 00 00 00 00 00 00 00 00 00 00 00 00 00 00 00 00 00 00 00 00 00 00
00:00:13.272294 NEM: Warning! Unknown capability 0x5 returning: 03 00 00 00 00 00 00 00 00 00 00 00 00 00 00 00 00 00 00 00 00 00 00 00
00:00:13.272333 NEM: Warning! Unknown capability 0x6 returning: 00 00 00 00 00 00 00 00 00 00 00 00 00 00 00 00 00 00 00 00 00 00 00 00
00:00:13.273160 NEM: Warning! Unknown capability 0x1003 returning: 1f 38 58 40 00 00 00 00 00 00 00 00 00 00 00 00 00 00 00 00 00 00 00 00
00:00:13.273198 NEM: Warning! Unknown capability 0x1004 returning: 81 e6 a3 9b 00 00 00 00 00 00 00 00 00 00 00 00 00 00 00 00 00 00 00 00
00:00:13.273214 NEM: Warning! Unknown capability 0x1005 returning: 00 c2 eb 0b 00 00 00 00 00 00 00 00 00 00 00 00 00 00 00 00 00 00 00 00
00:00:13.273230 NEM: Warning! Unknown capability 0x1006 returning: 02 00 00 00 00 00 00 00 9f 85 f7 e7 cf 7b 1b 2e 43 77 17 00 00 00 00 00
00:00:13.273247 NEM: Warning! Unknown capability 0x1007 returning: 00 00 00 00 00 00 00 00 00 00 00 00 00 00 00 00 00 00 00 00 00 00 00 00
00:00:13.273270 NEM: Warning! Unknown capability 0x1008 returning: 01 00 00 00 00 00 00 00 ff 8f 44 7f 00 00 00 00 00 00 00 00 00 00 00 00
00:00:13.273296 NEM: Warning! Unknown capability 0x1009 returning: 00 00 00 00 00 00 00 00 00 00 00 00 00 00 00 00 00 00 00 00 00 00 00 00
00:00:13.274944 NEM: Created partition 0000023488541a10.
00:00:13.274974 NEM: Adjusting APIC configuration from X2APIC to APIC max mode.  X2APIC is not supported by the WinHvPlatform API!
00:00:13.274981 NEM: Disable Hyper-V if you need X2APIC for your guests!
00:00:13.275005 PGM: Enabling NEM mode
00:00:13.275189 NEM:
00:00:13.275190 NEM: NEMR3Init: Snail execution mode is active!
00:00:13.275190 NEM: Note! VirtualBox is not able to run at its full potential in this execution mode.
00:00:13.275190 NEM:       To see VirtualBox run at max speed you need to disable all Windows features
00:00:13.275191 NEM:       making use of Hyper-V.  That is a moving target, so google how and carefully
00:00:13.275191 NEM:       consider the consequences of disabling these features.
00:00:13.275191 NEM:
00:00:13.275238 CPUM: No hardware-virtualization capability detected
00:00:13.275249 CPUM: fXStateHostMask=0x7; initial: 0x7; host XCR0=0x7
00:00:13.281339 CPUM: Matched host CPU INTEL 0x6/0xba/0x2 Intel_Atom_Unknown with CPU DB entry 'Intel Pentium N3530 2.16GHz' (INTEL 0x6/0x37/0x8 Intel_Atom_Silvermont)
00:00:13.281457 CPUM: MXCSR_MASK=0xffff (host: 0xffff)
00:00:13.281484 CPUM: Microcode revision 0x00004112
00:00:13.281503 CPUM: MSR/CPUID reconciliation insert: 0x0000010b IA32_FLUSH_CMD
00:00:13.281508 CPUM: MSR/CPUID reconciliation insert: 0x0000010a IA32_ARCH_CAPABILITIES
00:00:13.281512 CPUM: MSR fudge: 0x00000001 IA32_P5_MC_TYPE
00:00:13.281516 CPUM: MSR fudge: 0x00000017 IA32_PLATFORM_ID
00:00:13.281520 CPUM: MSR fudge: 0x0000001b IA32_APIC_BASE
00:00:13.281523 CPUM: MSR fudge: 0x0000008b BIOS_SIGN
00:00:13.281526 CPUM: MSR fudge: 0x000000fe IA32_MTRRCAP
00:00:13.281529 CPUM: MSR fudge: 0x00000179 IA32_MCG_CAP
00:00:13.281533 CPUM: MSR fudge: 0x0000017a IA32_MCG_STATUS
00:00:13.281536 CPUM: MSR fudge: 0x000001a0 IA32_MISC_ENABLE
00:00:13.281539 CPUM: MSR fudge: 0x000001d9 IA32_DEBUGCTL
00:00:13.281542 CPUM: MSR fudge: 0x000001db P6_LAST_BRANCH_FROM_IP
00:00:13.281545 CPUM: MSR fudge: 0x000001dc P6_LAST_BRANCH_TO_IP
00:00:13.281548 CPUM: MSR fudge: 0x000001dd P6_LAST_INT_FROM_IP
00:00:13.281550 CPUM: MSR fudge: 0x000001de P6_LAST_INT_TO_IP
00:00:13.281554 CPUM: MSR fudge: 0x00000277 IA32_PAT
00:00:13.281557 CPUM: MSR fudge: 0x000002ff IA32_MTRR_DEF_TYPE
00:00:13.281560 CPUM: MSR fudge: 0x00000400 IA32_MCi_CTL_STATUS_ADDR_MISC
00:00:13.281564 CPUM: MSR fudge: 0xc0000103 AMD64_TSC_AUX
00:00:13.281568 CPUM: MSR fudge: 0x00000122 IA32_TSX_CTRL
00:00:13.281577 CPUM: SetGuestCpuIdFeature: Enabled SYSENTER/EXIT
00:00:13.281580 CPUM: SetGuestCpuIdFeature: Enabled SYSCALL/RET
00:00:13.281584 CPUM: SetGuestCpuIdFeature: Enabled PAE
00:00:13.281587 CPUM: SetGuestCpuIdFeature: Enabled LAHF/SAHF
00:00:13.281590 CPUM: SetGuestCpuIdFeature: Enabled NX
00:00:13.281594 CPUM: SetGuestCpuIdFeature: Enabled LONG MODE
00:00:13.281597 CPUM: Enabled MTRR read-write support
00:00:13.281603 CPUM: Enabled fixed-range MTRRs and 16 (virtualized) variable-range MTRRs
00:00:13.292459 NEM: HvPartitionPropertyProcessorVendor=0x1 (1)
00:00:13.293237 NEM: Successfully set up partition (device handle 0000000000001245, partition ID 0x0)
00:00:13.293567 PGM: Host paging mode: AMD64+PGE+NX
00:00:13.293593 PGM: PGMPool: cMaxPages=2304 (u64MaxPages=2084)
00:00:13.293601 PGM: pgmR3PoolInit: cMaxPages=0x900 cMaxUsers=0x1200 cMaxPhysExts=0x1200 fCacheEnable=true
00:00:13.307190 SUPLib: MEM_LARGE_PAGES privilege not held.
00:00:13.506487 TM: GIP - u32Mode=3 (Invariant) u32UpdateHz=93 u32UpdateIntervalNS=10741500 enmUseTscDelta=2 (Practically Zero) fGetGipCpu=0x1b cCpus=12
00:00:13.506534 TM: GIP - u64CpuHz=2 611 209 785 (0x9ba3e639)  SUPGetCpuHzFromGip => 2 611 209 785
00:00:13.506545 TM: GIP - CPU: iCpuSet=0x0 idCpu=0x0 idApic=0x0 iGipCpu=0x0 i64TSCDelta=0 enmState=3 u64CpuHz=2611209785(*) cErrors=0
00:00:13.506555 TM: GIP - CPU: iCpuSet=0x1 idCpu=0x1 idApic=0x1 iGipCpu=0x3 i64TSCDelta=0 enmState=3 u64CpuHz=2611209270(*) cErrors=0
00:00:13.506563 TM: GIP - CPU: iCpuSet=0x2 idCpu=0x2 idApic=0x8 iGipCpu=0x5 i64TSCDelta=0 enmState=3 u64CpuHz=2611209541(*) cErrors=0
00:00:13.506570 TM: GIP - CPU: iCpuSet=0x3 idCpu=0x3 idApic=0x9 iGipCpu=0x2 i64TSCDelta=0 enmState=3 u64CpuHz=2611204237(*) cErrors=0
00:00:13.506577 TM: GIP - CPU: iCpuSet=0x4 idCpu=0x4 idApic=0x10 iGipCpu=0x7 i64TSCDelta=0 enmState=3 u64CpuHz=2611209730(*) cErrors=0
00:00:13.506584 TM: GIP - CPU: iCpuSet=0x5 idCpu=0x5 idApic=0x11 iGipCpu=0x6 i64TSCDelta=0 enmState=3 u64CpuHz=2611209594(*) cErrors=0
00:00:13.506591 TM: GIP - CPU: iCpuSet=0x6 idCpu=0x6 idApic=0x18 iGipCpu=0xb i64TSCDelta=0 enmState=3 u64CpuHz=2611209769(*) cErrors=0
00:00:13.506598 TM: GIP - CPU: iCpuSet=0x7 idCpu=0x7 idApic=0x19 iGipCpu=0xa i64TSCDelta=0 enmState=3 u64CpuHz=2611209757(*) cErrors=0
00:00:13.506605 TM: GIP - CPU: iCpuSet=0x8 idCpu=0x8 idApic=0x28 iGipCpu=0x8 i64TSCDelta=0 enmState=3 u64CpuHz=2611209763(*) cErrors=0
00:00:13.506619 TM: GIP - CPU: iCpuSet=0x9 idCpu=0x9 idApic=0x2a iGipCpu=0x9 i64TSCDelta=0 enmState=3 u64CpuHz=2611209400(*) cErrors=0
00:00:13.506626 TM: GIP - CPU: iCpuSet=0xa idCpu=0xa idApic=0x2c iGipCpu=0x1 i64TSCDelta=0 enmState=3 u64CpuHz=2611212557(*) cErrors=0
00:00:13.506638 TM: GIP - CPU: iCpuSet=0xb idCpu=0xb idApic=0x2e iGipCpu=0x4 i64TSCDelta=0 enmState=3 u64CpuHz=2611209565(*) cErrors=0
00:00:13.506656 TM: NEM overrides the /TM/TSCModeSwitchAllowed setting.
00:00:13.506678 TM:     cTSCTicksPerSecond=2 611 209 785 (0x9ba3e639) enmTSCMode=4 (NativeApi) TSCMultiplier=1
00:00:13.506680 TM: cTSCTicksPerSecondHost=2 611 209 785 (0x9ba3e639)
00:00:13.506681 TM: TSCTiedToExecution=false TSCNotTiedToHalt=false
00:00:13.508072 EMR3Init: fIemExecutesAll=false fGuruOnTripleFault=true
00:00:13.508446 IEM: TargetCpu=CURRENT, Microarch=Intel_Atom_Unknown aidxTargetCpuEflFlavour={1,0}
00:00:13.509774 GIM: Using provider 'KVM' (Implementation version: 0)
00:00:13.509787 CPUM: SetGuestCpuIdFeature: Enabled Hypervisor Present bit
00:00:13.509823 GCM: Initialized - Fixer bits: 0x8 (MesaVmsvgaDrv)
00:00:13.509918 AIOMgr: Default manager type is 'Async'
00:00:13.509926 AIOMgr: Default file backend is 'NonBuffered'
00:00:13.510012 BlkCache: Cache successfully initialized. Cache size is 5242880 bytes
00:00:13.510022 BlkCache: Cache commit interval is 10000 ms
00:00:13.510031 BlkCache: Cache commit threshold is 2621440 bytes
00:00:14.036202 PcBios: [SMP] BIOS with 2 CPUs
00:00:14.036248 PcBios: Using the 386+ BIOS image.
00:00:14.036352 PcBios: MPS table at 000e1300
00:00:14.036982 PcBios: fCheckShutdownStatusForSoftReset=true  fClearShutdownStatusOnHardReset=true
00:00:14.037339 CPUM: SetGuestCpuIdFeature: Enabled xAPIC
00:00:14.038723 IOAPIC: Version=2.0 ChipType=ICH9
00:00:14.038829 PIT: mode=3 count=0x10000 (65536) - 18.20 Hz (ch=0)
00:00:14.039798 VMMDev: cbDefaultBudget: 703 670 613 (29f12955)
00:00:14.109557 Shared Folders service loaded
00:00:14.122929 Guest Control service loaded
00:00:14.175190 VGA: Using the 386+ BIOS image.
00:00:14.177760 DrvVD: Flushes will be ignored
00:00:14.177794 DrvVD: Async flushes will be passed to the disk
00:00:14.180997 VD: VDInit finished with VINF_SUCCESS
00:00:14.182255 AIOMgr: Endpoint for file 'D:\Учеба\АСУЭП\ПР10\VM3-Client-ARM\VM3-Client-ARM.vdi' (flags 000c0723) created successfully
00:00:14.189993 VD: Opening the disk took 9583066 ns
00:00:14.189993 AHCI: LUN#0: disk, PCHS=16383/16/63, total number of sectors 52428800
00:00:14.191288 AHCI#0: Reset the HBA
00:00:14.191324 VD#0: Cancelling all active requests
00:00:14.192963 PIIX3 ATA: LUN#0: no unit
00:00:14.192992 PIIX3 ATA: LUN#1: no unit
00:00:14.193144 DrvVD: Flushes will be ignored
00:00:14.193158 DrvVD: Async flushes will be passed to the disk
00:00:14.193446 VD: Opening the disk took 261636 ns
00:00:14.193537 PIIX3 ATA: LUN#2: CD/DVD, total number of sectors 29150, passthrough disabled
00:00:14.193651 PIIX3 ATA: LUN#3: no unit
00:00:14.193839 PIIX3 ATA: Ctl#0: finished processing RESET
00:00:14.193982 PIIX3 ATA: Ctl#1: finished processing RESET
00:00:14.194174 E1000#0: Chip=82540EM LinkUpDelay=5000ms EthernetCRC=on GSO=enabled Itr=disabled ItrRx=enabled TID=disabled R0=disabled RC=disabled
00:00:14.196894 AC97: Using codec 'AD1980'
00:00:14.251322 Audio: Found 4 devices for driver 'WasAPI'
00:00:14.251368 Audio: Device 'Onboard Speaker (Audio Device)':
00:00:14.251369 Audio:   ID              = {0.0.0.00000000}.{484de619-a4d3-4183-bfdc-9776927ba45c}
00:00:14.251370 Audio:   Usage           = output
00:00:14.251371 Audio:   Flags           = DEFAULT_OUT
00:00:14.251372 Audio:   Input channels  = 0
00:00:14.251373 Audio:   Output channels = 2
00:00:14.251380 Audio: Device 'Onboard Speaker (Audio Device)':
00:00:14.251381 Audio:   ID              = {0.0.0.00000000}.{484de619-a4d3-4183-bfdc-9776927ba45c}
00:00:14.251381 Audio:   Usage           = output
00:00:14.251382 Audio:   Flags           = NONE
00:00:14.251382 Audio:   Input channels  = 0
00:00:14.251383 Audio:   Output channels = 2
00:00:14.251389 Audio: Device 'Onboard MIC (Технология Intel® Smart Sound для цифровых микрофонов)':
00:00:14.251390 Audio:   ID              = {0.0.1.00000000}.{a4cb1f18-5eb4-4396-9ccf-54765b4632af}
00:00:14.251391 Audio:   Usage           = input
00:00:14.251391 Audio:   Flags           = DEFAULT_IN
00:00:14.251392 Audio:   Input channels  = 2
00:00:14.251392 Audio:   Output channels = 0
00:00:14.251404 Audio: Device 'Onboard MIC (Технология Intel® Smart Sound для цифровых микрофонов)':
00:00:14.251405 Audio:   ID              = {0.0.1.00000000}.{a4cb1f18-5eb4-4396-9ccf-54765b4632af}
00:00:14.251406 Audio:   Usage           = input
00:00:14.251406 Audio:   Flags           = NONE
00:00:14.251407 Audio:   Input channels  = 2
00:00:14.251407 Audio:   Output channels = 0
00:00:14.251755 AC97: Reset
00:00:14.251774 AC97: Mixer reset (EAID=0x809, EACS=0x9)
00:00:14.251783 AC97: Record select to left=mic, right=mic
00:00:14.251790 Audio Mixer: MUTING master volume of 'AC'97 Mixer' -- channel volumes: ff ff ff ff ff ff ff ff ff ff ff ff
00:00:14.251807 Audio Mixer: MUTING sink 'AC'97 Mixer/Line In' -- channel volumes: 00 00 00 00 00 00 00 00 00 00 00 00
00:00:14.251818 Audio Mixer: MUTING sink 'AC'97 Mixer/Microphone In' -- channel volumes: 00 00 00 00 00 00 00 00 00 00 00 00
00:00:14.251826 Audio Mixer: MUTING sink 'AC'97 Mixer/PCM Output' -- channel volumes: 00 00 00 00 00 00 00 00 00 00 00 00
00:00:14.251834 Audio Mixer: MUTING sink 'AC'97 Mixer/PCM Output' -- channel volumes: 00 00 00 00 00 00 00 00 00 00 00 00
00:00:14.251842 Audio Mixer: MUTING sink 'AC'97 Mixer/Line In' -- channel volumes: 00 00 00 00 00 00 00 00 00 00 00 00
00:00:14.251850 Audio Mixer: MUTING sink 'AC'97 Mixer/Line In' -- channel volumes: 00 00 00 00 00 00 00 00 00 00 00 00
00:00:14.251858 Audio Mixer: MUTING sink 'AC'97 Mixer/Microphone In' -- channel volumes: 00 00 00 00 00 00 00 00 00 00 00 00
00:00:14.253716 VUSB: Attached 'HidMouse' to port 1 on RootHub#1 (FullSpeed)
00:00:14.253784 PGM: The CPU physical address width is 39 bits
00:00:14.253797 PGM: PGMR3InitFinalize: 4 MB PSE mask 0000007fffffffff -> VINF_SUCCESS
00:00:14.253814 TM: TMR3InitFinalize: fTSCModeSwitchAllowed=false
00:00:14.254563 CPUM: Mapped 2.2 TiB (1048576 bytes) of RAM using fixed-range MTRRs
00:00:14.254582 CPUM: Mapped 4.0 GiB (4294967296 bytes) of RAM using 3 variable-range MTRRs
00:00:14.254877 VMM: Thread-context hooks unavailable
00:00:14.254966 VMM: RTThreadPreemptIsPending() can be trusted
00:00:14.254973 VMM: Kernel preemption is possible
00:00:14.255133 EM: Exit history optimizations: enabled=true enabled-r0=true enabled-r0-no-preemption=false
00:00:14.255180 PcBios: SATA LUN#0 LCHS=1024/255/63
00:00:14.255197 APIC: fPostedIntrsEnabled=false fVirtApicRegsEnabled=false fSupportsTscDeadline=false
00:00:14.255207 TMR3UtcNow: nsNow=1 777 576 946 711 171 900 nsPrev=0 -> cNsDelta=1 777 576 946 711 171 900 (offLag=0 offVirtualSync=0 offVirtualSyncGivenUp=0, NowAgain=1 777 576 946 711 171 900)
00:00:14.255221 VMM: fUsePeriodicPreemptionTimers=true
00:00:14.255233 CPUM: Logical host processors: 12 present, 12 max, 12 online, online mask: 0000000000000fff
00:00:14.255236 CPUM: Physical host cores: 8
00:00:14.255236 ************************* CPUID dump ************************
00:00:14.255246          Raw Standard CPUID Leaves
00:00:14.255247      Leaf/sub-leaf  eax      ebx      ecx      edx
00:00:14.255249 Gst: 00000000/0000  00000016 756e6547 6c65746e 49656e69
00:00:14.255251 Hst:                00000020 756e6547 6c65746e 49656e69
00:00:14.255254 Gst: 00000001/0000  000b06a2 00020800 c2da2203 178bfbff
00:00:14.255255 Hst:                000b06a2 08400800 fffaf38b bfcbfbff
00:00:14.255258 Gst: 00000002/0000  00feff01 000000f0 00000000 00000000
00:00:14.255260 Hst:                00feff01 000000f0 00000000 00000000
00:00:14.255262 Gst: 00000003/0000  00000000 00000000 00000000 00000000
00:00:14.255263 Hst:                00000000 00000000 00000000 00000000
00:00:14.255266 Gst: 00000004/0000  04000121 02c0003f 0000003f 00000000
00:00:14.255268 Hst:                7c004121 02c0003f 0000003f 00000000
00:00:14.255271 Gst: 00000004/0001  04000122 01c0003f 0000003f 00000000
00:00:14.255272 Hst:                7c004122 01c0003f 0000003f 00000000
00:00:14.255275 Gst: 00000004/0002  04000143 0240003f 000007ff 00000000
00:00:14.255276 Hst:                7c01c143 0240003f 000007ff 00000000
00:00:14.255280 Gst: 00000004/0003  04000163 01c0003f 00005fff 00000004
00:00:14.255281 Hst:                7c0fc163 01c0003f 00005fff 00000004
00:00:14.255283 Gst: 00000004/0004  04000000 00000000 00000000 00000000
00:00:14.255285 Hst:                00000000 00000000 00000000 00000000
00:00:14.255287 Gst: 00000005/0000  00000000 00000000 00000000 00000000
00:00:14.255288 Hst:                00000040 00000040 00000003 00002020
00:00:14.255296 Gst: 00000006/0000  00000004 00000000 00000000 00000000
00:00:14.255297 Hst:                009f8ff3 00000002 00000409 00010003
00:00:14.255300 Gst: 00000007/0000  00000000 208c2509 00000000 30000400
00:00:14.255301 Hst:                00000001 239c27a9 184007a4 bc18c410
00:00:14.255303 Gst: 00000007/0001  00000000 00000000 00000000 00000000
00:00:14.255304 Hst:                00400810 00000000 00000000 00000000
00:00:14.255307 Gst: 00000007/0002  00000000 00000000 00000000 00000000
00:00:14.255308 Hst:                00000000 00000000 00000000 00000000
00:00:14.255310 Gst: 00000008/0000  00000000 00000000 00000000 00000000
00:00:14.255311 Hst:                00000000 00000000 00000000 00000000
00:00:14.255313 Gst: 00000009/0000  00000000 00000000 00000000 00000000
00:00:14.255315 Hst:                00000000 00000000 00000000 00000000
00:00:14.255317 Gst: 0000000a/0000  00000000 00000000 00000000 00000000
00:00:14.255318 Hst:                07300605 00000000 00000007 00008603
00:00:14.255320 Gst: 0000000b/0000  00000000 00000001 00000100 00000000
00:00:14.255322 Hst:                00000001 00000002 00000100 00000008
00:00:14.255324 Gst: 0000000b/0001  00000001 00000002 00000201 00000000
00:00:14.255325 Hst:                00000006 0000000c 00000201 00000008
00:00:14.255327 Gst: 0000000b/0002  00000000 00000000 00000002 00000000
00:00:14.255328 Hst:                00000000 00000000 00000002 00000008
00:00:14.255331 Gst: 0000000c/0000  00000000 00000000 00000000 00000000
00:00:14.255332 Hst:                00000000 00000000 00000000 00000000
00:00:14.255334 Gst: 0000000d/0000  00000000 00000000 00000000 00000000
00:00:14.255335 Hst:                00000007 00000340 00000340 00000000
00:00:14.255338 Gst: 0000000d/0001  00000000 00000000 00000000 00000000
00:00:14.255340 Hst:                0000000f 00000350 00001800 00000000
00:00:14.255342 Gst: 0000000d/0002  00000000 00000000 00000000 00000000
00:00:14.255343 Hst:                00000100 00000240 00000000 00000000
00:00:14.255345 Gst: 0000000d/0003  00000000 00000000 00000000 00000000
00:00:14.255346 Hst:                00000000 00000000 00000000 00000000
00:00:14.255348 Gst: 0000000d/0004  00000000 00000000 00000000 00000000
00:00:14.255350 Hst:                00000000 00000000 00000000 00000000
00:00:14.255352 Gst: 0000000d/0005  00000000 00000000 00000000 00000000
00:00:14.255353 Hst:                00000000 00000000 00000000 00000000
00:00:14.255355 Gst: 0000000d/0006  00000000 00000000 00000000 00000000
00:00:14.255356 Hst:                00000000 00000000 00000000 00000000
00:00:14.255358 Gst: 0000000d/0007  00000000 00000000 00000000 00000000
00:00:14.255359 Hst:                00000000 00000000 00000000 00000000
00:00:14.255361 Gst: 0000000d/0008  00000000 00000000 00000000 00000000
00:00:14.255363 Hst:                00000000 00000000 00000000 00000000
00:00:14.255365 Gst: 0000000d/0009  00000000 00000000 00000000 00000000
00:00:14.255366 Hst:                00000000 00000000 00000000 00000000
00:00:14.255368 Gst: 0000000d/000a  00000000 00000000 00000000 00000000
00:00:14.255369 Hst:                00000000 00000000 00000000 00000000
00:00:14.255371 Gst: 0000000d/000b  00000000 00000000 00000000 00000000
00:00:14.255372 Hst:                00000010 00000000 00000001 00000000
00:00:14.255375 Gst: 0000000d/000c  00000000 00000000 00000000 00000000
00:00:14.255376 Hst:                00000018 00000000 00000001 00000000
00:00:14.255378 Gst: 0000000d/000d  00000000 00000000 00000000 00000000
00:00:14.255379 Hst:                00000000 00000000 00000000 00000000
00:00:14.255499 Gst: 0000000e/0000  00000000 00000000 00000000 00000000
00:00:14.255500 Hst:                00000000 00000000 00000000 00000000
00:00:14.255504 Gst: 0000000f/0000  00000000 00000000 00000000 00000000
00:00:14.255505 Hst:                00000000 00000000 00000000 00000000
00:00:14.255507 Gst: 00000010/0000  00000000 00000000 00000000 00000000
00:00:14.255509 Hst:                00000000 00000000 00000000 00000000
00:00:14.255511 Gst: 00000011/0000  00000000 00000000 00000000 00000000
00:00:14.255512 Hst:                00000000 00000000 00000000 00000000
00:00:14.255514 Gst: 00000012/0000  00000000 00000000 00000000 00000000
00:00:14.255515 Hst:                00000000 00000000 00000000 00000000
00:00:14.255517 Gst: 00000013/0000  00000000 00000000 00000000 00000000
00:00:14.255518 Hst:                00000000 00000000 00000000 00000000
00:00:14.255521 Gst: 00000014/0000  00000000 00000000 00000000 00000000
00:00:14.255523 Hst:                00000001 0000005f 00000007 00000000
00:00:14.255525 Hst: 00000015/0000  00000002 00000088 0249f000 00000000
00:00:14.255528 Hst: 00000016/0000  00000000 00000000 00000000 00000000
00:00:14.255530 Hst: 00000017/0000  00000000 00000000 00000000 00000000
00:00:14.255533 Hst: 00000018/0000  00000000 00000000 00000000 00000000
00:00:14.255535 Hst: 00000019/0000  00000000 00000000 00000000 00000000
00:00:14.255538 Hst: 0000001a/0000  40000001 00000000 00000000 00000000
00:00:14.255541 Hst: 0000001b/0000  00000000 00000000 00000000 00000000
00:00:14.255543 Hst: 0000001c/0000  4000000b 00000007 00000007 00000000
00:00:14.255546 Hst: 0000001d/0000  00000000 00000000 00000000 00000000
00:00:14.255549 Hst: 0000001e/0000  00000000 00000000 00000000 00000000
00:00:14.255551 Hst: 0000001f/0000  00000001 00000002 00000100 00000008
00:00:14.255554 Hst: 00000020/0000  00000000 00000001 00000000 00000000
00:00:14.255555                                Name: GenuineIntel
00:00:14.255557                            Supports: 0x00000000-0x00000016
00:00:14.255562                              Family:  6 	Extended: 0 	Effective: 6
00:00:14.255564                               Model: 10 	Extended: 11 	Effective: 186
00:00:14.255566                            Stepping: 2
00:00:14.255568                                Type: 0 (primary)
00:00:14.255569                             APIC ID: 0x00
00:00:14.255571                        Logical CPUs: 2
00:00:14.255572                        CLFLUSH Size: 8
00:00:14.255573                            Brand ID: 0x00
00:00:14.255575 Features
00:00:14.255578   Mnemonic - Description                                  = guest (host)
00:00:14.255579   FPU - x87 FPU on Chip                                   = 1 (1)
00:00:14.255582   VME - Virtual 8086 Mode Enhancements                    = 1 (1)
00:00:14.255584   DE - Debugging extensions                               = 1 (1)
00:00:14.255585   PSE - Page Size Extension                               = 1 (1)
00:00:14.255587   TSC - Time Stamp Counter                                = 1 (1)
00:00:14.255588   MSR - Model Specific Registers                          = 1 (1)
00:00:14.255590   PAE - Physical Address Extension                        = 1 (1)
00:00:14.255591   MCE - Machine Check Exception                           = 1 (1)
00:00:14.255593   CX8 - CMPXCHG8B instruction                             = 1 (1)
00:00:14.255594   APIC - APIC On-Chip                                     = 1 (1)
00:00:14.255596   SEP - SYSENTER and SYSEXIT Present                      = 1 (1)
00:00:14.255597   MTRR - Memory Type Range Registers                      = 1 (1)
00:00:14.255599   PGE - PTE Global Bit                                    = 1 (1)
00:00:14.255601   MCA - Machine Check Architecture                        = 1 (1)
00:00:14.255602   CMOV - Conditional Move instructions                    = 1 (1)
00:00:14.255603   PAT - Page Attribute Table                              = 1 (1)
00:00:14.255605   PSE-36 - 36-bit Page Size Extension                     = 1 (1)
00:00:14.255607   PSN - Processor Serial Number                           = 0 (0)
00:00:14.255608   CLFSH - CLFLUSH instruction                             = 1 (1)
00:00:14.255610   DS - Debug Store                                        = 0 (0)
00:00:14.255611   ACPI - Thermal Mon. & Soft. Clock Ctrl.                 = 0 (1)
00:00:14.255613   MMX - Intel MMX Technology                              = 1 (1)
00:00:14.255614   FXSR - FXSAVE and FXRSTOR instructions                  = 1 (1)
00:00:14.255616   SSE - SSE support                                       = 1 (1)
00:00:14.255617   SSE2 - SSE2 support                                     = 1 (1)
00:00:14.255619   SS - Self Snoop                                         = 0 (1)
00:00:14.255621   HTT - Hyper-Threading Technology                        = 1 (1)
00:00:14.255622   TM - Therm. Monitor                                     = 0 (1)
00:00:14.255624   PBE - Pending Break Enabled                             = 0 (1)
00:00:14.255628   SSE3 - SSE3 support                                     = 1 (1)
00:00:14.255629   PCLMUL - PCLMULQDQ support (for AES-GCM)                = 1 (1)
00:00:14.255631   DTES64 - DS Area 64-bit Layout                          = 0 (0)
00:00:14.255632   MONITOR - MONITOR/MWAIT instructions                    = 0 (1)
00:00:14.255634   CPL-DS - CPL Qualified Debug Store                      = 0 (0)
00:00:14.255635   VMX - Virtual Machine Extensions                        = 0 (0)
00:00:14.255636   SMX - Safer Mode Extensions                             = 0 (0)
00:00:14.255638   EST - Enhanced SpeedStep Technology                     = 0 (1)
00:00:14.255639   TM2 - Terminal Monitor 2                                = 0 (1)
00:00:14.255641   SSSE3 - Supplemental Streaming SIMD Extensions 3        = 1 (1)
00:00:14.255642   CNTX-ID - L1 Context ID                                 = 0 (0)
00:00:14.255644   SDBG - Silicon Debug interface                          = 0 (0)
00:00:14.255645   FMA - Fused Multiply Add extensions                     = 0 (1)
00:00:14.255646   CX16 - CMPXCHG16B instruction                           = 1 (1)
00:00:14.255648   TPRUPDATE - xTPR Update Control                         = 0 (1)
00:00:14.255649   PDCM - Perf/Debug Capability MSR                        = 0 (1)
00:00:14.255651   PCID - Process Context Identifiers                      = 1 (1)
00:00:14.255652   DCA - Direct Cache Access                               = 0 (0)
00:00:14.255654   SSE4_1 - SSE4_1 support                                 = 1 (1)
00:00:14.255655   SSE4_2 - SSE4_2 support                                 = 1 (1)
00:00:14.255657   X2APIC - x2APIC support                                 = 0 (1)
00:00:14.255658   MOVBE - MOVBE instruction                               = 1 (1)
00:00:14.255660   POPCNT - POPCNT instruction                             = 1 (1)
00:00:14.255662   TSCDEADL - Time Stamp Counter Deadline                  = 0 (1)
00:00:14.255663   AES - AES instructions                                  = 1 (1)
00:00:14.255665   XSAVE - XSAVE instruction                               = 0 (1)
00:00:14.255666   OSXSAVE - OSXSAVE instruction                           = 0 (1)
00:00:14.255668   AVX - AVX support                                       = 0 (1)
00:00:14.255669   F16C - 16-bit floating point conversion instructions    = 0 (1)
00:00:14.255671   RDRAND - RDRAND instruction                             = 1 (1)
00:00:14.255672   HVP - Hypervisor Present (we're a guest)                = 1 (1)
00:00:14.255674 Structured Extended Feature Flags Enumeration (leaf 7):
00:00:14.255676   Mnemonic - Description                                  = guest (host)
00:00:14.255677   FSGSBASE - RDFSBASE/RDGSBASE/WRFSBASE/WRGSBASE instr.   = 1 (1)
00:00:14.255678   TSCADJUST - Supports MSR_IA32_TSC_ADJUST                = 0 (0)
00:00:14.255680   SGX - Supports Software Guard Extensions                = 0 (0)
00:00:14.255681   BMI1 - Advanced Bit Manipulation extension 1            = 1 (1)
00:00:14.255682   HLE - Hardware Lock Elision                             = 0 (0)
00:00:14.255684   AVX2 - Advanced Vector Extensions 2                     = 0 (1)
00:00:14.255685   FDP_EXCPTN_ONLY - FPU DP only updated on exceptions     = 0 (0)
00:00:14.255686   SMEP - Supervisor Mode Execution Prevention             = 0 (1)
00:00:14.255688   BMI2 - Advanced Bit Manipulation extension 2            = 1 (1)
00:00:14.255689   ERMS - Enhanced REP MOVSB/STOSB instructions            = 0 (1)
00:00:14.255690   INVPCID - INVPCID instruction                           = 1 (1)
00:00:14.255691   RTM - Restricted Transactional Memory                   = 0 (0)
00:00:14.255693   PQM - Platform Quality of Service Monitoring            = 0 (0)
00:00:14.255694   DEPFPU_CS_DS - Deprecates FPU CS, FPU DS values if set  = 1 (1)
00:00:14.255695   MPE - Intel Memory Protection Extensions                = 0 (0)
00:00:14.255697   PQE - Platform Quality of Service Enforcement           = 0 (0)
00:00:14.255698   AVX512F - AVX512 Foundation instructions                = 0 (0)
00:00:14.255699   RDSEED - RDSEED instruction                             = 1 (1)
00:00:14.255701   ADX - ADCX/ADOX instructions                            = 1 (1)
00:00:14.255702   SMAP - Supervisor Mode Access Prevention                = 0 (1)
00:00:14.255704   CLFLUSHOPT - CLFLUSHOPT (Cache Line Flush) instruction  = 1 (1)
00:00:14.255705   CLWB - CLWB instruction                                 = 0 (1)
00:00:14.255706   INTEL_PT - Intel Processor Trace                        = 0 (1)
00:00:14.255708   AVX512PF - AVX512 Prefetch instructions                 = 0 (0)
00:00:14.255709   AVX512ER - AVX512 Exponential & Reciprocal instructions = 0 (0)
00:00:14.255710   AVX512CD - AVX512 Conflict Detection instructions       = 0 (0)
00:00:14.255712   SHA - Secure Hash Algorithm extensions                  = 1 (1)
00:00:14.255713   PREFETCHWT1 - PREFETCHWT1 instruction                   = 0 (0)
00:00:14.255715   UMIP - User mode insturction prevention                 = 0 (1)
00:00:14.255716   PKU - Protection Key for Usermode pages                 = 0 (0)
00:00:14.255717   OSPKE - CR4.PKU mirror                                  = 0 (0)
00:00:14.255719    5 - Reserved                                           = 0 (1)
00:00:14.255721    7 - Reserved                                           = 0 (1)
00:00:14.255723    8 - Reserved                                           = 0 (1)
00:00:14.255725    9 - Reserved                                           = 0 (1)
00:00:14.255726   10 - Reserved                                           = 0 (1)
00:00:14.255728   MAWAU - Value used by BNDLDX & BNDSTX                   = 0x0 (0x0)
00:00:14.255730   RDPID - Read processor ID support                       = 0 (1)
00:00:14.255732   27 - Reserved                                           = 0 (1)
00:00:14.255733   28 - Reserved                                           = 0 (1)
00:00:14.255735   SGX_LC - Supports SGX Launch Configuration              = 0 (0)
00:00:14.255737    4 - Reserved                                           = 0 (1)
00:00:14.255741   MD_CLEAR - Supports MDS related buffer clearing         = 1 (1)
00:00:14.255742   14 - Reserved                                           = 0 (1)
00:00:14.255744   15 - Reserved                                           = 0 (1)
00:00:14.255745   19 - Reserved                                           = 0 (1)
00:00:14.255747   20 - Reserved                                           = 0 (1)
00:00:14.255749   IBRS_IBPB - IA32_SPEC_CTRL.IBRS and IA32_PRED_CMD.IBPB  = 0 (1)
00:00:14.255750   STIBP - Supports IA32_SPEC_CTRL.STIBP                   = 0 (1)
00:00:14.255751   FLUSH_CMD - Supports IA32_FLUSH_CMD                     = 1 (1)
00:00:14.255753   ARCHCAP - Supports IA32_ARCH_CAP                        = 1 (1)
00:00:14.255754   CORECAP - Supports IA32_CORE_CAP                        = 0 (0)
00:00:14.255756   SSBD - Supports IA32_SPEC_CTRL.SSBD                     = 0 (1)
00:00:14.255760 Processor Extended State Enumeration (leaf 0xd):
00:00:14.255763    XSAVE area cur/max size by XCR0, guest: 0x0/0x0
00:00:14.255764     XSAVE area cur/max size by XCR0, host: 0x340/0x340
00:00:14.255766                    Valid XCR0 bits, guest: 0x00000000`00000000
00:00:14.255768                     Valid XCR0 bits, host: 0x00000000`00000007 ( x87 SSE YMM_Hi128 )
00:00:14.255772                     XSAVE features, guest:
00:00:14.255774                      XSAVE features, host: XSAVEOPT XSAVEC XGETBC1 XSAVES
00:00:14.255776       XSAVE area cur size XCR0|XSS, guest: 0x0
00:00:14.255777        XSAVE area cur size XCR0|XSS, host: 0x350
00:00:14.255778                Valid IA32_XSS bits, guest: 0x00000000`00000000
00:00:14.255779                 Valid IA32_XSS bits, host: 0x00001800`00000000 ( 43 44 )
00:00:14.255783   State #2, host:  off=0x0240, cb=0x0100 IA32_XSS-bit -- YMM_Hi128
00:00:14.255796   State #11, host:  off=0x0000, cb=0x0010 XCR0-bit -- 11
00:00:14.255800   State #12, host:  off=0x0000, cb=0x0018 XCR0-bit -- 12
00:00:14.255855          Unknown CPUID Leaves
00:00:14.255856      Leaf/sub-leaf  eax      ebx      ecx      edx
00:00:14.255859 Gst: 00000014/0001  00000000 00000000 00000000 00000000
00:00:14.255860 Hst:                02490002 003f003f 00000000 00000000
00:00:14.255863 Gst: 00000014/0002  00000000 00000000 00000000 00000000
00:00:14.255864 Hst:                00000000 00000000 00000000 00000000
00:00:14.255866 Gst: 00000015/0000  00000000 00000000 00000000 00000000
00:00:14.255868 Hst:                00000002 00000088 0249f000 00000000
00:00:14.255870 Gst: 00000016/0000  00000000 00000000 00000000 00000000
00:00:14.255871 Hst:                00000000 00000000 00000000 00000000
00:00:14.255873          Raw Hypervisor CPUID Leaves
00:00:14.255874      Leaf/sub-leaf  eax      ebx      ecx      edx
00:00:14.255876 Gst: 40000000/0000  40000001 4b4d564b 564b4d56 0000004d
00:00:14.255878 Hst:                4000000c 7263694d 666f736f 76482074
00:00:14.255880 Gst: 40000001/0000  01000089 00000000 00000000 00000000
00:00:14.255881 Hst:                31237648 00000000 00000000 00000000
00:00:14.255884          Raw Extended CPUID Leaves
00:00:14.255884      Leaf/sub-leaf  eax      ebx      ecx      edx
00:00:14.255886 Gst: 80000000/0000  80000008 00000000 00000000 00000000
00:00:14.255887 Hst:                80000008 00000000 00000000 00000000
00:00:14.255889 Gst: 80000001/0000  00000000 00000000 00000121 28100800
00:00:14.255891 Hst:                00000000 00000000 00000121 2c100800
00:00:14.255893 Gst: 80000002/0000  68743331 6e654720 746e4920 52286c65
00:00:14.255895 Hst:                68743331 6e654720 746e4920 52286c65
00:00:14.255897 Gst: 80000003/0000  6f432029 54286572 6920294d 33312d35
00:00:14.255898 Hst:                6f432029 54286572 6920294d 33312d35
00:00:14.255900 Gst: 80000004/0000  48303234 00000000 00000000 00000000
00:00:14.255902 Hst:                48303234 00000000 00000000 00000000
00:00:14.255904 Gst: 80000005/0000  00000000 00000000 00000000 00000000
00:00:14.255905 Hst:                00000000 00000000 00000000 00000000
00:00:14.255907 Gst: 80000006/0000  00000000 00000000 05007040 00000000
00:00:14.255909 Hst:                00000000 00000000 05007040 00000000
00:00:14.255911 Gst: 80000007/0000  00000000 00000000 00000000 00000100
00:00:14.255913 Hst:                00000000 00000000 00000000 00000100
00:00:14.255915 Gst: 80000008/0000  00003027 00000000 00000000 00000000
00:00:14.255916 Hst:                00003027 00000000 00000000 00000000
00:00:14.255917 Ext Name:                        
00:00:14.255918 Ext Supports:                    0x80000000-0x80000008
00:00:14.255919 Family:                          0  	Extended: 0 	Effective: 0
00:00:14.255920 Model:                           0  	Extended: 0 	Effective: 0
00:00:14.255921 Stepping:                        0
00:00:14.255921 Brand ID:                        0x000
00:00:14.255927 Ext Features
00:00:14.255927   Mnemonic - Description                                  = guest (host)
00:00:14.255928   FPU - x87 FPU on Chip                                   = 0 (0)
00:00:14.255930   VME - Virtual 8086 Mode Enhancements                    = 0 (0)
00:00:14.255932   DE - Debugging extensions                               = 0 (0)
00:00:14.255933   PSE - Page Size Extension                               = 0 (0)
00:00:14.255935   TSC - Time Stamp Counter                                = 0 (0)
00:00:14.255936   MSR - K86 Model Specific Registers                      = 0 (0)
00:00:14.255938   PAE - Physical Address Extension                        = 0 (0)
00:00:14.255939   MCE - Machine Check Exception                           = 0 (0)
00:00:14.255940   CX8 - CMPXCHG8B instruction                             = 0 (0)
00:00:14.255942   APIC - APIC On-Chip                                     = 0 (0)
00:00:14.255944   SEP - SYSCALL/SYSRET                                    = 1 (1)
00:00:14.255945   MTRR - Memory Type Range Registers                      = 0 (0)
00:00:14.255947   PGE - PTE Global Bit                                    = 0 (0)
00:00:14.255948   MCA - Machine Check Architecture                        = 0 (0)
00:00:14.255950   CMOV - Conditional Move instructions                    = 0 (0)
00:00:14.255951   PAT - Page Attribute Table                              = 0 (0)
00:00:14.255952   PSE-36 - 36-bit Page Size Extension                     = 0 (0)
00:00:14.255954   NX - No-Execute/Execute-Disable                         = 1 (1)
00:00:14.255955   AXMMX - AMD Extensions to MMX instructions              = 0 (0)
00:00:14.255957   MMX - Intel MMX Technology                              = 0 (0)
00:00:14.255958   FXSR - FXSAVE and FXRSTOR Instructions                  = 0 (0)
00:00:14.255960   FFXSR - AMD fast FXSAVE and FXRSTOR instructions        = 0 (0)
00:00:14.255961   Page1GB - 1 GB large page                               = 0 (1)
00:00:14.255962   RDTSCP - RDTSCP instruction                             = 1 (1)
00:00:14.255964   LM - AMD64 Long Mode                                    = 1 (1)
00:00:14.255965   3DNOWEXT - AMD Extensions to 3DNow                      = 0 (0)
00:00:14.255967   3DNOW - AMD 3DNow                                       = 0 (0)
00:00:14.255969   LahfSahf - LAHF/SAHF support in 64-bit mode             = 1 (1)
00:00:14.255970   CmpLegacy - Core multi-processing legacy mode           = 0 (0)
00:00:14.255971   SVM - AMD Secure Virtual Machine extensions             = 0 (0)
00:00:14.255972   EXTAPIC - AMD Extended APIC registers                   = 0 (0)
00:00:14.255974   CR8L - AMD LOCK MOV CR0 means MOV CR8                   = 0 (0)
00:00:14.255975   ABM - AMD Advanced Bit Manipulation                     = 1 (1)
00:00:14.255976   SSE4A - SSE4A instructions                              = 0 (0)
00:00:14.255978   MISALIGNSSE - AMD Misaligned SSE mode                   = 0 (0)
00:00:14.255980   3DNOWPRF - AMD PREFETCH and PREFETCHW instructions      = 1 (1)
00:00:14.255981   OSVW - AMD OS Visible Workaround                        = 0 (0)
00:00:14.255982   IBS - Instruct Based Sampling                           = 0 (0)
00:00:14.255983   XOP - Extended Operation support                        = 0 (0)
00:00:14.255985   SKINIT - SKINIT, STGI, and DEV support                  = 0 (0)
00:00:14.255986   WDT - AMD Watchdog Timer support                        = 0 (0)
00:00:14.255990   LWP - Lightweight Profiling support                     = 0 (0)
00:00:14.255991   FMA4 - Four operand FMA instruction support             = 0 (0)
00:00:14.255993   TCE - Translation Cache Extension support               = 0 (0)
00:00:14.255994   NodeId - NodeId in MSR C001_100C                        = 0 (0)
00:00:14.255995   TBM - Trailing Bit Manipulation instructions            = 0 (0)
00:00:14.255997   TOPOEXT - Topology Extensions                           = 0 (0)
00:00:14.255998   PRFEXTCORE - Performance Counter Extensions support     = 0 (0)
00:00:14.255999   PRFEXTNB - NB Performance Counter Extensions support    = 0 (0)
00:00:14.256000   DATABPEXT - Data-access Breakpoint Extension            = 0 (0)
00:00:14.256002   PERFTSC - Performance Time Stamp Counter                = 0 (0)
00:00:14.256003   PCX_L2I - L2I/L3 Performance Counter Extensions         = 0 (0)
00:00:14.256004   MONITORX - MWAITX and MONITORX instructions             = 0 (0)
00:00:14.256005   AddrMaskExt - BP Addressing masking extended to bit 31  = 0 (0)
00:00:14.256007 Full Name:                       "13th Gen Intel(R) Core(TM) i5-13420H"
00:00:14.256008 TLB 2/4M Instr/Uni:              res0     0 entries
00:00:14.256009 TLB 2/4M Data:                   res0     0 entries
00:00:14.256010 TLB 4K Instr/Uni:                res0     0 entries
00:00:14.256010 TLB 4K Data:                     res0     0 entries
00:00:14.256011 L1 Instr Cache Line Size:        0 bytes
00:00:14.256012 L1 Instr Cache Lines Per Tag:    0
00:00:14.256012 L1 Instr Cache Associativity:    res0  
00:00:14.256013 L1 Instr Cache Size:             0 KB
00:00:14.256014 L1 Data Cache Line Size:         0 bytes
00:00:14.256014 L1 Data Cache Lines Per Tag:     0
00:00:14.256015 L1 Data Cache Associativity:     res0  
00:00:14.256015 L1 Data Cache Size:              0 KB
00:00:14.256016 L2 TLB 2/4M Instr/Uni:           off       0 entries
00:00:14.256017 L2 TLB 2/4M Data:                off       0 entries
00:00:14.256017 L2 TLB 4K Instr/Uni:             off       0 entries
00:00:14.256018 L2 TLB 4K Data:                  off       0 entries
00:00:14.256019 L2 Cache Line Size:              64 bytes
00:00:14.256019 L2 Cache Lines Per Tag:          0
00:00:14.256020 L2 Cache Associativity:          res7  
00:00:14.256020 L2 Cache Size:                   1280 KB
00:00:14.256021 L3 Cache Line Size:              0 bytes
00:00:14.256022 L3 Cache Lines Per Tag:          0
00:00:14.256022 L3 Cache Associativity:          off   
00:00:14.256023 L3 Cache Size:                   0 KB
00:00:14.256026   TS - Temperature Sensor                                 = 0 (0)
00:00:14.256028   FID - Frequency ID control                              = 0 (0)
00:00:14.256029   VID - Voltage ID control                                = 0 (0)
00:00:14.256031   TTP - Thermal Trip                                      = 0 (0)
00:00:14.256033   TM - Hardware Thermal Control (HTC)                     = 0 (0)
00:00:14.256034   100MHzSteps - 100 MHz Multiplier control                = 0 (0)
00:00:14.256035   HwPstate - Hardware P-state control                     = 0 (0)
00:00:14.256037   TscInvariant - Invariant Time Stamp Counter             = 1 (1)
00:00:14.256038   CPB - Core Performance Boost                            = 0 (0)
00:00:14.256039   EffFreqRO - Read-only Effective Frequency Interface     = 0 (0)
00:00:14.256041   ProcFdbkIf - Processor Feedback Interface               = 0 (0)
00:00:14.256042   ProcPwrRep - Core power reporting interface support     = 0 (0)
00:00:14.256043   ConnectedStandby - Connected Standby                    = 0 (0)
00:00:14.256044   RAPL - Running average power limit                      = 0 (0)
00:00:14.256047 Physical Address Width:          39 bits
00:00:14.256048 Virtual Address Width:           48 bits
00:00:14.256049 Guest Physical Address Width:    0 bits
00:00:14.256050 Physical Core Count:             1
00:00:14.256052 
00:00:14.256053 ******************** End of CPUID dump **********************
00:00:14.256167 VMEmt: Halt method global1 (5)
00:00:14.256579 VMEmt: HaltedGlobal1 config: cNsSpinBlockThresholdCfg=50000
00:00:14.256871 Changing the VM state from 'CREATING' to 'CREATED'
00:00:14.258840 NAT: DNS settings changed, triggering update
00:00:14.259231 SharedFolders host service: Adding host mapping
00:00:14.259248     Host path 'D:\Учеба\АСУЭП\ПР10\public_files', map name 'public_files', writable, automount=true, automntpnt=, create_symlinks=false, missing=false
00:00:14.260067 Changing the VM state from 'CREATED' to 'POWERING_ON'
00:00:14.260438 AIOMgr: Endpoints without assigned bandwidth groups:
00:00:14.260474 AIOMgr:     D:\Учеба\АСУЭП\ПР10\VM3-Client-ARM\VM3-Client-ARM.vdi
00:00:14.260965 Changing the VM state from 'POWERING_ON' to 'RUNNING'
00:00:14.260994 Console: Machine state changed to 'Running'
00:00:14.265766 VMMDev: Guest Log: BIOS: VirtualBox 7.1.4
00:00:14.266325 PCI: Setting up resources and interrupts
00:00:14.267383 PIT: mode=2 count=0x10000 (65536) - 18.20 Hz (ch=0)
00:00:14.308023 Display::i_handleDisplayResize: uScreenId=0 pvVRAM=0000000000000000 w=720 h=400 bpp=0 cbLine=0x0 flags=0x0 origin=0,0
00:00:14.318798 VMMDev: Guest Log: CPUID EDX: 0x178bfbff
00:00:14.319084 PIIX3 ATA: Ctl#1: RESET, DevSel=0 AIOIf=0 CmdIf0=0x00 (-1 usec ago) CmdIf1=0x00 (-1 usec ago)
00:00:14.319153 PIIX3 ATA: Ctl#1: finished processing RESET
00:00:14.325215 AHCI#0: Reset the HBA
00:00:14.325254 VD#0: Cancelling all active requests
00:00:14.325416 AHCI#0: Port 0 reset
00:00:14.325555 VD#0: Cancelling all active requests
00:00:14.327680 VMMDev: Guest Log: BIOS: AHCI 0-P#0: PCHS=16383/16/63 LCHS=1024/255/63 0x0000000003200000 sectors
00:00:14.358756 GUI: UIMachineViewNormal::resendSizeHint: Restoring guest size-hint for screen 0 to 800x600
00:00:14.364166 GUI: UIMachineLogicNormal::sltCheckForRequestedVisualStateType: Requested-state=1, Machine-state=6
00:00:14.400769 PIT: mode=2 count=0x48d3 (18643) - 64.00 Hz (ch=0)
00:00:14.411948 Display::i_handleDisplayResize: uScreenId=0 pvVRAM=000002358eb90000 w=640 h=480 bpp=32 cbLine=0xA00 flags=0x0 origin=0,0
00:00:16.883240 PIT: mode=2 count=0x10000 (65536) - 18.20 Hz (ch=0)
00:00:16.883527 VMMDev: Guest Log: BIOS: Boot : bseqnr=1, bootseq=0231
00:00:16.883758 VMMDev: Guest Log: BIOS: Boot from Floppy 0 failed
00:00:16.884106 VMMDev: Guest Log: BIOS: Boot : bseqnr=2, bootseq=0023
00:00:16.884845 VMMDev: Guest Log: BIOS: CDROM boot failure code : 0004
00:00:16.885735 VMMDev: Guest Log: BIOS: Boot from CD-ROM failed
00:00:16.886798 Display::i_handleDisplayResize: uScreenId=0 pvVRAM=0000000000000000 w=720 h=400 bpp=0 cbLine=0x0 flags=0x0 origin=0,0
00:00:16.887225 VMMDev: Guest Log: BIOS: Boot : bseqnr=3, bootseq=0002
00:00:16.895683 VMMDev: Guest Log: BIOS: Booting from Hard Disk...
00:00:17.231601 GUI: UIMediumEnumerator: Medium-enumeration finished!
00:00:17.972742 Display::i_handleDisplayResize: uScreenId=0 pvVRAM=000002358eb90000 w=640 h=480 bpp=32 cbLine=0xA00 flags=0x0 origin=0,0
00:00:18.305375 GUI: UIMediumEnumerator: Medium-enumeration finished!
00:00:22.227954 GUI: UIMediumEnumerator: Medium-enumeration finished!
00:00:23.073464 Display::i_handleDisplayResize: uScreenId=0 pvVRAM=0000000000000000 w=720 h=400 bpp=0 cbLine=0x0 flags=0x0 origin=0,0
00:00:23.407732 GUI: UIMediumEnumerator: Medium-enumeration finished!
00:00:24.345741 GIM: KVM: VCPU  0: Enabled system-time struct. at 0x0000000046802000 - u32TscScale=0xc413e3ee i8TscShift=-1 uVersion=2 fFlags=0x1 uTsc=0x62180ede3 uVirtNanoTS=0x25910540a TscKHz=2611208
00:00:24.345824 TM: Host/VM is not suitable for using TSC mode 'RealTSCOffset', request to change TSC mode ignored
00:00:24.985739 GIM: KVM: Enabled wall-clock struct. at 0x0000000046801000 - u32Sec=1777576957 u32Nano=441918800 uVersion=2
00:00:25.062589 PIT: mode=2 count=0x4a9 (1193) - 1000.15 Hz (ch=0)
00:00:25.087715 MsrExit/0: 0010:ffffffffa14c78d7/LM: RDMSR 00000140 -> 00000000 / VERR_CPUM_RAISE_GP_0
00:00:25.279971 PIT: mode=0 count=0x10000 (65536) - 18.20 Hz (ch=0)
00:00:25.288516 GIM: KVM: VCPU  1: Enabled system-time struct. at 0x0000000046802040 - u32TscScale=0xc413e3ee i8TscShift=-1 uVersion=2 fFlags=0x1 uTsc=0x6b43dec34 uVirtNanoTS=0x2914260bb TscKHz=2611208
00:00:25.288550 TM: Host/VM is not suitable for using TSC mode 'RealTSCOffset', request to change TSC mode ignored
00:00:25.292191 MsrExit/1: 0010:ffffffffa14c78d7/LM: RDMSR 00000140 -> 00000000 / VERR_CPUM_RAISE_GP_0
00:00:25.925562 OHCI: Software reset
00:00:25.935668 MsrExit/1: 0010:ffffffffa14c78d7/LM: RDMSR 0000064e -> 00000000 / VERR_CPUM_RAISE_GP_0
00:00:26.413738 PIIX3 ATA: Ctl#1: RESET, DevSel=0 AIOIf=0 CmdIf0=0xa0 (-1 usec ago) CmdIf1=0x00 (-1 usec ago)
00:00:26.413920 PIIX3 ATA: Ctl#1: finished processing RESET
00:00:26.418561 OHCI: USB Reset
00:00:27.451365 OHCI: Software reset
00:00:27.451849 OHCI: USB Operational
00:00:27.473590 EHCI: Hardware reset
00:00:27.474823 EHCI: USB Operational
00:00:27.522777 EHCI: USB Suspended
00:00:28.165528 MsrExit/1: 0010:ffffffffa14c78d7/LM: RDMSR c0011029 -> 00000000 / VERR_CPUM_RAISE_GP_0
00:00:28.916729 AHCI#0: Reset the HBA
00:00:28.916795 VD#0: Cancelling all active requests
00:00:28.928141 AHCI#0: Port 0 reset
00:00:28.929725 VD#0: Cancelling all active requests
00:00:30.463218 AIOMgr: Async flushes not supported
00:00:32.187244 NAT: Link up
00:00:34.882516 VMMDev: Guest Additions information report: Version 7.1.4 r165100 '7.1.4'
00:00:34.882603 VMMDev: Guest Additions information report: Interface = 0x00010004 osType = 0x00053100 (Linux >= 2.6, 64-bit)
00:00:34.882707 VMMDev: Guest Additions capability report: (0x0 -> 0x0) seamless: no, hostWindowMapping: no, graphics: no
00:00:34.882762 GUI: UISession::sltAdditionsChange: GA state doesn't really changed, still notifying listeners.
00:00:34.882768 GUI: UIMachineLogicNormal::sltCheckForRequestedVisualStateType: Requested-state=1, Machine-state=6
00:00:34.882901 GUI: UISession::sltAdditionsChange: GA state doesn't really changed, still notifying listeners.
00:00:34.882924 GUI: UIMachineLogicNormal::sltCheckForRequestedVisualStateType: Requested-state=1, Machine-state=6
00:00:34.899395 VMMDev: vmmDevReqHandler_HeartbeatConfigure: No change (fHeartbeatActive=false)
00:00:34.899491 VMMDev: Heartbeat flatline timer set to trigger after 4 000 000 000 ns
00:00:34.899604 VMMDev: Guest Log: vgdrvHeartbeatInit: Setting up heartbeat to trigger every 2000 milliseconds
00:00:34.899950 GUI: UISession::sltAdditionsChange: GA state really changed, notifying listeners.
00:00:34.900015 GUI: UIMachineViewNormal::adjustGuestScreenSize: Adjust guest-screen size if necessary
00:00:34.900040 GUI: UIMachineLogicNormal::sltCheckForRequestedVisualStateType: Requested-state=1, Machine-state=6
00:00:34.909318 VMMDev: Guest Log: Host supports full mouse state reporting, switching to extended mouse integration protocol
00:00:34.958675 VMMDev: Guest Additions capability report: (0x0 -> 0x0) seamless: no, hostWindowMapping: no, graphics: no
00:00:34.958829 GUI: UISession::sltAdditionsChange: GA state doesn't really changed, still notifying listeners.
00:00:34.958842 GUI: UIMachineLogicNormal::sltCheckForRequestedVisualStateType: Requested-state=1, Machine-state=6
00:00:34.959452 VMMDev: Guest Log: vboxguest: Successfully loaded version 7.1.4 r165100
00:00:34.959634 VMMDev: Guest Log: vboxguest: misc device minor 261, IRQ 20, I/O port d040, MMIO at 00000000f0400000 (size 0x400000)
00:00:35.026125 Enabling different vbva mode
00:00:35.033612 Display::i_handleDisplayResize: uScreenId=0 pvVRAM=000002358ef78000 w=1280 h=800 bpp=32 cbLine=0x1400 flags=0x1 origin=0,0
00:00:35.133172 MsrExit/0: 0010:ffffffffa14c78d7/LM: RDMSR 00000619 -> 00000000 / VERR_CPUM_RAISE_GP_0
00:00:35.133363 MsrExit/0: 0010:ffffffffa14c78d7/LM: RDMSR 00000641 -> 00000000 / VERR_CPUM_RAISE_GP_0
00:00:35.133778 MsrExit/0: 0010:ffffffffa14c78d7/LM: RDMSR 0000064d -> 00000000 / VERR_CPUM_RAISE_GP_0
00:00:35.367327 GUI: UIMediumEnumerator: Medium-enumeration finished!
00:00:37.501667 MsrExit/0: 0010:ffffffffa14c78d7/LM: RDMSR 00000641 -> 00000000 / VERR_CPUM_RAISE_GP_0
00:00:37.501750 MsrExit/0: 0010:ffffffffa14c78d7/LM: RDMSR 00000619 -> 00000000 / VERR_CPUM_RAISE_GP_0
00:00:37.501791 MsrExit/0: 0010:ffffffffa14c78d7/LM: RDMSR 0000064d -> 00000000 / VERR_CPUM_RAISE_GP_0
00:00:37.595396 AC97: Reset
00:00:37.595447 AC97: Mixer reset (EAID=0x809, EACS=0x9)
00:00:37.595457 AC97: Record select to left=mic, right=mic
00:00:37.595466 Audio Mixer: MUTING master volume of 'AC'97 Mixer' -- channel volumes: ff ff ff ff ff ff ff ff ff ff ff ff
00:00:37.595485 Audio Mixer: MUTING sink 'AC'97 Mixer/Line In' -- channel volumes: 00 00 00 00 00 00 00 00 00 00 00 00
00:00:37.595498 Audio Mixer: MUTING sink 'AC'97 Mixer/Microphone In' -- channel volumes: 00 00 00 00 00 00 00 00 00 00 00 00
00:00:37.595506 Audio Mixer: MUTING sink 'AC'97 Mixer/PCM Output' -- channel volumes: 00 00 00 00 00 00 00 00 00 00 00 00
00:00:37.595514 Audio Mixer: MUTING sink 'AC'97 Mixer/PCM Output' -- channel volumes: 00 00 00 00 00 00 00 00 00 00 00 00
00:00:37.595522 Audio Mixer: MUTING sink 'AC'97 Mixer/Line In' -- channel volumes: 00 00 00 00 00 00 00 00 00 00 00 00
00:00:37.595530 Audio Mixer: MUTING sink 'AC'97 Mixer/Line In' -- channel volumes: 00 00 00 00 00 00 00 00 00 00 00 00
00:00:37.595537 Audio Mixer: MUTING sink 'AC'97 Mixer/Microphone In' -- channel volumes: 00 00 00 00 00 00 00 00 00 00 00 00
00:00:37.597649 Audio Mixer: MUTING sink 'AC'97 Mixer/Line In' -- channel volumes: 00 00 00 00 00 00 00 00 00 00 00 00
00:00:37.597676 Audio Mixer: MUTING sink 'AC'97 Mixer/Line In' -- channel volumes: 00 00 00 00 00 00 00 00 00 00 00 00
00:00:37.598330 Audio Mixer: MUTING sink 'AC'97 Mixer/Line In' -- channel volumes: 00 00 00 00 00 00 00 00 00 00 00 00
00:00:37.598347 Audio Mixer: MUTING sink 'AC'97 Mixer/Line In' -- channel volumes: 00 00 00 00 00 00 00 00 00 00 00 00
00:00:37.598609 AC97: Reset
00:00:37.598614 AC97: Mixer reset (EAID=0x809, EACS=0x9)
00:00:37.598617 AC97: Record select to left=mic, right=mic
00:00:37.598620 Audio Mixer: MUTING master volume of 'AC'97 Mixer' -- channel volumes: ff ff ff ff ff ff ff ff ff ff ff ff
00:00:37.598623 Audio Mixer: MUTING sink 'AC'97 Mixer/Line In' -- channel volumes: 00 00 00 00 00 00 00 00 00 00 00 00
00:00:37.598626 Audio Mixer: MUTING sink 'AC'97 Mixer/Microphone In' -- channel volumes: 00 00 00 00 00 00 00 00 00 00 00 00
00:00:37.598630 Audio Mixer: MUTING sink 'AC'97 Mixer/PCM Output' -- channel volumes: 00 00 00 00 00 00 00 00 00 00 00 00
00:00:37.598633 Audio Mixer: MUTING sink 'AC'97 Mixer/PCM Output' -- channel volumes: 00 00 00 00 00 00 00 00 00 00 00 00
00:00:37.598635 Audio Mixer: MUTING sink 'AC'97 Mixer/Line In' -- channel volumes: 00 00 00 00 00 00 00 00 00 00 00 00
00:00:37.598638 Audio Mixer: MUTING sink 'AC'97 Mixer/Line In' -- channel volumes: 00 00 00 00 00 00 00 00 00 00 00 00
00:00:37.598641 Audio Mixer: MUTING sink 'AC'97 Mixer/Microphone In' -- channel volumes: 00 00 00 00 00 00 00 00 00 00 00 00
00:00:37.609144 Audio Mixer: Setting master volume of 'AC'97 Mixer' -- channel volumes: ff ff ff ff ff ff ff ff ff ff ff ff
00:00:37.609163 Audio Mixer: MUTING sink 'AC'97 Mixer/Line In' -- channel volumes: 00 00 00 00 00 00 00 00 00 00 00 00
00:00:37.609167 Audio Mixer: MUTING sink 'AC'97 Mixer/Microphone In' -- channel volumes: 00 00 00 00 00 00 00 00 00 00 00 00
00:00:37.609170 Audio Mixer: MUTING sink 'AC'97 Mixer/PCM Output' -- channel volumes: 00 00 00 00 00 00 00 00 00 00 00 00
00:00:37.609237 Audio Mixer: MUTING master volume of 'AC'97 Mixer' -- channel volumes: ff ff ff ff ff ff ff ff ff ff ff ff
00:00:37.609241 Audio Mixer: MUTING sink 'AC'97 Mixer/Line In' -- channel volumes: 00 00 00 00 00 00 00 00 00 00 00 00
00:00:37.609244 Audio Mixer: MUTING sink 'AC'97 Mixer/Microphone In' -- channel volumes: 00 00 00 00 00 00 00 00 00 00 00 00
00:00:37.609247 Audio Mixer: MUTING sink 'AC'97 Mixer/PCM Output' -- channel volumes: 00 00 00 00 00 00 00 00 00 00 00 00
00:00:37.609314 Audio Mixer: MUTING master volume of 'AC'97 Mixer' -- channel volumes: ff ff ff ff ff ff ff ff ff ff ff ff
00:00:37.609318 Audio Mixer: MUTING sink 'AC'97 Mixer/Line In' -- channel volumes: 00 00 00 00 00 00 00 00 00 00 00 00
00:00:37.609322 Audio Mixer: MUTING sink 'AC'97 Mixer/Microphone In' -- channel volumes: 00 00 00 00 00 00 00 00 00 00 00 00
00:00:37.609325 Audio Mixer: MUTING sink 'AC'97 Mixer/PCM Output' -- channel volumes: 00 00 00 00 00 00 00 00 00 00 00 00
00:00:37.609394 Audio Mixer: MUTING master volume of 'AC'97 Mixer' -- channel volumes: ff ff ff ff ff ff ff ff ff ff ff ff
00:00:37.609399 Audio Mixer: MUTING sink 'AC'97 Mixer/Line In' -- channel volumes: 00 00 00 00 00 00 00 00 00 00 00 00
00:00:37.609405 Audio Mixer: MUTING sink 'AC'97 Mixer/Microphone In' -- channel volumes: 00 00 00 00 00 00 00 00 00 00 00 00
00:00:37.609410 Audio Mixer: MUTING sink 'AC'97 Mixer/PCM Output' -- channel volumes: 00 00 00 00 00 00 00 00 00 00 00 00
00:00:37.609457 Audio Mixer: MUTING master volume of 'AC'97 Mixer' -- channel volumes: 83 83 83 83 83 83 83 83 83 83 83 83
00:00:37.609474 Audio Mixer: MUTING sink 'AC'97 Mixer/Line In' -- channel volumes: 00 00 00 00 00 00 00 00 00 00 00 00
00:00:37.609478 Audio Mixer: MUTING sink 'AC'97 Mixer/Microphone In' -- channel volumes: 00 00 00 00 00 00 00 00 00 00 00 00
00:00:37.609481 Audio Mixer: MUTING sink 'AC'97 Mixer/PCM Output' -- channel volumes: 00 00 00 00 00 00 00 00 00 00 00 00
00:00:37.609837 Audio Mixer: MUTING master volume of 'AC'97 Mixer' -- channel volumes: bf bf bf bf bf bf bf bf bf bf bf bf
00:00:37.609850 Audio Mixer: MUTING sink 'AC'97 Mixer/Line In' -- channel volumes: 00 00 00 00 00 00 00 00 00 00 00 00
00:00:37.609859 Audio Mixer: MUTING sink 'AC'97 Mixer/Microphone In' -- channel volumes: 00 00 00 00 00 00 00 00 00 00 00 00
00:00:37.609868 Audio Mixer: MUTING sink 'AC'97 Mixer/PCM Output' -- channel volumes: 00 00 00 00 00 00 00 00 00 00 00 00
00:00:37.623649 Audio Mixer: MUTING master volume of 'AC'97 Mixer' -- channel volumes: 83 83 83 83 83 83 83 83 83 83 83 83
00:00:37.623715 Audio Mixer: MUTING sink 'AC'97 Mixer/Line In' -- channel volumes: 00 00 00 00 00 00 00 00 00 00 00 00
00:00:37.623726 Audio Mixer: MUTING sink 'AC'97 Mixer/Microphone In' -- channel volumes: 00 00 00 00 00 00 00 00 00 00 00 00
00:00:37.623734 Audio Mixer: MUTING sink 'AC'97 Mixer/PCM Output' -- channel volumes: 00 00 00 00 00 00 00 00 00 00 00 00
00:00:37.641269 Audio Mixer: MUTING sink 'AC'97 Mixer/PCM Output' -- channel volumes: 00 00 00 00 00 00 00 00 00 00 00 00
00:00:37.641492 Audio Mixer: MUTING sink 'AC'97 Mixer/Line In' -- channel volumes: 00 00 00 00 00 00 00 00 00 00 00 00
00:00:37.641514 Audio Mixer: MUTING sink 'AC'97 Mixer/Line In' -- channel volumes: 00 00 00 00 00 00 00 00 00 00 00 00
00:00:37.641604 Audio Mixer: MUTING sink 'AC'97 Mixer/Line In' -- channel volumes: 00 00 00 00 00 00 00 00 00 00 00 00
00:00:37.641610 Audio Mixer: MUTING sink 'AC'97 Mixer/Line In' -- channel volumes: 00 00 00 00 00 00 00 00 00 00 00 00
00:00:37.641700 Audio Mixer: MUTING sink 'AC'97 Mixer/Line In' -- channel volumes: 00 00 00 00 00 00 00 00 00 00 00 00
00:00:37.641706 Audio Mixer: MUTING sink 'AC'97 Mixer/Line In' -- channel volumes: 00 00 00 00 00 00 00 00 00 00 00 00
00:00:37.642311 Audio Mixer: MUTING sink 'AC'97 Mixer/Line In' -- channel volumes: 00 00 00 00 00 00 00 00 00 00 00 00
00:00:37.642334 Audio Mixer: MUTING sink 'AC'97 Mixer/Line In' -- channel volumes: 00 00 00 00 00 00 00 00 00 00 00 00
00:00:37.642421 AC97: Record select to left=mic, right=mic
00:00:37.642506 Audio Mixer: MUTING sink 'AC'97 Mixer/Line In' -- channel volumes: 00 00 00 00 00 00 00 00 00 00 00 00
00:00:37.642517 Audio Mixer: MUTING sink 'AC'97 Mixer/Line In' -- channel volumes: 00 00 00 00 00 00 00 00 00 00 00 00
00:00:37.932874 Audio Mixer: Setting master volume of 'AC'97 Mixer' -- channel volumes: 83 83 83 83 83 83 83 83 83 83 83 83
00:00:37.932938 Audio Mixer: Setting sink 'AC'97 Mixer/Line In' -- channel volumes: 83 83 83 83 83 83 83 83 83 83 83 83
00:00:37.932948 Audio Mixer: MUTING sink 'AC'97 Mixer/Microphone In' -- channel volumes: 00 00 00 00 00 00 00 00 00 00 00 00
00:00:37.932957 Audio Mixer: MUTING sink 'AC'97 Mixer/PCM Output' -- channel volumes: 00 00 00 00 00 00 00 00 00 00 00 00
00:00:37.933333 Audio Mixer: Setting master volume of 'AC'97 Mixer' -- channel volumes: c7 c7 c7 c7 c7 c7 c7 c7 c7 c7 c7 c7
00:00:37.933350 Audio Mixer: Setting sink 'AC'97 Mixer/Line In' -- channel volumes: c7 c7 c7 c7 c7 c7 c7 c7 c7 c7 c7 c7
00:00:37.933358 Audio Mixer: MUTING sink 'AC'97 Mixer/Microphone In' -- channel volumes: 00 00 00 00 00 00 00 00 00 00 00 00
00:00:37.933367 Audio Mixer: MUTING sink 'AC'97 Mixer/PCM Output' -- channel volumes: 00 00 00 00 00 00 00 00 00 00 00 00
00:00:37.933632 Audio Mixer: Setting sink 'AC'97 Mixer/PCM Output' -- channel volumes: 7f 7f 7f 7f 7f 7f 7f 7f 7f 7f 7f 7f
00:00:37.935096 Audio Mixer: Setting sink 'AC'97 Mixer/PCM Output' -- channel volumes: c7 c7 c7 c7 c7 c7 c7 c7 c7 c7 c7 c7
00:00:37.935381 Audio Mixer: Setting sink 'AC'97 Mixer/PCM Output' -- channel volumes: 7f 7f 7f 7f 7f 7f 7f 7f 7f 7f 7f 7f
00:00:37.935643 Audio Mixer: Setting sink 'AC'97 Mixer/PCM Output' -- channel volumes: c7 c7 c7 c7 c7 c7 c7 c7 c7 c7 c7 c7
00:00:37.936162 Audio Mixer: Setting sink 'AC'97 Mixer/PCM Output' -- channel volumes: 7f 7f 7f 7f 7f 7f 7f 7f 7f 7f 7f 7f
00:00:37.936425 Audio Mixer: Setting sink 'AC'97 Mixer/PCM Output' -- channel volumes: ae 7f ae ae ae ae ae ae ae ae ae ae
00:00:37.937000 Audio Mixer: Setting sink 'AC'97 Mixer/PCM Output' -- channel volumes: ae 7f ae ae ae ae ae ae ae ae ae ae
00:00:37.937263 Audio Mixer: Setting sink 'AC'97 Mixer/PCM Output' -- channel volumes: ae ae ae ae ae ae ae ae ae ae ae ae
00:00:37.937459 Audio Mixer: Setting sink 'AC'97 Mixer/Line In' -- channel volumes: c7 c7 c7 c7 c7 c7 c7 c7 c7 c7 c7 c7
00:00:37.937471 Audio Mixer: Setting sink 'AC'97 Mixer/Line In' -- channel volumes: c7 c7 c7 c7 c7 c7 c7 c7 c7 c7 c7 c7
00:00:46.153566 VMMDev: Guest Log: 19:22:57.135025 main     VBoxService 7.1.4 r165100 (verbosity: 0) linux.amd64 (Oct 10 2024 19:26:29) release log
00:00:46.153611 VMMDev: Guest Log: 19:22:57.135027 main     Log opened 2026-04-30T19:22:57.135022000Z
00:00:46.153716 VMMDev: Guest Log: 19:22:57.135166 main     OS Product: Linux
00:00:46.153795 VMMDev: Guest Log: 19:22:57.135253 main     OS Release: 6.8.0-111-generic
00:00:46.154418 VMMDev: Guest Log: 19:22:57.135889 main     OS Version: #111~22.04.1-Ubuntu SMP PREEMPT_DYNAMIC Tue Apr 14 17:13:45 UTC 
00:00:46.154491 VMMDev: Guest Log: 19:22:57.135951 main     Executable: /opt/VBoxGuestAdditions-7.1.4/sbin/VBoxService
00:00:46.154503 VMMDev: Guest Log: 19:22:57.135952 main     Process ID: 1297
00:00:46.154510 VMMDev: Guest Log: 19:22:57.135952 main     Package type: LINUX_64BITS_GENERIC
00:00:46.156824 VMMDev: Guest Log: 19:22:57.138786 main     7.1.4 r165100 started. Verbose level = 0
00:00:46.163375 VMMDev: Guest Log: 19:22:57.144832 main     vbglR3GuestCtrlDetectPeekGetCancelSupport: Supported (#1)
00:00:46.163408 GUI: UISession::sltAdditionsChange: GA state doesn't really changed, still notifying listeners.
00:00:46.163432 GUI: UIMachineLogicNormal::sltCheckForRequestedVisualStateType: Requested-state=1, Machine-state=6
00:00:46.164299 Guest Control: GUEST_MSG_REPORT_FEATURES: 0x7f, 0x8000000000000000
00:00:46.171315 VMMDev: Guest Additions capability report: (0x0 -> 0x4) seamless: no, hostWindowMapping: no, graphics: yes
00:00:46.171747 GUI: UISession::sltAdditionsChange: GA state really changed, notifying listeners.
00:00:46.171773 GUI: UIMachineViewNormal::adjustGuestScreenSize: Adjust guest-screen size if necessary
00:00:46.171785 GUI: UIMachineLogicNormal::sltCheckForRequestedVisualStateType: Requested-state=1, Machine-state=6
00:00:46.179378 GUI: UISession::sltAdditionsChange: GA state really changed, notifying listeners.
00:00:46.179425 GUI: UIMachineViewNormal::adjustGuestScreenSize: Adjust guest-screen size if necessary
00:00:46.179437 GUI: UIMachineLogicNormal::sltCheckForRequestedVisualStateType: Requested-state=1, Machine-state=6
00:00:46.226129 VMMDev: Guest Log: vboxsf: g_fHostFeatures=0x8000000f g_fSfFeatures=0x1 g_uSfLastFunction=29
00:00:46.226587 VMMDev: Guest Log: vboxsf: Successfully loaded version 7.1.4 r165100 on 6.8.0-111-generic (LINUX_VERSION_CODE=0x6080c)
00:00:46.233184 VMMDev: Guest Log: 19:22:57.211229 automount vbsvcAutomounterMountIt: Successfully mounted 'public_files' on '/media/sf_public_files'
00:00:48.401600 Audio: Warning: Scheduling hint of stream '[WasAPI] Output:0' is bigger (5ms) than used period size (0ms)
00:00:48.451939 Audio: Warning: Scheduling hint of stream '[WasAPI] Line-In:0' is bigger (10ms) than used period size (0ms)
00:00:57.800338 Display::i_handleDisplayResize: uScreenId=0 pvVRAM=0000000000000000 w=1280 h=800 bpp=0 cbLine=0x0 flags=0x2 origin=0,0
00:00:57.803374 Display::i_handleDisplayResize: uScreenId=0 pvVRAM=000002358f958000 w=800 h=600 bpp=32 cbLine=0xC80 flags=0x1 origin=0,0
00:00:57.815025 GUI: UIMachineLogic: Guest-screen count changed
00:00:58.118275 GUI: UIMachineView::sltPerformGuestResize: Omitting to send size-hint 800x600 to guest-screen 0 because frame-buffer is already of the same size.
00:00:58.131138 GUI: UIMediumEnumerator: Medium-enumeration finished!
00:02:30.407360 Shared Clipboard: New Clipboard API enabled
00:02:30.416277 Shared Clipboard: Initialized window thread OLE
00:02:32.744538 GUI: UIMediumEnumerator: Medium-enumeration started...
00:02:33.482211 GUI: UIMediumEnumerator: Medium-enumeration finished!
00:02:41.604539 Changing the VM state from 'RUNNING' to 'SUSPENDING'
00:02:41.605102 AIOMgr: Endpoint for file 'D:\Учеба\АСУЭП\ПР10\VM3-Client-ARM\VM3-Client-ARM.vdi' (flags 000c0781) created successfully
00:02:41.606041 PDMR3Suspend: 1 462 933 ns run time
00:02:41.606055 Changing the VM state from 'SUSPENDING' to 'SUSPENDED'
00:02:41.679177 IntNet#0: szNetwork={HostInterfaceNetworking-VirtualBox Host-Only Ethernet Adapter #2} enmTrunkType=4 szTrunk={VirtualBox Host-Only Ethernet Adapter #2} fFlags=0x8000 cbRecv=325632 cbSend=196608 fIgnoreConnectFailure=false
00:02:41.680270 Changing the VM state from 'SUSPENDED' to 'RESUMING'
00:02:41.680725 AIOMgr: Endpoint for file 'D:\Учеба\АСУЭП\ПР10\VM3-Client-ARM\VM3-Client-ARM.vdi' (flags 000c0723) created successfully
00:02:41.687987 Changing the VM state from 'RESUMING' to 'RUNNING'
00:02:41.730755 GUI: UIMediumEnumerator: Medium-enumeration finished!
00:02:44.903620 AIOMgr: Async flushes not supported
00:04:26.368088 GUI: UIMediumEnumerator: Medium-enumeration finished!
00:04:27.404986 GUI: UIMediumEnumerator: Medium-enumeration finished!
00:04:34.269121 GUI: UIMediumEnumerator: Medium-enumeration finished!
00:12:37.741995 GUI: UIMediumEnumerator: Medium-enumeration finished!
00:14:48.357418 GUI: UIMediumEnumerator: Medium-enumeration finished!
00:14:48.369095 GUI: UIMediumEnumerator: Medium-enumeration finished!
00:14:50.859924 GUI: UIMediumEnumerator: Medium-enumeration finished!
00:19:46.990992 GUI: UIMediumEnumerator: Medium-enumeration finished!
00:20:40.505529 GUI: UIMediumEnumerator: Medium-enumeration finished!
00:21:33.211555 GUI: UIMediumEnumerator: Medium-enumeration finished!
00:25:10.428401 Changing the VM state from 'RUNNING' to 'SUSPENDING'
00:25:10.437954 AIOMgr: Endpoint for file 'D:\Учеба\АСУЭП\ПР10\VM3-Client-ARM\VM3-Client-ARM.vdi' (flags 000c0781) created successfully
00:25:10.439884 PDMR3Suspend: 11 393 420 ns run time
00:25:10.439899 Changing the VM state from 'SUSPENDING' to 'SUSPENDED'
00:25:10.439909 Console: Machine state changed to 'Paused'
00:25:10.696123 VMMDevNotifyGuest: fAddEvents=0x80 ignored because enmVMState=15
00:25:11.889599 Changing the VM state from 'SUSPENDED' to 'RESUMING'
00:25:11.890225 AIOMgr: Endpoint for file 'D:\Учеба\АСУЭП\ПР10\VM3-Client-ARM\VM3-Client-ARM.vdi' (flags 000c0723) created successfully
00:25:11.894049 Changing the VM state from 'RESUMING' to 'RUNNING'
00:25:11.894076 Console: Machine state changed to 'Running'
00:25:11.896087 GUI: Request for close-action to shutdown VM.
00:25:11.896118 GUI: Sending ACPI shutdown signal..
00:25:11.990150 AIOMgr: Async flushes not supported
00:25:12.265893 GUI: UISession::sltAdditionsChange: GA state really changed, notifying listeners.
00:25:12.265967 GUI: UIMachineViewNormal::adjustGuestScreenSize: Adjust guest-screen size if necessary
00:25:12.265984 GUI: UIMachineLogicNormal::sltCheckForRequestedVisualStateType: Requested-state=1, Machine-state=6
00:25:12.270843 VMMDev: Guest Log: 19:47:15.208837 control  Guest control service stopped
00:25:12.270917 VMMDev: Guest Log: 19:47:15.208932 control  Guest control worker returned with rc=VINF_TRY_AGAIN
00:25:12.274117 VMMDev: Guest Log: 19:47:15.212142 main     Session 0 is about to close ...
00:25:12.274189 VMMDev: Guest Log: 19:47:15.212224 main     Stopping all guest processes ...
00:25:12.274218 VMMDev: Guest Log: 19:47:15.212254 main     Closing all guest files ...
00:25:12.278975 GUI: UISession::sltAdditionsChange: GA state doesn't really changed, still notifying listeners.
00:25:12.279001 GUI: UIMachineLogicNormal::sltCheckForRequestedVisualStateType: Requested-state=1, Machine-state=6
00:25:12.279748 VMMDev: Guest Log: 19:47:15.217768 main     Ended.
00:25:12.279818 GUI: UISession::sltAdditionsChange: GA state doesn't really changed, still notifying listeners.
00:25:12.279826 GUI: UIMachineLogicNormal::sltCheckForRequestedVisualStateType: Requested-state=1, Machine-state=6
00:25:12.386238 Display::i_handleDisplayResize: uScreenId=0 pvVRAM=0000000000000000 w=800 h=600 bpp=0 cbLine=0x0 flags=0x2 origin=0,0
00:25:12.395362 Display::i_handleDisplayResize: uScreenId=0 pvVRAM=000002358eb90000 w=1280 h=800 bpp=32 cbLine=0x1400 flags=0x1 origin=0,0
00:25:12.418740 GUI: UIMachineLogic: Guest-screen count changed
00:25:12.611170 Display::i_handleDisplayResize: uScreenId=0 pvVRAM=0000000000000000 w=1280 h=800 bpp=0 cbLine=0x0 flags=0x2 origin=0,0
00:25:12.612744 Display::i_handleDisplayResize: uScreenId=0 pvVRAM=000002358ef78000 w=800 h=600 bpp=32 cbLine=0xC80 flags=0x1 origin=0,0
00:25:12.628380 GUI: UIMachineLogic: Guest-screen count changed
00:25:12.700536 GUI: UIMachineView::sltPerformGuestResize: Omitting to send size-hint 800x600 to guest-screen 0 because frame-buffer is already of the same size.
00:25:12.918112 GUI: UIMachineView::sltPerformGuestResize: Omitting to send size-hint 800x600 to guest-screen 0 because frame-buffer is already of the same size.
00:25:19.060444 VMMDev: Guest Additions capability report: (0x4 -> 0x0) seamless: no, hostWindowMapping: no, graphics: no
00:25:19.061383 GUI: UISession::sltAdditionsChange: GA state really changed, notifying listeners.
00:25:19.061420 GUI: UIMachineViewNormal::adjustGuestScreenSize: Adjust guest-screen size if necessary
00:25:19.061435 GUI: UIMachineLogicNormal::sltCheckForRequestedVisualStateType: Requested-state=1, Machine-state=6
00:25:19.124812 OHCI: Software reset
00:25:19.837406 ACPI: Entering S5 power state (power down)
00:25:19.837475 Changing the VM state from 'RUNNING' to 'POWERING_OFF'
00:25:19.837488 ****************** Guest state at power off for VCpu 1 ******************
00:25:19.837495 Guest CPUM (VCPU 1) state: 
00:25:19.837501 rax=0000000000000000 rbx=0000000000000001 rcx=0000000000000000 rdx=0000000000000000
00:25:19.837503 rsi=0000000000000000 rdi=0000000000000000 r8 =0000000000000000 r9 =0000000000000000
00:25:19.837504 r10=0000000000000000 r11=0000000000000000 r12=ffff8d1f9bd198e0 r13=0000000000000000
00:25:19.837504 r14=0000000000000000 r15=0000000000000000
00:25:19.837505 rip=ffffffffa146b3d1 rsp=ffffd3a5800e8e40 rbp=ffffd3a5800e8e68 iopl=0         nv up di nt zr ac pe cy
00:25:19.837506 cs={0010 base=0000000000000000 limit=ffffffff flags=0000a09b}
00:25:19.837506 ds={0000 base=0000000000000000 limit=000fffff flags=00000000}
00:25:19.837507 es={0000 base=0000000000000000 limit=000fffff flags=00000000}
00:25:19.837507 fs={0000 base=0000000000000000 limit=000fffff flags=00000000}
00:25:19.837508 gs={0000 base=ffff8d1f9bd00000 limit=000fffff flags=00000000}
00:25:19.837508 ss={0018 base=0000000000000000 limit=ffffffff flags=0000c093}
00:25:19.837508 cr0=0000000080050033 cr2=00007b8302d141b0 cr3=0000000045c3c004 cr4=00000000000306f0
00:25:19.837509 dr0=0000000000000000 dr1=0000000000000000 dr2=0000000000000000 dr3=0000000000000000
00:25:19.837510 dr4=0000000000000000 dr5=0000000000000000 dr6=00000000ffff0ff0 dr7=0000000000000400
00:25:19.837510 gdtr=fffffe58f73d3000:007f  idtr=fffffe0000000000:0fff  eflags=00000093
00:25:19.837511 ldtr={0000 base=00000000 limit=000fffff flags=00000000}
00:25:19.837512 tr  ={0040 base=fffffe58f73d5000 limit=00004087 flags=0000008b}
00:25:19.837512 SysEnter={cs=0010 eip=ffffffffa28019b0 esp=fffffe58f73d5000}
00:25:19.837514 xcr=0000000000000001 xcr1=0000000000000000 xss=0000000000000000 (fXStateMask=0000000000000000)
00:25:19.837515 FCW=037f FSW=0000 FTW=0000 FOP=0000 MXCSR=00001f80 MXCSR_MASK=0000ffff
00:25:19.837516 FPUIP=00000000 CS=0000 Rsrvd1=0000  FPUDP=00000000 DS=0000 Rsvrd2=0000
00:25:19.837516 ST(0)=FPR0={0000'00000000'00000000} t0 +0.0000000000000000000000 * 2 ^ -16383 (*)
00:25:19.837518 ST(1)=FPR1={0000'00000000'00000000} t0 +0.0000000000000000000000 * 2 ^ -16383 (*)
00:25:19.837519 ST(2)=FPR2={0000'00000000'00000000} t0 +0.0000000000000000000000 * 2 ^ -16383 (*)
00:25:19.837519 ST(3)=FPR3={0000'00000000'00000000} t0 +0.0000000000000000000000 * 2 ^ -16383 (*)
00:25:19.837520 ST(4)=FPR4={0000'00000000'00000000} t0 +0.0000000000000000000000 * 2 ^ -16383 (*)
00:25:19.837520 ST(5)=FPR5={0000'00000000'00000000} t0 +0.0000000000000000000000 * 2 ^ -16383 (*)
00:25:19.837521 ST(6)=FPR6={0000'00000000'00000000} t0 +0.0000000000000000000000 * 2 ^ -16383 (*)
00:25:19.837521 ST(7)=FPR7={0000'00000000'00000000} t0 +0.0000000000000000000000 * 2 ^ -16383 (*)
00:25:19.837522 XMM0 =00000000'00000000'00000000'00000000  XMM1 =00000000'00000000'00000000'00000000
00:25:19.837523 XMM2 =00000000'00000000'00000000'00000000  XMM3 =00000000'00000000'00000000'00000000
00:25:19.837524 XMM4 =00000000'00000000'00000000'00000000  XMM5 =00000000'00000000'00000000'00000000
00:25:19.837524 XMM6 =00000000'00000000'00000000'00000000  XMM7 =00000000'00000000'00000000'00000000
00:25:19.837525 XMM8 =00007b83'02ebb9a0'00007b83'02ebb480  XMM9 =00000000'00000000'00000000'00000000
00:25:19.837526 XMM10=00000000'00000000'00000000'00000000  XMM11=00000000'00000000'00000000'00000000
00:25:19.837527 XMM12=00000000'00000000'00000000'00000000  XMM13=00000000'00000000'00000000'00000000
00:25:19.837528 XMM14=00000000'00000000'00000000'00000000  XMM15=00000000'00000000'00000000'00000000
00:25:19.837528 EFER         =0000000000000d01
00:25:19.837529 PAT          =0407050600070106
00:25:19.837529 STAR         =0023001000000000
00:25:19.837529 CSTAR        =0000000000000000
00:25:19.837530 LSTAR        =ffffffffa2800080
00:25:19.837530 SFMASK       =0000000000257fd5
00:25:19.837530 KERNELGSBASE =0000000000000000
00:25:19.837530 MTRR_CAP          =0000000000000510
00:25:19.837531 MTRR_DEF_TYPE     =0000000000000c00
00:25:19.837531 MTRR_FIX64K_00000 =0606060606060606
00:25:19.837531 MTRR_FIX16K_80000 =0606060606060606
00:25:19.837532 MTRR_FIX16K_A0000 =0000000000000000
00:25:19.837532 MTRR_FIX4K_C0000  =0505050505050505
00:25:19.837532 MTRR_FIX4K_C8000  =0505050505050505
00:25:19.837532 MTRR_FIX4K_D0000  =0505050505050505
00:25:19.837532 MTRR_FIX4K_D8000  =0505050505050505
00:25:19.837533 MTRR_FIX4K_E0000  =0505050505050505
00:25:19.837533 MTRR_FIX4K_E8000  =0505050505050505
00:25:19.837533 MTRR_FIX4K_F0000  =0505050505050505
00:25:19.837533 MTRR_FIX4K_F8000  =0505050505050505
00:25:19.837533 MTRR_PHYSBASE[ 0] =0000000000000006 First=0000000000000000      0 MB [WB]
00:25:19.837534 MTRR_PHYSMASK[ 0] =0000007f00000800 Last =00000000ffffffff   4095 MB [4096 MB]
00:25:19.837535 MTRR_PHYSBASE[ 1] =00000000e0000000 First=00000000e0000000   3584 MB [UC]
00:25:19.837536 MTRR_PHYSMASK[ 1] =0000007fe0000800 Last =00000000ffffffff   4095 MB [512 MB]
00:25:19.837536 MTRR_PHYSBASE[ 2] =0000000100000006 First=0000000100000000   4096 MB [WB]
00:25:19.837537 MTRR_PHYSMASK[ 2] =0000007fe0000800 Last =000000011fffffff   4607 MB [512 MB]
00:25:19.837538 MTRR_PHYSBASE[ 3] =0000000000000000
00:25:19.837538 MTRR_PHYSMASK[ 3] =0000000000000000
00:25:19.837538 MTRR_PHYSBASE[ 4] =0000000000000000
00:25:19.837538 MTRR_PHYSMASK[ 4] =0000000000000000
00:25:19.837539 MTRR_PHYSBASE[ 5] =0000000000000000
00:25:19.837539 MTRR_PHYSMASK[ 5] =0000000000000000
00:25:19.837539 MTRR_PHYSBASE[ 6] =0000000000000000
00:25:19.837539 MTRR_PHYSMASK[ 6] =0000000000000000
00:25:19.837539 MTRR_PHYSBASE[ 7] =0000000000000000
00:25:19.837540 MTRR_PHYSMASK[ 7] =0000000000000000
00:25:19.837540 MTRR_PHYSBASE[ 8] =0000000000000000
00:25:19.837540 MTRR_PHYSMASK[ 8] =0000000000000000
00:25:19.837540 MTRR_PHYSBASE[ 9] =0000000000000000
00:25:19.837540 MTRR_PHYSMASK[ 9] =0000000000000000
00:25:19.837541 MTRR_PHYSBASE[10] =0000000000000000
00:25:19.837541 MTRR_PHYSMASK[10] =0000000000000000
00:25:19.837541 MTRR_PHYSBASE[11] =0000000000000000
00:25:19.837541 MTRR_PHYSMASK[11] =0000000000000000
00:25:19.837542 MTRR_PHYSBASE[12] =0000000000000000
00:25:19.837542 MTRR_PHYSMASK[12] =0000000000000000
00:25:19.837542 MTRR_PHYSBASE[13] =0000000000000000
00:25:19.837542 MTRR_PHYSMASK[13] =0000000000000000
00:25:19.837542 MTRR_PHYSBASE[14] =0000000000000000
00:25:19.837543 MTRR_PHYSMASK[14] =0000000000000000
00:25:19.837543 MTRR_PHYSBASE[15] =0000000000000000
00:25:19.837543 MTRR_PHYSMASK[15] =0000000000000000
00:25:19.837545 ***
00:25:19.837548 VCPU[1] hardware virtualization state:
00:25:19.837548 fSavedInhibit                = 0x0
00:25:19.837548 In nested-guest hwvirt mode  = false
00:25:19.837549 Hwvirt state disabled.
00:25:19.837550 ***
00:25:19.837554 Guest paging mode (VCPU #1):  AMD64+NX (changed 2 times), A20 enabled (changed 0 times)
00:25:19.837555 Guest SLAT mode (VCPU #1): Direct
00:25:19.837556 Shadow paging mode (VCPU #1): None
00:25:19.837556 Host paging mode:             AMD64+G+NX
00:25:19.837557 ***
00:25:19.837557 ************** End of Guest state at power off for VCpu 1 ***************
00:25:19.837574 ****************** Guest state at power off for VCpu 0 ******************
00:25:19.837577 Guest CPUM (VCPU 0) state: 
00:25:19.837578 rax=0000000000001401 rbx=0000000000004004 rcx=0000000000000000 rdx=0000000000004004
00:25:19.837579 rsi=0000000000001401 rdi=0000000000004004 r8 =0000000000000000 r9 =0000000000000000
00:25:19.837580 r10=0000000000000000 r11=0000000000000000 r12=0000000000000000 r13=0000000000000010
00:25:19.837580 r14=0000000000001401 r15=0000000000000010
00:25:19.837580 rip=ffffffffa1dda459 rsp=ffffd3a5800137c8 rbp=ffffd3a5800137f0 iopl=0         nv up di pl nz na po nc
00:25:19.837581 cs={0010 base=0000000000000000 limit=ffffffff flags=0000a09b}
00:25:19.837582 ds={0000 base=0000000000000000 limit=000fffff flags=00000000}
00:25:19.837582 es={0000 base=0000000000000000 limit=000fffff flags=00000000}
00:25:19.837583 fs={0000 base=00007b83026bd900 limit=000fffff flags=00000000}
00:25:19.837583 gs={0000 base=ffff8d1f9bc00000 limit=000fffff flags=00000000}
00:25:19.837583 ss={0018 base=0000000000000000 limit=ffffffff flags=0000c093}
00:25:19.837584 cr0=0000000080050033 cr2=00007b83026be2a8 cr3=0000000109a8e004 cr4=00000000000306f0
00:25:19.837584 dr0=0000000000000000 dr1=0000000000000000 dr2=0000000000000000 dr3=0000000000000000
00:25:19.837585 dr4=0000000000000000 dr5=0000000000000000 dr6=00000000ffff0ff0 dr7=0000000000000400
00:25:19.837585 gdtr=fffffe278d879000:007f  idtr=fffffe0000000000:0fff  eflags=00000046
00:25:19.837586 ldtr={0000 base=00000000 limit=000fffff flags=00000000}
00:25:19.837587 tr  ={0040 base=fffffe278d87b000 limit=00004087 flags=0000008b}
00:25:19.837587 SysEnter={cs=0010 eip=ffffffffa28019b0 esp=fffffe278d87b000}
00:25:19.837588 xcr=0000000000000001 xcr1=0000000000000000 xss=0000000000000000 (fXStateMask=0000000000000000)
00:25:19.837588 FCW=037f FSW=0000 FTW=0000 FOP=0000 MXCSR=00001f80 MXCSR_MASK=0000ffff
00:25:19.837589 FPUIP=00000000 CS=0000 Rsrvd1=0000  FPUDP=00000000 DS=0000 Rsvrd2=0000
00:25:19.837589 ST(0)=FPR0={0000'00000000'00000000} t0 +0.0000000000000000000000 * 2 ^ -16383 (*)
00:25:19.837590 ST(1)=FPR1={0000'00000000'00000000} t0 +0.0000000000000000000000 * 2 ^ -16383 (*)
00:25:19.837591 ST(2)=FPR2={0000'00000000'00000000} t0 +0.0000000000000000000000 * 2 ^ -16383 (*)
00:25:19.837592 ST(3)=FPR3={0000'00000000'00000000} t0 +0.0000000000000000000000 * 2 ^ -16383 (*)
00:25:19.837592 ST(4)=FPR4={0000'00000000'00000000} t0 +0.0000000000000000000000 * 2 ^ -16383 (*)
00:25:19.837593 ST(5)=FPR5={0000'00000000'00000000} t0 +0.0000000000000000000000 * 2 ^ -16383 (*)
00:25:19.837593 ST(6)=FPR6={0000'00000000'00000000} t0 +0.0000000000000000000000 * 2 ^ -16383 (*)
00:25:19.837594 ST(7)=FPR7={0000'00000000'00000000} t0 +0.0000000000000000000000 * 2 ^ -16383 (*)
00:25:19.837595 XMM0 =00000000'00000000'00000000'00000000  XMM1 =00000000'00000000'00000000'00000000
00:25:19.837595 XMM2 =00000000'00000000'00000000'00000000  XMM3 =00000000'00000000'00000000'00000000
00:25:19.837596 XMM4 =0000ff00'00000000'00000000'00000000  XMM5 =00000000'00000000'00ff0000'00000000
00:25:19.837597 XMM6 =00000000'00000000'00000000'00000000  XMM7 =000056b1'aa26cc10'000056b1'aa26cbf0
00:25:19.837598 XMM8 =00007b83'02ebb9a0'00007b83'02ebb480  XMM9 =00000000'00000000'00000000'00000000
00:25:19.837599 XMM10=00000000'00000000'00000000'00000000  XMM11=00000000'00000000'00000000'00000000
00:25:19.837600 XMM12=00000000'00000000'00000000'00000000  XMM13=00000000'00000000'00000000'00000000
00:25:19.837600 XMM14=00000000'00000000'00000000'00000000  XMM15=00000000'00000000'00000000'00000000
00:25:19.837601 EFER         =0000000000000d01
00:25:19.837601 PAT          =0407050600070106
00:25:19.837602 STAR         =0023001000000000
00:25:19.837602 CSTAR        =0000000000000000
00:25:19.837602 LSTAR        =ffffffffa2800080
00:25:19.837602 SFMASK       =0000000000257fd5
00:25:19.837602 KERNELGSBASE =0000000000000000
00:25:19.837603 MTRR_CAP          =0000000000000510
00:25:19.837603 MTRR_DEF_TYPE     =0000000000000c00
00:25:19.837603 MTRR_FIX64K_00000 =0606060606060606
00:25:19.837603 MTRR_FIX16K_80000 =0606060606060606
00:25:19.837604 MTRR_FIX16K_A0000 =0000000000000000
00:25:19.837604 MTRR_FIX4K_C0000  =0505050505050505
00:25:19.837604 MTRR_FIX4K_C8000  =0505050505050505
00:25:19.837604 MTRR_FIX4K_D0000  =0505050505050505
00:25:19.837604 MTRR_FIX4K_D8000  =0505050505050505
00:25:19.837605 MTRR_FIX4K_E0000  =0505050505050505
00:25:19.837605 MTRR_FIX4K_E8000  =0505050505050505
00:25:19.837605 MTRR_FIX4K_F0000  =0505050505050505
00:25:19.837605 MTRR_FIX4K_F8000  =0505050505050505
00:25:19.837605 MTRR_PHYSBASE[ 0] =0000000000000006 First=0000000000000000      0 MB [WB]
00:25:19.837606 MTRR_PHYSMASK[ 0] =0000007f00000800 Last =00000000ffffffff   4095 MB [4096 MB]
00:25:19.837607 MTRR_PHYSBASE[ 1] =00000000e0000000 First=00000000e0000000   3584 MB [UC]
00:25:19.837607 MTRR_PHYSMASK[ 1] =0000007fe0000800 Last =00000000ffffffff   4095 MB [512 MB]
00:25:19.837608 MTRR_PHYSBASE[ 2] =0000000100000006 First=0000000100000000   4096 MB [WB]
00:25:19.837608 MTRR_PHYSMASK[ 2] =0000007fe0000800 Last =000000011fffffff   4607 MB [512 MB]
00:25:19.837609 MTRR_PHYSBASE[ 3] =0000000000000000
00:25:19.837609 MTRR_PHYSMASK[ 3] =0000000000000000
00:25:19.837609 MTRR_PHYSBASE[ 4] =0000000000000000
00:25:19.837610 MTRR_PHYSMASK[ 4] =0000000000000000
00:25:19.837610 MTRR_PHYSBASE[ 5] =0000000000000000
00:25:19.837610 MTRR_PHYSMASK[ 5] =0000000000000000
00:25:19.837610 MTRR_PHYSBASE[ 6] =0000000000000000
00:25:19.837610 MTRR_PHYSMASK[ 6] =0000000000000000
00:25:19.837611 MTRR_PHYSBASE[ 7] =0000000000000000
00:25:19.837611 MTRR_PHYSMASK[ 7] =0000000000000000
00:25:19.837611 MTRR_PHYSBASE[ 8] =0000000000000000
00:25:19.837611 MTRR_PHYSMASK[ 8] =0000000000000000
00:25:19.837611 MTRR_PHYSBASE[ 9] =0000000000000000
00:25:19.837612 MTRR_PHYSMASK[ 9] =0000000000000000
00:25:19.837612 MTRR_PHYSBASE[10] =0000000000000000
00:25:19.837612 MTRR_PHYSMASK[10] =0000000000000000
00:25:19.837612 MTRR_PHYSBASE[11] =0000000000000000
00:25:19.837613 MTRR_PHYSMASK[11] =0000000000000000
00:25:19.837613 MTRR_PHYSBASE[12] =0000000000000000
00:25:19.837613 MTRR_PHYSMASK[12] =0000000000000000
00:25:19.837613 MTRR_PHYSBASE[13] =0000000000000000
00:25:19.837613 MTRR_PHYSMASK[13] =0000000000000000
00:25:19.837614 MTRR_PHYSBASE[14] =0000000000000000
00:25:19.837614 MTRR_PHYSMASK[14] =0000000000000000
00:25:19.837614 MTRR_PHYSBASE[15] =0000000000000000
00:25:19.837614 MTRR_PHYSMASK[15] =0000000000000000
00:25:19.837615 ***
00:25:19.837616 VCPU[0] hardware virtualization state:
00:25:19.837616 fSavedInhibit                = 0x0
00:25:19.837616 In nested-guest hwvirt mode  = false
00:25:19.837617 Hwvirt state disabled.
00:25:19.837617 ***
00:25:19.837618 Guest paging mode (VCPU #0):  AMD64+NX (changed 135 times), A20 enabled (changed 2 times)
00:25:19.837619 Guest SLAT mode (VCPU #0): Direct
00:25:19.837619 Shadow paging mode (VCPU #0): None
00:25:19.837619 Host paging mode:             AMD64+G+NX
00:25:19.837620 ***
00:25:19.837621 Active Timers (pVM=000002348d230000)
00:25:19.837622 pTimerR3         offNext  offPrev  offSched Clock               Time             Expire HzHint State                     Description
00:25:19.837623 000002358e3c0180 00000007 ffffffff ffffffff Real           826445356          826445374      0 2-ACTIVE                  VGA Refresh
00:25:19.837627 000002358e3c0380 ffffffff 00000003 ffffffff Real           826445356          826445519      0 2-ACTIVE                  CPU Load Timer
00:25:19.837628 0000023590380400 00000005 ffffffff ffffffff Virt       1504039715090      1505534115693      0 2-ACTIVE                  E1000 Link Up
00:25:19.837629 0000023590380280 ffffffff 00000008 ffffffff Virt       1504039716332      1507991205492      0 2-ACTIVE                  Heartbeat flatlined
00:25:19.837630 000002358e520100 00000005 ffffffff ffffffff VrSy       1504039717490      1504114836106      1 2-ACTIVE                  APIC Timer 1
00:25:19.837631 000002358e520280 0000000a 00000002 ffffffff VrSy       1504039718752      1504990000000      0 2-ACTIVE                  MC146818 RTC Second
00:25:19.837633 000002358e520500 ffffffff 00000005 ffffffff VrSy       1504039719990      1799796047823      0 2-ACTIVE                  ACPI PM
00:25:19.837634 ***
00:25:19.837636 Guest GDT (GCAddr=fffffe278d879000 limit=7f):
00:25:19.837641 0008 - 0000ffff 00cf9b00 - base=00000000 limit=ffffffff dpl=0 CodeER Accessed Present Page 32-bit 
00:25:19.837642 0010 - 0000ffff 00af9b00 - base=00000000 limit=ffffffff dpl=0 CodeER Accessed Present Page 16-bit 
00:25:19.837642 0018 - 0000ffff 00cf9300 - base=00000000 limit=ffffffff dpl=0 DataRW Accessed Present Page 32-bit 
00:25:19.837643 0020 - 0000ffff 00cffb00 - base=00000000 limit=ffffffff dpl=3 CodeER Accessed Present Page 32-bit 
00:25:19.837643 0028 - 0000ffff 00cff300 - base=00000000 limit=ffffffff dpl=3 DataRW Accessed Present Page 32-bit 
00:25:19.837644 0030 - 0000ffff 00affb00 - base=00000000 limit=ffffffff dpl=3 CodeER Accessed Present Page 16-bit 
00:25:19.837645 0040 - b0004087 8d008b87 - base=8d87b000 limit=00004087 dpl=0 TSS32Busy Present 16-bit 
00:25:19.837646 0078 - 00000000 0040f500 - base=00000000 limit=00000000 dpl=3 DataDownRO Accessed Present 32-bit 
00:25:19.837647 ************** End of Guest state at power off ***************
00:25:19.837694 Display::i_handleDisplayResize: uScreenId=0 pvVRAM=0000000000000000 w=800 h=600 bpp=0 cbLine=0x0 flags=0x2 origin=0,0
00:25:19.845482 PDMR3PowerOff: 7 824 722 ns run time
00:25:19.845513 Changing the VM state from 'POWERING_OFF' to 'OFF'
00:25:19.845737 Console: Machine state changed to 'Stopping'
00:25:19.846635 Console::powerDown(): A request to power off the VM has been issued (mMachineState=Stopping, InUninit=0)
00:25:19.857839 Changing the VM state from 'OFF' to 'DESTROYING'
00:25:19.858536 ************************* Statistics *************************
00:25:19.858553 /CPUM/MSR-Totals/Reads                 39 times
00:25:19.858558 /CPUM/MSR-Totals/ReadsRaisingGP         0 times
00:25:19.858561 /CPUM/MSR-Totals/ReadsUnknown          10 times
00:25:19.858564 /CPUM/MSR-Totals/Writes                 3 times
00:25:19.858568 /CPUM/MSR-Totals/WritesRaisingGP        0 times
00:25:19.858571 /CPUM/MSR-Totals/WritesToIgnoredBits        0 times
00:25:19.858574 /CPUM/MSR-Totals/WritesUnknown          0 times
00:25:19.858578 /Devices/8237A/DmaRun                   0 ticks/call (           0 ticks,       0 calls, max         0, min      -1)
00:25:19.858582 /Devices/IDE0/ATA0/Unit0/AtapiDMA        0 times
00:25:19.858586 /Devices/IDE0/ATA0/Unit0/AtapiPIO        0 times
00:25:19.858589 /Devices/IDE0/ATA0/Unit0/DMA            0 times
00:25:19.858591 /Devices/IDE0/ATA0/Unit0/PIO            0 times
00:25:19.858598 /Devices/IDE0/ATA0/Unit0/ReadBytes        0 bytes
00:25:19.858603 /Devices/IDE0/ATA0/Unit0/StatusYields        0 ticks/call (           0 ticks,       0 calls, max         0, min      -1)
00:25:19.858607 /Devices/IDE0/ATA0/Unit0/WrittenBytes        0 bytes
00:25:19.858610 /Devices/IDE0/ATA0/Unit1/AtapiDMA        0 times
00:25:19.858614 /Devices/IDE0/ATA0/Unit1/AtapiPIO        0 times
00:25:19.858617 /Devices/IDE0/ATA0/Unit1/DMA            0 times
00:25:19.858620 /Devices/IDE0/ATA0/Unit1/PIO            0 times
00:25:19.858623 /Devices/IDE0/ATA0/Unit1/ReadBytes        0 bytes
00:25:19.858626 /Devices/IDE0/ATA0/Unit1/StatusYields        0 ticks/call (           0 ticks,       0 calls, max         0, min      -1)
00:25:19.858629 /Devices/IDE0/ATA0/Unit1/WrittenBytes        0 bytes
00:25:19.858633 /Devices/IDE0/ATA1/Unit0/AtapiDMA       91 times
00:25:19.858635 /Devices/IDE0/ATA1/Unit0/AtapiPIO      808 times
00:25:19.858638 /Devices/IDE0/ATA1/Unit0/DMA            0 times
00:25:19.858641 /Devices/IDE0/ATA1/Unit0/PIO            0 times
00:25:19.858645 /Devices/IDE0/ATA1/Unit0/ReadBytes   505856 bytes
00:25:19.858648 /Devices/IDE0/ATA1/Unit0/StatusYields  3643444 ticks/call (    94729562 ticks,      26 calls, max  87582689, min    1536)
00:25:19.858652 /Devices/IDE0/ATA1/Unit0/WrittenBytes        0 bytes
00:25:19.858656 /Devices/IDE0/ATA1/Unit1/AtapiDMA        0 times
00:25:19.858659 /Devices/IDE0/ATA1/Unit1/AtapiPIO        0 times
00:25:19.858662 /Devices/IDE0/ATA1/Unit1/DMA            0 times
00:25:19.858665 /Devices/IDE0/ATA1/Unit1/PIO            0 times
00:25:19.858668 /Devices/IDE0/ATA1/Unit1/ReadBytes        0 bytes
00:25:19.858671 /Devices/IDE0/ATA1/Unit1/StatusYields        0 ticks/call (           0 ticks,       0 calls, max         0, min      -1)
00:25:19.858675 /Devices/IDE0/ATA1/Unit1/WrittenBytes        0 bytes
00:25:19.858678 /Devices/VMMDev/BalloonChunks           0 count
00:25:19.858682 /Devices/VMMDev/FastIrqAckR3         3306 count
00:25:19.858685 /Devices/VMMDev/FastIrqAckRZ            0 count
00:25:19.858688 /Devices/VMMDev/HGCM-Kernel/BudgetAvailable 703670613 bytes
00:25:19.858692 /Devices/VMMDev/HGCM-Kernel/BudgetConfig 703670613 bytes
00:25:19.858695 /Devices/VMMDev/HGCM-Kernel/BudgetOverruns        0 bytes
00:25:19.858698 /Devices/VMMDev/HGCM-Kernel/MessageHeapUsage      608 bytes/call (        9131 bytes,      15 calls, max      1562, min     504)
00:25:19.858702 /Devices/VMMDev/HGCM-Root/BudgetAvailable 703670613 bytes
00:25:19.858705 /Devices/VMMDev/HGCM-Root/BudgetConfig 703670613 bytes
00:25:19.858708 /Devices/VMMDev/HGCM-Root/BudgetOverruns        0 bytes
00:25:19.858711 /Devices/VMMDev/HGCM-Root/MessageHeapUsage      675 bytes/call (     2389945 bytes,    3537 calls, max      4629, min     504)
00:25:19.858715 /Devices/VMMDev/HGCM-User/BudgetAvailable 703670613 bytes
00:25:19.858718 /Devices/VMMDev/HGCM-User/BudgetConfig 703670613 bytes
00:25:19.858721 /Devices/VMMDev/HGCM-User/BudgetOverruns        0 bytes
00:25:19.858724 /Devices/VMMDev/HGCM-User/MessageHeapUsage   314313 bytes/call (    27973925 bytes,      89 calls, max   2225272, min     504)
00:25:19.858728 /Devices/VMMDev/LargeReqBufAllocs       12 count
00:25:19.858731 /Devices/VMMDev/SlowIrqAck              0 count
00:25:19.858734 /Devices/apic/0                    204639 times
00:25:19.858741 /Devices/apic/0/Vectors/21             28 times
00:25:19.858744 /Devices/apic/0/Vectors/22            138 times
00:25:19.858747 /Devices/apic/0/Vectors/24           3341 times
00:25:19.858755 /Devices/apic/0/Vectors/25              2 times
00:25:19.858758 /Devices/apic/0/Vectors/26           1004 times
00:25:19.858762 /Devices/apic/0/Vectors/30            204 times
00:25:19.858774 /Devices/apic/0/Vectors/ec         142714 times
00:25:19.858779 /Devices/apic/0/Vectors/fb          56476 times
00:25:19.858782 /Devices/apic/0/Vectors/fd            732 times
00:25:19.858786 /Devices/apic/1                    220088 times
00:25:19.858790 /Devices/apic/1/Vectors/20              1 times
00:25:19.858794 /Devices/apic/1/Vectors/21           1763 times
00:25:19.858798 /Devices/apic/1/Vectors/22            161 times
00:25:19.858802 /Devices/apic/1/Vectors/23            216 times
00:25:19.858805 /Devices/apic/1/Vectors/24          23795 times
00:25:19.858808 /Devices/apic/1/Vectors/25              1 times
00:25:19.858819 /Devices/apic/1/Vectors/ec         154744 times
00:25:19.858823 /Devices/apic/1/Vectors/f6             11 times
00:25:19.858826 /Devices/apic/1/Vectors/f8              1 times
00:25:19.858830 /Devices/apic/1/Vectors/fb          38630 times
00:25:19.858833 /Devices/apic/1/Vectors/fd            766 times
00:25:19.858836 /Devices/e1000#0/ReceiveBytes      379982 bytes
00:25:19.858840 /Devices/e1000#0/TransmitBytes      40175 bytes
00:25:19.858843 /Devices/e1000#0/iStatIntLost           0 ns
00:25:19.858847 /Devices/e1000#0/iStatIntLostOne        0 ns
00:25:19.858850 /Devices/e1000#0/u64ArmedAt             0 ns
00:25:19.858853 /Devices/e1000#0/uStatDescCtx         259 ns
00:25:19.858856 /Devices/e1000#0/uStatDescDat         270 ns
00:25:19.858860 /Devices/e1000#0/uStatDescLeg         100 ns
00:25:19.858863 /Devices/e1000#0/uStatInt            1229 ns
00:25:19.858866 /Devices/e1000#0/uStatIntEarly          0 ns
00:25:19.858869 /Devices/e1000#0/uStatIntICS          721 ns
00:25:19.858872 /Devices/e1000#0/uStatIntIMS           71 ns
00:25:19.858876 /Devices/e1000#0/uStatIntLate          65 ns
00:25:19.858879 /Devices/e1000#0/uStatIntLower          9 ns
00:25:19.858883 /Devices/e1000#0/uStatIntMasked       294 ns
00:25:19.858885 /Devices/e1000#0/uStatIntRDTR           0 ns
00:25:19.858889 /Devices/e1000#0/uStatIntRXDMT0         0 ns
00:25:19.858892 /Devices/e1000#0/uStatIntRx           472 ns
00:25:19.858895 /Devices/e1000#0/uStatIntSkip         459 ns
00:25:19.858899 /Devices/e1000#0/uStatIntTXQE           0 ns
00:25:19.858902 /Devices/e1000#0/uStatIntTry         1982 ns
00:25:19.858905 /Devices/e1000#0/uStatIntTx           359 ns
00:25:19.858909 /Devices/e1000#0/uStatMaxTxDelay        0 ns
00:25:19.858912 /Devices/e1000#0/uStatNoIntICR          0 ns
00:25:19.858915 /Devices/e1000#0/uStatRAD               0 ns
00:25:19.858919 /Devices/e1000#0/uStatRID               0 ns
00:25:19.858922 /Devices/e1000#0/uStatRxFrm           472 ns
00:25:19.858926 /Devices/e1000#0/uStatTAD               0 ns
00:25:19.858929 /Devices/e1000#0/uStatTID               0 ns
00:25:19.858933 /Devices/e1000#0/uStatTx1514          359 ns
00:25:19.858936 /Devices/e1000#0/uStatTx16384           0 ns
00:25:19.858939 /Devices/e1000#0/uStatTx2962            0 ns
00:25:19.858943 /Devices/e1000#0/uStatTx32768           0 ns
00:25:19.858946 /Devices/e1000#0/uStatTx4410            0 ns
00:25:19.858949 /Devices/e1000#0/uStatTx5858            0 ns
00:25:19.858952 /Devices/e1000#0/uStatTx7306            0 ns
00:25:19.858956 /Devices/e1000#0/uStatTx8754            0 ns
00:25:19.858959 /Devices/e1000#0/uStatTxDelayExp        0 ns
00:25:19.858963 /Devices/e1000#0/uStatTxDelayed         0 ns
00:25:19.858966 /Devices/e1000#0/uStatTxFrm           359 ns
00:25:19.858969 /Devices/e1000#0/uStatTxIDE             0 ns
00:25:19.858972 /Devices/e1000#0/uStatTxLarge           0 ns
00:25:19.858976 /Devices/e1000#0/uStatTxNoRS          270 ns
00:25:19.858979 /Devices/ichac97/Stream0/DMABufSize    13232 bytes
00:25:19.858984 /Devices/ichac97/Stream0/FrameSize        4 bytes
00:25:19.858987 /Devices/ichac97/Stream0/Hz         44100 Hz
00:25:19.858990 /Devices/ichac97/Stream0/ReSetUp-Change     1070 ns/call (       10701 ns,      10 calls, max      3208, min     580)
00:25:19.858994 /Devices/ichac97/Stream0/Reset       3628 ns/call (       10885 ns,       3 calls, max     10455, min     151)
00:25:19.858998 /Devices/ichac97/Stream0/Start     411765 ns/call (      823530 ns,       2 calls, max    817256, min    6274)
00:25:19.859002 /Devices/ichac97/Stream0/Stop        1960 ns/call (        3920 ns,       2 calls, max      2232, min    1688)
00:25:19.859007 /Devices/ichac97/Stream0/WriteBdBar       17 times
00:25:19.859011 /Devices/ichac97/Stream0/WriteCr        8 times
00:25:19.859015 /Devices/ichac97/Stream0/WriteLvi      429 times
00:25:19.859018 /Devices/ichac97/Stream0/WriteSr-1byte      429 times
00:25:19.859022 /Devices/ichac97/Stream0/cbTransferChunk     1324 bytes
00:25:19.859025 /Devices/ichac97/Stream0/reg-CR         0 
00:25:19.859029 /Devices/ichac97/Stream0/reg-SR         1 
00:25:19.859032 /Devices/ichac97/Stream1/DMABufSize    19200 bytes
00:25:19.859036 /Devices/ichac97/Stream1/DMASkippedDch       73 times
00:25:19.859039 /Devices/ichac97/Stream1/DMASkippedPendingBCIS        8 times
00:25:19.859042 /Devices/ichac97/Stream1/FrameSize        4 bytes
00:25:19.859046 /Devices/ichac97/Stream1/Hz         48000 Hz
00:25:19.859049 /Devices/ichac97/Stream1/ReSetUp-Change     1061 ns/call (        9552 ns,       9 calls, max      2532, min     574)
00:25:19.859053 /Devices/ichac97/Stream1/Reset        303 ns/call (         911 ns,       3 calls, max       442, min     209)
00:25:19.859057 /Devices/ichac97/Stream1/Start     206617 ns/call (      413234 ns,       2 calls, max    404164, min    9070)
00:25:19.859061 /Devices/ichac97/Stream1/Stop        4740 ns/call (        9481 ns,       2 calls, max      5446, min    4035)
00:25:19.859064 /Devices/ichac97/Stream1/WriteBdBar       15 times
00:25:19.859068 /Devices/ichac97/Stream1/WriteCr        8 times
00:25:19.859071 /Devices/ichac97/Stream1/WriteLvi      325 times
00:25:19.859074 /Devices/ichac97/Stream1/WriteSr-1byte      325 times
00:25:19.859078 /Devices/ichac97/Stream1/cbTransferChunk      960 bytes
00:25:19.859081 /Devices/ichac97/Stream1/offRead  1990116 bytes
00:25:19.859084 /Devices/ichac97/Stream1/reg-CR         0 
00:25:19.859088 /Devices/ichac97/Stream1/reg-SR         1 
00:25:19.859091 /Devices/ichac97/Stream2/ReSetUp-Change      660 ns/call (        5944 ns,       9 calls, max      1175, min     217)
00:25:19.859095 /Devices/ichac97/Stream2/Reset        356 ns/call (         356 ns,       1 calls, max       356, min     356)
00:25:19.859099 /Devices/ichac97/Stream2/WriteBdBar        1 times
00:25:19.859102 /Devices/ichac97/Stream2/WriteCr        2 times
00:25:19.859106 /Devices/ichac97/Stream2/reg-CR         0 
00:25:19.859109 /Devices/ichac97/Stream2/reg-SR         1 
00:25:19.859112 /Devices/ichac97/UnimplementedNabmReads        0 times
00:25:19.859116 /Devices/ichac97/UnimplementedNabmWrites       30 times
00:25:19.859119 /Devices/ichac97/UnimplementedNamReads        0 times
00:25:19.859122 /Devices/ichac97/UnimplementedNamWrites       94 times
00:25:19.859142 /Devices/mc146818/Irq                   0 times
00:25:19.859146 /Devices/mc146818/IrqClear              0 times
00:25:19.859149 /Devices/mc146818/PiActive              0 ticks/call (           0 ticks,       0 calls, max         0, min      -1)
00:25:19.859153 /Devices/mc146818/PieFlip               0 times
00:25:19.859156 /Devices/mc146818/TimerCB               0 times
00:25:19.859160 /Devices/vga/HgmsiMdaCgaAccesses        0 times
00:25:19.859163 /Devices/vga/VMSVGA/Cmd/3dActivateSurface        0 times
00:25:19.859167 /Devices/vga/VMSVGA/Cmd/3dBeginQuery        0 times
00:25:19.859170 /Devices/vga/VMSVGA/Cmd/3dBlitSurfaceToScreenProf        0 ticks/call (           0 ticks,       0 calls, max         0, min      -1)
00:25:19.859174 /Devices/vga/VMSVGA/Cmd/3dClear         0 times
00:25:19.859177 /Devices/vga/VMSVGA/Cmd/3dContextDefine        0 times
00:25:19.859180 /Devices/vga/VMSVGA/Cmd/3dContextDestroy        0 times
00:25:19.859184 /Devices/vga/VMSVGA/Cmd/3dDeactivateSurface        0 times
00:25:19.859187 /Devices/vga/VMSVGA/Cmd/3dDrawPrimitives        0 times
00:25:19.859190 /Devices/vga/VMSVGA/Cmd/3dEndQuery        0 times
00:25:19.859193 /Devices/vga/VMSVGA/Cmd/3dGenerateMipmaps        0 times
00:25:19.859196 /Devices/vga/VMSVGA/Cmd/3dPresent        0 times
00:25:19.859199 /Devices/vga/VMSVGA/Cmd/3dPresentReadBack        0 times
00:25:19.859202 /Devices/vga/VMSVGA/Cmd/3dSetClipPlane        0 times
00:25:19.859206 /Devices/vga/VMSVGA/Cmd/3dSetLightData        0 times
00:25:19.859210 /Devices/vga/VMSVGA/Cmd/3dSetLightEnable        0 times
00:25:19.859213 /Devices/vga/VMSVGA/Cmd/3dSetMaterial        0 times
00:25:19.859217 /Devices/vga/VMSVGA/Cmd/3dSetRenderState        0 times
00:25:19.859220 /Devices/vga/VMSVGA/Cmd/3dSetRenderTarget        0 times
00:25:19.859223 /Devices/vga/VMSVGA/Cmd/3dSetScissorRect        0 times
00:25:19.859226 /Devices/vga/VMSVGA/Cmd/3dSetShader        0 times
00:25:19.859229 /Devices/vga/VMSVGA/Cmd/3dSetShaderConst        0 times
00:25:19.859232 /Devices/vga/VMSVGA/Cmd/3dSetTextureState        0 times
00:25:19.859235 /Devices/vga/VMSVGA/Cmd/3dSetTransform        0 times
00:25:19.859238 /Devices/vga/VMSVGA/Cmd/3dSetViewPort        0 times
00:25:19.859241 /Devices/vga/VMSVGA/Cmd/3dSetZRange        0 times
00:25:19.859245 /Devices/vga/VMSVGA/Cmd/3dShaderDefine        0 times
00:25:19.859248 /Devices/vga/VMSVGA/Cmd/3dShaderDestroy        0 times
00:25:19.859252 /Devices/vga/VMSVGA/Cmd/3dSurfaceCopy        0 times
00:25:19.859255 /Devices/vga/VMSVGA/Cmd/3dSurfaceDefine        0 times
00:25:19.859258 /Devices/vga/VMSVGA/Cmd/3dSurfaceDefineV2        0 times
00:25:19.859262 /Devices/vga/VMSVGA/Cmd/3dSurfaceDestroy        0 times
00:25:19.859265 /Devices/vga/VMSVGA/Cmd/3dSurfaceDma        0 times
00:25:19.859269 /Devices/vga/VMSVGA/Cmd/3dSurfaceScreen        0 times
00:25:19.859272 /Devices/vga/VMSVGA/Cmd/3dSurfaceStretchBlt        0 times
00:25:19.859275 /Devices/vga/VMSVGA/Cmd/3dWaitForQuery        0 times
00:25:19.859278 /Devices/vga/VMSVGA/Cmd/AnnotationCopy        0 times
00:25:19.859281 /Devices/vga/VMSVGA/Cmd/AnnotationFill        0 times
00:25:19.859284 /Devices/vga/VMSVGA/Cmd/BlitGmrFbToScreen     2160 times
00:25:19.859287 /Devices/vga/VMSVGA/Cmd/BlitScreentoGmrFb        0 times
00:25:19.859300 /Devices/vga/VMSVGA/Cmd/DefineAlphaCursor       91 times
00:25:19.859304 /Devices/vga/VMSVGA/Cmd/DefineCursor        0 times
00:25:19.859308 /Devices/vga/VMSVGA/Cmd/DefineGmr2        3 times
00:25:19.859311 /Devices/vga/VMSVGA/Cmd/DefineGmr2/Free        1 times
00:25:19.859315 /Devices/vga/VMSVGA/Cmd/DefineGmr2/Modify        0 times
00:25:19.859318 /Devices/vga/VMSVGA/Cmd/DefineGmrFb     2160 times
00:25:19.859322 /Devices/vga/VMSVGA/Cmd/DefineScreen        4 times
00:25:19.859325 /Devices/vga/VMSVGA/Cmd/DestroyScreen        3 times
00:25:19.859328 /Devices/vga/VMSVGA/Cmd/DisplayCursor        0 times
00:25:19.859331 /Devices/vga/VMSVGA/Cmd/Escape          0 times
00:25:19.859335 /Devices/vga/VMSVGA/Cmd/Fence        2160 times
00:25:19.859338 /Devices/vga/VMSVGA/Cmd/InvalidCmd        0 times
00:25:19.859342 /Devices/vga/VMSVGA/Cmd/MoveCursor        0 times
00:25:19.859345 /Devices/vga/VMSVGA/Cmd/RectCopy        0 times
00:25:19.859349 /Devices/vga/VMSVGA/Cmd/RectFill        0 times
00:25:19.859352 /Devices/vga/VMSVGA/Cmd/RectRopCopy        0 times
00:25:19.859356 /Devices/vga/VMSVGA/Cmd/RemapGmr2        2 times
00:25:19.859359 /Devices/vga/VMSVGA/Cmd/RemapGmr2/Modify        0 times
00:25:19.859362 /Devices/vga/VMSVGA/Cmd/Update          0 times
00:25:19.859366 /Devices/vga/VMSVGA/Cmd/UpdateVerbose        0 times
00:25:19.859370 /Devices/vga/VMSVGA/EmtDelayOnBusyFifo        0 ticks/call (           0 ticks,       0 calls, max         0, min      -1)
00:25:19.859374 /Devices/vga/VMSVGA/FifoCommands        0 times
00:25:19.859378 /Devices/vga/VMSVGA/FifoCursorFetchAgain        0 times
00:25:19.859381 /Devices/vga/VMSVGA/FifoCursorNoChange       73 times
00:25:19.859385 /Devices/vga/VMSVGA/FifoCursorPosition     1166 times
00:25:19.859388 /Devices/vga/VMSVGA/FifoCursorVisiblity        6 times
00:25:19.859392 /Devices/vga/VMSVGA/FifoErrors          0 times
00:25:19.859395 /Devices/vga/VMSVGA/FifoExtendedSleep 5808426839 ticks/call (3763860591829 ticks,     648 calls, max 39177073074, min    2940)
00:25:19.859400 /Devices/vga/VMSVGA/FifoStalls          0 ticks/call (           0 ticks,       0 calls, max         0, min      -1)
00:25:19.859404 /Devices/vga/VMSVGA/FifoTodoTimeout      532 times
00:25:19.859409 /Devices/vga/VMSVGA/FifoTodoWoken     2565 times
00:25:19.859412 /Devices/vga/VMSVGA/FifoUnknownCommands        0 times
00:25:19.859415 /Devices/vga/VMSVGA/FifoWatchdogWakeUps      274 times
00:25:19.859419 /Devices/vga/VMSVGA/Reg/BitsPerPixelRead        0 times
00:25:19.859422 /Devices/vga/VMSVGA/Reg/BitsPerPixelWrite        0 times
00:25:19.859425 /Devices/vga/VMSVGA/Reg/BlueMaskRead        0 times
00:25:19.859429 /Devices/vga/VMSVGA/Reg/BusyRead        3 times
00:25:19.859432 /Devices/vga/VMSVGA/Reg/BusyWrite        0 times
00:25:19.859435 /Devices/vga/VMSVGA/Reg/BytesPerLineRead        0 times
00:25:19.859438 /Devices/vga/VMSVGA/Reg/CapabilitesRead        1 times
00:25:19.859442 /Devices/vga/VMSVGA/Reg/CmdPrependHighRead        0 times
00:25:19.859445 /Devices/vga/VMSVGA/Reg/CmdPrependHighWrite        0 times
00:25:19.859448 /Devices/vga/VMSVGA/Reg/CmdPrependLowRead        0 times
00:25:19.859451 /Devices/vga/VMSVGA/Reg/CmdPrependLowWrite        0 times
00:25:19.859454 /Devices/vga/VMSVGA/Reg/CommandHighRead        0 times
00:25:19.859457 /Devices/vga/VMSVGA/Reg/CommandHighWrite     2256 times
00:25:19.859461 /Devices/vga/VMSVGA/Reg/CommandLowRead        0 times
00:25:19.859464 /Devices/vga/VMSVGA/Reg/CommandLowWrite     2256 times
00:25:19.859467 /Devices/vga/VMSVGA/Reg/ConfigDoneRead        1 times
00:25:19.859470 /Devices/vga/VMSVGA/Reg/ConfigDoneWrite        1 times
00:25:19.859473 /Devices/vga/VMSVGA/Reg/CursorIdRead        0 times
00:25:19.859476 /Devices/vga/VMSVGA/Reg/CursorIdWrite        0 times
00:25:19.859480 /Devices/vga/VMSVGA/Reg/CursorOnRead        0 times
00:25:19.859483 /Devices/vga/VMSVGA/Reg/CursorOnWrite        0 times
00:25:19.859486 /Devices/vga/VMSVGA/Reg/CursorXRead        0 times
00:25:19.859489 /Devices/vga/VMSVGA/Reg/CursorXWrite        0 times
00:25:19.859492 /Devices/vga/VMSVGA/Reg/CursorYRead        0 times
00:25:19.859494 /Devices/vga/VMSVGA/Reg/CursorYWrite        0 times
00:25:19.859498 /Devices/vga/VMSVGA/Reg/DepthRead        0 times
00:25:19.859501 /Devices/vga/VMSVGA/Reg/DepthWrite        0 times
00:25:19.859504 /Devices/vga/VMSVGA/Reg/DevCapRead        0 times
00:25:19.859507 /Devices/vga/VMSVGA/Reg/DevCapWrite        0 times
00:25:19.859511 /Devices/vga/VMSVGA/Reg/DisplayHeightRead        0 times
00:25:19.859514 /Devices/vga/VMSVGA/Reg/DisplayHeightWrite        0 times
00:25:19.859517 /Devices/vga/VMSVGA/Reg/DisplayIdRead        0 times
00:25:19.859521 /Devices/vga/VMSVGA/Reg/DisplayIdWrite        0 times
00:25:19.859524 /Devices/vga/VMSVGA/Reg/DisplayIsPrimaryRead        0 times
00:25:19.859527 /Devices/vga/VMSVGA/Reg/DisplayIsPrimaryWrite        0 times
00:25:19.859531 /Devices/vga/VMSVGA/Reg/DisplayPositionXRead        0 times
00:25:19.859534 /Devices/vga/VMSVGA/Reg/DisplayPositionXWrite        0 times
00:25:19.859538 /Devices/vga/VMSVGA/Reg/DisplayPositionYRead        0 times
00:25:19.859541 /Devices/vga/VMSVGA/Reg/DisplayPositionYWrite        0 times
00:25:19.859545 /Devices/vga/VMSVGA/Reg/DisplayWidthRead        0 times
00:25:19.859548 /Devices/vga/VMSVGA/Reg/DisplayWidthWrite        0 times
00:25:19.859552 /Devices/vga/VMSVGA/Reg/EnableRead        1 times
00:25:19.859555 /Devices/vga/VMSVGA/Reg/EnableWrite        2 times
00:25:19.859559 /Devices/vga/VMSVGA/Reg/FbOffsetRead        0 times
00:25:19.859562 /Devices/vga/VMSVGA/Reg/FbSizeRead        0 times
00:25:19.859566 /Devices/vga/VMSVGA/Reg/FbStartRead        0 times
00:25:19.859569 /Devices/vga/VMSVGA/Reg/GBMemSizeRead        0 times
00:25:19.859573 /Devices/vga/VMSVGA/Reg/GmrDescriptorWrite        0 times
00:25:19.859576 /Devices/vga/VMSVGA/Reg/GmrDescriptorWrite/Errors        0 times
00:25:19.859580 /Devices/vga/VMSVGA/Reg/GmrDescriptorWrite/Free        0 times
00:25:19.859584 /Devices/vga/VMSVGA/Reg/GmrIdRead        0 times
00:25:19.859587 /Devices/vga/VMSVGA/Reg/GmrIdWrite        0 times
00:25:19.859591 /Devices/vga/VMSVGA/Reg/GmrMaxDescriptorLengthRead        0 times
00:25:19.859595 /Devices/vga/VMSVGA/Reg/GmrMaxIdsRead        1 times
00:25:19.859600 /Devices/vga/VMSVGA/Reg/GmrsMaxPagesRead        1 times
00:25:19.859604 /Devices/vga/VMSVGA/Reg/GreenMaskRead        0 times
00:25:19.859607 /Devices/vga/VMSVGA/Reg/GuestIdRead        0 times
00:25:19.859610 /Devices/vga/VMSVGA/Reg/GuestIdWrite        0 times
00:25:19.859613 /Devices/vga/VMSVGA/Reg/HeightRead        1 times
00:25:19.859615 /Devices/vga/VMSVGA/Reg/HeightWrite        0 times
00:25:19.859618 /Devices/vga/VMSVGA/Reg/HostBitsPerPixelRead        0 times
00:25:19.859621 /Devices/vga/VMSVGA/Reg/IdRead          1 times
00:25:19.859624 /Devices/vga/VMSVGA/Reg/IdWrite         1 times
00:25:19.859631 /Devices/vga/VMSVGA/Reg/IrqMaskRead        0 times
00:25:19.859634 /Devices/vga/VMSVGA/Reg/IrqMaskWrite        7 times
00:25:19.859638 /Devices/vga/VMSVGA/Reg/MaxHeightRead        1 times
00:25:19.859641 /Devices/vga/VMSVGA/Reg/MaxPrimBBMemRead        0 times
00:25:19.859644 /Devices/vga/VMSVGA/Reg/MaxWidthRead        1 times
00:25:19.859647 /Devices/vga/VMSVGA/Reg/MemRegsRead        1 times
00:25:19.859649 /Devices/vga/VMSVGA/Reg/MemSizeRead        1 times
00:25:19.859652 /Devices/vga/VMSVGA/Reg/MemStartRead        0 times
00:25:19.859656 /Devices/vga/VMSVGA/Reg/MemorySizeRead        1 times
00:25:19.859659 /Devices/vga/VMSVGA/Reg/MobMaxSizeRead        0 times
00:25:19.859662 /Devices/vga/VMSVGA/Reg/NumDisplaysRead      116 times
00:25:19.859666 /Devices/vga/VMSVGA/Reg/NumDisplaysWrite        0 times
00:25:19.859669 /Devices/vga/VMSVGA/Reg/NumGuestDisplaysRead        0 times
00:25:19.859672 /Devices/vga/VMSVGA/Reg/NumGuestDisplaysWrite        0 times
00:25:19.859675 /Devices/vga/VMSVGA/Reg/PaletteRead        0 times
00:25:19.859678 /Devices/vga/VMSVGA/Reg/PaletteWrite     6912 times
00:25:19.859681 /Devices/vga/VMSVGA/Reg/PitchLockRead        0 times
00:25:19.859684 /Devices/vga/VMSVGA/Reg/PitchLockWrite        0 times
00:25:19.859688 /Devices/vga/VMSVGA/Reg/PseudoColorWrite        0 times
00:25:19.859691 /Devices/vga/VMSVGA/Reg/PsuedoColorRead        0 times
00:25:19.859693 /Devices/vga/VMSVGA/Reg/ReadOnlyWrite        0 times
00:25:19.859696 /Devices/vga/VMSVGA/Reg/RedMaskRead        0 times
00:25:19.859699 /Devices/vga/VMSVGA/Reg/ScratchRead        0 times
00:25:19.859702 /Devices/vga/VMSVGA/Reg/ScratchSizeRead        0 times
00:25:19.859704 /Devices/vga/VMSVGA/Reg/ScratchWrite        0 times
00:25:19.859707 /Devices/vga/VMSVGA/Reg/ScrnTgtMaxHeightRead        0 times
00:25:19.859710 /Devices/vga/VMSVGA/Reg/ScrnTgtMaxWidthRead        0 times
00:25:19.859713 /Devices/vga/VMSVGA/Reg/SyncRead        0 times
00:25:19.859716 /Devices/vga/VMSVGA/Reg/SyncWrite        0 times
00:25:19.859719 /Devices/vga/VMSVGA/Reg/TopRead         0 times
00:25:19.859723 /Devices/vga/VMSVGA/Reg/TopWrite        0 times
00:25:19.859726 /Devices/vga/VMSVGA/Reg/TracesRead        1 times
00:25:19.859729 /Devices/vga/VMSVGA/Reg/TracesWrite        1 times
00:25:19.859733 /Devices/vga/VMSVGA/Reg/UnknownRead        0 times
00:25:19.859736 /Devices/vga/VMSVGA/Reg/UnknownWrite        0 times
00:25:19.859739 /Devices/vga/VMSVGA/Reg/VramSizeRead        1 times
00:25:19.859743 /Devices/vga/VMSVGA/Reg/WidthRead        1 times
00:25:19.859746 /Devices/vga/VMSVGA/Reg/WidthWrite        0 times
00:25:19.859749 /Devices/vga/VMSVGA/Reg/WriteOnlyRead        0 times
00:25:19.859752 /Drivers/AUDIO-0/TotalStreamsCreated        2 count
00:25:19.859756 /Drivers/AUDIO-1/TotalStreamsCreated        0 count
00:25:19.859759 /Drivers/AUDIO-2/TotalStreamsCreated        0 count
00:25:19.859763 /Drivers/IntNet-0/BadFrames             0 count
00:25:19.859767 /Drivers/IntNet-0/Bytes/Received    36049 bytes
00:25:19.859771 /Drivers/IntNet-0/Bytes/Sent        15492 bytes
00:25:19.859774 /Drivers/IntNet-0/Overflows/Recv        0 count
00:25:19.859778 /Drivers/IntNet-0/Overflows/Sent        0 count
00:25:19.859781 /Drivers/IntNet-0/Packets/Lost          0 count
00:25:19.859784 /Drivers/IntNet-0/Packets/Received      165 count
00:25:19.859788 /Drivers/IntNet-0/Packets/Received-Gso        0 count
00:25:19.859793 /Drivers/IntNet-0/Packets/Sent        145 count
00:25:19.859797 /Drivers/IntNet-0/Packets/Sent-Gso        0 count
00:25:19.859801 /Drivers/IntNet-0/Packets/Sent-R0        0 count
00:25:19.859804 /Drivers/IntNet-0/Recv1                 0 ticks/call (           0 ticks,       0 calls, max         0, min      -1)
00:25:19.859809 /Drivers/IntNet-0/Recv2                 0 ticks/call (           0 ticks,       0 calls, max         0, min      -1)
00:25:19.859813 /Drivers/IntNet-0/Reserved              0 ticks/call (           0 ticks,       0 calls, max         0, min      -1)
00:25:19.859816 /Drivers/IntNet-0/Send1            477760 ticks/call (    69275279 ticks,     145 calls, max   4799566, min    1752)
00:25:19.859820 /Drivers/IntNet-0/Send2            548458 ticks/call (    57039665 ticks,     104 calls, max   4579410, min  123234)
00:25:19.859824 /Drivers/IntNet-0/XmitProcessRing        0 count
00:25:19.859827 /Drivers/IntNet-0/XmitWakeup-R0         0 count
00:25:19.859831 /Drivers/IntNet-0/XmitWakeup-R3         0 count
00:25:19.859834 /Drivers/IntNet-0/YieldNok              0 count
00:25:19.859838 /Drivers/IntNet-0/YieldOk               0 count
00:25:19.859841 /EM/CPU0/ExitHashing/Step00-Hits   327072 times
00:25:19.859845 /EM/CPU0/ExitHashing/Step00-NewInserts      421 times
00:25:19.859848 /EM/CPU0/ExitHashing/Step01-Hits   265129 times
00:25:19.859852 /EM/CPU0/ExitHashing/Step01-NewInserts      175 times
00:25:19.859855 /EM/CPU0/ExitHashing/Step02-Hits    21674 times
00:25:19.859859 /EM/CPU0/ExitHashing/Step02-NewInserts      118 times
00:25:19.859862 /EM/CPU0/ExitHashing/Step03-Hits    34591 times
00:25:19.859865 /EM/CPU0/ExitHashing/Step03-NewInserts       88 times
00:25:19.859869 /EM/CPU0/ExitHashing/Step04-Hits    20916 times
00:25:19.859872 /EM/CPU0/ExitHashing/Step04-NewInserts       63 times
00:25:19.859876 /EM/CPU0/ExitHashing/Step05-Hits    10236 times
00:25:19.859879 /EM/CPU0/ExitHashing/Step05-NewInserts       53 times
00:25:19.859882 /EM/CPU0/ExitHashing/Step06-Hits    10534 times
00:25:19.859885 /EM/CPU0/ExitHashing/Step06-NewInserts       37 times
00:25:19.859889 /EM/CPU0/ExitHashing/Step07-Hits    22956 times
00:25:19.859893 /EM/CPU0/ExitHashing/Step07-NewInserts       32 times
00:25:19.859896 /EM/CPU0/ExitHashing/Step08-Hits     9573 times
00:25:19.859899 /EM/CPU0/ExitHashing/Step08-NewInserts       37 times
00:25:19.859906 /EM/CPU0/ExitHashing/Used            1024 times
00:25:19.859910 /EM/CPU0/ExitOpt/Exec              115346 ticks/call (  8732919419 ticks,   75710 calls, max  87669219, min    3248)
00:25:19.859915 /EM/CPU0/ExitOpt/ExecInstructions  9149751 times
00:25:19.859919 /EM/CPU0/ExitOpt/ExecSavedExit     862455 times
00:25:19.859923 /EM/CPU0/ExitOpt/Probe             601719 ticks/call (    42120391 ticks,      70 calls, max  21065708, min   16900)
00:25:19.859927 /EM/CPU0/ExitOpt/ProbeInstructions    26639 times
00:25:19.859930 /EM/CPU0/ExitOpt/ProbedExecWithMax       22 times
00:25:19.859934 /EM/CPU0/ExitOpt/ProbedNormal          48 times
00:25:19.859937 /EM/CPU0/ExitOpt/ProbedToRing3          0 times
00:25:19.859941 /EM/CPU1/ExitHashing/Step00-Hits   672077 times
00:25:19.859944 /EM/CPU1/ExitHashing/Step00-NewInserts      176 times
00:25:19.859948 /EM/CPU1/ExitHashing/Step01-Hits    77521 times
00:25:19.859952 /EM/CPU1/ExitHashing/Step01-NewInserts      360 times
00:25:19.859955 /EM/CPU1/ExitHashing/Step02-Hits    17704 times
00:25:19.859959 /EM/CPU1/ExitHashing/Step02-NewInserts      140 times
00:25:19.859963 /EM/CPU1/ExitHashing/Step03-Hits    10918 times
00:25:19.859966 /EM/CPU1/ExitHashing/Step03-NewInserts      114 times
00:25:19.859969 /EM/CPU1/ExitHashing/Step04-Hits     9585 times
00:25:19.859973 /EM/CPU1/ExitHashing/Step04-NewInserts       70 times
00:25:19.859976 /EM/CPU1/ExitHashing/Step05-Hits    10831 times
00:25:19.859979 /EM/CPU1/ExitHashing/Step05-NewInserts       47 times
00:25:19.859982 /EM/CPU1/ExitHashing/Step06-Hits    10252 times
00:25:19.859986 /EM/CPU1/ExitHashing/Step06-NewInserts       41 times
00:25:19.859991 /EM/CPU1/ExitHashing/Step07-Hits    11273 times
00:25:19.859995 /EM/CPU1/ExitHashing/Step07-NewInserts       50 times
00:25:19.859999 /EM/CPU1/ExitHashing/Step08-Hits    17760 times
00:25:19.860002 /EM/CPU1/ExitHashing/Step08-NewInserts       26 times
00:25:19.860007 /EM/CPU1/ExitHashing/Used            1024 times
00:25:19.860010 /EM/CPU1/ExitOpt/Exec               63557 ticks/call (  3853529374 ticks,   60631 calls, max  72549038, min    3168)
00:25:19.860015 /EM/CPU1/ExitOpt/ExecInstructions   837778 times
00:25:19.860018 /EM/CPU1/ExitOpt/ExecSavedExit      77432 times
00:25:19.860021 /EM/CPU1/ExitOpt/Probe             178205 ticks/call (    13009037 ticks,      73 calls, max   1658908, min   21866)
00:25:19.860026 /EM/CPU1/ExitOpt/ProbeInstructions     4580 times
00:25:19.860029 /EM/CPU1/ExitOpt/ProbedExecWithMax       17 times
00:25:19.860032 /EM/CPU1/ExitOpt/ProbedNormal          56 times
00:25:19.860035 /EM/CPU1/ExitOpt/ProbedToRing3          0 times
00:25:19.860040 /GIM/Hypercalls                       161 times
00:25:19.860044 /GMM/ChunkTlbHits                       0 times
00:25:19.860048 /GMM/ChunkTlbMisses                     0 times
00:25:19.860058 /GMM/VM/Allocated/cBasePages            0 pages
00:25:19.860066 /GMM/VM/Allocated/cFixedPages           0 pages
00:25:19.860070 /GMM/VM/Allocated/cShadowPages          0 pages
00:25:19.860073 /GMM/VM/Reserved/cBasePages       1048679 pages
00:25:19.860077 /GMM/VM/Reserved/cFixedPages         5636 pages
00:25:19.860080 /GMM/VM/Reserved/cShadowPages           1 pages
00:25:19.860084 /GMM/VM/cBalloonedPages                 0 pages
00:25:19.860087 /GMM/VM/cMaxBalloonedPages              0 pages
00:25:19.860091 /GMM/VM/cPrivatePages                   0 pages
00:25:19.860094 /GMM/VM/cReqActuallyBalloonedPages        0 pages
00:25:19.860098 /GMM/VM/cReqBalloonedPages              0 pages
00:25:19.860101 /GMM/VM/cReqDeflatePages                0 pages
00:25:19.860105 /GMM/VM/cShareableModules               0 count
00:25:19.860108 /GMM/VM/cSharedPages                    0 pages
00:25:19.860112 /GMM/VM/enmPolicy                       1 
00:25:19.860116 /GMM/VM/enmPriority                     2 
00:25:19.860120 /GMM/VM/fBallooningEnabled       false    
00:25:19.860123 /GMM/VM/fMayAllocate             true     
00:25:19.860127 /GMM/VM/fSharedPagingEnabled     false    
00:25:19.860130 /GMM/cAllocatedPages                    0 pages
00:25:19.860134 /GMM/cBalloonedPages                    0 pages
00:25:19.860137 /GMM/cChunks                            0 count
00:25:19.860141 /GMM/cDuplicatePages                    0 pages
00:25:19.860145 /GMM/cFreedChunks                       0 count
00:25:19.860148 /GMM/cLeftBehindSharedPages             0 pages
00:25:19.860152 /GMM/cMaxPages                   4294967295 pages
00:25:19.860156 /GMM/cOverCommittedPages                0 pages
00:25:19.860159 /GMM/cReservedPages               1054316 pages
00:25:19.860163 /GMM/cShareableModules                  0 count
00:25:19.860167 /GMM/cSharedPages                       0 pages
00:25:19.860170 /GMM/idFreeGeneration            4611686018427387775 
00:25:19.860301 /GVMM/EMTs                              2 count
00:25:19.860307 /GVMM/HostCPUs                         12 count
00:25:19.860310 /GVMM/HostCpus/0                        0 
00:25:19.860314 /GVMM/HostCpus/0/CurTimerHz             0 Hz
00:25:19.860318 /GVMM/HostCpus/0/DesiredHz              0 Hz
00:25:19.860321 /GVMM/HostCpus/0/PPTChanges             0 times
00:25:19.860325 /GVMM/HostCpus/0/PPTStarts              0 times
00:25:19.860328 /GVMM/HostCpus/0/idxCpuSet              0 
00:25:19.860332 /GVMM/HostCpus/1                        1 
00:25:19.860336 /GVMM/HostCpus/1/CurTimerHz             0 Hz
00:25:19.860339 /GVMM/HostCpus/1/DesiredHz              0 Hz
00:25:19.860343 /GVMM/HostCpus/1/PPTChanges             0 times
00:25:19.860346 /GVMM/HostCpus/1/PPTStarts              0 times
00:25:19.860350 /GVMM/HostCpus/1/idxCpuSet              1 
00:25:19.860355 /GVMM/HostCpus/10                      10 
00:25:19.860361 /GVMM/HostCpus/10/CurTimerHz            0 Hz
00:25:19.860364 /GVMM/HostCpus/10/DesiredHz             0 Hz
00:25:19.860368 /GVMM/HostCpus/10/PPTChanges            0 times
00:25:19.860371 /GVMM/HostCpus/10/PPTStarts             0 times
00:25:19.860375 /GVMM/HostCpus/10/idxCpuSet            10 
00:25:19.860378 /GVMM/HostCpus/11                      11 
00:25:19.860382 /GVMM/HostCpus/11/CurTimerHz            0 Hz
00:25:19.860385 /GVMM/HostCpus/11/DesiredHz             0 Hz
00:25:19.860389 /GVMM/HostCpus/11/PPTChanges            0 times
00:25:19.860393 /GVMM/HostCpus/11/PPTStarts             0 times
00:25:19.860396 /GVMM/HostCpus/11/idxCpuSet            11 
00:25:19.860400 /GVMM/HostCpus/2                        2 
00:25:19.860403 /GVMM/HostCpus/2/CurTimerHz             0 Hz
00:25:19.860407 /GVMM/HostCpus/2/DesiredHz              0 Hz
00:25:19.860410 /GVMM/HostCpus/2/PPTChanges             0 times
00:25:19.860414 /GVMM/HostCpus/2/PPTStarts              0 times
00:25:19.860417 /GVMM/HostCpus/2/idxCpuSet              2 
00:25:19.860421 /GVMM/HostCpus/3                        3 
00:25:19.860425 /GVMM/HostCpus/3/CurTimerHz             0 Hz
00:25:19.860428 /GVMM/HostCpus/3/DesiredHz              0 Hz
00:25:19.860432 /GVMM/HostCpus/3/PPTChanges             0 times
00:25:19.860435 /GVMM/HostCpus/3/PPTStarts              0 times
00:25:19.860439 /GVMM/HostCpus/3/idxCpuSet              3 
00:25:19.860442 /GVMM/HostCpus/4                        4 
00:25:19.860445 /GVMM/HostCpus/4/CurTimerHz             0 Hz
00:25:19.860448 /GVMM/HostCpus/4/DesiredHz              0 Hz
00:25:19.860452 /GVMM/HostCpus/4/PPTChanges             0 times
00:25:19.860455 /GVMM/HostCpus/4/PPTStarts              0 times
00:25:19.860458 /GVMM/HostCpus/4/idxCpuSet              4 
00:25:19.860462 /GVMM/HostCpus/5                        5 
00:25:19.860465 /GVMM/HostCpus/5/CurTimerHz             0 Hz
00:25:19.860468 /GVMM/HostCpus/5/DesiredHz              0 Hz
00:25:19.860471 /GVMM/HostCpus/5/PPTChanges             0 times
00:25:19.860474 /GVMM/HostCpus/5/PPTStarts              0 times
00:25:19.860477 /GVMM/HostCpus/5/idxCpuSet              5 
00:25:19.860480 /GVMM/HostCpus/6                        6 
00:25:19.860483 /GVMM/HostCpus/6/CurTimerHz             0 Hz
00:25:19.860486 /GVMM/HostCpus/6/DesiredHz              0 Hz
00:25:19.860489 /GVMM/HostCpus/6/PPTChanges             0 times
00:25:19.860492 /GVMM/HostCpus/6/PPTStarts              0 times
00:25:19.860495 /GVMM/HostCpus/6/idxCpuSet              6 
00:25:19.860498 /GVMM/HostCpus/7                        7 
00:25:19.860502 /GVMM/HostCpus/7/CurTimerHz             0 Hz
00:25:19.860505 /GVMM/HostCpus/7/DesiredHz              0 Hz
00:25:19.860508 /GVMM/HostCpus/7/PPTChanges             0 times
00:25:19.860512 /GVMM/HostCpus/7/PPTStarts              0 times
00:25:19.860515 /GVMM/HostCpus/7/idxCpuSet              7 
00:25:19.860518 /GVMM/HostCpus/8                        8 
00:25:19.860522 /GVMM/HostCpus/8/CurTimerHz             0 Hz
00:25:19.860525 /GVMM/HostCpus/8/DesiredHz              0 Hz
00:25:19.860528 /GVMM/HostCpus/8/PPTChanges             0 times
00:25:19.860532 /GVMM/HostCpus/8/PPTStarts              0 times
00:25:19.860535 /GVMM/HostCpus/8/idxCpuSet              8 
00:25:19.860539 /GVMM/HostCpus/9                        9 
00:25:19.860542 /GVMM/HostCpus/9/CurTimerHz             0 Hz
00:25:19.860545 /GVMM/HostCpus/9/DesiredHz              0 Hz
00:25:19.860549 /GVMM/HostCpus/9/PPTChanges             0 times
00:25:19.860552 /GVMM/HostCpus/9/PPTStarts              0 times
00:25:19.860555 /GVMM/HostCpus/9/idxCpuSet              9 
00:25:19.860559 /GVMM/Sum/HaltBlocking             249576 calls
00:25:19.860562 /GVMM/Sum/HaltCalls                249481 calls
00:25:19.860565 /GVMM/Sum/HaltNotBlocking              38 calls
00:25:19.860568 /GVMM/Sum/HaltTimeouts              70830 calls
00:25:19.860572 /GVMM/Sum/HaltWakeUps                   0 calls
00:25:19.860575 /GVMM/Sum/PokeCalls                     0 calls
00:25:19.860579 /GVMM/Sum/PokeNotBusy                   0 calls
00:25:19.860584 /GVMM/Sum/PollCalls                   338 calls
00:25:19.860587 /GVMM/Sum/PollHalts                     0 calls
00:25:19.860591 /GVMM/Sum/PollWakeUps                   0 calls
00:25:19.860594 /GVMM/Sum/WakeUpCalls              184232 calls
00:25:19.860598 /GVMM/Sum/WakeUpNotHalted            6914 calls
00:25:19.860601 /GVMM/Sum/WakeUpWakeUps                 0 calls
00:25:19.860605 /GVMM/VCpus/0/Start                     0 ticks/call (           0 ticks,       0 calls, max         0, min       0)
00:25:19.860610 /GVMM/VCpus/0/Stop                      0 ticks/call (           0 ticks,       0 calls, max         0, min       0)
00:25:19.860614 /GVMM/VCpus/0/cWakeUpTimerCanceled        0 times
00:25:19.860617 /GVMM/VCpus/0/cWakeUpTimerHits          0 times
00:25:19.860620 /GVMM/VCpus/0/cWakeUpTimerMisses        0 times
00:25:19.860623 /GVMM/VCpus/0/cWakeUpTimerSameCpu        0 times
00:25:19.860626 /GVMM/VCpus/1/Start                     0 ticks/call (           0 ticks,       0 calls, max         0, min       0)
00:25:19.860630 /GVMM/VCpus/1/Stop                      0 ticks/call (           0 ticks,       0 calls, max         0, min       0)
00:25:19.860634 /GVMM/VCpus/1/cWakeUpTimerCanceled        0 times
00:25:19.860637 /GVMM/VCpus/1/cWakeUpTimerHits          0 times
00:25:19.860641 /GVMM/VCpus/1/cWakeUpTimerMisses        0 times
00:25:19.860644 /GVMM/VCpus/1/cWakeUpTimerSameCpu        0 times
00:25:19.860647 /GVMM/VM/HaltBlocking              249576 calls
00:25:19.860650 /GVMM/VM/HaltCalls                 249481 calls
00:25:19.860654 /GVMM/VM/HaltNotBlocking               38 calls
00:25:19.860657 /GVMM/VM/HaltTimeouts               70830 calls
00:25:19.860660 /GVMM/VM/HaltWakeUps                    0 calls
00:25:19.860663 /GVMM/VM/PokeCalls                      0 calls
00:25:19.860666 /GVMM/VM/PokeNotBusy                    0 calls
00:25:19.860669 /GVMM/VM/PollCalls                    338 calls
00:25:19.860672 /GVMM/VM/PollHalts                      0 calls
00:25:19.860675 /GVMM/VM/PollWakeUps                    0 calls
00:25:19.860678 /GVMM/VM/WakeUpCalls               184232 calls
00:25:19.860682 /GVMM/VM/WakeUpNotHalted             6914 calls
00:25:19.860685 /GVMM/VM/WakeUpWakeUps                  0 calls
00:25:19.860688 /GVMM/VMs                               1 count
00:25:19.860691 /HGCM/FailedPageListLocking             0 count
00:25:19.860694 /HGCM/LargeCmdAllocs                    1 count
00:25:19.860697 /HGCM/MsgArrival                   183570 ticks/call (   663791927 ticks,    3616 calls, max  43485722, min    7630)
00:25:19.860701 /HGCM/MsgCompletion                 91010 ticks/call (   331369382 ticks,    3641 calls, max  19441215, min     718)
00:25:19.860706 /HGCM/MsgTotal                   4164087387 ticks/call (15057339992086 ticks,    3616 calls, max 3828267131892, min   20094)
00:25:19.860711 /IEM/CPU0/Exceptions/06                11 times
00:25:19.860715 /IEM/CPU0/Exceptions/0d                 7 times
00:25:19.860719 /IEM/CPU0/Interrupts/03                14 times
00:25:19.860722 /IEM/CPU0/Interrupts/08               259 times
00:25:19.860726 /IEM/CPU0/Interrupts/10               240 times
00:25:19.860729 /IEM/CPU0/Interrupts/13                 6 times
00:25:19.860733 /IEM/CPU0/Interrupts/15                 1 times
00:25:19.860736 /IEM/CPU0/Interrupts/16               159 times
00:25:19.860739 /IEM/CPU0/Interrupts/19                 1 times
00:25:19.860742 /IEM/CPU0/Interrupts/1a                14 times
00:25:19.860745 /IEM/CPU0/Interrupts/1c               160 times
00:25:19.860749 /IEM/CPU0/Interrupts/21                28 times
00:25:19.860752 /IEM/CPU0/Interrupts/22               138 times
00:25:19.860755 /IEM/CPU0/Interrupts/24              3321 times
00:25:19.860758 /IEM/CPU0/Interrupts/25                 2 times
00:25:19.860761 /IEM/CPU0/Interrupts/26              1004 times
00:25:19.860765 /IEM/CPU0/Interrupts/30               188 times
00:25:19.860772 /IEM/CPU0/Interrupts/6d                 1 times
00:25:19.860781 /IEM/CPU0/Interrupts/ec            142381 times
00:25:19.860786 /IEM/CPU0/Interrupts/fb             56466 times
00:25:19.860789 /IEM/CPU0/Interrupts/fd               732 times
00:25:19.860869 /IEM/CPU0/Tlb/Code/InvlPg               0 
00:25:19.860879 /IEM/CPU0/Tlb/Code/InvlPg/LargeGlobal        0 
00:25:19.860890 /IEM/CPU0/Tlb/Code/InvlPg/LargeNonGlobal        0 
00:25:19.860901 /IEM/CPU0/Tlb/Code/LargePageGlobalCurLoads        0 count
00:25:19.860912 /IEM/CPU0/Tlb/Code/LargePageGlobalFirstTag ffffffffffffffff count
00:25:19.860919 /IEM/CPU0/Tlb/Code/LargePageGlobalLastTag        0 count
00:25:19.860970 /IEM/CPU0/Tlb/Code/LargePageNonGlobalCurLoads        0 count
00:25:19.860992 /IEM/CPU0/Tlb/Code/LargePageNonGlobalFirstTag ffffffffffffffff count
00:25:19.861011 /IEM/CPU0/Tlb/Code/LargePageNonGlobalLastTag        0 count
00:25:19.861024 /IEM/CPU0/Tlb/Code/Misses               0 count
00:25:19.861038 /IEM/CPU0/Tlb/Code/Misses/GlobalLoads        0 count
00:25:19.861059 /IEM/CPU0/Tlb/Code/PhysicalRevision fffffffffffce000 
00:25:19.861062 /IEM/CPU0/Tlb/Code/PhysicalRevisionFlushes        0 
00:25:19.861066 /IEM/CPU0/Tlb/Code/PhysicalRevisionRollovers        0 
00:25:19.861069 /IEM/CPU0/Tlb/Code/RevisionGlobal fffff38000000000 
00:25:19.861072 /IEM/CPU0/Tlb/Code/RevisionGlobalFlushes        0 
00:25:19.861075 /IEM/CPU0/Tlb/Code/RevisionNonGlobal fffff38000000000 
00:25:19.861610 /IEM/CPU0/Tlb/Code/RevisionNonGlobalFlushes        0 
00:25:19.861616 /IEM/CPU0/Tlb/Code/RevisionRollovers        0 
00:25:19.861619 /IEM/CPU0/Tlb/Code/SlowReads            0 count
00:25:19.861623 /IEM/CPU0/Tlb/Data/InvlPg               0 
00:25:19.861627 /IEM/CPU0/Tlb/Data/InvlPg/LargeGlobal        0 
00:25:19.861630 /IEM/CPU0/Tlb/Data/InvlPg/LargeNonGlobal        0 
00:25:19.861633 /IEM/CPU0/Tlb/Data/LargePageGlobalCurLoads        0 count
00:25:19.861637 /IEM/CPU0/Tlb/Data/LargePageGlobalFirstTag ffffffffffffffff count
00:25:19.861640 /IEM/CPU0/Tlb/Data/LargePageGlobalLastTag        0 count
00:25:19.861643 /IEM/CPU0/Tlb/Data/LargePageNonGlobalCurLoads        0 count
00:25:19.861647 /IEM/CPU0/Tlb/Data/LargePageNonGlobalFirstTag ffffffffffffffff count
00:25:19.861650 /IEM/CPU0/Tlb/Data/LargePageNonGlobalLastTag        0 count
00:25:19.861654 /IEM/CPU0/Tlb/Data/Misses               0 count
00:25:19.861657 /IEM/CPU0/Tlb/Data/Misses/Core          0 count
00:25:19.861660 /IEM/CPU0/Tlb/Data/Misses/Core/GlobalLoads        0 count
00:25:19.861664 /IEM/CPU0/Tlb/Data/Misses/Safe          0 count
00:25:19.861667 /IEM/CPU0/Tlb/Data/Misses/Safe/Reads        0 count
00:25:19.861670 /IEM/CPU0/Tlb/Data/Misses/Safe/SubPartHits        0 count
00:25:19.861673 /IEM/CPU0/Tlb/Data/Misses/Safe/SubPartMisses        0 count
00:25:19.861676 /IEM/CPU0/Tlb/Data/Misses/Safe/SubPartMisses/GlobalLoads        0 count
00:25:19.861679 /IEM/CPU0/Tlb/Data/Misses/Safe/Writes        0 count
00:25:19.861682 /IEM/CPU0/Tlb/Data/PhysicalRevision fffffffffffce000 
00:25:19.861686 /IEM/CPU0/Tlb/Data/PhysicalRevisionFlushes        0 
00:25:19.861688 /IEM/CPU0/Tlb/Data/PhysicalRevisionRollovers        0 
00:25:19.861691 /IEM/CPU0/Tlb/Data/RevisionGlobal fffff38000000000 
00:25:19.861694 /IEM/CPU0/Tlb/Data/RevisionGlobalFlushes        0 
00:25:19.861698 /IEM/CPU0/Tlb/Data/RevisionNonGlobal fffff38000000000 
00:25:19.861701 /IEM/CPU0/Tlb/Data/RevisionNonGlobalFlushes        0 
00:25:19.861705 /IEM/CPU0/Tlb/Data/RevisionRollovers        0 
00:25:19.861709 /IEM/CPU0/cInstructions          10097884 count
00:25:19.861713 /IEM/CPU0/cLongJumps                    0 bytes
00:25:19.861716 /IEM/CPU0/cMisalignedAtomics            0 bytes
00:25:19.861720 /IEM/CPU0/cPendingCommit                0 bytes
00:25:19.861723 /IEM/CPU0/cPotentialExits         1649285 count
00:25:19.861727 /IEM/CPU0/cRetAspectNotImplemented        0 count
00:25:19.861731 /IEM/CPU0/cRetErrStatuses               0 count
00:25:19.861734 /IEM/CPU0/cRetInfStatuses             158 count
00:25:19.861740 /IEM/CPU0/cRetInstrNotImplemented        0 count
00:25:19.861744 /IEM/CPU0/cbWritten               2747539 bytes
00:25:19.861747 /IEM/CPU1/Exceptions/0d                 3 times
00:25:19.861751 /IEM/CPU1/Interrupts/03                12 times
00:25:19.861755 /IEM/CPU1/Interrupts/20                 1 times
00:25:19.861759 /IEM/CPU1/Interrupts/21              1763 times
00:25:19.861762 /IEM/CPU1/Interrupts/22               161 times
00:25:19.861766 /IEM/CPU1/Interrupts/23               216 times
00:25:19.861769 /IEM/CPU1/Interrupts/24             23758 times
00:25:19.861773 /IEM/CPU1/Interrupts/25                 1 times
00:25:19.861785 /IEM/CPU1/Interrupts/ec            154709 times
00:25:19.861789 /IEM/CPU1/Interrupts/f6                11 times
00:25:19.861792 /IEM/CPU1/Interrupts/f8                 1 times
00:25:19.861796 /IEM/CPU1/Interrupts/fb             38615 times
00:25:19.861799 /IEM/CPU1/Interrupts/fd               766 times
00:25:19.861803 /IEM/CPU1/Tlb/Code/InvlPg               0 
00:25:19.861806 /IEM/CPU1/Tlb/Code/InvlPg/LargeGlobal        0 
00:25:19.861809 /IEM/CPU1/Tlb/Code/InvlPg/LargeNonGlobal        0 
00:25:19.861812 /IEM/CPU1/Tlb/Code/LargePageGlobalCurLoads        0 count
00:25:19.861815 /IEM/CPU1/Tlb/Code/LargePageGlobalFirstTag ffffffffffffffff count
00:25:19.861821 /IEM/CPU1/Tlb/Code/LargePageGlobalLastTag        0 count
00:25:19.861825 /IEM/CPU1/Tlb/Code/LargePageNonGlobalCurLoads        0 count
00:25:19.861827 /IEM/CPU1/Tlb/Code/LargePageNonGlobalFirstTag ffffffffffffffff count
00:25:19.861830 /IEM/CPU1/Tlb/Code/LargePageNonGlobalLastTag        0 count
00:25:19.861833 /IEM/CPU1/Tlb/Code/Misses               0 count
00:25:19.861836 /IEM/CPU1/Tlb/Code/Misses/GlobalLoads        0 count
00:25:19.861839 /IEM/CPU1/Tlb/Code/PhysicalRevision fffffffffffce000 
00:25:19.861842 /IEM/CPU1/Tlb/Code/PhysicalRevisionFlushes        0 
00:25:19.861845 /IEM/CPU1/Tlb/Code/PhysicalRevisionRollovers        0 
00:25:19.861848 /IEM/CPU1/Tlb/Code/RevisionGlobal fffff38000000000 
00:25:19.861851 /IEM/CPU1/Tlb/Code/RevisionGlobalFlushes        0 
00:25:19.861854 /IEM/CPU1/Tlb/Code/RevisionNonGlobal fffff38000000000 
00:25:19.861857 /IEM/CPU1/Tlb/Code/RevisionNonGlobalFlushes        0 
00:25:19.861859 /IEM/CPU1/Tlb/Code/RevisionRollovers        0 
00:25:19.861862 /IEM/CPU1/Tlb/Code/SlowReads            0 count
00:25:19.861866 /IEM/CPU1/Tlb/Data/InvlPg               0 
00:25:19.861869 /IEM/CPU1/Tlb/Data/InvlPg/LargeGlobal        0 
00:25:19.861871 /IEM/CPU1/Tlb/Data/InvlPg/LargeNonGlobal        0 
00:25:19.861874 /IEM/CPU1/Tlb/Data/LargePageGlobalCurLoads        0 count
00:25:19.861877 /IEM/CPU1/Tlb/Data/LargePageGlobalFirstTag ffffffffffffffff count
00:25:19.861880 /IEM/CPU1/Tlb/Data/LargePageGlobalLastTag        0 count
00:25:19.861883 /IEM/CPU1/Tlb/Data/LargePageNonGlobalCurLoads        0 count
00:25:19.861886 /IEM/CPU1/Tlb/Data/LargePageNonGlobalFirstTag ffffffffffffffff count
00:25:19.861888 /IEM/CPU1/Tlb/Data/LargePageNonGlobalLastTag        0 count
00:25:19.861892 /IEM/CPU1/Tlb/Data/Misses               0 count
00:25:19.861895 /IEM/CPU1/Tlb/Data/Misses/Core          0 count
00:25:19.861898 /IEM/CPU1/Tlb/Data/Misses/Core/GlobalLoads        0 count
00:25:19.861901 /IEM/CPU1/Tlb/Data/Misses/Safe          0 count
00:25:19.861904 /IEM/CPU1/Tlb/Data/Misses/Safe/Reads        0 count
00:25:19.861908 /IEM/CPU1/Tlb/Data/Misses/Safe/SubPartHits        0 count
00:25:19.861911 /IEM/CPU1/Tlb/Data/Misses/Safe/SubPartMisses        0 count
00:25:19.861914 /IEM/CPU1/Tlb/Data/Misses/Safe/SubPartMisses/GlobalLoads        0 count
00:25:19.861917 /IEM/CPU1/Tlb/Data/Misses/Safe/Writes        0 count
00:25:19.861921 /IEM/CPU1/Tlb/Data/PhysicalRevision fffffffffffce000 
00:25:19.861924 /IEM/CPU1/Tlb/Data/PhysicalRevisionFlushes        0 
00:25:19.861928 /IEM/CPU1/Tlb/Data/PhysicalRevisionRollovers        0 
00:25:19.861931 /IEM/CPU1/Tlb/Data/RevisionGlobal fffff38000000000 
00:25:19.861935 /IEM/CPU1/Tlb/Data/RevisionGlobalFlushes        0 
00:25:19.861938 /IEM/CPU1/Tlb/Data/RevisionNonGlobal fffff38000000000 
00:25:19.861943 /IEM/CPU1/Tlb/Data/RevisionNonGlobalFlushes        0 
00:25:19.861948 /IEM/CPU1/Tlb/Data/RevisionRollovers        0 
00:25:19.861951 /IEM/CPU1/cInstructions           1503682 count
00:25:19.861955 /IEM/CPU1/cLongJumps                    0 bytes
00:25:19.861959 /IEM/CPU1/cMisalignedAtomics            0 bytes
00:25:19.861963 /IEM/CPU1/cPendingCommit                0 bytes
00:25:19.861966 /IEM/CPU1/cPotentialExits          905298 count
00:25:19.861970 /IEM/CPU1/cRetAspectNotImplemented        0 count
00:25:19.861973 /IEM/CPU1/cRetErrStatuses               0 count
00:25:19.861977 /IEM/CPU1/cRetInfStatuses               0 count
00:25:19.861981 /IEM/CPU1/cRetInstrNotImplemented        0 count
00:25:19.861984 /IEM/CPU1/cbWritten               2849272 bytes
00:25:19.861988 /IOM/MmioMappingsStale                  0 ticks/call
00:25:19.861992 /IOM/MmioTooDeepRecursion               0 times
00:25:19.861996 /NEM/CPU0/BreakOnCancel                 0 times
00:25:19.861999 /NEM/CPU0/BreakOnFFPost             27408 times
00:25:19.862003 /NEM/CPU0/BreakOnFFPre               1037 times
00:25:19.862007 /NEM/CPU0/BreakOnStatus             85684 times
00:25:19.862011 /NEM/CPU0/CancelAlertedEMT              0 times
00:25:19.862014 /NEM/CPU0/CancelChangedState            0 times
00:25:19.862018 /NEM/CPU0/ExitCpuId                 56035 times
00:25:19.862022 /NEM/CPU0/ExitException                85 times
00:25:19.862026 /NEM/CPU0/ExitExceptionBp              14 times
00:25:19.862030 /NEM/CPU0/ExitExceptionDb               0 times
00:25:19.862033 /NEM/CPU0/ExitExceptionGp               0 times
00:25:19.862037 /NEM/CPU0/ExitExceptionGpMesa           0 times
00:25:19.862041 /NEM/CPU0/ExitExceptionUd              71 times
00:25:19.862044 /NEM/CPU0/ExitExceptionUdHandled       60 times
00:25:19.862047 /NEM/CPU0/ExitHalt                  85672 times
00:25:19.862051 /NEM/CPU0/ExitInterruptWindow       49548 times
00:25:19.862055 /NEM/CPU0/ExitMemIntercept              0 times
00:25:19.862059 /NEM/CPU0/ExitMemUnmapped          551583 times
00:25:19.862063 /NEM/CPU0/ExitMsr                      14 times
00:25:19.862067 /NEM/CPU0/ExitPortIo               130717 times
00:25:19.862070 /NEM/CPU0/ExitUnrecoverable             0 times
00:25:19.862074 /NEM/CPU0/GetMsgTimeout                 0 times
00:25:19.862077 /NEM/CPU0/ImportOnDemand            26399 times
00:25:19.862080 /NEM/CPU0/ImportOnReturn            88275 times
00:25:19.862083 /NEM/CPU0/ImportOnReturnSkipped     25854 times
00:25:19.862106 /NEM/CPU0/QueryCpuTick                  6 times
00:25:19.862110 /NEM/CPU0/StopCpuPending                0 times
00:25:19.862114 /NEM/CPU0/StopCpuPendingAlerts          0 times
00:25:19.862117 /NEM/CPU0/StopCpuPendingOdd             0 times
00:25:19.862121 /NEM/CPU0/StopCpuSuccess                0 times
00:25:19.862125 /NEM/CPU1/BreakOnCancel                 0 times
00:25:19.862129 /NEM/CPU1/BreakOnFFPost             38242 times
00:25:19.862133 /NEM/CPU1/BreakOnFFPre             146344 times
00:25:19.862136 /NEM/CPU1/BreakOnStatus             57779 times
00:25:19.862140 /NEM/CPU1/CancelAlertedEMT              0 times
00:25:19.862144 /NEM/CPU1/CancelChangedState            0 times
00:25:19.862147 /NEM/CPU1/ExitCpuId                 52179 times
00:25:19.862151 /NEM/CPU1/ExitException               113 times
00:25:19.862154 /NEM/CPU1/ExitExceptionBp              12 times
00:25:19.862158 /NEM/CPU1/ExitExceptionDb               0 times
00:25:19.862161 /NEM/CPU1/ExitExceptionGp               0 times
00:25:19.862164 /NEM/CPU1/ExitExceptionGpMesa           0 times
00:25:19.862168 /NEM/CPU1/ExitExceptionUd             101 times
00:25:19.862172 /NEM/CPU1/ExitExceptionUdHandled      101 times
00:25:19.862175 /NEM/CPU1/ExitHalt                  57779 times
00:25:19.862179 /NEM/CPU1/ExitInterruptWindow      132281 times
00:25:19.862183 /NEM/CPU1/ExitMemIntercept              0 times
00:25:19.862186 /NEM/CPU1/ExitMemUnmapped          718955 times
00:25:19.862191 /NEM/CPU1/ExitMsr                       5 times
00:25:19.862195 /NEM/CPU1/ExitPortIo                80235 times
00:25:19.862199 /NEM/CPU1/ExitUnrecoverable             0 times
00:25:19.862202 /NEM/CPU1/GetMsgTimeout                 0 times
00:25:19.862206 /NEM/CPU1/ImportOnDemand            34719 times
00:25:19.862209 /NEM/CPU1/ImportOnReturn           218100 times
00:25:19.862213 /NEM/CPU1/ImportOnReturnSkipped     24265 times
00:25:19.862217 /NEM/CPU1/QueryCpuTick                 25 times
00:25:19.862221 /NEM/CPU1/StopCpuPending                0 times
00:25:19.862225 /NEM/CPU1/StopCpuPendingAlerts          0 times
00:25:19.862228 /NEM/CPU1/StopCpuPendingOdd             0 times
00:25:19.862232 /NEM/CPU1/StopCpuSuccess                0 times
00:25:19.862236 /NEM/PagesCurrentlyMapped               0 pages
00:25:19.862239 /NEM/PagesMapCalls                     14 pages
00:25:19.862243 /NEM/PagesMapFails                      0 pages
00:25:19.862247 /NEM/PagesMapGpaRange            15592497 ticks/call (   280664957 ticks,      18 calls, max 227750873, min   70622)
00:25:19.862252 /NEM/PagesMapGpaRangePage               0 ticks/call (           0 ticks,       0 calls, max         0, min      -1)
00:25:19.862257 /NEM/PagesUnmapCalls                   14 pages
00:25:19.862260 /NEM/PagesUnmapFails                    0 pages
00:25:19.862264 /NEM/PagesUnmapGpaRange            346853 ticks/call (     1387412 ticks,       4 calls, max    608114, min  100286)
00:25:19.862269 /NEM/PagesUnmapGpaRangePage         82062 ticks/call (     1148872 ticks,      14 calls, max    200634, min   59194)
00:25:19.862278 /NEM/R0Stats/cPagesAvailable            0 pages
00:25:19.862282 /NEM/R0Stats/cPagesInUse                0 pages
00:25:19.862286 /PDM/BlkCache/cbCached                  0 bytes
00:25:19.862290 /PDM/BlkCache/cbCachedFru               0 bytes
00:25:19.862293 /PDM/BlkCache/cbCachedMruIn             0 bytes
00:25:19.862297 /PDM/BlkCache/cbCachedMruOut            0 bytes
00:25:19.862301 /PDM/BlkCache/cbMax               5242880 bytes
00:25:19.862305 /PDM/CritSects/00-AbortedEnters         0 times
00:25:19.862308 /PDM/CritSects/00-EntersWhileAborting        0 times
00:25:19.862311 /PDM/CritSects/00-Non-interruptible-Waits-VINF_SUCCESS        0 times
00:25:19.862315 /PDM/CritSects/00-QueuedLeaves          0 times
00:25:19.862318 /PDM/CritSects/00-VERR_INTERRUPTED        0 times
00:25:19.862322 /PDM/CritSects/00-VERR_TIMEOUT          0 times
00:25:19.862325 /PDM/CritSects/8237A#0Auto/ContentionR3        0 times
00:25:19.862329 /PDM/CritSects/8237A#0Auto/ContentionR3Wait        0 ticks/time (           0 ticks,       0 times, max         0, min      -1)
00:25:19.862333 /PDM/CritSects/8237A#0Auto/ContentionRZLock        0 times
00:25:19.862337 /PDM/CritSects/8237A#0Auto/ContentionRZLockBusy        0 times
00:25:19.862340 /PDM/CritSects/8237A#0Auto/ContentionRZUnlock        0 times
00:25:19.862343 /PDM/CritSects/8237A#0Auto/ContentionRZWait        0 ticks/time (           0 ticks,       0 times, max         0, min      -1)
00:25:19.862347 /PDM/CritSects/AC'97/ContentionR3       11 times
00:25:19.862351 /PDM/CritSects/AC'97/ContentionR3Wait    45422 ticks/time (      499643 ticks,      11 times, max     94681, min   11866)
00:25:19.862355 /PDM/CritSects/AC'97/ContentionRZLock        0 times
00:25:19.862359 /PDM/CritSects/AC'97/ContentionRZLockBusy        0 times
00:25:19.862362 /PDM/CritSects/AC'97/ContentionRZUnlock        0 times
00:25:19.862366 /PDM/CritSects/AC'97/ContentionRZWait        0 ticks/time (           0 ticks,       0 times, max         0, min      -1)
00:25:19.862370 /PDM/CritSects/AHCI#0/ContentionR3       16 times
00:25:19.862374 /PDM/CritSects/AHCI#0/ContentionR3Wait    42127 ticks/time (      674043 ticks,      16 times, max    118994, min    3694)
00:25:19.862378 /PDM/CritSects/AHCI#0/ContentionRZLock        0 times
00:25:19.862381 /PDM/CritSects/AHCI#0/ContentionRZLockBusy        0 times
00:25:19.862385 /PDM/CritSects/AHCI#0/ContentionRZUnlock        0 times
00:25:19.862390 /PDM/CritSects/AHCI#0/ContentionRZWait        0 ticks/time (           0 ticks,       0 times, max         0, min      -1)
00:25:19.862395 /PDM/CritSects/ATA#0-Ctl/ContentionR3        0 times
00:25:19.862398 /PDM/CritSects/ATA#0-Ctl/ContentionR3Wait        0 ticks/time (           0 ticks,       0 times, max         0, min      -1)
00:25:19.862479 /PDM/CritSects/ATA#0-Ctl/ContentionRZLock        0 times
00:25:19.862483 /PDM/CritSects/ATA#0-Ctl/ContentionRZLockBusy        0 times
00:25:19.862486 /PDM/CritSects/ATA#0-Ctl/ContentionRZUnlock        0 times
00:25:19.862490 /PDM/CritSects/ATA#0-Ctl/ContentionRZWait        0 ticks/time (           0 ticks,       0 times, max         0, min      -1)
00:25:19.862494 /PDM/CritSects/ATA#0-Req/ContentionR3        0 times
00:25:19.862497 /PDM/CritSects/ATA#0-Req/ContentionR3Wait        0 ticks/time (           0 ticks,       0 times, max         0, min      -1)
00:25:19.862501 /PDM/CritSects/ATA#0-Req/ContentionRZLock        0 times
00:25:19.862504 /PDM/CritSects/ATA#0-Req/ContentionRZLockBusy        0 times
00:25:19.862507 /PDM/CritSects/ATA#0-Req/ContentionRZUnlock        0 times
00:25:19.862510 /PDM/CritSects/ATA#0-Req/ContentionRZWait        0 ticks/time (           0 ticks,       0 times, max         0, min      -1)
00:25:19.862514 /PDM/CritSects/ATA#1-Ctl/ContentionR3       38 times
00:25:19.862518 /PDM/CritSects/ATA#1-Ctl/ContentionR3Wait   118011 ticks/time (     4484451 ticks,      38 times, max   2294784, min    8174)
00:25:19.862522 /PDM/CritSects/ATA#1-Ctl/ContentionRZLock        0 times
00:25:19.862525 /PDM/CritSects/ATA#1-Ctl/ContentionRZLockBusy        0 times
00:25:19.862529 /PDM/CritSects/ATA#1-Ctl/ContentionRZUnlock        0 times
00:25:19.862532 /PDM/CritSects/ATA#1-Ctl/ContentionRZWait        0 ticks/time (           0 ticks,       0 times, max         0, min      -1)
00:25:19.862536 /PDM/CritSects/ATA#1-Req/ContentionR3        0 times
00:25:19.862539 /PDM/CritSects/ATA#1-Req/ContentionR3Wait        0 ticks/time (           0 ticks,       0 times, max         0, min      -1)
00:25:19.862543 /PDM/CritSects/ATA#1-Req/ContentionRZLock        0 times
00:25:19.862546 /PDM/CritSects/ATA#1-Req/ContentionRZLockBusy        0 times
00:25:19.862550 /PDM/CritSects/ATA#1-Req/ContentionRZUnlock        0 times
00:25:19.862553 /PDM/CritSects/ATA#1-Req/ContentionRZWait        0 ticks/time (           0 ticks,       0 times, max         0, min      -1)
00:25:19.862557 /PDM/CritSects/E1000#0/ContentionR3       19 times
00:25:19.862560 /PDM/CritSects/E1000#0/ContentionR3Wait    44429 ticks/time (      844164 ticks,      19 times, max     78484, min   13514)
00:25:19.862564 /PDM/CritSects/E1000#0/ContentionRZLock        0 times
00:25:19.862567 /PDM/CritSects/E1000#0/ContentionRZLockBusy        0 times
00:25:19.862571 /PDM/CritSects/E1000#0/ContentionRZUnlock        0 times
00:25:19.862574 /PDM/CritSects/E1000#0/ContentionRZWait        0 ticks/time (           0 ticks,       0 times, max         0, min      -1)
00:25:19.862578 /PDM/CritSects/E1000#0RX/ContentionR3        0 times
00:25:19.862581 /PDM/CritSects/E1000#0RX/ContentionR3Wait        0 ticks/time (           0 ticks,       0 times, max         0, min      -1)
00:25:19.862584 /PDM/CritSects/E1000#0RX/ContentionRZLock        0 times
00:25:19.862587 /PDM/CritSects/E1000#0RX/ContentionRZLockBusy        0 times
00:25:19.862590 /PDM/CritSects/E1000#0RX/ContentionRZUnlock        0 times
00:25:19.862593 /PDM/CritSects/E1000#0RX/ContentionRZWait        0 ticks/time (           0 ticks,       0 times, max         0, min      -1)
00:25:19.862596 /PDM/CritSects/E1000#0TX/ContentionR3        0 times
00:25:19.862599 /PDM/CritSects/E1000#0TX/ContentionR3Wait        0 ticks/time (           0 ticks,       0 times, max         0, min      -1)
00:25:19.862603 /PDM/CritSects/E1000#0TX/ContentionRZLock        0 times
00:25:19.862605 /PDM/CritSects/E1000#0TX/ContentionRZLockBusy        0 times
00:25:19.862609 /PDM/CritSects/E1000#0TX/ContentionRZUnlock        0 times
00:25:19.862612 /PDM/CritSects/E1000#0TX/ContentionRZWait        0 ticks/time (           0 ticks,       0 times, max         0, min      -1)
00:25:19.862663 /PDM/CritSects/EHCI#0Irq/ContentionR3        0 times
00:25:19.862674 /PDM/CritSects/EHCI#0Irq/ContentionR3Wait        0 ticks/time (           0 ticks,       0 times, max         0, min      -1)
00:25:19.862678 /PDM/CritSects/EHCI#0Irq/ContentionRZLock        0 times
00:25:19.862686 /PDM/CritSects/EHCI#0Irq/ContentionRZLockBusy        0 times
00:25:19.862689 /PDM/CritSects/EHCI#0Irq/ContentionRZUnlock        0 times
00:25:19.862692 /PDM/CritSects/EHCI#0Irq/ContentionRZWait        0 ticks/time (           0 ticks,       0 times, max         0, min      -1)
00:25:19.862696 /PDM/CritSects/GIMDev#0Auto/ContentionR3        0 times
00:25:19.862698 /PDM/CritSects/GIMDev#0Auto/ContentionR3Wait        0 ticks/time (           0 ticks,       0 times, max         0, min      -1)
00:25:19.862702 /PDM/CritSects/GIMDev#0Auto/ContentionRZLock        0 times
00:25:19.862705 /PDM/CritSects/GIMDev#0Auto/ContentionRZLockBusy        0 times
00:25:19.862708 /PDM/CritSects/GIMDev#0Auto/ContentionRZUnlock        0 times
00:25:19.862710 /PDM/CritSects/GIMDev#0Auto/ContentionRZWait        0 ticks/time (           0 ticks,       0 times, max         0, min      -1)
00:25:19.862714 /PDM/CritSects/IntNetXmit_0/ContentionR3        0 times
00:25:19.862717 /PDM/CritSects/IntNetXmit_0/ContentionR3Wait        0 ticks/time (           0 ticks,       0 times, max         0, min      -1)
00:25:19.862721 /PDM/CritSects/IntNetXmit_0/ContentionRZLock        0 times
00:25:19.862724 /PDM/CritSects/IntNetXmit_0/ContentionRZLockBusy        0 times
00:25:19.862727 /PDM/CritSects/IntNetXmit_0/ContentionRZUnlock        0 times
00:25:19.862729 /PDM/CritSects/IntNetXmit_0/ContentionRZWait        0 ticks/time (           0 ticks,       0 times, max         0, min      -1)
00:25:19.862733 /PDM/CritSects/NOP/ContentionR3         0 times
00:25:19.862736 /PDM/CritSects/NOP/ContentionR3Wait        0 ticks/time (           0 ticks,       0 times, max         0, min      -1)
00:25:19.862740 /PDM/CritSects/NOP/ContentionRZLock        0 times
00:25:19.862743 /PDM/CritSects/NOP/ContentionRZLockBusy        0 times
00:25:19.862746 /PDM/CritSects/NOP/ContentionRZUnlock        0 times
00:25:19.862749 /PDM/CritSects/NOP/ContentionRZWait        0 ticks/time (           0 ticks,       0 times, max         0, min      -1)
00:25:19.862752 /PDM/CritSects/OHCI#0Irq/ContentionR3        0 times
00:25:19.862755 /PDM/CritSects/OHCI#0Irq/ContentionR3Wait        0 ticks/time (           0 ticks,       0 times, max         0, min      -1)
00:25:19.862759 /PDM/CritSects/OHCI#0Irq/ContentionRZLock        0 times
00:25:19.862762 /PDM/CritSects/OHCI#0Irq/ContentionRZLockBusy        0 times
00:25:19.862764 /PDM/CritSects/OHCI#0Irq/ContentionRZUnlock        0 times
00:25:19.862767 /PDM/CritSects/OHCI#0Irq/ContentionRZWait        0 ticks/time (           0 ticks,       0 times, max         0, min      -1)
00:25:19.862771 /PDM/CritSects/PDM/ContentionR3        12 times
00:25:19.862773 /PDM/CritSects/PDM/ContentionR3Wait    60101 ticks/time (      721221 ticks,      12 times, max    320362, min   16912)
00:25:19.862777 /PDM/CritSects/PDM/ContentionRZLock        0 times
00:25:19.862779 /PDM/CritSects/PDM/ContentionRZLockBusy        0 times
00:25:19.862782 /PDM/CritSects/PDM/ContentionRZUnlock        0 times
00:25:19.862785 /PDM/CritSects/PDM/ContentionRZWait        0 ticks/time (           0 ticks,       0 times, max         0, min      -1)
00:25:19.862789 /PDM/CritSects/PGM/ContentionR3     31571 times
00:25:19.862792 /PDM/CritSects/PGM/ContentionR3Wait    69742 ticks/time (  2202188050 ticks,   31576 times, max  18891149, min    1868)
00:25:19.862796 /PDM/CritSects/PGM/ContentionRZLock        0 times
00:25:19.862799 /PDM/CritSects/PGM/ContentionRZLockBusy        0 times
00:25:19.862801 /PDM/CritSects/PGM/ContentionRZUnlock        0 times
00:25:19.862804 /PDM/CritSects/PGM/ContentionRZWait        0 ticks/time (           0 ticks,       0 times, max         0, min      -1)
00:25:19.862809 /PDM/CritSects/TM VirtualSync Lock/ContentionR3     4751 times
00:25:19.862813 /PDM/CritSects/TM VirtualSync Lock/ContentionR3Wait    79022 ticks/time (   375435819 ticks,    4751 times, max  50768422, min    3702)
00:25:19.862817 /PDM/CritSects/TM VirtualSync Lock/ContentionRZLock        0 times
00:25:19.862820 /PDM/CritSects/TM VirtualSync Lock/ContentionRZLockBusy        0 times
00:25:19.862823 /PDM/CritSects/TM VirtualSync Lock/ContentionRZUnlock        0 times
00:25:19.862826 /PDM/CritSects/TM VirtualSync Lock/ContentionRZWait        0 ticks/time (           0 ticks,       0 times, max         0, min      -1)
00:25:19.862829 /PDM/CritSects/TM real queue timer lock/ContentionR3        0 times
00:25:19.862833 /PDM/CritSects/TM real queue timer lock/ContentionR3Wait        0 ticks/time (           0 ticks,       0 times, max         0, min      -1)
00:25:19.862836 /PDM/CritSects/TM real queue timer lock/ContentionRZLock        0 times
00:25:19.862839 /PDM/CritSects/TM real queue timer lock/ContentionRZLockBusy        0 times
00:25:19.862842 /PDM/CritSects/TM real queue timer lock/ContentionRZUnlock        0 times
00:25:19.862845 /PDM/CritSects/TM real queue timer lock/ContentionRZWait        0 ticks/time (           0 ticks,       0 times, max         0, min      -1)
00:25:19.862848 /PDM/CritSects/TM tsc queue timer lock/ContentionR3        0 times
00:25:19.862851 /PDM/CritSects/TM tsc queue timer lock/ContentionR3Wait        0 ticks/time (           0 ticks,       0 times, max         0, min      -1)
00:25:19.862854 /PDM/CritSects/TM tsc queue timer lock/ContentionRZLock        0 times
00:25:19.862857 /PDM/CritSects/TM tsc queue timer lock/ContentionRZLockBusy        0 times
00:25:19.862860 /PDM/CritSects/TM tsc queue timer lock/ContentionRZUnlock        0 times
00:25:19.862863 /PDM/CritSects/TM tsc queue timer lock/ContentionRZWait        0 ticks/time (           0 ticks,       0 times, max         0, min      -1)
00:25:19.862866 /PDM/CritSects/TM virtual queue timer lock/ContentionR3       11 times
00:25:19.862870 /PDM/CritSects/TM virtual queue timer lock/ContentionR3Wait   150897 ticks/time (     1508976 ticks,      10 times, max    666624, min   23068)
00:25:19.862874 /PDM/CritSects/TM virtual queue timer lock/ContentionRZLock        0 times
00:25:19.862877 /PDM/CritSects/TM virtual queue timer lock/ContentionRZLockBusy        0 times
00:25:19.862880 /PDM/CritSects/TM virtual queue timer lock/ContentionRZUnlock        0 times
00:25:19.862883 /PDM/CritSects/TM virtual queue timer lock/ContentionRZWait        0 ticks/time (           0 ticks,       0 times, max         0, min      -1)
00:25:19.862886 /PDM/CritSects/TM virtual_sync queue timer lock/ContentionR3        0 times
00:25:19.862889 /PDM/CritSects/TM virtual_sync queue timer lock/ContentionR3Wait        0 ticks/time (           0 ticks,       0 times, max         0, min      -1)
00:25:19.862892 /PDM/CritSects/TM virtual_sync queue timer lock/ContentionRZLock        0 times
00:25:19.862895 /PDM/CritSects/TM virtual_sync queue timer lock/ContentionRZLockBusy        0 times
00:25:19.862898 /PDM/CritSects/TM virtual_sync queue timer lock/ContentionRZUnlock        0 times
00:25:19.862901 /PDM/CritSects/TM virtual_sync queue timer lock/ContentionRZWait        0 ticks/time (           0 ticks,       0 times, max         0, min      -1)
00:25:19.862905 /PDM/CritSects/VGA#0/ContentionR3      250 times
00:25:19.862907 /PDM/CritSects/VGA#0/ContentionR3Wait  2244540 ticks/time (   561135144 ticks,     250 times, max  13191992, min   16180)
00:25:19.862911 /PDM/CritSects/VGA#0/ContentionRZLock        0 times
00:25:19.862914 /PDM/CritSects/VGA#0/ContentionRZLockBusy        0 times
00:25:19.862917 /PDM/CritSects/VGA#0/ContentionRZUnlock        0 times
00:25:19.862920 /PDM/CritSects/VGA#0/ContentionRZWait        0 ticks/time (           0 ticks,       0 times, max         0, min      -1)
00:25:19.862923 /PDM/CritSects/VGA#0_IRQ/ContentionR3        0 times
00:25:19.862926 /PDM/CritSects/VGA#0_IRQ/ContentionR3Wait        0 ticks/time (           0 ticks,       0 times, max         0, min      -1)
00:25:19.862931 /PDM/CritSects/VGA#0_IRQ/ContentionRZLock        0 times
00:25:19.862935 /PDM/CritSects/VGA#0_IRQ/ContentionRZLockBusy        0 times
00:25:19.862939 /PDM/CritSects/VGA#0_IRQ/ContentionRZUnlock        0 times
00:25:19.862942 /PDM/CritSects/VGA#0_IRQ/ContentionRZWait        0 ticks/time (           0 ticks,       0 times, max         0, min      -1)
00:25:19.862946 /PDM/CritSects/VMMDev#0/ContentionR3     2285 times
00:25:19.862950 /PDM/CritSects/VMMDev#0/ContentionR3Wait   104031 ticks/time (   237711855 ticks,    2285 times, max  19419241, min    6292)
00:25:19.862954 /PDM/CritSects/VMMDev#0/ContentionRZLock        0 times
00:25:19.862957 /PDM/CritSects/VMMDev#0/ContentionRZLockBusy        0 times
00:25:19.862960 /PDM/CritSects/VMMDev#0/ContentionRZUnlock        0 times
00:25:19.862963 /PDM/CritSects/VMMDev#0/ContentionRZWait        0 ticks/time (           0 ticks,       0 times, max         0, min      -1)
00:25:19.862966 /PDM/CritSects/acpi#0/ContentionR3        0 times
00:25:19.862969 /PDM/CritSects/acpi#0/ContentionR3Wait        0 ticks/time (           0 ticks,       0 times, max         0, min      -1)
00:25:19.862972 /PDM/CritSects/acpi#0/ContentionRZLock        0 times
00:25:19.862976 /PDM/CritSects/acpi#0/ContentionRZLockBusy        0 times
00:25:19.862979 /PDM/CritSects/acpi#0/ContentionRZUnlock        0 times
00:25:19.862982 /PDM/CritSects/acpi#0/ContentionRZWait        0 ticks/time (           0 ticks,       0 times, max         0, min      -1)
00:25:19.862987 /PDM/CritSects/mc146818#0Auto/ContentionR3        0 times
00:25:19.862990 /PDM/CritSects/mc146818#0Auto/ContentionR3Wait        0 ticks/time (           0 ticks,       0 times, max         0, min      -1)
00:25:19.862994 /PDM/CritSects/mc146818#0Auto/ContentionRZLock        0 times
00:25:19.862997 /PDM/CritSects/mc146818#0Auto/ContentionRZLockBusy        0 times
00:25:19.863001 /PDM/CritSects/mc146818#0Auto/ContentionRZUnlock        0 times
00:25:19.863005 /PDM/CritSects/mc146818#0Auto/ContentionRZWait        0 ticks/time (           0 ticks,       0 times, max         0, min      -1)
00:25:19.863010 /PDM/CritSects/pcarch#0Auto/ContentionR3        0 times
00:25:19.863013 /PDM/CritSects/pcarch#0Auto/ContentionR3Wait        0 ticks/time (           0 ticks,       0 times, max         0, min      -1)
00:25:19.863017 /PDM/CritSects/pcarch#0Auto/ContentionRZLock        0 times
00:25:19.863021 /PDM/CritSects/pcarch#0Auto/ContentionRZLockBusy        0 times
00:25:19.863024 /PDM/CritSects/pcarch#0Auto/ContentionRZUnlock        0 times
00:25:19.863026 /PDM/CritSects/pcarch#0Auto/ContentionRZWait        0 ticks/time (           0 ticks,       0 times, max         0, min      -1)
00:25:19.863030 /PDM/CritSects/pcbios#0Auto/ContentionR3        0 times
00:25:19.863033 /PDM/CritSects/pcbios#0Auto/ContentionR3Wait        0 ticks/time (           0 ticks,       0 times, max         0, min      -1)
00:25:19.863036 /PDM/CritSects/pcbios#0Auto/ContentionRZLock        0 times
00:25:19.863039 /PDM/CritSects/pcbios#0Auto/ContentionRZLockBusy        0 times
00:25:19.863042 /PDM/CritSects/pcbios#0Auto/ContentionRZUnlock        0 times
00:25:19.863045 /PDM/CritSects/pcbios#0Auto/ContentionRZWait        0 ticks/time (           0 ticks,       0 times, max         0, min      -1)
00:25:19.863049 /PDM/CritSects/pckbd#0Auto/ContentionR3        0 times
00:25:19.863052 /PDM/CritSects/pckbd#0Auto/ContentionR3Wait        0 ticks/time (           0 ticks,       0 times, max         0, min      -1)
00:25:19.863055 /PDM/CritSects/pckbd#0Auto/ContentionRZLock        0 times
00:25:19.863058 /PDM/CritSects/pckbd#0Auto/ContentionRZLockBusy        0 times
00:25:19.863061 /PDM/CritSects/pckbd#0Auto/ContentionRZUnlock        0 times
00:25:19.863064 /PDM/CritSects/pckbd#0Auto/ContentionRZWait        0 ticks/time (           0 ticks,       0 times, max         0, min      -1)
00:25:19.863068 /PDM/CritSects/pit#0/ContentionR3        0 times
00:25:19.863206 /PDM/CritSects/pit#0/ContentionR3Wait        0 ticks/time (           0 ticks,       0 times, max         0, min      -1)
00:25:19.863223 /PDM/CritSects/pit#0/ContentionRZLock        0 times
00:25:19.863229 /PDM/CritSects/pit#0/ContentionRZLockBusy        0 times
00:25:19.863240 /PDM/CritSects/pit#0/ContentionRZUnlock        0 times
00:25:19.863249 /PDM/CritSects/pit#0/ContentionRZWait        0 ticks/time (           0 ticks,       0 times, max         0, min      -1)
00:25:19.863253 /PDM/CritSects/usb-ehci#0Auto/ContentionR3        0 times
00:25:19.863256 /PDM/CritSects/usb-ehci#0Auto/ContentionR3Wait        0 ticks/time (           0 ticks,       0 times, max         0, min      -1)
00:25:19.863259 /PDM/CritSects/usb-ehci#0Auto/ContentionRZLock        0 times
00:25:19.863262 /PDM/CritSects/usb-ehci#0Auto/ContentionRZLockBusy        0 times
00:25:19.863265 /PDM/CritSects/usb-ehci#0Auto/ContentionRZUnlock        0 times
00:25:19.863268 /PDM/CritSects/usb-ehci#0Auto/ContentionRZWait        0 ticks/time (           0 ticks,       0 times, max         0, min      -1)
00:25:19.863271 /PDM/CritSects/usb-ohci#0Auto/ContentionR3        0 times
00:25:19.863274 /PDM/CritSects/usb-ohci#0Auto/ContentionR3Wait        0 ticks/time (           0 ticks,       0 times, max         0, min      -1)
00:25:19.863278 /PDM/CritSects/usb-ohci#0Auto/ContentionRZLock        0 times
00:25:19.863281 /PDM/CritSects/usb-ohci#0Auto/ContentionRZLockBusy        0 times
00:25:19.863284 /PDM/CritSects/usb-ohci#0Auto/ContentionRZUnlock        0 times
00:25:19.863287 /PDM/CritSects/usb-ohci#0Auto/ContentionRZWait        0 ticks/time (           0 ticks,       0 times, max         0, min      -1)
00:25:19.863291 /PDM/CritSectsRw/00-EnterSharedWhileAborting        0 times
00:25:19.863294 /PDM/CritSectsRw/00-Excl-Non-interruptible-Waits-VINF_SUCCESS        0 times
00:25:19.863298 /PDM/CritSectsRw/00-Excl-VERR_INTERRUPTED        0 times
00:25:19.863301 /PDM/CritSectsRw/00-Excl-VERR_TIMEOUT        0 times
00:25:19.863304 /PDM/CritSectsRw/00-Shared-Non-interruptible-Waits-VINF_SUCCESS        0 times
00:25:19.863307 /PDM/CritSectsRw/00-Shared-VERR_INTERRUPTED        0 times
00:25:19.863333 /PDM/CritSectsRw/00-Shared-VERR_TIMEOUT        0 times
00:25:19.863337 /PDM/CritSectsRw/IOM Lock/ContentionR3EnterExcl        0 times
00:25:19.863341 /PDM/CritSectsRw/IOM Lock/ContentionR3EnterShared        0 times
00:25:19.863344 /PDM/CritSectsRw/IOM Lock/ContentionR3LeaveExcl        0 times
00:25:19.863347 /PDM/CritSectsRw/IOM Lock/ContentionRZEnterExcl        0 times
00:25:19.863355 /PDM/CritSectsRw/IOM Lock/ContentionRZEnterShared        0 times
00:25:19.863358 /PDM/CritSectsRw/IOM Lock/ContentionRZLeaveExcl        0 times
00:25:19.863361 /PDM/CritSectsRw/IOM Lock/ContentionRZLeaveShared        0 times
00:25:19.863364 /PDM/CritSectsRw/IOM Lock/R3EnterExcl      105 times
00:25:19.863368 /PDM/CritSectsRw/IOM Lock/R3EnterShared  1063936 times
00:25:19.863372 /PDM/CritSectsRw/IOM Lock/RZEnterExcl        0 times
00:25:19.863375 /PDM/CritSectsRw/IOM Lock/RZEnterShared        0 times
00:25:19.863379 /PDM/CritSectsRw/TM real queue alloc lock/ContentionR3EnterExcl        0 times
00:25:19.863383 /PDM/CritSectsRw/TM real queue alloc lock/ContentionR3EnterShared        0 times
00:25:19.863386 /PDM/CritSectsRw/TM real queue alloc lock/ContentionR3LeaveExcl        0 times
00:25:19.863389 /PDM/CritSectsRw/TM real queue alloc lock/ContentionRZEnterExcl        0 times
00:25:19.863392 /PDM/CritSectsRw/TM real queue alloc lock/ContentionRZEnterShared        0 times
00:25:19.863395 /PDM/CritSectsRw/TM real queue alloc lock/ContentionRZLeaveExcl        0 times
00:25:19.863398 /PDM/CritSectsRw/TM real queue alloc lock/ContentionRZLeaveShared        0 times
00:25:19.863401 /PDM/CritSectsRw/TM real queue alloc lock/R3EnterExcl        8 times
00:25:19.863403 /PDM/CritSectsRw/TM real queue alloc lock/R3EnterShared        2 times
00:25:19.863406 /PDM/CritSectsRw/TM real queue alloc lock/RZEnterExcl        0 times
00:25:19.863410 /PDM/CritSectsRw/TM real queue alloc lock/RZEnterShared        0 times
00:25:19.863413 /PDM/CritSectsRw/TM tsc queue alloc lock/ContentionR3EnterExcl        0 times
00:25:19.863417 /PDM/CritSectsRw/TM tsc queue alloc lock/ContentionR3EnterShared        0 times
00:25:19.863420 /PDM/CritSectsRw/TM tsc queue alloc lock/ContentionR3LeaveExcl        0 times
00:25:19.863423 /PDM/CritSectsRw/TM tsc queue alloc lock/ContentionRZEnterExcl        0 times
00:25:19.863426 /PDM/CritSectsRw/TM tsc queue alloc lock/ContentionRZEnterShared        0 times
00:25:19.863428 /PDM/CritSectsRw/TM tsc queue alloc lock/ContentionRZLeaveExcl        0 times
00:25:19.863431 /PDM/CritSectsRw/TM tsc queue alloc lock/ContentionRZLeaveShared        0 times
00:25:19.863434 /PDM/CritSectsRw/TM tsc queue alloc lock/R3EnterExcl        0 times
00:25:19.863437 /PDM/CritSectsRw/TM tsc queue alloc lock/R3EnterShared        2 times
00:25:19.863440 /PDM/CritSectsRw/TM tsc queue alloc lock/RZEnterExcl        0 times
00:25:19.863442 /PDM/CritSectsRw/TM tsc queue alloc lock/RZEnterShared        0 times
00:25:19.863445 /PDM/CritSectsRw/TM virtual queue alloc lock/ContentionR3EnterExcl        0 times
00:25:19.863448 /PDM/CritSectsRw/TM virtual queue alloc lock/ContentionR3EnterShared        0 times
00:25:19.863451 /PDM/CritSectsRw/TM virtual queue alloc lock/ContentionR3LeaveExcl        0 times
00:25:19.863454 /PDM/CritSectsRw/TM virtual queue alloc lock/ContentionRZEnterExcl        0 times
00:25:19.863458 /PDM/CritSectsRw/TM virtual queue alloc lock/ContentionRZEnterShared        0 times
00:25:19.863461 /PDM/CritSectsRw/TM virtual queue alloc lock/ContentionRZLeaveExcl        0 times
00:25:19.863464 /PDM/CritSectsRw/TM virtual queue alloc lock/ContentionRZLeaveShared        0 times
00:25:19.863468 /PDM/CritSectsRw/TM virtual queue alloc lock/R3EnterExcl       11 times
00:25:19.863471 /PDM/CritSectsRw/TM virtual queue alloc lock/R3EnterShared        2 times
00:25:19.863475 /PDM/CritSectsRw/TM virtual queue alloc lock/RZEnterExcl        0 times
00:25:19.863478 /PDM/CritSectsRw/TM virtual queue alloc lock/RZEnterShared        0 times
00:25:19.863482 /PDM/CritSectsRw/TM virtual_sync queue alloc lock/ContentionR3EnterExcl        0 times
00:25:19.863485 /PDM/CritSectsRw/TM virtual_sync queue alloc lock/ContentionR3EnterShared        0 times
00:25:19.863488 /PDM/CritSectsRw/TM virtual_sync queue alloc lock/ContentionR3LeaveExcl        0 times
00:25:19.863491 /PDM/CritSectsRw/TM virtual_sync queue alloc lock/ContentionRZEnterExcl        0 times
00:25:19.863495 /PDM/CritSectsRw/TM virtual_sync queue alloc lock/ContentionRZEnterShared        0 times
00:25:19.863498 /PDM/CritSectsRw/TM virtual_sync queue alloc lock/ContentionRZLeaveExcl        0 times
00:25:19.863502 /PDM/CritSectsRw/TM virtual_sync queue alloc lock/ContentionRZLeaveShared        0 times
00:25:19.863505 /PDM/CritSectsRw/TM virtual_sync queue alloc lock/R3EnterExcl       10 times
00:25:19.863508 /PDM/CritSectsRw/TM virtual_sync queue alloc lock/R3EnterShared        2 times
00:25:19.863511 /PDM/CritSectsRw/TM virtual_sync queue alloc lock/RZEnterExcl        0 times
00:25:19.863514 /PDM/CritSectsRw/TM virtual_sync queue alloc lock/RZEnterShared        0 times
00:25:19.863517 /PDM/Queue/DevHlp/AllocFailures         0 times
00:25:19.863521 /PDM/Queue/DevHlp/Flush                 0 calls
00:25:19.863525 /PDM/Queue/DevHlp/FlushLeftovers        0 times
00:25:19.863528 /PDM/Queue/DevHlp/Insert                0 calls
00:25:19.863532 /PDM/Queue/DevHlp/cItems               16 count
00:25:19.863536 /PDM/Queue/DevHlp/cbItem               56 bytes
00:25:19.863541 /PDM/Queue/DevHlp/rcOkay                0 
00:25:19.863549 /PDM/Queue/Keyboard/AllocFailures        0 times
00:25:19.863553 /PDM/Queue/Keyboard/Flush               0 calls
00:25:19.863555 /PDM/Queue/Keyboard/FlushLeftovers        0 times
00:25:19.863559 /PDM/Queue/Keyboard/Insert            129 calls
00:25:19.863563 /PDM/Queue/Keyboard/cItems             64 count
00:25:19.863566 /PDM/Queue/Keyboard/cbItem             16 bytes
00:25:19.863571 /PDM/Queue/Keyboard/rcOkay              0 
00:25:19.863576 /PDM/Queue/Mouse/AllocFailures          0 times
00:25:19.863579 /PDM/Queue/Mouse/Flush                  0 calls
00:25:19.863583 /PDM/Queue/Mouse/FlushLeftovers         0 times
00:25:19.863586 /PDM/Queue/Mouse/Insert                 0 calls
00:25:19.863590 /PDM/Queue/Mouse/cItems               128 count
00:25:19.863594 /PDM/Queue/Mouse/cbItem                32 bytes
00:25:19.863598 /PDM/Queue/Mouse/rcOkay                 0 
00:25:19.863601 /PDM/Queue/Mouse_1/AllocFailures        0 times
00:25:19.863605 /PDM/Queue/Mouse_1/Flush                0 calls
00:25:19.863609 /PDM/Queue/Mouse_1/FlushLeftovers        0 times
00:25:19.863612 /PDM/Queue/Mouse_1/Insert              59 calls
00:25:19.863616 /PDM/Queue/Mouse_1/cItems             128 count
00:25:19.863619 /PDM/Queue/Mouse_1/cbItem              32 bytes
00:25:19.863623 /PDM/Queue/Mouse_1/rcOkay               0 
00:25:19.863627 /PDM/Tasks/000-E1000-Xmit-retriggered        0 times
00:25:19.863630 /PDM/Tasks/000-E1000-Xmit-runs          2 times
00:25:19.863634 /PGM/CPU0/R3/Page/MapTlbMisses          0 times
00:25:19.863638 /PGM/CPU0/R3/RamRange/TlbLocking        0 times
00:25:19.863642 /PGM/CPU0/R3/RamRange/TlbMisses       193 times
00:25:19.863645 /PGM/CPU0/RZ/Page/MapTlbMisses          0 times
00:25:19.863649 /PGM/CPU0/RZ/RamRange/TlbLocking        0 times
00:25:19.863652 /PGM/CPU0/RZ/RamRange/TlbMisses         0 times
00:25:19.863686 /PGM/CPU0/cA20Changes                   2 times
00:25:19.863690 /PGM/CPU0/cGuestModeChanges           135 times
00:25:19.863694 /PGM/CPU1/R3/Page/MapTlbMisses          0 times
00:25:19.863698 /PGM/CPU1/R3/RamRange/TlbLocking        0 times
00:25:19.863701 /PGM/CPU1/R3/RamRange/TlbMisses       207 times
00:25:19.863705 /PGM/CPU1/RZ/Page/MapTlbMisses          0 times
00:25:19.863708 /PGM/CPU1/RZ/RamRange/TlbLocking        0 times
00:25:19.863710 /PGM/CPU1/RZ/RamRange/TlbMisses         0 times
00:25:19.863713 /PGM/CPU1/cA20Changes                   0 times
00:25:19.863716 /PGM/CPU1/cGuestModeChanges             2 times
00:25:19.863719 /PGM/ChunkR3Map/Mapped                  0 count
00:25:19.863722 /PGM/ChunkR3Map/Unmapped                0 count
00:25:19.863726 /PGM/ChunkR3Map/c                       0 count
00:25:19.863729 /PGM/ChunkR3Map/cMax             4294967295 count
00:25:19.863732 /PGM/LargePage/Alloc                    0 ns/call (           0 ns,       0 calls, max         0, min      -1)
00:25:19.863736 /PGM/LargePage/AllocFailed              0 times
00:25:19.863739 /PGM/LargePage/Overflow                 0 times
00:25:19.863742 /PGM/LargePage/Recheck                  0 times
00:25:19.863746 /PGM/LargePage/Refused                  0 times
00:25:19.863749 /PGM/LargePage/Reused                   0 times
00:25:19.863752 /PGM/LargePage/TlbFlush                 0 times
00:25:19.863756 /PGM/LargePage/ZeroEvict                0 times
00:25:19.863760 /PGM/Mmio2QueryAndResetDirtyBitmap        0 ticks/call (           0 ticks,       0 calls, max         0, min      -1)
00:25:19.863764 /PGM/Page/cAllPages               1054257 count
00:25:19.863768 /PGM/Page/cBalloonedPages               0 count
00:25:19.863771 /PGM/Page/cHandyPages                   0 count
00:25:19.863774 /PGM/Page/cLargePages                   0 count
00:25:19.863778 /PGM/Page/cLargePagesDisabled           0 count
00:25:19.863781 /PGM/Page/cMonitoredPages               0 count
00:25:19.863789 /PGM/Page/cPrivatePages           1054187 count
00:25:19.863792 /PGM/Page/cPureMmioPages               70 count
00:25:19.863796 /PGM/Page/cReadLockedPages              0 count
00:25:19.863799 /PGM/Page/cReusedSharedPages            0 count
00:25:19.863802 /PGM/Page/cSharedPages                  0 count
00:25:19.863805 /PGM/Page/cWriteLockedPages             0 count
00:25:19.863808 /PGM/Page/cWrittenToPages               0 count
00:25:19.863811 /PGM/Page/cZeroPages                    0 count
00:25:19.863820 /PGM/PhysHandlerTree/ErrorsAllocatorR3        0 times
00:25:19.863840 /PGM/PhysHandlerTree/ErrorsTree         0 times
00:25:19.863843 /PGM/PhysHandlerTree/Inserts           17 times
00:25:19.863846 /PGM/PhysHandlerTree/MaxHandlers     6144 times
00:25:19.863849 /PGM/PhysHandlerTree/RebalancingOperations        6 times
00:25:19.863852 /PGM/PhysHandlerTree/Removals           4 times
00:25:19.863856 /PGM/Pool/Grow                          0 ticks/call (           0 ticks,       0 calls, max         0, min      -1)
00:25:19.863860 /PGM/ShMod/Check                        0 ticks/call (           0 ticks,       0 calls, max         0, min      -1)
00:25:19.863864 /PROF/CPU0/EM/Capped                    0 ticks/call (           0 ticks,       0 calls, max         0, min      -1)
00:25:19.863868 /PROF/CPU0/EM/ForcedActions        121334 times
00:25:19.863871 /PROF/CPU0/EM/HMExec                    0 ticks/call (           0 ticks,       0 calls, max         0, min      -1)
00:25:19.863874 /PROF/CPU0/EM/HMExecuteCalled           0 times
00:25:19.863877 /PROF/CPU0/EM/Halted                87072 times
00:25:19.863881 /PROF/CPU0/EM/NEMExec             2606579 ticks/call (297486352837 ticks,  114129 calls, max 2020777768, min   54280)
00:25:19.863885 /PROF/CPU0/EM/NEMExecuteCalled      86401 times
00:25:19.863888 /PROF/CPU0/EM/REMTotal                  1 times
00:25:19.863892 /PROF/CPU0/EM/RecordedExits       1078794 times
00:25:19.863895 /PROF/CPU0/EM/Total              1309120922836 ticks/call (3927362768508 ticks,       3 calls, max 3521874477934, min 20740347100)
00:25:19.863900 /PROF/CPU0/VM/Halt/Block         17038981 ns/call (1386223381030 ns,   81356 calls, max 500947306, min       1)
00:25:19.863904 /PROF/CPU0/VM/Halt/BlockInsomnia 16967668 ns/call (1380218034144 ns,   81344 calls, max 499934057, min       1)
00:25:19.863909 /PROF/CPU0/VM/Halt/BlockOnTime   500047783 ns/call (   500047783 ns,       1 calls, max 500047783, min 500047783)
00:25:19.863912 /PROF/CPU0/VM/Halt/BlockOverslept   482042 ns/call (     5302471 ns,      11 calls, max    947456, min   95488)
00:25:19.863917 /PROF/CPU0/VM/Halt/R0HaltBlock          0 ns/call (           0 ns,       0 calls, max         0, min      -1)
00:25:19.863921 /PROF/CPU0/VM/Halt/R0HaltBlockInsomnia        0 ns/call (           0 ns,       0 calls, max         0, min      -1)
00:25:19.863925 /PROF/CPU0/VM/Halt/R0HaltBlockOnTime        0 ns/call (           0 ns,       0 calls, max         0, min      -1)
00:25:19.863929 /PROF/CPU0/VM/Halt/R0HaltBlockOverslept        0 ns/call (           0 ns,       0 calls, max         0, min      -1)
00:25:19.863934 /PROF/CPU0/VM/Halt/R0HaltExec           0 times
00:25:19.863938 /PROF/CPU0/VM/Halt/R0HaltExec/FromBlock        0 times
00:25:19.863947 /PROF/CPU0/VM/Halt/R0HaltExec/FromSpin        0 times
00:25:19.863951 /PROF/CPU0/VM/Halt/R0HaltHistoryCounter        0 times
00:25:19.863954 /PROF/CPU0/VM/Halt/R0HaltHistorySucceeded        0 times
00:25:19.863957 /PROF/CPU0/VM/Halt/R0HaltHistoryToRing3        0 times
00:25:19.863961 /PROF/CPU0/VM/Halt/R0HaltToR3           0 times
00:25:19.863964 /PROF/CPU0/VM/Halt/R0HaltToR3/FromSpin        0 times
00:25:19.863967 /PROF/CPU0/VM/Halt/R0HaltToR3/Other        0 times
00:25:19.863970 /PROF/CPU0/VM/Halt/R0HaltToR3/PendingFF        0 times
00:25:19.863974 /PROF/CPU0/VM/Halt/R0HaltToR3/PostWaitNoInt        0 times
00:25:19.863977 /PROF/CPU0/VM/Halt/R0HaltToR3/PostWaitPendingFF        0 times
00:25:19.863980 /PROF/CPU0/VM/Halt/R0HaltToR3/SmallDelta        0 times
00:25:19.863983 /PROF/CPU0/VM/Halt/Timers             450 ns/call (    73300885 ns,  162569 calls, max   1540938, min       1)
00:25:19.863988 /PROF/CPU0/VM/Halt/Yield                0 ns/call (           0 ns,       0 calls, max         0, min      -1)
00:25:19.863991 /PROF/CPU1/EM/Capped                    0 ticks/call (           0 ticks,       0 calls, max         0, min      -1)
00:25:19.863995 /PROF/CPU1/EM/ForcedActions        247964 times
00:25:19.863998 /PROF/CPU1/EM/HMExec                    0 ticks/call (           0 ticks,       0 calls, max         0, min      -1)
00:25:19.864002 /PROF/CPU1/EM/HMExecuteCalled           0 times
00:25:19.864006 /PROF/CPU1/EM/Halted                58995 times
00:25:19.864009 /PROF/CPU1/EM/NEMExec             1068763 ticks/call (259030760253 ticks,  242365 calls, max 2618302329, min   28964)
00:25:19.864013 /PROF/CPU1/EM/NEMExecuteCalled      74004 times
00:25:19.864016 /PROF/CPU1/EM/REMTotal                  0 times
00:25:19.864019 /PROF/CPU1/EM/RecordedExits       1261567 times
00:25:19.864022 /PROF/CPU1/EM/Total              1309128543135 ticks/call (3927385629406 ticks,       3 calls, max 3521874449688, min 20763230179)
00:25:19.864026 /PROF/CPU1/VM/Halt/Block          8307034 ns/call (1397641882301 ns,  168248 calls, max 866133948, min       1)
00:25:19.864030 /PROF/CPU1/VM/Halt/BlockInsomnia  8876713 ns/call (920621742278 ns,  103712 calls, max 722426578, min       1)
00:25:19.864033 /PROF/CPU1/VM/Halt/BlockOnTime    5596394 ns/call ( 34283514327 ns,    6126 calls, max 443894241, min    4197)
00:25:19.864037 /PROF/CPU1/VM/Halt/BlockOverslept   701430 ns/call ( 40970582590 ns,   58410 calls, max  55599068, min   50033)
00:25:19.864041 /PROF/CPU1/VM/Halt/R0HaltBlock          0 ns/call (           0 ns,       0 calls, max         0, min      -1)
00:25:19.864045 /PROF/CPU1/VM/Halt/R0HaltBlockInsomnia        0 ns/call (           0 ns,       0 calls, max         0, min      -1)
00:25:19.864048 /PROF/CPU1/VM/Halt/R0HaltBlockOnTime        0 ns/call (           0 ns,       0 calls, max         0, min      -1)
00:25:19.864051 /PROF/CPU1/VM/Halt/R0HaltBlockOverslept        0 ns/call (           0 ns,       0 calls, max         0, min      -1)
00:25:19.864055 /PROF/CPU1/VM/Halt/R0HaltExec           0 times
00:25:19.864057 /PROF/CPU1/VM/Halt/R0HaltExec/FromBlock        0 times
00:25:19.864060 /PROF/CPU1/VM/Halt/R0HaltExec/FromSpin        0 times
00:25:19.864063 /PROF/CPU1/VM/Halt/R0HaltHistoryCounter        0 times
00:25:19.864066 /PROF/CPU1/VM/Halt/R0HaltHistorySucceeded        0 times
00:25:19.864069 /PROF/CPU1/VM/Halt/R0HaltHistoryToRing3        0 times
00:25:19.864072 /PROF/CPU1/VM/Halt/R0HaltToR3           0 times
00:25:19.864075 /PROF/CPU1/VM/Halt/R0HaltToR3/FromSpin        0 times
00:25:19.864078 /PROF/CPU1/VM/Halt/R0HaltToR3/Other        0 times
00:25:19.864081 /PROF/CPU1/VM/Halt/R0HaltToR3/PendingFF        0 times
00:25:19.864084 /PROF/CPU1/VM/Halt/R0HaltToR3/PostWaitNoInt        0 times
00:25:19.864087 /PROF/CPU1/VM/Halt/R0HaltToR3/PostWaitPendingFF        0 times
00:25:19.864089 /PROF/CPU1/VM/Halt/R0HaltToR3/SmallDelta        0 times
00:25:19.864092 /PROF/CPU1/VM/Halt/Timers           12878 ns/call (  3292471235 ns,  255649 calls, max  25738310, min       2)
00:25:19.864096 /PROF/CPU1/VM/Halt/Yield             3097 ns/call (     1046863 ns,     338 calls, max     44149, min       1)
00:25:19.864100 /Public/NetAdapter/0/BytesReceived   379982 bytes
00:25:19.864103 /Public/NetAdapter/0/BytesTransmitted    40175 bytes
00:25:19.864106 /Public/NetAdapter/0/e1000              0 
00:25:19.864110 /Public/Storage/AHCI0/Port0/BytesRead 1066333696 bytes
00:25:19.864113 /Public/Storage/AHCI0/Port0/BytesWritten 109394432 bytes
00:25:19.864116 /Public/Storage/AHCI0/Port0/QueryBufAttempts        0 count
00:25:19.864119 /Public/Storage/AHCI0/Port0/QueryBufSuccess        0 count
00:25:19.864122 /Public/Storage/AHCI0/Port0/ReqsFlush     1043 count
00:25:19.864126 /Public/Storage/AHCI0/Port0/ReqsRead    26007 count
00:25:19.864129 /Public/Storage/AHCI0/Port0/ReqsSubmitted    32904 count
00:25:19.864132 /Public/Storage/AHCI0/Port0/ReqsSucceeded    32904 count
00:25:19.864135 /Public/Storage/AHCI0/Port0/ReqsWrite     5854 count
00:25:19.864138 /Public/Storage/PIIX3IDE0/Port2/BytesRead   505856 bytes
00:25:19.864141 /Public/Storage/PIIX3IDE0/Port2/QueryBufAttempts        0 count
00:25:19.864143 /Public/Storage/PIIX3IDE0/Port2/QueryBufSuccess        0 count
00:25:19.864147 /Public/Storage/PIIX3IDE0/Port2/ReqsRead       77 count
00:25:19.864149 /Public/Storage/PIIX3IDE0/Port2/ReqsSubmitted       77 count
00:25:19.864153 /Public/Storage/PIIX3IDE0/Port2/ReqsSucceeded       77 count
00:25:19.864157 /SELM/LoadHidSel/GstReadErrors          0 times
00:25:19.864160 /SELM/LoadHidSel/NoGoodGuest            0 times
00:25:19.864164 /TM/CPU/00/cNsExecuting          69398896466 ns
00:25:19.864167 /TM/CPU/00/cNsHalted             1386452522195 ns
00:25:19.864171 /TM/CPU/00/cNsOther              48188101632 ns
00:25:19.864174 /TM/CPU/00/cNsTotal              1504039520293 ns
00:25:19.864177 /TM/CPU/00/cPeriodsExecuting       987264 count
00:25:19.864180 /TM/CPU/00/cPeriodsHalted           81213 count
00:25:19.864184 /TM/CPU/00/pctExecuting                23 %
00:25:19.864187 /TM/CPU/00/pctHalted                   59 %
00:25:19.864190 /TM/CPU/00/pctOther                    16 %
00:25:19.864194 /TM/CPU/01/cNsExecuting          56624699487 ns
00:25:19.864197 /TM/CPU/01/cNsHalted             1401249416077 ns
00:25:19.864201 /TM/CPU/01/cNsOther              46174661985 ns
00:25:19.864204 /TM/CPU/01/cNsTotal              1504048777549 ns
00:25:19.864207 /TM/CPU/01/cPeriodsExecuting      1084023 count
00:25:19.864210 /TM/CPU/01/cPeriodsHalted           55083 count
00:25:19.864213 /TM/CPU/01/pctExecuting                23 %
00:25:19.864216 /TM/CPU/01/pctHalted                   54 %
00:25:19.864219 /TM/CPU/01/pctOther                    22 %
00:25:19.864222 /TM/CPU/pctExecuting                   23 %
00:25:19.864225 /TM/CPU/pctHalted                      57 %
00:25:19.864228 /TM/CPU/pctOther                       19 %
00:25:19.864231 /TM/MaxHzHint                           0 Hz
00:25:19.864234 /TM/MaxHzHint/real                      0 Hz
00:25:19.864238 /TM/MaxHzHint/tsc                       0 Hz
00:25:19.864241 /TM/MaxHzHint/virtual                   0 Hz
00:25:19.864245 /TM/MaxHzHint/virtual_sync              0 Hz
00:25:19.864248 /TM/PIT/Handler                         0 ticks/call (           0 ticks,       0 calls, max         0, min      -1)
00:25:19.864252 /TM/PIT/Irq                             0 times
00:25:19.864255 /TM/R3/1nsSteps                     61920 times
00:25:19.864258 /TM/TSC/offCPU0                         0 ticks
00:25:19.864262 /TM/TSC/offCPU1                         0 ticks
00:25:19.864265 /TM/VirtualSync/CurrentOffset           0 ns
00:25:19.864269 /TRPM/ForwardRaw/IRQ/20                 1 times
00:25:19.864273 /TRPM/ForwardRaw/IRQ/21               521 times
00:25:19.864277 /TRPM/ForwardRaw/IRQ/22               106 times
00:25:19.864281 /TRPM/ForwardRaw/IRQ/23                44 times
00:25:19.864284 /TRPM/ForwardRaw/IRQ/24              7674 times
00:25:19.864287 /TRPM/ForwardRaw/IRQ/26               266 times
00:25:19.864297 /TRPM/ForwardRaw/IRQ/EC            106631 times
00:25:19.864301 /TRPM/ForwardRaw/IRQ/FB             44329 times
00:25:19.864304 /TRPM/ForwardRaw/IRQ/FD               585 times
00:25:19.864308 /TRPM/ForwardRaw/TRAP/08              181 times
00:25:19.864311 /VMM/EmtHashCollisions/Emt00            0 times
00:25:19.864315 /VMM/EmtHashCollisions/Emt01            0 times
00:25:19.864318 /VMM/LogFlush/00-Flushes                0 times
00:25:19.864321 /VMM/LogFlush/00-NoWakups               0 times
00:25:19.864325 /VMM/LogFlush/CPU0/Rel/cbBuf         4096 bytes
00:25:19.864329 /VMM/LogFlush/CPU1/Rel/cbBuf         4096 bytes
00:25:19.864333 /VUSB/0/cUrbsInPool                     0 count
00:25:19.864336 /VUSB/1/cUrbsInPool                     0 count
00:25:19.864341 ********************* End of statistics **********************
00:25:19.864416 VUSB: Detached 'HidMouse' from port 1 on RootHub#1
00:25:19.868136 E1000#0: Interrupt attempts: 1982
00:25:19.868171 E1000#0: Interrupts raised : 1229
00:25:19.868175 E1000#0: Interrupts lowered: 9
00:25:19.868178 E1000#0: ICR outside ISR   : 0
00:25:19.868181 E1000#0: IMS raised ints   : 71
00:25:19.868183 E1000#0: Interrupts skipped: 459
00:25:19.868186 E1000#0: Masked interrupts : 294
00:25:19.868189 E1000#0: Early interrupts  : 0
00:25:19.868192 E1000#0: Late interrupts   : 65
00:25:19.868194 E1000#0: Lost interrupts   : 0
00:25:19.868200 E1000#0: Interrupts by RX  : 472
00:25:19.868321 E1000#0: Interrupts by TX  : 359
00:25:19.868325 E1000#0: Interrupts by ICS : 721
00:25:19.868327 E1000#0: Interrupts by RDTR: 0
00:25:19.868330 E1000#0: Interrupts by RDMT: 0
00:25:19.868333 E1000#0: Interrupts by TXQE: 0
00:25:19.868336 E1000#0: TX int delay asked: 0
00:25:19.868338 E1000#0: TX delayed:         0
00:25:19.868341 E1000#0: TX delay expired:   0
00:25:19.868344 E1000#0: TX no report asked: 270
00:25:19.868347 E1000#0: TX abs timer expd : 0
00:25:19.868349 E1000#0: TX int timer expd : 0
00:25:19.868352 E1000#0: RX abs timer expd : 0
00:25:19.868355 E1000#0: RX int timer expd : 0
00:25:19.868357 E1000#0: TX CTX descriptors: 259
00:25:19.868360 E1000#0: TX DAT descriptors: 270
00:25:19.868363 E1000#0: TX LEG descriptors: 100
00:25:19.868366 E1000#0: Received frames   : 472
00:25:19.868369 E1000#0: Transmitted frames: 359
00:25:19.868371 E1000#0: TX frames up to 1514: 359
00:25:19.868374 E1000#0: TX frames up to 2962: 0
00:25:19.868377 E1000#0: TX frames up to 4410: 0
00:25:19.868380 E1000#0: TX frames up to 5858: 0
00:25:19.868382 E1000#0: TX frames up to 7306: 0
00:25:19.868385 E1000#0: TX frames up to 8754: 0
00:25:19.868388 E1000#0: TX frames up to 16384: 0
00:25:19.868391 E1000#0: TX frames up to 32768: 0
00:25:19.868394 E1000#0: Larger TX frames    : 0
00:25:19.868396 E1000#0: Max TX Delay        : 0
00:25:19.923449 GIM: KVM: Resetting MSRs
00:25:19.923504 NEM: Destroying partition 0000023488541a10 with its 2 VCpus...
00:25:20.025960 vmmR3LogFlusher: Terminating (VERR_OBJECT_DESTROYED)
00:25:20.026117 Changing the VM state from 'DESTROYING' to 'TERMINATED'
00:25:20.026145 Console: Machine state changed to 'PoweredOff'
00:25:20.026266 GUI: Request to close Runtime UI because VM is powered off.
00:25:20.026282 GUI: Request for async QApp quit.
00:25:20.049322 GUI: Cannot notify guest about VM window out-of-focus event
00:25:20.067494 GUI: UICommon: Handling aboutToQuit request..
00:25:21.110656 GUI: UICommon: aboutToQuit request handled!
